date,id_station,temp_min,temp_max,temp_mean,rh_min,rh_max,rh_mean
2023-06-22,21317947,21.955,29.226,26.713,30.867,58.978,43.608
2023-06-22,21317958,23.757,30.491,27.936,28.432,52.921,39.3
2023-06-23,21317947,18.33,31.242,25.81,27.727,73.988,47.203
2023-06-23,21317958,18.823,32.7,26.136,27.468,78.155,47.076
2023-06-24,21317947,20.754,26.244,23.812,43.87,93.715,72.39
2023-06-24,21317958,23.263,26.673,24.557,45.885,85.176,68.814
2023-06-25,21317947,20.282,25.987,22.879,39.065,94.922,61.663
2023-06-25,21317958,20.689,26.995,23.446,36.321,92.276,58.525
2023-06-26,21317947,18.116,30.212,23.183,51.327,89.026,74.335
2023-06-26,21317958,17.644,31.027,22.926,49.076,94.035,76.445
2023-06-27,21317947,21.054,27.124,23.402,60.94,83.5,75.339
2023-06-27,21317958,21.59,27.896,23.894,57.237,82.586,73.831
2023-06-28,21317947,16.743,23.413,19.682,78.959,95.586,87.392
2023-06-28,21317958,17.065,23.971,20.263,76.501,96.864,87.072
2023-06-29,21317947,16.679,24.55,19.968,65.075,96.791,86.294
2023-06-29,21317958,17.193,25.494,20.448,65.611,97.778,86.158
2023-06-30,21317947,18.159,28.84,23.952,47.687,87.846,67.959
2023-06-30,21317958,18.738,29.59,24.076,42.489,87.741,68.531
2023-07-01,21317947,20.153,25.344,22.642,63.345,95.033,78.303
2023-07-01,21317958,20.604,24.614,22.426,66.751,96.562,80.91
2023-07-02,21317947,20.175,27.059,22.495,66.796,94.057,82.628
2023-07-02,21317958,20.604,27.381,22.843,65.606,94.441,82.501
2023-07-03,21317947,19.639,29.826,24.545,52.39,89.795,72.083
2023-07-03,21317958,19.553,30.405,24.906,49.354,92.639,71.225
2023-07-04,21317947,17.73,29.397,24.368,56.825,92.772,75.268
2023-07-04,21317958,21.59,30.084,25.639,47.724,90.062,69.724
2023-07-05,21317947,20.003,31.778,26.549,48.344,91.371,72.457
2023-07-05,21317958,21.397,33.408,27.555,44.219,87.19,67.563
2023-07-06,21317947,23.22,34.009,28.557,34.568,78.9,59.028
2023-07-06,21317958,23.778,35.21,29.279,29.866,75.683,56.038
2023-07-07,21317947,22.791,28.261,25.134,59.068,81.707,72.871
2023-07-07,21317958,23.671,30.148,25.937,54.0,80.401,69.698
2023-07-08,21317947,21.247,30.191,25.93,46.845,90.954,65.549
2023-07-08,21317958,21.848,31.371,26.358,42.354,90.213,64.594
2023-07-09,21317947,20.432,28.003,23.896,43.696,91.044,61.739
2023-07-09,21317958,20.625,29.033,24.445,40.468,92.767,59.96
2023-07-10,21317947,19.66,21.547,20.664,84.649,94.987,90.571
2023-07-10,21317948,20.089,21.633,21.014,89.264,98.274,93.632
2023-07-10,21317949,20.089,21.848,21.01,87.904,98.512,93.856
2023-07-10,21317950,20.389,22.148,21.309,80.713,92.102,87.129
2023-07-10,21317958,19.896,21.869,20.951,86.02,97.592,92.488
2023-07-10,21317959,20.346,21.976,21.125,83.992,93.635,89.703
2023-07-10,21317960,20.067,21.397,20.875,88.238,94.954,91.582
2023-07-11,21317947,19.832,29.848,23.391,46.746,96.185,76.843
2023-07-11,21317948,20.067,30.169,23.701,43.322,98.492,76.364
2023-07-11,21317949,20.025,30.105,23.491,42.629,98.259,76.731
2023-07-11,21317950,20.132,31.371,24.007,42.405,93.133,72.094
2023-07-11,21317958,20.132,30.727,23.755,42.306,97.38,75.527
2023-07-11,21317959,20.196,30.899,23.915,43.171,94.159,73.022
2023-07-11,21317960,19.874,30.191,23.288,43.494,95.605,76.142
2023-07-12,21317941,22.405,27.21,25.308,37.313,56.294,46.981
2023-07-12,21317947,18.63,26.759,22.505,46.429,93.774,68.6
2023-07-12,21317948,18.716,27.102,23.133,42.332,93.834,65.364
2023-07-12,21317949,19.102,26.952,22.817,42.777,90.204,66.468
2023-07-12,21317950,19.145,28.303,23.398,40.864,89.094,62.956
2023-07-12,21317958,19.445,27.703,23.195,38.477,89.374,64.99
2023-07-12,21317959,19.081,27.274,23.292,39.284,89.105,62.618
2023-07-12,21317960,19.081,27.832,22.64,41.549,88.569,66.042
2023-07-13,21317941,17.644,28.968,21.283,55.442,94.621,72.531
2023-07-13,21317947,18.159,28.282,21.217,53.57,96.255,74.544
2023-07-13,21317948,18.266,29.097,21.275,56.584,97.055,76.486
2023-07-13,21317949,17.944,28.411,21.312,53.352,97.057,74.642
2023-07-13,21317950,18.652,28.389,21.606,52.645,91.978,70.665
2023-07-13,21317958,18.008,28.454,21.467,53.874,96.837,74.194
2023-07-13,21317959,18.416,29.354,21.486,54.803,92.656,73.18
2023-07-13,21317960,17.88,28.046,21.061,57.586,92.358,74.73
2023-07-14,21317941,17.58,27.746,23.037,43.194,83.058,61.73
2023-07-14,21317947,17.129,27.21,22.794,48.425,87.044,66.425
2023-07-14,21317948,16.228,27.167,23.113,47.422,91.829,65.481
2023-07-14,21317949,17.258,27.124,23.019,46.27,88.463,65.104
2023-07-14,21317950,17.408,27.51,23.117,45.899,84.807,62.652
2023-07-14,21317958,17.773,27.596,23.034,43.619,85.319,64.776
2023-07-14,21317959,17.065,28.068,23.106,45.838,84.752,64.007
2023-07-14,21317960,17.601,26.652,22.44,48.344,83.931,66.336
2023-07-15,21317941,19.252,30.663,25.135,35.25,85.274,60.765
2023-07-15,21317947,19.424,29.183,25.013,41.445,87.764,64.97
2023-07-15,21317948,19.274,29.44,25.009,40.931,90.813,65.386
2023-07-15,21317949,18.931,29.74,24.928,38.468,89.462,64.741
2023-07-15,21317950,19.681,30.749,25.479,37.81,83.546,60.707
2023-07-15,21317958,19.017,30.813,25.104,37.929,88.687,64.12
2023-07-15,21317959,19.21,30.32,24.754,39.792,87.709,65.181
2023-07-15,21317960,18.823,28.968,24.415,42.405,87.584,65.924
2023-07-16,21317941,20.539,28.454,24.798,56.147,94.26,72.712
2023-07-16,21317947,20.754,27.939,24.681,62.199,93.523,76.339
2023-07-16,21317948,20.647,28.239,24.611,62.887,95.38,77.214
2023-07-16,21317949,20.389,28.711,24.855,61.77,96.58,76.296
2023-07-16,21317950,20.775,28.925,25.284,55.65,91.737,71.435
2023-07-16,21317958,20.432,28.711,24.964,60.555,95.628,75.244
2023-07-16,21317959,20.496,29.054,24.671,59.123,94.205,74.59
2023-07-16,21317960,20.539,27.574,24.392,63.178,93.384,76.225
2023-07-17,21317939,23.263,30.513,26.855,39.133,56.124,46.079
2023-07-17,21317940,23.306,29.033,26.62,41.512,56.802,46.814
2023-07-17,21317941,21.719,29.848,25.611,38.296,81.982,59.507
2023-07-17,21317942,22.856,27.789,26.201,42.016,70.567,51.03
2023-07-17,21317943,19.874,27.875,24.752,49.483,75.248,62.415
2023-07-17,21317947,21.118,29.033,24.885,44.164,87.547,65.418
2023-07-17,21317948,21.633,29.419,25.537,40.391,86.609,62.836
2023-07-17,21317949,21.504,29.011,25.07,43.253,85.786,64.591
2023-07-17,21317950,21.633,30.62,25.792,37.296,83.157,60.234
2023-07-17,21317953,23.692,30.062,27.685,36.971,60.951,45.323
2023-07-17,21317958,21.59,30.062,25.446,41.663,84.828,63.318
2023-07-17,21317959,21.891,29.74,25.688,38.935,81.752,60.421
2023-07-17,21317960,21.483,29.226,25.028,43.801,83.333,63.599
2023-07-18,21317938,21.569,24.85,23.463,56.266,88.55,75.303
2023-07-18,21317939,18.995,29.011,23.477,43.142,95.091,71.735
2023-07-18,21317940,18.952,27.124,23.41,44.268,93.266,68.866
2023-07-18,21317941,18.931,28.925,24.019,35.756,92.378,64.921
2023-07-18,21317942,18.566,25.279,22.363,48.026,98.087,74.994
2023-07-18,21317943,18.609,26.952,21.745,59.425,96.397,81.296
2023-07-18,21317947,18.695,27.939,23.478,46.567,92.873,70.343
2023-07-18,21317948,18.952,27.982,23.643,37.801,95.019,70.211
2023-07-18,21317949,18.802,28.282,23.788,40.523,94.199,68.756
2023-07-18,21317950,19.124,28.775,24.117,39.385,90.323,65.709
2023-07-18,21317953,18.845,28.754,23.864,34.577,96.178,66.85
2023-07-18,21317958,18.952,29.097,24.13,35.972,93.292,67.277
2023-07-18,21317959,19.102,28.904,23.897,34.49,90.866,66.672
2023-07-18,21317960,18.759,28.389,23.495,40.381,92.766,69.173
2023-07-19,21317937,21.998,27.767,25.164,43.426,65.776,52.768
2023-07-19,21317938,18.888,25.687,22.287,49.464,92.77,68.672
2023-07-19,21317939,19.145,27.488,23.406,40.999,85.203,60.8
2023-07-19,21317940,18.63,26.802,22.959,43.096,85.708,61.638
2023-07-19,21317941,19.124,27.617,23.592,40.598,80.488,57.951
2023-07-19,21317942,19.145,25.065,22.33,49.184,91.205,67.307
2023-07-19,21317943,18.609,26.673,22.09,48.676,94.022,71.344
2023-07-19,21317947,18.459,26.673,23.042,45.931,87.3,64.792
2023-07-19,21317948,19.338,27.338,23.8,44.021,86.792,61.432
2023-07-19,21317949,18.952,26.824,23.446,44.544,84.562,62.158
2023-07-19,21317950,19.252,28.046,23.845,41.276,83.74,59.096
2023-07-19,21317953,19.167,27.939,23.574,39.539,87.936,59.896
2023-07-19,21317958,19.059,27.703,23.6,42.979,83.584,61.221
2023-07-19,21317959,19.424,27.574,23.783,43.702,81.895,59.771
2023-07-19,21317960,18.995,27.295,23.11,45.126,81.877,62.642
2023-07-20,21317937,18.437,28.261,23.668,42.226,81.057,61.078
2023-07-20,21317938,18.416,26.159,22.454,52.505,84.445,66.466
2023-07-20,21317939,18.395,29.59,24.421,37.031,86.874,57.942
2023-07-20,21317940,18.823,28.346,23.82,37.598,82.947,57.951
2023-07-20,21317941,18.652,28.561,23.976,39.619,73.8,54.25
2023-07-20,21317942,17.622,25.858,22.49,46.192,83.386,63.244
2023-07-20,21317943,15.714,26.652,20.793,53.794,92.949,75.03
2023-07-20,21317947,18.223,28.475,23.769,42.684,84.509,59.688
2023-07-20,21317948,18.201,29.011,23.973,39.738,79.455,58.35
2023-07-20,21317949,18.008,28.582,23.903,37.861,83.354,58.316
2023-07-20,21317950,18.845,29.161,24.392,35.468,78.332,54.826
2023-07-20,21317953,17.665,28.84,23.692,38.962,82.429,57.417
2023-07-20,21317958,17.944,28.604,23.669,40.063,82.129,58.932
2023-07-20,21317959,18.309,29.376,23.893,38.328,76.374,57.58
2023-07-20,21317960,17.429,27.553,22.961,43.966,83.845,61.57
2023-07-21,21317937,18.695,25.451,21.464,62.803,92.207,76.285
2023-07-21,21317938,17.966,23.478,20.19,66.838,98.882,86.73
2023-07-21,21317939,18.652,26.223,21.66,61.056,94.208,75.757
2023-07-21,21317940,18.352,26.094,21.629,54.139,94.64,73.832
2023-07-21,21317941,17.901,25.837,21.286,57.124,92.84,74.581
2023-07-21,21317942,17.815,23.349,20.554,65.591,98.132,82.114
2023-07-21,21317943,17.644,24.143,19.652,75.677,97.079,89.864
2023-07-21,21317947,18.352,26.673,21.547,58.474,93.219,75.5
2023-07-21,21317948,18.223,24.464,21.146,65.483,94.795,78.99
2023-07-21,21317949,18.094,26.287,21.567,54.752,96.063,75.706
2023-07-21,21317950,18.523,27.488,22.25,49.63,90.848,70.58
2023-07-21,21317953,18.116,25.73,21.413,60.264,96.498,76.275
2023-07-21,21317958,18.073,25.858,21.503,57.85,94.611,76.2
2023-07-21,21317959,17.901,24.614,21.225,62.084,93.024,75.785
2023-07-21,21317960,17.815,25.108,21.17,59.471,93.518,76.522
2023-07-22,21317937,17.88,26.137,21.621,53.466,91.998,73.664
2023-07-22,21317938,17.429,24.014,20.576,58.305,98.851,81.036
2023-07-22,21317939,17.58,26.03,21.258,50.095,95.091,74.168
2023-07-22,21317940,17.665,24.807,21.038,51.775,92.665,73.668
2023-07-22,21317941,17.58,25.837,21.619,49.377,91.22,69.193
2023-07-22,21317942,17.537,23.842,20.859,60.514,95.042,76.96
2023-07-22,21317943,16.958,24.507,20.695,60.14,96.735,80.258
2023-07-22,21317947,17.408,25.537,21.023,56.918,92.859,75.224
2023-07-22,21317948,17.665,25.837,21.627,54.153,94.983,73.747
2023-07-22,21317949,17.494,26.073,21.521,52.238,94.008,73.004
2023-07-22,21317950,17.773,26.309,21.741,49.409,89.689,69.754
2023-07-22,21317953,17.494,25.794,21.712,50.101,95.056,71.14
2023-07-22,21317958,17.494,26.244,21.714,51.789,93.848,72.011
2023-07-22,21317959,17.815,25.837,21.678,52.206,90.353,70.601
2023-07-22,21317960,17.451,26.051,21.384,52.444,91.814,71.999
2023-07-23,21317937,18.03,29.998,24.631,35.926,86.203,58.521
2023-07-23,21317938,17.622,27.274,22.813,42.296,90.158,66.046
2023-07-23,21317939,17.322,29.826,24.145,35.358,85.864,58.386
2023-07-23,21317940,18.287,28.539,23.787,34.319,82.123,57.756
2023-07-23,21317941,18.395,29.698,24.548,32.63,77.839,52.722
2023-07-23,21317942,17.751,27.167,23.081,38.73,81.616,59.922
2023-07-23,21317943,15.413,27.939,21.981,40.725,94.057,70.916
2023-07-23,21317947,17.794,28.732,23.937,36.921,80.238,58.93
2023-07-23,21317948,17.923,29.312,24.825,33.564,80.722,54.781
2023-07-23,21317949,17.815,29.076,24.361,35.441,81.921,55.999
2023-07-23,21317950,18.18,29.569,24.726,31.78,75.76,53.977
2023-07-23,21317953,17.858,29.955,24.646,30.265,80.099,52.711
2023-07-23,21317958,18.008,29.891,24.563,32.799,80.833,55.449
2023-07-23,21317959,18.201,29.59,24.677,32.247,77.565,53.498
2023-07-23,21317960,17.987,29.547,24.046,34.658,79.133,56.37
2023-07-24,21317937,20.153,28.904,24.159,44.73,78.819,63.707
2023-07-24,21317938,19.424,26.909,22.773,55.621,87.228,72.036
2023-07-24,21317939,19.51,30.062,24.681,39.242,79.954,59.415
2023-07-24,21317940,19.789,29.312,24.275,40.702,75.505,59.612
2023-07-24,21317941,21.011,30.234,25.324,37.722,75.027,56.874
2023-07-24,21317942,19.896,27.21,23.649,44.831,81.3,64.206
2023-07-24,21317943,17.73,28.282,22.572,49.033,89.859,74.431
2023-07-24,21317947,20.539,29.59,24.526,43.716,78.804,62.014
2023-07-24,21317948,20.861,29.633,24.861,42.219,76.149,60.151
2023-07-24,21317949,20.689,29.505,24.916,38.99,73.04,58.788
2023-07-24,21317950,20.11,30.813,25.158,39.12,74.949,58.973
2023-07-24,21317953,20.368,30.362,25.137,38.556,78.822,57.203
2023-07-24,21317958,21.011,30.32,25.125,39.403,74.276,58.866
2023-07-24,21317959,20.84,29.74,24.929,41.242,73.075,58.851
2023-07-24,21317960,20.861,29.612,24.601,40.835,73.529,60.193
2023-07-25,21317937,20.454,28.754,24.145,38.987,83.029,64.834
2023-07-25,21317938,19.767,26.716,22.779,47.602,88.421,71.509
2023-07-25,21317939,20.11,28.647,23.728,42.313,84.656,66.605
2023-07-25,21317940,19.832,27.338,23.463,36.129,85.141,65.276
2023-07-25,21317941,19.874,28.797,24.055,37.136,82.85,61.847
2023-07-25,21317942,19.896,26.309,22.913,45.449,85.713,69.28
2023-07-25,21317943,18.523,27.253,22.255,52.059,93.065,76.149
2023-07-25,21317947,19.574,28.175,23.418,41.819,85.521,67.448
2023-07-25,21317948,19.982,28.539,24.198,43.563,85.182,64.546
2023-07-25,21317949,19.681,28.218,23.797,44.094,85.978,65.805
2023-07-25,21317950,20.003,28.668,24.148,38.442,80.723,62.674
2023-07-25,21317953,19.853,28.818,24.03,40.368,84.967,63.402
2023-07-25,21317958,19.853,28.84,24.101,42.136,85.803,65.147
2023-07-25,21317959,20.239,28.647,24.249,41.013,80.943,62.172
2023-07-25,21317960,19.746,28.411,23.608,44.25,83.706,65.779
2023-07-26,21317937,21.29,30.019,25.045,52.61,81.501,69.036
2023-07-26,21317938,20.668,27.832,23.942,62.039,86.921,76.112
2023-07-26,21317939,20.668,30.491,24.985,47.863,82.71,67.83
2023-07-26,21317940,20.818,29.29,24.533,50.219,82.983,69.519
2023-07-26,21317941,20.947,29.783,24.872,44.378,80.388,66.201
2023-07-26,21317942,20.882,28.089,23.404,54.638,94.807,76.214
2023-07-26,21317943,19.21,28.218,22.674,60.656,96.579,83.409
2023-07-26,21317947,20.711,29.976,24.628,51.002,83.442,70.523
2023-07-26,21317948,21.183,29.998,24.83,47.449,87.08,70.191
2023-07-26,21317949,20.775,29.354,24.34,49.432,85.763,72.367
2023-07-26,21317950,21.011,30.598,25.107,46.746,79.263,66.572
2023-07-26,21317953,20.947,30.084,24.586,45.6,89.282,70.317
2023-07-26,21317958,20.904,29.59,24.625,48.264,87.453,71.15
2023-07-26,21317959,21.376,30.362,24.956,45.592,79.547,66.96
2023-07-26,21317960,20.797,28.84,24.14,50.852,86.691,71.485
2023-07-27,21317937,20.067,26.952,22.7,66.465,92.578,82.807
2023-07-27,21317938,19.467,23.499,21.547,76.977,100.0,91.818
2023-07-27,21317939,19.789,26.909,22.951,64.378,95.816,82.916
2023-07-27,21317940,19.403,25.387,22.252,70.527,94.78,84.795
2023-07-27,21317941,19.188,26.545,22.345,64.3,92.818,81.833
2023-07-27,21317942,19.102,23.885,21.385,82.168,98.813,91.426
2023-07-27,21317943,18.995,24.035,20.891,81.587,98.572,95.519
2023-07-27,21317947,19.381,24.893,22.142,73.205,93.285,84.427
2023-07-27,21317948,19.703,25.537,22.283,71.643,96.251,86.48
2023-07-27,21317949,19.017,25.301,22.087,73.562,96.159,86.044
2023-07-27,21317950,19.424,26.395,22.4,66.366,91.165,81.414
2023-07-27,21317953,19.553,26.759,22.252,65.876,96.529,85.99
2023-07-27,21317958,19.124,26.759,22.331,67.57,95.64,84.948
2023-07-27,21317959,19.617,26.48,22.536,64.851,92.557,81.674
2023-07-27,21317960,18.909,24.872,21.843,73.365,94.072,85.635
2023-07-28,21317937,21.891,29.44,24.27,64.218,90.043,79.548
2023-07-28,21317938,20.925,27.639,23.354,73.405,98.361,88.322
2023-07-28,21317939,21.462,28.239,23.983,64.547,94.461,82.549
2023-07-28,21317940,21.419,27.681,23.673,67.706,93.179,83.553
2023-07-28,21317941,19.81,28.818,23.918,59.042,95.169,80.132
2023-07-28,21317942,20.089,27.381,23.309,69.772,97.494,86.943
2023-07-28,21317943,20.003,28.196,22.851,73.977,98.016,90.832
2023-07-28,21317947,21.226,28.003,23.558,68.229,91.608,83.257
2023-07-28,21317948,19.96,29.076,23.882,63.793,96.689,84.023
2023-07-28,21317949,20.968,27.96,23.683,66.613,93.013,83.72
2023-07-28,21317950,21.376,28.904,24.162,60.951,88.595,78.913
2023-07-28,21317953,20.11,29.269,23.794,61.898,97.006,84.05
2023-07-28,21317958,19.939,28.883,23.859,62.864,95.856,82.911
2023-07-28,21317959,20.067,28.69,24.082,61.608,94.456,79.32
2023-07-28,21317960,20.84,28.69,23.609,65.161,91.861,81.871
2023-07-29,21317937,17.108,21.976,18.614,58.621,89.909,69.908
2023-07-29,21317938,16.228,21.462,17.932,61.463,98.721,75.336
2023-07-29,21317939,16.872,21.504,18.54,54.353,94.2,70.537
2023-07-29,21317940,16.571,21.526,18.231,56.481,93.66,70.553
2023-07-29,21317941,16.657,21.719,18.413,52.354,90.268,67.011
2023-07-29,21317942,16.271,21.311,17.615,59.947,97.522,75.08
2023-07-29,21317943,14.491,21.033,16.829,62.164,98.128,85.719
2023-07-29,21317947,16.057,21.226,18.124,56.504,92.683,71.255
2023-07-29,21317948,16.614,21.633,18.541,56.767,93.783,69.368
2023-07-29,21317949,16.121,21.547,18.354,56.323,93.632,71.701
2023-07-29,21317950,16.529,21.719,18.56,56.03,88.609,66.87
2023-07-29,21317953,16.743,21.547,18.379,53.132,95.976,70.151
2023-07-29,21317958,16.443,21.676,18.352,54.719,93.111,70.5
2023-07-29,21317959,16.614,21.805,18.541,56.487,89.465,67.381
2023-07-29,21317960,16.314,21.462,18.002,58.715,91.635,71.439
2023-07-30,21317937,13.74,25.58,19.397,43.958,91.067,63.443
2023-07-30,21317938,13.483,24.25,18.252,50.874,99.698,70.321
2023-07-30,21317939,13.376,25.022,19.157,41.633,92.509,63.137
2023-07-30,21317940,12.947,24.657,18.565,41.994,95.409,64.526
2023-07-30,21317941,12.646,25.515,18.949,38.248,85.919,60.247
2023-07-30,21317942,12.561,23.735,18.006,47.501,93.962,69.496
2023-07-30,21317943,10.695,24.421,17.441,49.848,96.535,77.459
2023-07-30,21317947,12.153,24.936,18.77,44.565,92.744,65.888
2023-07-30,21317948,12.561,25.429,19.292,42.039,88.528,63.45
2023-07-30,21317949,12.153,25.043,18.785,43.316,92.912,65.32
2023-07-30,21317950,13.183,26.159,19.257,40.406,92.258,61.775
2023-07-30,21317953,12.453,26.051,19.076,39.252,92.74,62.862
2023-07-30,21317958,12.218,25.966,18.857,41.462,89.804,64.228
2023-07-30,21317959,13.075,25.88,19.108,41.202,84.137,61.504
2023-07-30,21317960,11.853,25.622,18.493,43.313,88.084,65.598
2023-07-31,21317937,15.885,25.022,19.391,34.961,91.695,65.9
2023-07-31,21317938,15.006,22.105,17.909,38.953,100.0,75.337
2023-07-31,21317939,15.628,24.336,19.268,31.449,94.923,65.564
2023-07-31,21317940,15.563,23.928,18.89,33.303,96.139,65.87
2023-07-31,21317941,15.499,24.185,19.202,30.791,89.448,62.275
2023-07-31,21317942,15.027,21.462,17.968,37.961,97.757,73.009
2023-07-31,21317943,14.427,23.006,17.783,41.956,98.329,77.571
2023-07-31,21317947,15.113,24.293,18.782,36.928,93.558,68.153
2023-07-31,21317948,15.499,24.164,19.37,34.655,93.326,65.438
2023-07-31,21317949,15.306,24.1,19.075,33.587,93.654,66.489
2023-07-31,21317950,15.563,23.735,19.082,33.652,92.007,64.266
2023-07-31,21317953,15.392,23.928,19.075,31.495,96.269,65.331
2023-07-31,21317958,15.392,24.4,19.233,33.433,92.143,64.97
2023-07-31,21317959,15.778,24.507,19.467,34.105,89.055,63.015
2023-07-31,21317960,15.22,24.014,18.697,35.2,91.197,66.894
2023-08-01,21317937,13.633,24.958,18.6,34.568,70.495,54.299
2023-08-01,21317938,13.29,20.732,17.322,40.052,72.56,58.638
2023-08-01,21317939,13.054,23.735,18.52,34.672,71.885,50.877
2023-08-01,21317940,12.432,21.397,17.734,35.062,73.956,53.09
2023-08-01,21317941,12.711,22.384,18.144,34.421,71.8,52.566
2023-08-01,21317942,12.775,20.11,17.035,43.339,75.294,59.708
2023-08-01,21317943,10.18,20.925,15.87,45.624,90.793,70.789
2023-08-01,21317947,11.874,22.384,17.661,38.784,76.745,57.742
2023-08-01,21317948,12.539,23.392,18.41,35.026,72.509,53.331
2023-08-01,21317949,12.561,22.92,18.279,36.129,73.524,54.813
2023-08-01,21317950,12.818,22.427,18.13,36.507,73.304,53.52
2023-08-01,21317953,12.496,22.384,17.856,32.818,72.619,52.932
2023-08-01,21317958,12.604,22.984,18.031,34.992,72.54,55.015
2023-08-01,21317959,12.689,23.199,18.376,35.25,70.568,52.381
2023-08-01,21317960,12.303,21.955,17.481,38.99,74.321,57.564
2023-08-02,21317937,14.62,27.51,20.737,29.976,73.993,56.327
2023-08-02,21317938,14.319,23.456,18.789,41.238,78.268,64.405
2023-08-02,21317939,14.083,25.73,20.348,28.896,71.804,53.07
2023-08-02,21317940,13.161,24.786,19.639,31.957,80.902,56.339
2023-08-02,21317941,13.526,25.773,20.288,33.637,75.636,52.528
2023-08-02,21317942,12.904,23.263,18.821,40.583,85.075,61.068
2023-08-02,21317943,11.016,24.1,17.508,42.969,94.578,72.905
2023-08-02,21317947,12.646,24.893,19.807,37.456,82.814,57.63
2023-08-02,21317948,12.561,25.215,20.187,34.682,82.541,55.381
2023-08-02,21317949,12.689,25.301,20.124,33.986,82.127,55.376
2023-08-02,21317950,13.054,25.73,20.154,34.485,79.355,54.914
2023-08-02,21317953,12.818,26.459,20.167,32.81,83.038,53.981
2023-08-02,21317958,12.925,26.352,20.104,33.646,80.426,55.054
2023-08-02,21317959,13.462,25.966,20.234,34.269,75.636,53.954
2023-08-02,21317960,12.453,25.258,19.416,37.504,82.841,57.405
2023-08-03,21317937,16.571,26.051,20.481,61.329,89.636,75.798
2023-08-03,21317938,15.628,23.435,19.05,70.184,99.44,86.546
2023-08-03,21317939,16.078,26.416,20.333,60.629,91.662,73.979
2023-08-03,21317940,16.185,25.022,20.345,57.769,88.389,72.671
2023-08-03,21317941,16.593,25.494,20.625,55.421,87.668,71.515
2023-08-03,21317942,15.628,24.143,19.604,62.1,96.048,80.115
2023-08-03,21317943,15.821,23.628,18.994,71.427,97.009,86.102
2023-08-03,21317947,16.035,25.129,20.364,58.685,90.675,73.69
2023-08-03,21317948,16.571,25.665,20.355,62.232,93.056,76.595
2023-08-03,21317949,16.357,24.893,20.553,54.897,90.719,73.351
2023-08-03,21317950,16.378,25.73,20.755,57.389,87.228,70.478
2023-08-03,21317953,16.271,26.309,20.347,55.691,95.709,75.796
2023-08-03,21317958,16.614,25.365,20.684,55.424,89.96,73.315
2023-08-03,21317959,16.764,25.665,20.454,61.48,89.818,73.418
2023-08-03,21317960,16.185,24.807,20.251,56.147,91.054,74.122
2023-08-04,21317937,17.923,28.947,22.294,42.979,91.923,73.458
2023-08-04,21317938,16.85,25.065,20.391,50.622,100.0,84.685
2023-08-04,21317939,17.451,28.025,21.639,42.222,96.86,74.733
2023-08-04,21317940,17.708,25.73,21.362,46.987,93.562,73.764
2023-08-04,21317941,17.923,27.017,21.846,38.785,90.053,69.426
2023-08-04,21317942,17.129,24.314,20.587,49.56,96.654,78.983
2023-08-04,21317943,16.893,25.601,20.138,54.426,98.387,85.452
2023-08-04,21317947,17.408,26.738,21.38,45.304,94.134,74.547
2023-08-04,21317948,18.03,27.295,21.775,43.572,93.234,74.079
2023-08-04,21317949,17.708,27.253,21.794,45.418,90.646,72.74
2023-08-04,21317950,17.622,26.909,21.862,43.807,90.17,70.004
2023-08-04,21317953,17.665,27.231,21.705,41.889,95.505,73.821
2023-08-04,21317958,17.901,27.403,21.959,42.438,91.562,71.86
2023-08-04,21317959,18.223,27.36,21.918,42.631,89.508,70.441
2023-08-04,21317960,17.386,26.652,21.447,44.947,91.415,73.334
2023-08-05,21317937,17.494,28.668,22.591,39.036,79.016,58.967
2023-08-05,21317938,17.172,24.185,20.699,46.406,87.208,65.969
2023-08-05,21317939,17.386,26.802,22.005,38.505,79.391,58.089
2023-08-05,21317940,17.022,25.944,21.528,40.967,79.522,58.841
2023-08-05,21317941,16.893,26.695,21.798,35.525,77.545,56.701
2023-08-05,21317942,16.936,23.714,20.53,48.489,84.321,65.444
2023-08-05,21317943,15.778,24.743,19.811,51.716,91.708,74.312
2023-08-05,21317947,16.293,26.266,21.33,43.665,83.793,62.784
2023-08-05,21317948,16.915,26.866,22.112,39.585,80.626,59.286
2023-08-05,21317949,16.636,26.695,21.935,40.443,82.513,59.842
2023-08-05,21317950,17.172,26.995,21.921,39.251,77.4,57.063
2023-08-05,21317953,17.022,26.759,21.697,37.455,80.146,58.226
2023-08-05,21317958,16.915,27.124,21.864,38.122,80.819,59.499
2023-08-05,21317959,17.236,26.781,21.862,38.273,76.336,57.645
2023-08-05,21317960,16.722,26.695,21.353,39.626,79.968,61.202
2023-08-06,21317937,17.451,29.526,23.963,29.345,79.76,51.997
2023-08-06,21317938,17.815,25.966,21.961,34.456,79.487,57.004
2023-08-06,21317939,18.008,28.647,23.246,28.286,79.547,52.7
2023-08-06,21317940,17.172,28.261,22.574,29.242,78.082,53.393
2023-08-06,21317941,17.386,28.346,23.227,27.91,76.617,49.714
2023-08-06,21317942,17.193,25.065,21.604,34.644,79.518,56.29
2023-08-06,21317943,15.242,25.923,20.219,41.279,94.02,69.085
2023-08-06,21317947,16.829,28.282,22.553,31.696,79.861,55.916
2023-08-06,21317948,17.537,28.282,23.424,29.137,77.728,50.732
2023-08-06,21317949,16.893,28.025,23.134,30.08,80.639,53.062
2023-08-06,21317950,16.764,27.982,22.958,29.38,77.295,51.936
2023-08-06,21317953,17.172,28.11,22.754,27.489,79.055,50.96
2023-08-06,21317958,17.108,28.325,23.103,29.885,80.339,52.481
2023-08-06,21317959,17.537,28.432,23.228,28.379,75.633,49.684
2023-08-06,21317960,17.022,28.475,22.45,31.299,78.584,54.093
2023-08-07,21317937,17.837,22.941,20.316,57.572,83.685,74.214
2023-08-07,21317938,17.151,21.976,19.673,65.936,89.705,79.511
2023-08-07,21317939,18.652,23.049,20.541,56.263,83.45,72.384
2023-08-07,21317940,19.338,22.62,20.808,51.585,84.027,68.303
2023-08-07,21317941,18.03,23.306,20.332,54.089,86.229,71.145
2023-08-07,21317942,17.837,21.955,19.724,60.978,87.634,76.361
2023-08-07,21317943,15.928,21.483,18.689,74.02,93.678,85.037
2023-08-07,21317947,19.059,22.641,20.476,56.574,85.4,71.684
2023-08-07,21317948,18.073,22.941,20.213,61.28,87.517,74.659
2023-08-07,21317949,18.566,23.049,20.35,59.339,87.428,73.252
2023-08-07,21317950,19.467,22.813,20.816,57.053,82.339,69.446
2023-08-07,21317953,18.137,23.156,20.213,59.115,87.103,73.955
2023-08-07,21317958,18.566,23.413,20.496,59.338,88.103,73.416
2023-08-07,21317959,17.944,23.392,20.204,58.451,85.061,72.811
2023-08-07,21317960,18.502,22.513,20.023,59.875,86.471,73.682
2023-08-08,21317937,19.252,29.397,22.58,58.285,92.667,80.017
2023-08-08,21317938,18.695,25.644,21.255,72.027,100.0,89.776
2023-08-08,21317939,19.317,27.789,22.455,60.533,95.21,81.485
2023-08-08,21317940,19.124,26.116,22.021,64.508,95.155,82.292
2023-08-08,21317941,18.244,27.317,22.075,56.934,92.83,79.158
2023-08-08,21317942,18.287,24.936,21.259,72.326,96.222,86.068
2023-08-08,21317943,17.966,26.223,21.188,71.64,98.286,89.841
2023-08-08,21317947,19.017,27.188,21.948,64.556,94.446,82.456
2023-08-08,21317948,18.566,27.553,22.261,63.326,94.665,81.847
2023-08-08,21317949,18.309,27.081,22.148,62.631,94.231,81.892
2023-08-08,21317950,18.952,27.124,22.314,59.26,91.507,78.433
2023-08-08,21317953,18.566,27.381,22.137,60.455,97.084,82.694
2023-08-08,21317958,18.373,28.132,22.248,58.593,94.658,81.252
2023-08-08,21317959,18.33,27.403,22.254,58.891,92.656,78.742
2023-08-08,21317960,18.201,27.253,21.914,61.006,93.477,81.291
2023-08-09,21317937,17.515,29.312,23.55,45.389,84.585,65.321
2023-08-09,21317938,17.172,26.159,21.873,51.231,89.609,72.145
2023-08-09,21317939,17.558,28.818,22.997,43.128,84.727,66.017
2023-08-09,21317940,17.622,27.596,22.493,45.852,84.038,67.058
2023-08-09,21317941,17.043,29.033,23.189,37.443,83.665,59.38
2023-08-09,21317942,17.151,26.159,21.871,49.708,87.565,69.126
2023-08-09,21317943,16.679,26.609,21.404,51.057,90.208,73.747
2023-08-09,21317947,16.893,28.582,22.803,47.057,86.876,67.321
2023-08-09,21317948,17.193,28.582,23.383,41.894,85.795,62.532
2023-08-09,21317949,17.108,28.604,23.243,43.061,86.494,64.251
2023-08-09,21317950,17.451,28.582,23.146,43.192,81.199,62.807
2023-08-09,21317953,17.129,28.883,23.113,39.635,86.642,62.619
2023-08-09,21317958,17.0,29.826,23.251,39.603,86.5,63.211
2023-08-09,21317959,17.322,29.161,23.32,40.232,82.092,60.488
2023-08-09,21317960,16.979,28.84,22.797,42.744,84.697,64.352
2023-08-10,21317937,17.408,28.968,21.764,52.27,90.858,76.888
2023-08-10,21317938,16.636,25.708,20.537,64.804,99.904,85.485
2023-08-10,21317939,17.236,28.99,21.241,49.058,93.086,79.434
2023-08-10,21317940,17.301,27.96,21.055,49.863,94.429,78.451
2023-08-10,21317941,16.915,28.647,21.356,39.269,90.442,73.831
2023-08-10,21317942,16.722,25.858,20.569,56.266,95.903,81.235
2023-08-10,21317943,16.336,26.609,20.077,58.286,97.826,87.078
2023-08-10,21317947,16.786,28.797,21.108,50.333,92.708,78.073
2023-08-10,21317948,16.893,28.475,21.584,49.871,94.153,76.906
2023-08-10,21317949,16.958,28.196,21.16,45.573,93.147,78.052
2023-08-10,21317950,17.129,28.99,21.56,45.693,88.981,73.907
2023-08-10,21317953,17.022,29.118,21.43,43.97,96.872,77.919
2023-08-10,21317958,16.936,28.797,21.253,45.583,93.283,77.211
2023-08-10,21317959,17.108,28.239,21.61,48.49,90.193,73.83
2023-08-10,21317960,16.657,27.596,20.828,48.724,92.515,77.952
2023-08-11,21317937,17.108,25.387,20.541,52.074,90.22,70.137
2023-08-11,21317938,16.185,22.491,19.101,57.438,99.12,78.623
2023-08-11,21317939,16.829,24.657,19.919,49.593,92.537,71.509
2023-08-11,21317940,16.507,23.156,19.574,51.868,92.314,72.211
2023-08-11,21317941,16.786,23.799,19.88,47.285,89.819,67.909
2023-08-11,21317942,16.314,22.255,18.998,60.172,94.965,76.981
2023-08-11,21317943,15.971,22.663,18.73,57.298,98.213,80.586
2023-08-11,21317947,16.336,23.907,19.504,54.446,93.356,73.321
2023-08-11,21317948,16.614,24.057,19.928,51.69,93.005,71.571
2023-08-11,21317949,16.657,23.842,19.787,51.872,92.726,72.073
2023-08-11,21317950,16.979,23.885,20.039,49.483,88.289,68.511
2023-08-11,21317953,16.486,24.078,19.871,49.342,95.257,71.373
2023-08-11,21317958,16.786,24.7,19.973,50.687,92.058,70.842
2023-08-11,21317959,16.85,23.821,19.966,50.756,88.583,69.145
2023-08-11,21317960,16.464,23.649,19.579,52.976,91.728,71.544
2023-08-12,21317937,16.4,27.059,20.587,50.434,92.067,75.897
2023-08-12,21317938,16.228,23.928,19.176,62.251,100.0,85.383
2023-08-12,21317939,14.984,26.652,20.091,50.242,96.104,77.946
2023-08-12,21317940,15.821,25.58,19.988,49.651,91.87,76.752
2023-08-12,21317941,15.778,26.631,20.298,43.413,90.99,71.888
2023-08-12,21317942,15.37,23.585,19.051,57.971,95.343,81.329
2023-08-12,21317943,13.912,24.636,18.347,61.312,97.179,87.184
2023-08-12,21317947,15.628,25.687,19.964,52.381,91.434,77.303
2023-08-12,21317948,15.113,25.816,19.947,50.631,94.392,76.282
2023-08-12,21317949,15.413,25.515,19.865,49.296,94.607,77.01
2023-08-12,21317950,15.692,25.494,20.096,49.725,88.309,74.558
2023-08-12,21317953,15.22,25.987,19.95,47.822,95.76,77.163
2023-08-12,21317958,15.521,26.03,20.1,50.642,94.072,75.61
2023-08-12,21317959,15.563,26.459,20.168,47.616,92.61,73.155
2023-08-12,21317960,15.285,25.236,19.609,53.448,92.486,76.836
2023-08-13,21317937,19.231,27.724,22.479,52.48,92.963,74.872
2023-08-13,21317938,18.373,24.722,20.798,63.441,100.0,85.791
2023-08-13,21317939,18.738,25.901,21.853,51.995,97.496,77.028
2023-08-13,21317940,18.974,24.829,21.411,54.014,94.617,77.667
2023-08-13,21317941,18.244,26.244,21.672,44.782,96.242,74.771
2023-08-13,21317942,18.18,24.614,20.84,53.805,96.968,82.171
2023-08-13,21317943,17.515,25.065,20.61,57.342,98.369,85.819
2023-08-13,21317947,18.673,26.009,21.463,53.162,94.273,77.833
2023-08-13,21317948,18.523,26.523,21.821,50.018,96.617,77.841
2023-08-13,21317949,18.352,25.665,21.467,51.324,96.979,78.107
2023-08-13,21317950,18.823,26.673,22.033,48.644,92.328,73.9
2023-08-13,21317953,18.352,26.716,21.711,46.622,98.846,78.636
2023-08-13,21317958,18.416,26.845,21.732,49.209,97.311,77.616
2023-08-13,21317959,18.588,26.352,21.863,47.33,94.04,74.875
2023-08-13,21317960,18.309,26.18,21.383,49.117,95.271,77.707
2023-08-14,21317937,17.279,27.832,21.848,50.008,83.955,69.542
2023-08-14,21317938,16.936,24.121,20.171,63.59,89.96,78.67
2023-08-14,21317939,17.408,25.944,21.133,52.862,86.123,71.024
2023-08-14,21317940,16.807,24.443,20.776,55.43,87.039,71.584
2023-08-14,21317941,16.915,25.194,21.117,51.118,83.191,67.351
2023-08-14,21317942,16.872,23.242,20.189,63.175,87.123,76.391
2023-08-14,21317943,16.014,23.606,19.748,65.67,92.488,80.885
2023-08-14,21317947,16.7,25.901,20.729,55.932,87.164,72.991
2023-08-14,21317948,16.85,25.837,21.301,54.899,85.721,70.807
2023-08-14,21317949,16.764,24.936,20.96,55.636,84.787,70.963
2023-08-14,21317950,17.108,25.236,21.296,53.043,82.335,67.918
2023-08-14,21317953,16.786,25.901,21.103,53.059,87.039,70.919
2023-08-14,21317958,16.893,25.622,21.22,53.735,85.132,70.102
2023-08-14,21317959,17.193,25.987,21.318,52.384,82.271,68.191
2023-08-14,21317960,16.807,24.872,20.796,56.066,84.024,70.742
2023-08-15,21317937,17.365,27.853,22.362,50.738,87.178,69.894
2023-08-15,21317938,17.193,25.194,21.401,60.336,92.726,76.339
2023-08-15,21317939,17.408,28.346,22.724,46.589,87.842,67.107
2023-08-15,21317940,17.815,27.403,22.412,47.941,85.496,66.834
2023-08-15,21317941,17.558,27.81,22.54,43.407,82.092,63.233
2023-08-15,21317942,16.636,24.979,21.408,54.455,88.605,71.639
2023-08-15,21317943,15.242,26.18,20.447,57.996,95.663,80.69
2023-08-15,21317947,17.644,27.102,22.29,48.774,85.034,68.163
2023-08-15,21317948,17.086,26.631,22.319,49.85,87.785,69.208
2023-08-15,21317949,16.786,26.952,22.39,47.771,87.16,67.013
2023-08-15,21317950,17.687,26.781,22.491,47.445,80.859,64.474
2023-08-15,21317953,16.464,27.531,22.295,46.078,90.376,67.575
2023-08-15,21317958,16.915,27.81,22.516,47.033,86.229,66.305
2023-08-15,21317959,17.451,27.574,22.302,49.905,84.352,67.944
2023-08-15,21317960,16.657,26.373,21.8,51.148,86.595,68.384
2023-08-16,21317937,19.853,25.816,22.209,62.95,87.169,77.671
2023-08-16,21317938,18.781,23.628,21.173,76.201,95.311,86.098
2023-08-16,21317939,19.51,26.523,22.405,61.1,91.704,77.902
2023-08-16,21317940,20.003,25.215,22.507,64.739,86.546,75.28
2023-08-16,21317941,20.132,26.845,22.98,55.52,81.547,70.854
2023-08-16,21317942,19.596,24.357,21.758,67.33,87.393,79.736
2023-08-16,21317943,18.03,25.065,21.092,70.005,95.613,86.185
2023-08-16,21317947,19.96,26.352,22.612,61.807,84.887,74.09
2023-08-16,21317948,20.153,25.837,22.651,61.816,85.892,75.989
2023-08-16,21317949,20.025,26.373,23.017,61.155,82.582,72.262
2023-08-16,21317950,20.518,26.137,23.047,59.408,80.288,69.738
2023-08-16,21317953,19.982,27.017,22.659,57.618,88.016,75.784
2023-08-16,21317958,20.218,27.017,23.155,57.223,83.708,72.327
2023-08-16,21317959,20.282,27.553,23.047,54.949,82.174,71.701
2023-08-16,21317960,20.003,25.58,22.529,62.104,83.368,74.001
2023-08-17,21317937,19.81,27.81,23.168,55.416,95.517,78.648
2023-08-17,21317938,19.231,24.743,21.687,79.042,99.829,90.378
2023-08-17,21317939,19.124,28.861,23.146,53.15,96.951,80.024
2023-08-17,21317940,18.716,27.939,23.22,54.524,95.819,77.177
2023-08-17,21317941,19.381,28.647,23.406,54.989,91.521,74.101
2023-08-17,21317942,19.274,25.665,22.188,69.058,94.235,83.489
2023-08-17,21317943,17.837,26.416,21.917,70.376,97.824,86.725
2023-08-17,21317947,18.866,27.703,23.175,62.039,93.164,77.232
2023-08-17,21317948,19.789,27.639,23.216,60.597,95.476,78.505
2023-08-17,21317949,19.252,28.261,23.502,59.316,91.87,75.072
2023-08-17,21317950,19.252,28.346,23.624,56.513,89.14,72.648
2023-08-17,21317953,19.252,27.875,23.22,59.709,96.123,79.267
2023-08-17,21317958,19.681,28.454,23.557,58.753,91.847,75.443
2023-08-17,21317959,19.767,27.896,23.353,57.305,93.045,74.879
2023-08-17,21317960,19.381,27.681,23.047,60.443,91.147,76.516
2023-08-18,21317937,18.266,25.344,21.472,47.193,88.257,73.049
2023-08-18,21317938,17.644,23.285,20.05,62.995,98.547,84.961
2023-08-18,21317939,17.601,24.786,21.067,48.183,94.296,75.423
2023-08-18,21317940,17.58,23.606,21.056,48.891,91.713,74.274
2023-08-18,21317941,18.266,25.429,21.583,42.599,88.165,69.085
2023-08-18,21317942,18.18,23.135,20.587,51.566,94.821,78.304
2023-08-18,21317943,17.236,23.542,20.474,56.538,96.771,82.253
2023-08-18,21317947,17.558,24.893,21.0,51.698,90.66,74.817
2023-08-18,21317948,18.33,25.708,21.522,47.82,87.507,73.077
2023-08-18,21317949,18.051,24.421,21.363,48.104,89.686,72.418
2023-08-18,21317950,18.287,24.958,21.605,43.743,88.396,70.15
2023-08-18,21317953,18.159,25.344,21.404,44.736,93.738,73.894
2023-08-18,21317958,18.137,25.151,21.599,46.023,88.556,71.632
2023-08-18,21317959,18.416,25.408,21.614,45.899,84.247,69.785
2023-08-18,21317960,18.116,24.893,21.29,46.609,89.209,71.891
2023-08-19,21317937,14.984,20.582,17.495,66.552,91.522,80.67
2023-08-19,21317938,14.448,19.188,16.481,76.539,98.741,90.258
2023-08-19,21317939,14.877,20.389,17.068,71.04,94.743,83.818
2023-08-19,21317940,14.405,19.703,16.664,70.192,94.221,84.009
2023-08-19,21317941,14.384,19.231,16.819,68.434,91.781,82.222
2023-08-19,21317942,14.427,18.866,16.367,76.823,96.182,88.393
2023-08-19,21317943,14.405,18.33,16.272,79.33,97.888,91.947
2023-08-19,21317947,14.234,19.124,16.503,72.027,94.154,85.044
2023-08-19,21317948,14.577,19.488,16.953,70.513,93.594,84.581
2023-08-19,21317949,14.427,18.995,16.632,72.993,93.568,84.813
2023-08-19,21317950,14.77,19.467,17.064,68.017,90.88,81.589
2023-08-19,21317953,14.448,18.995,16.751,71.873,96.306,86.901
2023-08-19,21317958,14.448,19.274,16.828,71.278,93.481,84.291
2023-08-19,21317959,14.705,19.66,17.006,68.42,90.703,81.179
2023-08-19,21317960,14.362,19.017,16.569,72.381,92.378,84.261
2023-08-20,21317937,17.258,26.18,22.161,54.748,77.554,66.665
2023-08-20,21317938,16.893,24.55,20.986,63.769,85.031,75.44
2023-08-20,21317939,17.129,25.794,21.734,53.855,82.751,68.335
2023-08-20,21317940,16.293,25.837,21.18,55.187,82.773,69.388
2023-08-20,21317941,16.507,27.145,21.699,50.114,79.895,64.872
2023-08-20,21317942,16.293,25.0,20.926,58.817,84.434,72.366
2023-08-20,21317943,15.714,25.322,20.51,67.184,97.464,78.833
2023-08-20,21317947,15.928,26.523,21.267,55.296,82.333,69.934
2023-08-20,21317948,16.614,26.566,21.998,53.904,80.731,67.186
2023-08-20,21317949,16.078,26.223,21.467,55.36,83.006,68.811
2023-08-20,21317950,16.228,26.974,21.783,50.138,82.013,65.664
2023-08-20,21317953,16.142,26.716,21.689,52.784,83.804,68.095
2023-08-20,21317958,16.443,26.673,21.643,54.421,82.719,68.157
2023-08-20,21317959,16.55,26.716,21.843,51.228,78.384,64.832
2023-08-20,21317960,16.4,25.816,21.314,55.387,81.321,68.329
2023-08-21,21317937,18.502,23.521,21.07,42.034,79.446,60.303
2023-08-21,21317938,17.408,22.47,20.228,45.051,85.377,64.687
2023-08-21,21317939,18.759,24.207,21.287,39.599,81.501,58.419
2023-08-21,21317940,17.773,23.07,20.691,41.201,81.482,59.819
2023-08-21,21317941,17.515,23.328,20.884,37.061,79.245,56.528
2023-08-21,21317942,17.322,22.598,20.103,44.988,83.909,63.35
2023-08-21,21317943,15.971,22.47,19.554,51.272,88.531,71.39
2023-08-21,21317947,18.008,23.242,20.756,43.586,82.777,61.545
2023-08-21,21317948,18.416,23.842,21.268,37.937,81.042,58.271
2023-08-21,21317949,18.18,23.306,21.134,42.329,82.022,59.741
2023-08-21,21317950,18.395,23.177,20.951,41.239,78.462,57.701
2023-08-21,21317953,17.815,23.092,20.873,39.852,82.251,58.802
2023-08-21,21317958,17.708,23.135,20.963,41.759,81.314,59.968
2023-08-21,21317959,18.159,23.306,21.082,39.586,77.769,57.266
2023-08-21,21317960,17.58,22.877,20.515,44.631,80.864,60.998
2023-08-22,21317937,16.078,25.537,20.026,37.971,72.12,57.35
2023-08-22,21317938,15.714,22.856,19.091,40.056,74.73,60.963
2023-08-22,21317939,15.928,25.858,20.147,36.774,76.434,54.779
2023-08-22,21317940,14.77,24.164,19.809,38.363,77.533,55.467
2023-08-22,21317941,15.37,26.137,20.325,32.801,71.341,51.088
2023-08-22,21317942,15.027,23.435,19.074,37.296,79.467,58.788
2023-08-22,21317943,12.303,24.1,17.716,45.844,93.237,71.231
2023-08-22,21317947,14.663,25.387,19.788,37.527,78.158,57.554
2023-08-22,21317948,14.212,25.215,20.085,36.046,78.396,55.504
2023-08-22,21317949,14.791,25.987,20.215,36.866,76.497,54.845
2023-08-22,21317950,14.705,24.529,19.981,36.242,76.703,52.893
2023-08-22,21317953,14.341,25.708,19.788,34.539,78.576,54.974
2023-08-22,21317958,15.092,26.094,20.201,33.582,76.652,55.309
2023-08-22,21317959,15.177,26.116,20.127,35.363,71.713,54.812
2023-08-22,21317960,14.856,25.065,19.536,36.654,75.23,56.756
2023-08-23,21317937,14.834,27.381,21.185,37.259,88.261,63.772
2023-08-23,21317938,14.856,24.529,20.018,47.399,91.87,69.287
2023-08-23,21317939,13.783,27.167,20.931,33.474,94.121,62.116
2023-08-23,21317940,14.684,27.059,20.886,37.185,82.374,59.246
2023-08-23,21317941,14.92,27.66,21.38,33.941,78.016,56.14
2023-08-23,21317942,14.062,25.194,19.968,40.954,87.169,64.295
2023-08-23,21317943,12.132,25.58,18.581,44.823,95.422,75.553
2023-08-23,21317947,13.976,26.866,20.846,40.713,83.528,61.167
2023-08-23,21317948,13.569,27.66,21.35,35.882,86.806,59.894
2023-08-23,21317949,13.89,26.523,20.936,38.085,84.26,59.862
2023-08-23,21317950,14.555,27.059,21.342,35.583,79.606,56.551
2023-08-23,21317953,13.526,27.553,20.935,33.532,89.22,59.612
2023-08-23,21317958,13.955,27.896,21.049,35.996,84.283,59.892
2023-08-23,21317959,14.47,27.896,21.124,34.357,80.15,58.082
2023-08-23,21317960,13.655,26.888,20.445,36.709,85.095,61.179
2023-08-24,21317937,15.714,26.33,20.539,45.176,83.822,67.606
2023-08-24,21317938,14.727,24.464,19.259,50.005,96.707,76.83
2023-08-24,21317939,16.1,27.295,20.577,41.114,89.32,67.477
2023-08-24,21317940,16.271,26.566,20.651,39.248,88.367,64.822
2023-08-24,21317941,15.327,27.124,21.043,37.549,83.651,61.28
2023-08-24,21317942,15.671,24.55,19.782,44.977,93.902,70.871
2023-08-24,21317943,13.569,25.751,18.903,50.61,95.779,78.05
2023-08-24,21317947,16.207,26.48,20.809,43.587,87.19,64.701
2023-08-24,21317948,15.928,27.124,20.957,37.504,84.298,64.578
2023-08-24,21317949,16.271,26.802,21.022,38.74,83.767,63.757
2023-08-24,21317950,16.571,26.502,21.124,39.422,85.191,62.853
2023-08-24,21317953,16.014,27.488,20.743,40.529,90.156,65.638
2023-08-24,21317958,16.293,26.802,20.986,41.967,83.61,64.312
2023-08-24,21317959,15.756,27.596,20.955,37.003,81.039,62.64
2023-08-24,21317960,16.25,26.051,20.509,43.244,83.735,65.208
2023-08-25,21317937,15.714,19.896,17.587,80.415,94.359,89.316
2023-08-25,21317938,15.456,19.231,17.102,87.039,100.0,95.693
2023-08-25,21317939,16.035,20.732,17.997,79.011,97.528,90.686
2023-08-25,21317940,16.078,20.046,17.815,79.702,96.718,90.303
2023-08-25,21317941,15.563,20.218,17.447,75.457,93.869,86.924
2023-08-25,21317942,15.456,19.381,17.08,83.131,97.281,91.974
2023-08-25,21317943,15.37,19.424,16.891,85.928,98.268,95.033
2023-08-25,21317947,15.842,20.025,17.578,79.322,95.16,89.539
2023-08-25,21317948,15.692,20.025,17.475,80.458,95.372,89.513
2023-08-25,21317949,15.842,20.539,17.68,77.299,94.34,87.863
2023-08-25,21317950,16.228,20.282,17.991,75.399,91.397,85.474
2023-08-25,21317953,15.585,20.132,17.517,79.258,97.874,90.856
2023-08-25,21317958,15.714,20.196,17.585,77.212,95.261,88.307
2023-08-25,21317959,15.671,20.496,17.486,75.489,92.752,86.548
2023-08-25,21317960,15.649,19.746,17.44,78.814,93.097,87.382
2023-08-26,21317937,17.58,25.58,20.584,60.748,92.68,78.537
2023-08-26,21317938,17.365,23.113,19.596,67.694,100.0,86.143
2023-08-26,21317939,17.622,25.601,20.349,59.069,96.455,80.951
2023-08-26,21317940,17.129,24.572,20.178,61.093,95.54,80.681
2023-08-26,21317941,17.322,25.622,20.208,52.375,93.788,76.683
2023-08-26,21317942,17.215,23.478,19.582,62.283,96.851,82.723
2023-08-26,21317943,15.478,24.443,19.31,68.594,98.1,87.817
2023-08-26,21317947,16.764,25.58,20.141,57.095,94.624,80.414
2023-08-26,21317948,17.386,25.901,20.388,58.607,95.045,80.253
2023-08-26,21317949,17.0,25.88,20.326,60.012,94.25,78.719
2023-08-26,21317950,17.279,24.357,20.263,58.433,91.74,77.467
2023-08-26,21317953,17.472,25.708,20.254,56.239,97.472,79.871
2023-08-26,21317958,17.344,25.708,20.359,53.346,95.697,78.298
2023-08-26,21317959,17.408,25.515,20.254,57.105,92.358,77.87
2023-08-26,21317960,17.193,24.85,19.986,55.868,94.081,78.83
2023-08-27,21317937,15.521,24.529,19.614,49.497,80.8,69.045
2023-08-27,21317938,15.499,22.191,18.757,57.122,84.005,73.959
2023-08-27,21317939,15.671,25.365,19.749,45.161,86.54,68.196
2023-08-27,21317940,14.877,23.992,19.035,48.782,83.175,69.774
2023-08-27,21317941,15.027,24.807,19.68,43.032,79.428,62.965
2023-08-27,21317942,14.877,22.319,18.551,52.943,84.013,71.405
2023-08-27,21317943,13.397,23.478,17.661,59.609,92.804,80.315
2023-08-27,21317947,14.813,24.336,18.926,46.824,83.223,70.432
2023-08-27,21317948,15.435,23.95,19.467,49.354,80.952,68.05
2023-08-27,21317949,14.834,24.271,19.436,47.694,81.527,67.542
2023-08-27,21317950,15.177,23.671,19.257,47.213,79.463,66.291
2023-08-27,21317953,15.134,24.336,19.15,47.12,82.637,68.142
2023-08-27,21317958,14.963,24.765,19.5,46.645,81.588,66.637
2023-08-27,21317959,15.435,24.807,19.619,47.372,78.352,65.674
2023-08-27,21317960,14.791,24.336,18.946,49.154,80.879,68.103
2023-08-28,21317937,14.577,26.845,20.708,45.583,90.158,70.868
2023-08-28,21317938,14.448,23.285,19.332,57.836,95.317,78.178
2023-08-28,21317939,14.491,27.467,20.759,41.807,96.928,71.028
2023-08-28,21317940,15.22,26.116,20.872,41.933,91.026,67.125
2023-08-28,21317941,14.684,26.502,21.169,35.331,84.778,62.001
2023-08-28,21317942,14.319,23.714,19.49,43.915,92.267,72.065
2023-08-28,21317943,12.689,25.301,18.307,48.923,97.028,80.988
2023-08-28,21317947,14.427,26.009,20.483,43.331,92.341,69.348
2023-08-28,21317948,14.727,26.459,20.958,42.145,91.612,66.289
2023-08-28,21317949,13.998,25.708,20.693,40.955,91.186,66.119
2023-08-28,21317950,15.134,25.73,20.957,41.038,87.19,64.4
2023-08-28,21317953,14.234,27.36,20.453,33.298,93.777,68.238
2023-08-28,21317958,14.083,27.081,20.755,39.631,89.589,65.992
2023-08-28,21317959,14.555,28.089,21.094,40.436,87.245,63.631
2023-08-28,21317960,13.933,25.494,20.073,43.107,88.753,67.903
2023-08-29,21317937,18.523,26.523,21.19,62.73,89.891,81.362
2023-08-29,21317938,17.236,23.563,19.911,77.71,99.222,91.842
2023-08-29,21317939,17.108,26.566,20.999,62.278,96.936,83.558
2023-08-29,21317940,18.159,26.094,21.235,60.807,90.689,79.627
2023-08-29,21317941,18.008,25.858,21.597,56.245,85.122,74.571
2023-08-29,21317942,17.236,23.757,20.355,69.953,93.297,84.109
2023-08-29,21317943,15.542,24.722,19.572,76.718,97.005,89.884
2023-08-29,21317947,17.344,26.244,21.282,62.638,87.961,78.311
2023-08-29,21317948,17.665,26.759,21.542,59.814,92.593,80.161
2023-08-29,21317949,17.472,25.987,21.403,59.901,88.501,76.656
2023-08-29,21317950,17.837,26.459,21.644,57.369,85.634,74.7
2023-08-29,21317953,17.129,26.244,21.199,59.8,92.662,81.149
2023-08-29,21317958,17.279,25.966,21.406,61.1,88.417,76.888
2023-08-29,21317959,18.201,26.888,21.501,54.725,89.456,76.957
2023-08-29,21317960,17.065,25.065,20.93,63.276,88.135,77.672
2023-08-30,21317937,15.671,23.135,19.158,63.116,96.007,84.839
2023-08-30,21317938,15.049,20.475,18.261,71.652,99.152,91.273
2023-08-30,21317939,15.435,23.714,19.165,67.016,97.835,85.478
2023-08-30,21317940,15.413,22.856,19.287,64.599,97.792,83.14
2023-08-30,21317941,15.027,23.306,19.085,61.706,96.24,81.898
2023-08-30,21317942,14.727,20.604,18.252,72.714,97.577,89.786
2023-08-30,21317943,13.547,20.99,17.753,83.912,98.776,95.406
2023-08-30,21317947,14.62,22.084,18.962,70.292,95.917,83.838
2023-08-30,21317948,14.963,22.791,19.165,67.326,97.006,84.556
2023-08-30,21317949,14.663,22.084,18.797,67.317,96.599,85.756
2023-08-30,21317950,15.22,22.663,19.123,62.881,93.983,80.959
2023-08-30,21317953,15.07,22.019,19.008,67.149,98.103,85.712
2023-08-30,21317958,14.92,22.448,18.854,64.506,97.568,85.357
2023-08-30,21317959,15.435,23.971,19.237,63.665,95.157,81.644
2023-08-30,21317960,14.598,21.805,18.564,69.557,94.392,85.639
2023-08-31,21317937,11.638,23.113,17.115,43.078,75.912,60.001
2023-08-31,21317938,11.381,19.832,15.703,49.78,85.318,66.807
2023-08-31,21317939,12.003,21.998,16.997,40.749,78.769,58.44
2023-08-31,21317940,11.596,20.925,16.494,43.238,78.204,59.949
2023-08-31,21317941,11.145,22.234,16.629,41.436,74.33,57.769
2023-08-31,21317942,11.274,19.639,15.613,50.756,85.278,67.561
2023-08-31,21317943,8.979,20.196,14.656,54.221,93.819,77.694
2023-08-31,21317947,11.038,21.376,16.359,44.877,81.276,62.847
2023-08-31,21317948,11.295,22.212,17.112,40.758,76.542,58.567
2023-08-31,21317949,10.759,21.462,16.743,42.222,78.439,59.267
2023-08-31,21317950,11.531,21.698,16.657,43.952,75.427,58.932
2023-08-31,21317953,11.252,22.405,16.479,40.768,79.46,59.542
2023-08-31,21317958,10.888,22.877,16.581,42.016,76.08,60.262
2023-08-31,21317959,11.488,22.663,16.946,39.458,72.541,56.195
2023-08-31,21317960,10.609,21.826,16.108,43.464,77.261,61.891
2023-09-01,21317937,14.684,24.679,20.0,38.528,87.204,64.698
2023-09-01,21317938,14.041,22.019,18.135,52.825,94.722,73.802
2023-09-01,21317939,14.062,24.314,19.059,38.079,91.087,68.059
2023-09-01,21317940,14.019,23.907,18.903,38.932,88.606,67.534
2023-09-01,21317941,14.062,24.915,19.586,40.131,80.6,61.472
2023-09-01,21317942,13.655,22.748,18.239,48.595,88.661,70.454
2023-09-01,21317943,11.51,23.135,16.806,51.575,97.546,81.735
2023-09-01,21317947,13.869,24.336,19.12,45.06,86.261,67.385
2023-09-01,21317948,12.861,24.786,19.559,40.296,88.119,64.053
2023-09-01,21317949,13.462,24.228,19.216,40.406,83.406,63.337
2023-09-01,21317950,13.547,24.636,19.373,40.168,83.734,64.091
2023-09-01,21317953,13.89,24.893,19.294,38.437,84.562,64.15
2023-09-01,21317958,13.89,25.172,19.512,40.758,83.191,63.953
2023-09-01,21317959,13.612,24.958,19.614,36.399,81.898,60.503
2023-09-01,21317960,13.826,24.164,18.994,42.654,82.292,64.415
2023-09-02,21317937,16.185,25.751,21.139,48.081,83.954,67.051
2023-09-02,21317938,15.049,24.4,19.895,55.95,90.355,74.539
2023-09-02,21317939,14.255,25.816,20.744,46.046,90.669,67.415
2023-09-02,21317940,16.014,25.301,20.589,50.138,81.999,67.908
2023-09-02,21317941,16.271,25.966,21.298,42.739,79.625,63.366
2023-09-02,21317942,15.156,24.271,20.274,52.23,88.078,70.447
2023-09-02,21317943,13.483,24.035,19.046,59.806,97.028,80.246
2023-09-02,21317947,16.185,25.451,20.901,52.068,81.424,67.57
2023-09-02,21317948,15.606,26.202,21.224,48.754,83.999,65.592
2023-09-02,21317949,15.478,25.151,20.794,49.342,84.118,65.797
2023-09-02,21317950,15.456,25.987,21.087,45.907,82.866,64.69
2023-09-02,21317953,15.864,25.923,21.167,47.456,85.168,65.64
2023-09-02,21317958,15.949,25.494,21.076,48.637,82.846,66.029
2023-09-02,21317959,16.142,25.858,21.272,46.877,80.255,62.651
2023-09-02,21317960,15.649,25.065,20.762,50.1,83.836,66.108
2023-09-03,21317937,20.303,29.054,24.388,59.127,80.887,69.151
2023-09-03,21317938,19.703,26.287,22.93,71.644,85.67,77.54
2023-09-03,21317939,19.896,28.539,23.922,59.704,83.653,71.313
2023-09-03,21317940,19.488,28.11,23.55,60.822,85.429,72.372
2023-09-03,21317941,19.467,29.612,24.075,50.605,81.72,66.684
2023-09-03,21317942,19.467,27.424,23.206,62.713,84.761,73.953
2023-09-03,21317943,19.145,27.617,22.439,65.623,89.499,80.507
2023-09-03,21317947,19.295,28.668,23.684,62.026,85.162,72.196
2023-09-03,21317948,19.724,29.312,24.453,55.351,82.631,68.453
2023-09-03,21317949,19.403,28.968,23.888,54.81,82.85,68.552
2023-09-03,21317950,19.445,29.118,24.136,53.672,82.06,67.437
2023-09-03,21317953,19.488,29.247,24.081,56.793,85.208,69.8
2023-09-03,21317958,19.488,30.084,24.117,52.267,82.983,68.713
2023-09-03,21317959,19.703,29.44,24.325,51.946,79.886,65.757
2023-09-03,21317960,19.381,29.333,23.725,54.844,82.264,69.311
2023-09-04,21317937,19.832,31.499,25.427,53.754,86.043,72.081
2023-09-04,21317938,19.188,27.81,23.998,68.829,92.676,80.869
2023-09-04,21317939,19.681,30.813,25.5,52.709,90.019,72.232
2023-09-04,21317940,20.539,29.934,25.407,56.252,86.403,72.62
2023-09-04,21317941,21.419,31.242,26.308,51.077,80.003,66.008
2023-09-04,21317942,20.282,28.925,24.723,62.077,87.521,76.467
2023-09-04,21317943,18.888,29.097,23.564,68.357,96.233,85.644
2023-09-04,21317947,20.882,30.77,25.531,56.616,84.07,72.446
2023-09-04,21317948,20.303,31.156,26.058,54.65,86.729,70.263
2023-09-04,21317949,21.033,30.62,25.954,54.945,82.47,68.997
2023-09-04,21317950,20.647,30.62,25.899,54.147,83.056,68.629
2023-09-04,21317953,20.582,31.049,25.954,53.814,87.036,71.037
2023-09-04,21317958,21.226,31.564,26.208,53.364,82.275,68.762
2023-09-04,21317959,20.411,31.478,26.27,50.207,82.165,66.316
2023-09-04,21317960,21.011,31.156,25.687,54.148,82.1,69.939
2023-09-05,21317937,22.663,31.821,26.802,54.98,89.32,73.585
2023-09-05,21317938,21.462,28.582,25.392,71.763,97.472,82.495
2023-09-05,21317939,22.663,33.472,27.276,49.885,91.408,73.164
2023-09-05,21317940,22.491,32.25,26.962,55.273,92.561,73.857
2023-09-05,21317941,22.706,33.537,27.916,47.44,87.782,66.427
2023-09-05,21317942,22.019,29.805,26.08,64.373,92.831,77.975
2023-09-05,21317943,20.904,31.371,24.906,63.967,97.082,86.519
2023-09-05,21317947,22.169,32.979,27.147,54.336,92.226,73.074
2023-09-05,21317948,22.169,32.443,27.538,54.897,91.575,71.322
2023-09-05,21317949,22.427,33.451,27.655,50.43,89.357,69.084
2023-09-05,21317950,22.534,32.593,27.386,51.437,88.321,69.499
2023-09-05,21317953,22.384,33.065,27.453,53.562,92.555,72.455
2023-09-05,21317958,22.555,33.472,27.93,50.53,89.346,68.868
2023-09-05,21317959,23.135,33.365,27.962,49.015,84.775,66.663
2023-09-05,21317960,22.448,32.486,27.238,53.785,88.495,70.577
2023-09-06,21317937,23.328,33.194,27.688,51.154,84.993,69.675
2023-09-06,21317938,22.062,29.655,26.024,66.6,93.672,79.728
2023-09-06,21317939,23.177,32.636,27.536,50.571,87.309,71.437
2023-09-06,21317940,22.813,32.722,27.228,51.533,88.652,72.643
2023-09-06,21317941,23.585,33.58,28.383,40.99,84.599,63.71
2023-09-06,21317942,22.641,31.006,26.927,54.137,90.291,73.676
2023-09-06,21317943,21.397,30.663,25.366,62.438,96.707,84.233
2023-09-06,21317947,22.641,32.679,27.544,51.672,87.974,71.111
2023-09-06,21317948,23.349,32.915,28.351,49.168,86.4,67.528
2023-09-06,21317949,23.049,32.808,27.962,47.218,85.794,66.859
2023-09-06,21317950,23.22,33.086,28.04,45.829,84.427,66.169
2023-09-06,21317953,22.941,33.451,28.251,47.538,89.508,67.979
2023-09-06,21317958,23.285,33.794,28.257,46.2,85.946,66.711
2023-09-06,21317959,23.714,33.987,28.515,44.521,82.461,64.171
2023-09-06,21317960,23.156,33.108,27.72,47.419,84.988,67.728
2023-09-07,21317937,22.019,31.263,25.851,52.796,86.697,73.256
2023-09-07,21317938,21.504,28.904,24.784,64.695,92.285,81.363
2023-09-07,21317939,22.191,29.934,25.537,55.978,87.79,75.653
2023-09-07,21317940,22.62,29.934,25.665,55.787,85.521,74.898
2023-09-07,21317941,22.663,30.706,26.456,49.015,82.161,68.256
2023-09-07,21317942,22.341,29.333,25.579,57.827,86.609,75.668
2023-09-07,21317943,21.054,29.397,24.462,63.659,94.693,83.904
2023-09-07,21317947,22.62,30.47,25.98,55.932,84.05,73.311
2023-09-07,21317948,22.577,31.027,26.448,53.382,83.359,71.381
2023-09-07,21317949,23.135,30.105,26.204,53.48,80.598,70.564
2023-09-07,21317950,23.413,30.856,26.604,51.524,80.566,68.495
2023-09-07,21317953,22.47,31.971,26.397,51.807,86.409,72.174
2023-09-07,21317958,23.135,31.263,26.43,50.632,80.992,70.471
2023-09-07,21317959,22.577,31.242,26.481,49.007,80.609,68.065
2023-09-07,21317960,22.899,30.856,26.064,51.89,81.006,70.893
2023-09-08,21317937,20.325,27.424,23.045,63.194,88.65,77.554
2023-09-08,21317938,19.874,25.215,22.02,72.924,96.938,86.27
2023-09-08,21317939,20.196,26.952,22.817,66.032,92.955,79.912
2023-09-08,21317940,19.982,26.459,22.829,65.272,90.481,78.433
2023-09-08,21317941,19.874,26.974,23.278,60.153,83.452,72.734
2023-09-08,21317942,19.939,25.923,22.638,69.422,89.851,80.084
2023-09-08,21317943,19.467,25.429,22.212,72.132,93.965,84.221
2023-09-08,21317947,19.639,27.724,22.885,63.641,88.734,77.367
2023-09-08,21317948,20.239,27.617,23.188,62.576,87.247,76.692
2023-09-08,21317949,19.832,27.188,23.127,63.476,84.356,74.52
2023-09-08,21317950,20.282,27.939,23.385,59.17,84.839,73.464
2023-09-08,21317953,20.046,28.046,23.194,61.659,88.888,77.416
2023-09-08,21317958,19.832,27.017,23.311,62.173,84.683,74.353
2023-09-08,21317959,20.196,27.446,23.272,59.152,83.626,73.266
2023-09-08,21317960,19.853,26.223,23.059,63.697,83.821,74.4
2023-09-09,21317937,15.671,22.513,19.522,55.183,81.218,67.096
2023-09-09,21317938,15.027,20.711,18.312,64.805,85.081,75.197
2023-09-09,21317939,15.413,24.25,19.323,50.324,89.287,68.019
2023-09-09,21317940,15.327,22.362,19.094,54.446,82.687,67.71
2023-09-09,21317941,15.092,23.992,19.523,45.193,77.353,62.51
2023-09-09,21317942,15.263,21.097,18.483,60.053,82.068,72.286
2023-09-09,21317943,14.705,22.319,18.016,59.426,90.665,78.237
2023-09-09,21317947,14.791,23.22,19.153,54.693,81.971,68.506
2023-09-09,21317948,15.22,23.521,19.785,52.16,79.184,66.034
2023-09-09,21317949,15.027,23.542,19.555,50.562,78.598,64.483
2023-09-09,21317950,15.306,23.22,19.306,51.846,76.745,64.629
2023-09-09,21317953,15.134,23.714,19.201,50.857,81.427,67.652
2023-09-09,21317958,15.049,24.464,19.631,48.978,79.207,64.537
2023-09-09,21317959,15.349,23.778,19.611,49.52,76.521,63.593
2023-09-09,21317960,15.113,23.757,19.163,50.788,78.0,66.017
2023-09-10,21317937,15.628,19.059,17.001,73.465,90.712,84.163
2023-09-10,21317938,15.242,18.352,16.579,78.553,95.468,88.655
2023-09-10,21317939,15.735,19.317,17.271,74.156,92.039,83.874
2023-09-10,21317940,15.306,19.746,17.192,67.047,94.176,83.333
2023-09-10,21317941,15.177,19.703,17.167,66.429,92.77,80.876
2023-09-10,21317942,15.027,18.673,16.703,76.464,96.057,86.382
2023-09-10,21317943,15.027,17.408,16.149,85.704,97.082,92.945
2023-09-10,21317947,15.113,19.424,17.015,70.265,92.374,83.438
2023-09-10,21317948,15.327,19.553,17.295,72.641,93.516,82.319
2023-09-10,21317949,15.027,19.51,17.015,68.177,95.1,83.357
2023-09-10,21317950,15.242,19.896,17.334,65.646,90.575,80.551
2023-09-10,21317953,15.392,19.574,17.223,74.357,94.145,83.997
2023-09-10,21317958,15.092,19.617,17.21,68.914,94.461,82.529
2023-09-10,21317959,15.199,19.317,17.205,69.978,92.491,80.333
2023-09-10,21317960,15.049,19.317,16.917,70.649,92.168,83.14
2023-09-11,21317937,16.121,23.992,19.225,54.148,86.979,74.049
2023-09-11,21317938,15.842,21.805,18.429,62.246,90.739,79.54
2023-09-11,21317939,16.314,24.336,19.403,51.038,88.504,73.919
2023-09-11,21317940,15.156,24.25,18.922,46.474,89.279,73.599
2023-09-11,21317941,14.899,23.971,19.115,42.434,86.505,69.408
2023-09-11,21317942,14.92,22.105,18.511,49.529,91.06,76.079
2023-09-11,21317943,14.234,23.242,17.702,57.287,95.215,83.641
2023-09-11,21317947,15.006,23.714,18.938,48.714,88.116,73.268
2023-09-11,21317948,15.585,24.228,19.469,48.811,86.697,72.43
2023-09-11,21317949,14.534,24.014,19.21,47.868,88.966,70.809
2023-09-11,21317950,14.963,23.478,18.982,46.511,85.895,70.469
2023-09-11,21317953,15.177,23.714,19.191,45.161,89.168,72.892
2023-09-11,21317958,14.727,24.4,19.271,45.733,88.35,70.749
2023-09-11,21317959,15.521,24.271,19.418,44.955,84.34,70.284
2023-09-11,21317960,14.77,23.285,18.784,49.126,87.817,72.109
2023-09-12,21317937,15.263,22.877,18.832,65.428,89.946,79.413
2023-09-12,21317938,15.049,21.033,18.122,76.191,93.04,85.092
2023-09-12,21317939,15.714,24.035,19.141,66.233,91.925,79.903
2023-09-12,21317940,14.748,22.427,18.767,67.391,92.239,80.89
2023-09-12,21317941,14.62,22.984,18.535,62.704,88.533,78.92
2023-09-12,21317942,14.62,21.397,18.144,72.12,92.259,84.045
2023-09-12,21317943,14.083,21.397,17.636,75.787,96.089,89.564
2023-09-12,21317947,14.641,22.277,18.604,68.841,90.936,80.737
2023-09-12,21317948,15.242,22.706,18.827,66.873,90.056,79.823
2023-09-12,21317949,14.427,22.577,18.439,65.386,89.911,80.096
2023-09-12,21317950,14.727,22.727,18.746,65.62,87.662,77.731
2023-09-12,21317953,14.813,23.049,18.729,65.524,92.679,81.572
2023-09-12,21317958,14.577,22.791,18.555,64.836,89.506,79.794
2023-09-12,21317959,15.263,23.049,18.812,61.75,88.272,77.854
2023-09-12,21317960,14.555,21.848,18.237,68.049,88.696,80.599
2023-09-13,21317937,16.743,24.443,20.345,54.343,91.092,75.255
2023-09-13,21317938,16.035,21.676,19.155,62.402,97.144,84.264
2023-09-13,21317939,16.142,24.636,20.094,51.113,93.848,77.218
2023-09-13,21317940,16.4,23.735,19.957,52.61,94.693,77.753
2023-09-13,21317941,17.022,24.55,20.088,47.208,91.342,74.123
2023-09-13,21317942,16.915,22.448,19.267,55.937,96.96,82.664
2023-09-13,21317943,14.62,22.62,18.722,63.958,97.778,88.269
2023-09-13,21317947,16.4,24.979,19.833,56.002,93.411,78.384
2023-09-13,21317948,16.979,24.314,20.036,53.085,92.74,77.677
2023-09-13,21317949,16.743,23.671,19.799,50.088,93.729,76.711
2023-09-13,21317950,16.85,24.121,20.114,51.322,91.415,75.536
2023-09-13,21317953,16.636,24.464,19.926,52.647,94.981,78.952
2023-09-13,21317958,16.979,24.829,20.083,50.262,92.964,76.031
2023-09-13,21317959,17.129,24.807,20.247,49.969,88.907,74.051
2023-09-13,21317960,16.893,23.992,19.677,51.409,93.115,77.14
2023-09-14,21317937,13.955,17.365,15.499,62.451,83.075,73.387
2023-09-14,21317938,13.054,16.614,14.772,67.733,88.508,78.933
2023-09-14,21317939,12.99,17.901,14.873,61.814,87.405,75.926
2023-09-14,21317940,13.075,16.571,14.702,64.126,83.52,75.292
2023-09-14,21317941,13.204,17.043,15.168,58.483,78.602,70.571
2023-09-14,21317942,12.453,16.915,14.76,67.047,89.122,77.977
2023-09-14,21317943,11.531,16.786,14.261,71.241,96.123,83.147
2023-09-14,21317947,12.711,17.322,14.652,65.303,85.383,76.154
2023-09-14,21317948,13.054,17.773,15.397,62.104,81.669,72.709
2023-09-14,21317949,12.99,16.722,14.884,61.752,81.404,73.325
2023-09-14,21317950,13.033,17.58,15.194,59.168,79.724,71.741
2023-09-14,21317953,12.625,17.923,15.156,62.608,85.396,74.411
2023-09-14,21317958,13.183,17.322,15.152,60.816,80.627,72.41
2023-09-14,21317959,13.462,17.451,15.386,58.61,76.858,69.557
2023-09-14,21317960,13.118,16.85,14.963,61.514,79.844,72.625
2023-09-15,21317937,11.403,23.714,17.506,35.731,86.311,61.345
2023-09-15,21317938,11.403,20.711,16.079,39.883,89.975,66.779
2023-09-15,21317939,10.759,23.864,17.095,31.495,91.092,62.34
2023-09-15,21317940,10.373,23.006,16.775,32.337,92.111,62.429
2023-09-15,21317941,10.802,23.692,17.289,34.713,86.069,57.612
2023-09-15,21317942,9.966,20.346,15.724,41.489,92.918,67.651
2023-09-15,21317943,8.807,21.311,14.637,46.325,96.828,77.169
2023-09-15,21317947,10.137,23.177,16.628,35.386,92.871,64.376
2023-09-15,21317948,9.344,22.62,16.963,34.302,92.917,62.006
2023-09-15,21317949,10.223,23.328,16.911,35.738,89.343,62.361
2023-09-15,21317950,10.33,22.126,16.693,34.247,88.865,60.766
2023-09-15,21317953,9.472,22.534,16.462,34.476,93.498,63.394
2023-09-15,21317958,10.244,23.928,17.016,35.312,88.774,61.39
2023-09-15,21317959,10.394,24.078,17.086,33.899,85.814,60.498
2023-09-15,21317960,10.33,22.598,16.303,37.717,87.384,63.702
2023-09-16,21317937,14.384,25.322,19.112,33.436,73.663,58.607
2023-09-16,21317938,14.255,22.748,18.11,37.319,73.443,60.511
2023-09-16,21317939,15.027,25.558,19.225,32.691,71.51,54.67
2023-09-16,21317940,13.697,23.842,18.299,35.305,74.446,58.37
2023-09-16,21317941,14.019,24.765,18.638,33.623,71.818,57.395
2023-09-16,21317942,13.719,22.405,17.711,41.032,76.542,62.208
2023-09-16,21317943,11.874,22.513,16.565,47.886,89.192,73.155
2023-09-16,21317947,13.268,24.378,18.168,38.895,77.322,61.254
2023-09-16,21317948,13.826,25.043,18.724,35.433,73.059,57.396
2023-09-16,21317949,13.333,24.786,18.402,37.644,76.425,60.912
2023-09-16,21317950,13.848,24.035,18.387,35.373,73.205,58.864
2023-09-16,21317953,14.169,23.928,18.451,34.713,72.444,57.237
2023-09-16,21317958,13.848,25.58,18.628,34.841,75.013,59.694
2023-09-16,21317959,13.998,24.765,18.699,35.396,71.402,56.619
2023-09-16,21317960,13.569,24.378,18.031,38.257,75.407,61.505
2023-09-17,21317937,13.805,24.872,19.699,46.43,87.535,66.14
2023-09-17,21317938,13.89,21.976,18.307,57.841,88.125,72.264
2023-09-17,21317939,13.998,23.628,18.979,51.337,86.99,68.056
2023-09-17,21317940,13.29,23.285,18.534,51.905,87.007,70.34
2023-09-17,21317941,13.419,24.829,19.324,42.104,82.733,61.328
2023-09-17,21317942,13.462,22.491,18.227,52.029,85.798,69.981
2023-09-17,21317943,11.167,23.006,16.789,61.541,95.486,81.896
2023-09-17,21317947,13.054,24.55,18.843,47.628,87.396,68.924
2023-09-17,21317948,13.397,25.494,19.642,43.069,82.617,63.298
2023-09-17,21317949,12.968,24.443,19.013,45.83,85.342,65.098
2023-09-17,21317950,12.968,24.4,19.118,45.002,84.594,64.344
2023-09-17,21317953,13.333,25.108,19.191,41.221,86.517,64.657
2023-09-17,21317958,13.204,25.022,19.274,44.677,84.97,64.487
2023-09-17,21317959,13.633,25.194,19.443,41.851,79.899,62.323
2023-09-17,21317960,13.333,24.293,18.807,47.895,83.378,65.497
2023-09-18,21317937,16.185,19.338,17.751,68.797,87.08,79.193
2023-09-18,21317938,15.928,18.137,17.004,74.847,95.633,85.765
2023-09-18,21317939,16.035,18.888,17.492,71.864,92.537,81.033
2023-09-18,21317940,15.478,18.888,17.516,70.796,91.882,80.128
2023-09-18,21317941,16.014,20.11,17.972,57.65,85.972,75.627
2023-09-18,21317942,17.708,18.952,18.072,73.291,83.355,79.841
2023-09-18,21317943,15.649,18.416,16.768,77.423,95.718,88.306
2023-09-18,21317947,15.521,18.781,17.536,67.573,89.616,79.308
2023-09-18,21317948,16.421,19.36,17.856,70.626,88.664,79.206
2023-09-18,21317949,15.992,19.252,17.848,62.304,88.344,77.198
2023-09-18,21317950,15.885,19.295,17.872,63.595,86.764,76.107
2023-09-18,21317953,15.971,19.317,17.753,66.343,91.781,80.461
2023-09-18,21317958,16.035,19.81,18.109,62.606,86.178,76.019
2023-09-18,21317959,16.314,19.531,17.981,65.454,85.963,76.575
2023-09-18,21317960,15.949,19.231,17.739,65.756,86.572,77.142
2023-09-19,21317937,15.199,17.708,16.293,69.589,92.001,83.442
2023-09-19,21317938,14.77,16.764,15.559,73.768,95.39,88.726
2023-09-19,21317939,14.963,17.558,16.173,70.008,93.866,84.109
2023-09-19,21317940,14.727,17.279,15.995,70.422,95.578,85.079
2023-09-19,21317941,14.813,17.472,15.957,68.843,91.662,82.539
2023-09-19,21317943,14.448,16.378,15.361,78.549,96.693,91.742
2023-09-19,21317947,14.62,17.215,15.756,73.306,94.356,86.352
2023-09-19,21317948,15.07,17.515,16.05,71.054,92.039,84.078
2023-09-19,21317949,14.941,17.88,16.01,71.144,91.878,83.608
2023-09-19,21317950,14.856,17.537,16.122,68.348,91.312,81.906
2023-09-19,21317953,14.877,17.344,15.956,72.123,94.418,85.947
2023-09-19,21317958,14.791,17.537,15.992,70.907,92.923,84.068
2023-09-19,21317959,15.07,17.601,16.112,68.438,90.396,81.668
2023-09-19,21317960,14.77,17.043,15.746,71.539,91.417,84.606
2023-09-20,21317937,13.44,21.29,17.119,47.271,82.663,64.799
2023-09-20,21317938,12.754,18.759,15.666,59.435,88.22,71.927
2023-09-20,21317939,12.711,21.097,16.41,49.125,87.295,66.406
2023-09-20,21317940,12.196,20.604,16.116,48.453,86.357,66.33
2023-09-20,21317941,12.496,21.462,16.443,44.324,78.961,62.859
2023-09-20,21317942,14.298,19.553,17.502,54.83,73.928,61.959
2023-09-20,21317943,11.295,20.282,15.37,59.431,89.786,76.549
2023-09-20,21317947,12.153,21.161,16.172,49.368,86.381,67.658
2023-09-20,21317948,12.818,21.269,16.878,49.537,80.856,64.683
2023-09-20,21317949,12.239,20.647,16.165,49.02,81.689,65.563
2023-09-20,21317950,12.368,20.604,16.449,48.083,82.48,63.991
2023-09-20,21317953,12.668,21.033,16.456,47.89,81.195,66.033
2023-09-20,21317958,12.303,21.655,16.422,47.788,81.286,65.377
2023-09-20,21317959,12.861,21.569,16.665,46.801,77.423,63.269
2023-09-20,21317960,12.303,20.968,16.071,48.978,79.889,66.373
2023-09-21,21317937,11.703,22.598,17.552,39.951,85.667,61.779
2023-09-21,21317938,11.703,20.046,15.973,46.342,87.068,67.61
2023-09-21,21317939,11.424,22.684,16.535,40.191,83.52,65.712
2023-09-21,21317940,10.995,22.748,16.498,37.456,83.848,64.323
2023-09-21,21317941,11.295,23.049,17.109,35.853,83.885,58.762
2023-09-21,21317942,13.912,19.939,18.329,44.526,72.952,56.118
2023-09-21,21317943,9.279,20.882,14.197,47.912,95.975,80.173
2023-09-21,21317947,10.63,22.877,16.491,37.4,87.932,65.152
2023-09-21,21317948,11.016,22.405,16.865,39.86,85.603,61.822
2023-09-21,21317949,10.695,22.706,16.9,39.243,86.697,62.567
2023-09-21,21317950,10.566,22.212,16.276,39.626,84.7,62.952
2023-09-21,21317953,10.888,22.62,16.552,36.728,88.147,62.146
2023-09-21,21317958,10.995,23.521,16.995,37.952,85.895,61.631
2023-09-21,21317959,11.553,23.435,17.132,38.09,81.534,59.843
2023-09-21,21317960,10.995,22.341,16.394,42.397,84.599,63.452
2023-09-22,21317937,11.188,24.228,17.608,38.358,89.892,67.307
2023-09-22,21317938,10.845,20.153,15.955,51.583,93.01,74.037
2023-09-22,21317939,10.823,24.657,17.234,37.382,93.243,67.476
2023-09-22,21317940,12.089,23.971,17.75,37.929,91.774,65.341
2023-09-22,21317941,11.703,24.378,18.086,36.347,85.995,60.778
2023-09-22,21317942,18.502,20.84,20.069,45.245,65.657,52.191
2023-09-22,21317943,9.644,21.933,15.028,47.14,96.736,80.899
2023-09-22,21317947,11.531,24.078,17.562,40.548,92.351,67.002
2023-09-22,21317948,10.63,23.714,17.346,31.623,92.66,65.198
2023-09-22,21317949,11.209,23.95,17.728,37.751,91.215,64.352
2023-09-22,21317950,11.896,23.328,17.643,38.056,87.407,63.409
2023-09-22,21317953,10.738,23.628,17.061,36.358,93.681,66.89
2023-09-22,21317958,11.124,24.722,17.886,37.253,89.291,63.933
2023-09-22,21317959,11.209,24.872,17.466,30.8,88.386,63.313
2023-09-22,21317960,11.124,23.306,17.169,40.603,88.707,66.34
2023-09-23,21317937,12.303,23.285,17.58,51.043,91.649,72.775
2023-09-23,21317938,11.853,20.99,16.554,61.77,94.786,78.395
2023-09-23,21317939,11.853,23.156,17.779,51.135,95.068,72.322
2023-09-23,21317940,12.968,21.933,17.948,54.263,89.892,70.424
2023-09-23,21317941,12.411,22.706,17.73,49.798,89.566,68.607
2023-09-23,21317942,17.58,21.183,19.944,56.451,75.352,64.899
2023-09-23,21317943,10.352,21.269,15.396,63.618,96.487,86.032
2023-09-23,21317947,12.561,22.212,17.644,53.942,92.131,72.549
2023-09-23,21317948,12.132,22.513,17.607,52.251,93.462,73.458
2023-09-23,21317949,11.789,22.555,17.378,50.289,88.455,70.191
2023-09-23,21317950,12.346,22.169,17.638,51.621,86.578,68.459
2023-09-23,21317953,11.874,22.448,17.324,51.882,94.249,74.379
2023-09-23,21317958,11.746,22.941,17.408,51.812,88.162,70.652
2023-09-23,21317959,12.153,23.177,17.433,50.448,91.099,73.115
2023-09-23,21317960,11.574,21.826,16.866,54.876,88.119,72.497
2023-09-24,21317937,14.405,24.357,18.783,51.873,87.668,70.283
2023-09-24,21317938,14.255,21.612,17.843,56.555,90.579,75.58
2023-09-24,21317939,15.006,24.464,19.231,48.435,87.077,67.776
2023-09-24,21317940,14.126,23.606,18.508,46.54,89.371,69.954
2023-09-24,21317941,13.848,24.1,18.49,46.027,84.344,65.435
2023-09-24,21317942,18.888,22.191,21.142,57.508,73.887,63.061
2023-09-24,21317943,12.904,22.684,17.047,59.316,93.468,78.892
2023-09-24,21317947,13.933,23.714,18.473,48.371,88.806,69.901
2023-09-24,21317948,14.663,23.585,18.719,52.335,86.371,69.504
2023-09-24,21317949,13.526,23.692,18.404,51.25,85.698,67.083
2023-09-24,21317950,13.933,23.328,18.424,48.859,83.795,66.702
2023-09-24,21317953,14.234,23.628,18.549,48.257,88.016,69.402
2023-09-24,21317958,13.783,24.357,18.461,49.41,85.566,67.366
2023-09-24,21317959,14.362,24.185,18.572,50.921,85.556,68.506
2023-09-24,21317960,13.783,23.049,18.028,51.203,84.581,68.526
2023-09-25,21317937,12.432,21.59,16.188,44.79,75.894,63.461
2023-09-25,21317938,12.325,19.596,15.524,50.207,80.607,67.84
2023-09-25,21317939,12.947,21.826,16.505,43.432,74.697,62.011
2023-09-25,21317940,12.689,20.882,15.93,44.778,74.389,63.649
2023-09-25,21317941,12.689,20.711,15.932,41.093,72.235,60.493
2023-09-25,21317942,16.357,19.403,18.205,48.882,66.416,57.099
2023-09-25,21317943,11.36,20.196,15.097,50.307,83.511,70.951
2023-09-25,21317947,12.496,20.861,15.874,46.041,75.843,64.464
2023-09-25,21317948,12.303,21.118,15.982,44.608,76.071,64.465
2023-09-25,21317949,12.153,20.496,15.832,44.947,73.712,62.324
2023-09-25,21317950,12.711,20.432,15.921,44.608,71.716,61.257
2023-09-25,21317953,12.754,20.904,16.01,44.269,74.636,63.762
2023-09-25,21317958,12.518,20.818,15.877,44.941,73.172,62.528
2023-09-25,21317959,12.303,20.861,15.913,45.693,75.257,64.33
2023-09-25,21317960,12.475,19.939,15.593,47.285,72.847,63.232
2023-09-26,21317937,9.0,20.218,14.238,41.466,87.831,65.979
2023-09-26,21317938,9.065,18.116,13.566,47.161,89.47,70.192
2023-09-26,21317939,9.708,20.132,14.629,40.323,84.315,63.999
2023-09-26,21317940,9.108,19.531,14.119,44.068,86.693,66.216
2023-09-26,21317941,9.301,19.617,14.202,39.385,81.862,62.909
2023-09-26,21317942,15.049,18.18,17.112,46.357,64.163,53.833
2023-09-26,21317943,8.829,18.48,12.793,50.649,90.272,76.36
2023-09-26,21317947,8.872,19.424,13.945,43.482,87.218,67.861
2023-09-26,21317948,8.893,19.853,14.106,42.301,85.699,66.916
2023-09-26,21317949,8.829,19.059,14.076,43.487,88.331,65.625
2023-09-26,21317950,9.279,18.931,14.049,42.606,82.303,64.463
2023-09-26,21317953,9.193,19.167,13.888,43.119,86.377,67.838
2023-09-26,21317958,9.236,20.132,14.113,42.132,86.448,66.465
2023-09-26,21317959,9.065,20.625,14.079,42.452,84.279,66.999
2023-09-26,21317960,9.451,18.995,13.675,45.199,84.256,67.133
2023-09-27,21317937,9.301,22.126,15.077,45.559,88.867,66.747
2023-09-27,21317938,9.944,19.531,14.447,50.887,88.725,70.549
2023-09-27,21317939,8.293,22.448,15.085,40.539,91.293,65.531
2023-09-27,21317940,9.301,20.947,15.297,41.912,81.843,61.472
2023-09-27,21317941,9.386,21.526,15.086,35.798,79.062,61.104
2023-09-27,21317942,16.636,20.046,19.133,42.09,64.172,49.972
2023-09-27,21317943,6.705,20.496,12.524,49.711,94.91,79.472
2023-09-27,21317947,9.365,21.462,15.095,39.568,83.552,63.593
2023-09-27,21317948,8.893,21.419,14.672,40.067,86.711,67.218
2023-09-27,21317949,7.928,21.569,14.587,39.298,88.652,65.143
2023-09-27,21317950,8.743,21.247,14.8,39.763,81.598,61.85
2023-09-27,21317953,8.293,21.59,14.568,37.948,86.659,65.79
2023-09-27,21317958,8.1,21.891,14.542,38.463,87.388,65.47
2023-09-27,21317959,8.657,21.762,14.574,39.307,84.384,67.113
2023-09-27,21317960,7.949,21.333,13.988,40.639,87.75,67.243
2023-09-28,21317937,11.059,22.169,15.984,52.761,90.446,73.997
2023-09-28,21317938,11.445,19.832,15.343,60.07,90.275,77.981
2023-09-28,21317939,10.545,21.933,16.135,51.167,91.942,71.769
2023-09-28,21317940,11.81,21.097,16.324,52.757,88.376,70.383
2023-09-28,21317941,10.523,21.955,16.022,46.864,82.045,67.933
2023-09-28,21317942,17.0,20.282,19.167,56.959,71.154,62.86
2023-09-28,21317943,8.357,20.303,13.735,61.697,96.529,85.083
2023-09-28,21317947,11.467,21.483,16.182,52.993,88.029,71.389
2023-09-28,21317948,9.858,21.504,15.687,53.169,90.866,73.505
2023-09-28,21317949,9.966,21.483,15.663,49.239,85.928,70.454
2023-09-28,21317950,10.866,21.269,15.915,51.241,83.033,69.112
2023-09-28,21317953,9.665,21.805,15.71,51.543,89.453,72.988
2023-09-28,21317958,10.094,22.319,15.678,48.667,85.658,71.019
2023-09-28,21317959,10.33,21.976,15.499,50.553,86.189,73.228
2023-09-28,21317960,10.18,21.054,15.179,52.816,86.715,72.595
2023-09-29,21317937,11.81,21.311,16.542,53.542,90.877,71.669
2023-09-29,21317938,12.11,18.695,15.488,63.023,92.309,77.497
2023-09-29,21317939,13.033,20.968,16.615,52.691,88.116,70.983
2023-09-29,21317940,12.368,20.046,16.601,49.752,92.422,71.145
2023-09-29,21317941,11.681,21.118,16.261,47.788,90.277,68.678
2023-09-29,21317943,10.201,19.059,14.21,65.811,97.014,85.438
2023-09-29,21317947,12.046,20.496,16.289,56.629,92.276,72.765
2023-09-29,21317948,12.025,20.754,16.237,53.796,91.571,72.912
2023-09-29,21317949,10.995,20.518,16.016,52.586,90.509,70.089
2023-09-29,21317950,11.66,20.475,16.265,52.116,88.899,69.806
2023-09-29,21317953,11.939,20.625,15.89,54.528,93.938,74.546
2023-09-29,21317958,10.995,21.011,16.065,50.463,91.096,70.395
2023-09-29,21317959,11.896,21.419,16.292,50.124,91.64,71.171
2023-09-29,21317960,11.038,20.175,15.541,52.537,89.483,72.357
2023-09-30,21317937,12.411,24.829,17.963,42.402,89.879,70.12
2023-09-30,21317938,12.518,21.783,16.987,51.406,90.391,73.159
2023-09-30,21317939,12.325,25.558,18.127,41.289,93.489,69.633
2023-09-30,21317940,12.754,24.636,18.042,42.351,89.346,67.805
2023-09-30,21317941,12.303,25.344,18.278,37.392,86.029,63.315
2023-09-30,21317942,18.823,22.019,20.986,54.298,67.98,58.259
2023-09-30,21317943,10.373,22.706,15.623,57.369,95.979,82.166
2023-09-30,21317947,12.368,24.85,17.925,43.789,89.007,68.573
2023-09-30,21317948,11.789,23.735,17.419,46.229,89.57,69.579
2023-09-30,21317949,11.746,25.022,18.178,41.489,89.36,65.556
2023-09-30,21317950,12.453,23.456,17.853,43.528,85.631,65.329
2023-09-30,21317953,11.81,23.885,17.38,48.47,90.147,70.432
2023-09-30,21317958,11.467,25.322,18.209,43.165,89.525,66.83
2023-09-30,21317959,11.767,24.936,17.836,43.601,88.829,67.686
2023-09-30,21317960,11.36,24.657,17.547,44.991,88.721,67.975
2023-10-01,21317937,14.62,25.322,19.646,51.241,88.821,68.045
2023-10-01,21317938,14.834,23.092,18.811,56.82,88.853,71.448
2023-10-01,21317939,15.156,25.794,19.641,48.334,85.963,66.682
2023-10-01,21317940,14.191,25.258,19.329,49.181,87.759,67.516
2023-10-01,21317941,14.791,25.451,19.774,45.51,84.623,62.705
2023-10-01,21317943,12.561,24.55,17.064,58.982,96.278,81.531
2023-10-01,21317947,14.491,25.472,19.427,52.714,85.566,67.951
2023-10-01,21317948,14.491,24.807,19.341,52.847,87.041,67.586
2023-10-01,21317949,14.341,25.258,19.482,49.369,84.411,65.819
2023-10-01,21317950,14.083,24.657,19.225,51.054,84.019,65.436
2023-10-01,21317953,14.405,25.344,19.062,52.627,86.732,68.685
2023-10-01,21317958,14.641,25.644,19.503,48.884,84.678,66.468
2023-10-01,21317959,14.92,25.279,19.261,51.098,84.445,67.078
2023-10-01,21317960,14.491,24.443,18.932,52.187,83.761,67.917
2023-10-02,21317937,12.604,24.25,18.529,34.717,80.714,59.426
2023-10-02,21317938,13.268,20.861,17.175,46.838,78.428,63.819
2023-10-02,21317939,11.81,25.494,18.537,32.433,86.102,57.228
2023-10-02,21317940,13.247,24.357,18.562,36.878,75.366,56.023
2023-10-02,21317941,12.861,25.108,18.823,33.094,75.499,53.695
2023-10-02,21317942,19.295,22.727,21.164,40.862,51.823,47.289
2023-10-02,21317943,9.494,22.856,15.587,42.896,94.086,74.149
2023-10-02,21317947,12.282,25.022,18.61,35.303,81.534,57.224
2023-10-02,21317948,11.145,24.143,18.033,30.269,83.433,59.366
2023-10-02,21317949,11.381,24.936,18.52,34.214,86.018,57.88
2023-10-02,21317950,12.411,23.671,18.146,37.531,76.791,56.618
2023-10-02,21317953,11.553,24.4,18.004,35.076,85.661,58.736
2023-10-02,21317958,11.188,25.279,18.451,33.666,84.141,58.123
2023-10-02,21317959,11.746,25.194,18.178,33.043,80.549,58.486
2023-10-02,21317960,11.145,25.151,17.912,35.505,84.417,59.688
2023-10-03,21317937,17.429,28.668,22.138,49.3,82.589,68.187
2023-10-03,21317938,15.885,24.958,20.278,61.99,93.596,76.975
2023-10-03,21317939,16.25,27.681,21.427,48.074,84.823,70.833
2023-10-03,21317940,17.751,27.167,21.756,53.254,84.088,70.525
2023-10-03,21317941,17.386,28.904,22.185,43.418,82.742,65.802
2023-10-03,21317943,15.092,26.974,20.046,54.696,92.308,80.495
2023-10-03,21317947,17.386,28.454,21.852,52.944,84.367,70.273
2023-10-03,21317948,17.794,28.389,22.135,47.317,81.437,67.978
2023-10-03,21317949,17.193,28.282,21.81,46.781,84.173,68.61
2023-10-03,21317950,17.558,27.639,21.813,50.718,81.598,67.761
2023-10-03,21317953,17.472,28.282,21.952,48.371,84.466,69.319
2023-10-03,21317958,17.429,28.818,22.148,46.676,84.054,67.91
2023-10-03,21317959,17.923,28.69,22.314,47.77,80.177,66.879
2023-10-03,21317960,17.344,28.797,21.795,47.163,83.139,68.333
2023-10-04,21317937,18.159,30.491,23.264,38.972,86.407,67.076
2023-10-04,21317938,16.85,26.416,21.584,50.539,93.439,73.236
2023-10-04,21317939,16.915,32.057,23.043,35.537,92.245,67.596
2023-10-04,21317940,18.502,29.998,23.602,39.626,86.036,64.621
2023-10-04,21317941,18.073,30.813,23.871,35.497,83.578,62.432
2023-10-04,21317942,20.475,27.596,25.192,45.24,78.712,59.021
2023-10-04,21317943,15.778,28.303,20.701,49.445,96.425,80.397
2023-10-04,21317947,18.051,31.135,23.901,36.15,86.395,63.889
2023-10-04,21317948,18.008,30.019,23.757,38.213,84.971,63.666
2023-10-04,21317949,17.751,30.598,23.956,35.702,85.493,62.726
2023-10-04,21317950,18.051,29.312,23.438,37.833,83.291,62.557
2023-10-04,21317953,17.837,30.169,23.542,38.097,86.784,64.711
2023-10-04,21317958,17.987,30.791,23.982,36.724,85.368,63.158
2023-10-04,21317959,18.33,30.555,23.794,38.006,82.676,62.902
2023-10-04,21317960,17.901,31.22,23.4,36.385,83.99,64.156
2023-10-05,21317937,19.403,28.261,23.008,47.282,80.371,64.744
2023-10-05,21317938,17.773,25.129,21.054,59.751,87.575,73.337
2023-10-05,21317939,17.644,29.226,22.867,45.231,84.646,63.704
2023-10-05,21317940,20.282,28.196,23.634,41.933,73.608,59.216
2023-10-05,21317941,19.746,28.475,23.624,45.922,74.572,60.711
2023-10-05,21317943,16.571,27.317,21.35,53.429,91.521,73.762
2023-10-05,21317947,21.612,28.647,24.294,43.491,69.377,57.958
2023-10-05,21317948,19.467,28.496,23.523,44.891,78.003,60.686
2023-10-05,21317949,19.746,28.582,24.04,39.846,75.07,59.184
2023-10-05,21317950,20.346,28.261,23.865,41.572,70.704,56.198
2023-10-05,21317953,19.617,28.025,23.35,47.195,78.19,62.231
2023-10-05,21317958,19.445,28.389,24.176,47.112,75.807,59.507
2023-10-05,21317959,19.724,28.432,23.432,46.25,77.307,60.795
2023-10-05,21317960,19.231,27.832,23.649,48.348,75.212,60.665
2023-10-06,21317937,18.18,23.456,20.711,57.36,89.128,71.166
2023-10-06,21317938,17.429,22.77,20.002,64.932,95.604,75.4
2023-10-06,21317939,17.644,24.014,20.631,54.078,93.275,71.079
2023-10-06,21317940,17.537,23.563,20.309,52.628,94.693,72.079
2023-10-06,21317941,17.923,23.928,20.659,53.21,90.619,70.905
2023-10-06,21317943,16.979,24.078,20.092,60.255,96.461,75.955
2023-10-06,21317947,17.429,24.078,20.427,53.104,93.622,72.498
2023-10-06,21317948,17.923,24.679,21.051,52.407,91.344,68.641
2023-10-06,21317949,17.451,23.864,20.611,49.735,94.479,71.709
2023-10-06,21317950,17.773,23.864,20.597,50.111,91.42,68.827
2023-10-06,21317953,17.665,23.864,20.533,54.453,93.796,72.346
2023-10-06,21317958,17.837,23.971,20.799,51.711,92.136,71.297
2023-10-06,21317959,18.051,24.421,20.994,53.378,89.502,69.111
2023-10-06,21317960,17.494,23.714,20.545,52.119,91.527,71.517
2023-10-07,21317937,10.394,18.223,15.028,82.655,95.357,91.466
2023-10-07,21317938,9.794,17.515,14.472,87.666,97.934,95.927
2023-10-07,21317939,9.923,17.537,14.885,85.56,96.039,92.84
2023-10-07,21317940,9.601,17.408,14.811,85.556,97.29,93.799
2023-10-07,21317941,9.837,17.923,14.711,80.879,96.173,92.046
2023-10-07,21317943,9.687,17.494,14.437,96.579,98.479,98.002
2023-10-07,21317947,9.537,17.601,14.626,87.291,96.553,94.149
2023-10-07,21317948,10.051,18.094,14.798,84.82,95.651,92.142
2023-10-07,21317949,9.772,17.665,14.65,81.706,97.275,93.994
2023-10-07,21317950,9.923,17.923,14.906,83.442,93.857,91.459
2023-10-07,21317953,9.858,17.901,14.732,87.443,96.844,93.967
2023-10-07,21317958,9.858,17.858,14.818,84.472,96.466,92.674
2023-10-07,21317959,10.073,18.137,14.83,82.353,95.352,91.231
2023-10-07,21317960,9.772,17.773,14.599,87.053,95.161,93.426
2023-10-08,21317937,9.794,15.585,11.63,58.944,90.738,77.672
2023-10-08,21317938,9.215,14.041,10.782,65.989,95.782,83.223
2023-10-08,21317939,9.236,15.563,11.201,55.909,93.159,79.105
2023-10-08,21317940,8.893,14.748,10.915,60.533,95.146,81.524
2023-10-08,21317941,8.486,14.727,11.023,57.996,92.447,78.238
2023-10-08,21317942,10.008,13.333,12.286,66.497,90.472,76.481
2023-10-08,21317943,8.207,14.62,10.408,69.95,98.273,89.166
2023-10-08,21317947,8.7,15.22,10.731,61.37,95.5,82.471
2023-10-08,21317948,9.494,15.799,11.314,57.218,92.743,78.286
2023-10-08,21317949,8.335,14.598,10.927,57.626,93.828,79.416
2023-10-08,21317950,8.614,14.512,11.028,60.812,92.406,80.012
2023-10-08,21317953,9.0,14.77,10.886,61.962,95.038,82.001
2023-10-08,21317958,8.443,15.177,11.09,58.094,93.498,79.267
2023-10-08,21317959,9.472,15.413,11.311,56.825,91.196,77.358
2023-10-08,21317960,8.335,14.684,10.865,58.492,93.6,79.75
2023-10-09,21317937,8.7,13.376,11.45,55.172,79.588,67.914
2023-10-09,21317938,7.992,11.789,10.155,67.602,88.412,76.37
2023-10-09,21317939,8.078,12.775,10.69,58.556,81.355,70.775
2023-10-09,21317940,7.971,12.239,10.516,55.872,83.075,71.213
2023-10-09,21317941,8.164,11.874,10.457,58.657,79.913,70.242
2023-10-09,21317943,6.834,11.252,9.153,74.386,95.187,87.018
2023-10-09,21317947,7.778,11.853,10.144,63.389,86.038,74.603
2023-10-09,21317948,8.378,12.561,10.85,60.191,81.422,69.625
2023-10-09,21317949,8.121,11.917,10.34,58.097,84.179,71.167
2023-10-09,21317950,8.1,12.003,10.338,61.175,82.834,72.555
2023-10-09,21317953,8.014,11.896,10.279,64.836,88.51,74.52
2023-10-09,21317958,8.25,12.025,10.468,60.049,82.902,71.612
2023-10-09,21317959,8.421,12.582,10.876,59.774,78.379,68.981
2023-10-09,21317960,8.228,11.789,10.153,60.29,88.389,73.206
2023-10-10,21317937,9.944,13.118,11.415,58.257,88.212,69.742
2023-10-10,21317938,8.979,12.411,10.347,63.455,90.66,77.843
2023-10-10,21317939,8.743,13.097,10.841,57.836,84.747,70.104
2023-10-10,21317940,9.065,12.668,10.679,59.417,80.603,70.291
2023-10-10,21317941,9.236,13.59,10.859,52.23,81.463,68.793
2023-10-10,21317943,6.62,13.376,9.745,64.259,93.764,83.572
2023-10-10,21317947,9.043,13.376,10.652,58.543,81.555,71.402
2023-10-10,21317948,9.815,13.655,11.092,54.884,88.339,70.933
2023-10-10,21317949,9.15,13.805,10.758,54.614,81.596,69.286
2023-10-10,21317950,8.893,13.268,10.848,56.568,78.543,69.216
2023-10-10,21317953,9.0,13.655,10.882,55.795,87.379,72.132
2023-10-10,21317958,9.494,13.183,10.977,56.884,82.628,70.031
2023-10-10,21317959,9.987,13.44,11.158,54.778,85.534,69.684
2023-10-10,21317960,9.344,12.882,10.688,57.787,83.738,71.079
2023-10-11,21317937,9.708,12.861,11.282,66.314,88.486,78.807
2023-10-11,21317938,8.85,11.96,10.093,73.419,93.504,88.337
2023-10-11,21317939,8.636,12.561,10.532,69.433,93.17,83.873
2023-10-11,21317940,9.837,12.046,10.781,71.986,88.211,80.9
2023-10-11,21317941,9.644,12.968,10.798,66.275,86.618,79.28
2023-10-11,21317943,7.649,12.025,9.499,81.044,96.533,92.847
2023-10-11,21317947,9.408,12.089,10.517,72.05,88.504,81.77
2023-10-11,21317948,9.043,12.904,10.931,65.18,90.422,79.92
2023-10-11,21317949,9.579,12.561,10.726,68.54,86.427,79.039
2023-10-11,21317950,9.601,12.218,10.681,71.411,86.764,80.803
2023-10-11,21317953,9.15,12.754,10.66,68.943,91.099,82.256
2023-10-11,21317958,9.708,12.646,10.925,68.783,86.294,78.865
2023-10-11,21317959,9.365,13.333,11.066,64.997,87.254,78.349
2023-10-11,21317960,9.322,12.325,10.63,68.516,87.35,80.414
2023-10-12,21317937,9.579,15.413,11.463,46.206,84.05,69.456
2023-10-12,21317938,8.464,13.311,10.355,48.75,91.518,74.467
2023-10-12,21317939,7.327,15.134,10.682,42.368,93.93,71.461
2023-10-12,21317940,8.743,14.684,10.852,44.1,88.545,70.232
2023-10-12,21317941,8.979,14.877,11.127,40.085,84.701,66.264
2023-10-12,21317942,11.124,13.955,12.628,49.802,80.096,60.15
2023-10-12,21317943,7.22,16.25,10.393,47.395,97.0,77.185
2023-10-12,21317947,8.25,15.199,10.73,46.595,87.597,71.106
2023-10-12,21317948,8.722,15.649,11.318,43.033,89.14,67.943
2023-10-12,21317949,8.528,14.813,10.92,43.233,85.379,68.382
2023-10-12,21317950,8.743,14.555,10.808,46.348,86.165,68.862
2023-10-12,21317953,8.85,15.585,11.067,44.474,87.195,68.774
2023-10-12,21317958,8.829,15.177,11.206,43.288,84.123,68.931
2023-10-12,21317959,9.236,15.327,11.422,41.425,85.026,66.48
2023-10-12,21317960,8.807,14.92,10.985,43.917,83.722,68.775
2023-10-13,21317937,8.378,17.987,12.259,45.29,82.264,67.834
2023-10-13,21317938,7.52,15.885,11.32,48.051,87.105,69.93
2023-10-13,21317939,7.113,17.622,11.598,42.753,87.114,69.015
2023-10-13,21317940,7.006,17.365,11.398,45.01,89.073,70.31
2023-10-13,21317941,7.242,17.108,11.533,40.031,83.89,65.722
2023-10-13,21317942,13.762,15.756,15.065,49.509,61.819,54.944
2023-10-13,21317943,7.006,18.738,11.175,45.33,88.725,73.103
2023-10-13,21317947,6.856,17.258,11.272,47.427,89.259,71.188
2023-10-13,21317948,7.52,18.823,11.874,42.374,83.25,66.881
2023-10-13,21317949,7.049,17.537,11.464,45.034,85.402,67.863
2023-10-13,21317950,7.22,16.443,11.464,45.794,85.251,67.484
2023-10-13,21317953,7.156,17.086,11.528,43.416,86.174,67.877
2023-10-13,21317958,7.156,17.558,11.468,45.638,85.231,69.368
2023-10-13,21317959,7.585,17.665,11.824,44.329,82.046,66.435
2023-10-13,21317960,7.156,16.529,11.197,47.701,84.44,69.343
2023-10-14,21317937,9.193,16.915,12.016,51.556,81.456,70.441
2023-10-14,21317938,8.035,14.727,11.04,54.71,87.845,74.545
2023-10-14,21317939,7.006,15.949,11.59,53.535,89.961,71.346
2023-10-14,21317940,7.821,14.899,11.255,54.72,87.625,74.05
2023-10-14,21317941,7.992,15.735,11.185,48.75,82.925,70.462
2023-10-14,21317942,13.826,14.534,14.134,57.092,67.138,61.713
2023-10-14,21317943,5.526,16.486,9.954,53.123,95.898,81.748
2023-10-14,21317947,7.242,16.357,10.977,54.679,89.676,75.567
2023-10-14,21317948,5.998,17.494,11.212,47.021,90.922,71.893
2023-10-14,21317949,7.263,16.336,11.099,50.407,87.297,72.595
2023-10-14,21317950,7.07,15.306,11.124,51.693,87.066,72.355
2023-10-14,21317953,6.984,15.649,11.085,51.589,88.595,73.096
2023-10-14,21317958,7.628,16.614,11.149,51.519,85.507,72.653
2023-10-14,21317959,6.77,16.207,11.312,50.564,86.78,71.033
2023-10-14,21317960,7.671,15.628,10.808,55.131,84.587,73.86
2023-10-15,21317937,8.078,14.491,10.817,59.326,89.0,75.959
2023-10-15,21317938,7.692,12.882,10.229,65.238,91.017,78.107
2023-10-15,21317939,7.413,13.955,10.589,59.738,88.515,75.066
2023-10-15,21317940,7.349,13.247,10.277,63.125,91.943,78.492
2023-10-15,21317941,6.834,13.612,10.284,58.303,90.671,76.105
2023-10-15,21317942,10.48,12.84,11.988,66.261,74.211,69.699
2023-10-15,21317943,5.268,14.534,9.892,62.51,94.308,83.095
2023-10-15,21317947,6.062,13.998,10.01,62.512,92.912,80.193
2023-10-15,21317948,7.113,14.298,10.415,59.046,91.09,76.797
2023-10-15,21317949,7.006,15.027,10.42,56.033,91.096,76.623
2023-10-15,21317950,6.663,13.483,10.324,59.791,88.927,76.041
2023-10-15,21317953,6.898,13.504,10.21,61.147,92.171,78.139
2023-10-15,21317958,6.877,14.791,10.345,55.874,91.292,77.182
2023-10-15,21317959,7.091,13.783,10.432,59.635,89.516,75.919
2023-10-15,21317960,6.877,13.826,10.139,61.077,90.335,77.852
2023-10-16,21317937,10.802,16.486,12.974,55.401,89.451,71.36
2023-10-16,21317938,10.673,14.448,12.501,59.983,90.41,72.7
2023-10-16,21317939,10.673,16.636,13.084,53.519,88.051,68.844
2023-10-16,21317940,9.987,14.705,12.497,56.611,93.623,73.116
2023-10-16,21317941,10.781,15.199,12.725,52.679,88.107,69.122
2023-10-16,21317942,12.84,14.491,13.87,59.022,69.328,63.079
2023-10-16,21317943,8.829,15.478,11.861,59.898,95.691,78.725
2023-10-16,21317947,9.772,14.899,12.366,57.856,94.794,73.92
2023-10-16,21317948,10.523,15.499,12.925,55.579,91.037,69.798
2023-10-16,21317949,10.201,15.799,12.624,53.933,90.616,70.327
2023-10-16,21317950,10.394,15.134,12.64,54.098,89.534,69.829
2023-10-16,21317953,10.373,15.113,12.686,54.934,92.848,71.266
2023-10-16,21317958,10.373,15.456,12.655,54.527,91.818,71.011
2023-10-16,21317959,10.545,15.392,12.802,54.954,91.229,70.023
2023-10-16,21317960,10.051,14.877,12.383,56.904,90.335,71.937
2023-10-17,21317937,10.459,14.705,12.364,59.278,79.455,72.32
2023-10-17,21317938,10.566,13.397,11.819,63.119,80.435,74.459
2023-10-17,21317939,10.18,15.563,12.316,58.744,78.616,71.525
2023-10-17,21317940,9.579,15.027,11.839,62.007,83.166,75.063
2023-10-17,21317941,10.244,15.499,12.116,53.022,79.358,70.191
2023-10-17,21317942,12.925,13.762,13.467,63.568,71.762,67.629
2023-10-17,21317943,7.778,15.971,11.249,60.185,92.152,79.878
2023-10-17,21317947,8.829,14.984,11.705,59.306,85.827,75.578
2023-10-17,21317948,10.673,15.327,12.408,56.464,76.114,69.839
2023-10-17,21317949,9.344,14.598,11.804,57.417,82.91,72.971
2023-10-17,21317950,9.73,14.684,12.025,58.486,79.876,71.493
2023-10-17,21317953,10.008,14.899,12.067,57.389,82.403,72.164
2023-10-17,21317958,9.558,15.628,12.01,55.259,82.66,72.415
2023-10-17,21317959,10.738,15.542,12.449,55.224,76.217,69.157
2023-10-17,21317960,9.365,14.941,11.806,57.896,82.58,73.198
2023-10-18,21317937,11.403,16.078,13.458,54.81,80.522,68.623
2023-10-18,21317938,10.373,14.984,12.474,60.04,85.772,73.595
2023-10-18,21317939,10.845,15.907,13.169,54.299,81.843,68.558
2023-10-18,21317940,10.823,14.963,12.744,57.426,84.601,72.134
2023-10-18,21317941,10.33,15.649,12.975,51.429,80.996,67.507
2023-10-18,21317942,13.633,14.684,14.316,59.983,70.188,64.984
2023-10-18,21317943,7.456,16.014,11.764,59.072,95.285,79.584
2023-10-18,21317947,9.815,15.649,12.679,58.396,88.382,73.023
2023-10-18,21317948,10.437,16.164,13.159,53.608,80.81,68.002
2023-10-18,21317949,9.772,15.006,12.634,55.412,84.073,70.11
2023-10-18,21317950,9.858,15.778,12.874,54.281,84.825,69.533
2023-10-18,21317953,9.794,16.121,12.835,55.708,85.571,70.437
2023-10-18,21317958,10.223,15.456,12.895,55.329,83.098,69.58
2023-10-18,21317959,10.459,15.992,13.158,53.722,80.8,67.254
2023-10-18,21317960,10.266,15.027,12.631,56.898,81.66,70.167
2023-10-19,21317937,12.282,17.386,14.106,45.881,74.098,65.353
2023-10-19,21317938,11.209,15.349,12.918,53.214,78.65,71.301
2023-10-19,21317939,11.617,17.494,13.945,44.337,71.899,63.105
2023-10-19,21317940,11.767,16.614,13.962,46.361,77.206,63.862
2023-10-19,21317941,12.132,17.279,14.229,39.582,72.262,60.523
2023-10-19,21317942,14.277,16.057,15.136,50.518,62.017,55.125
2023-10-19,21317943,10.437,19.102,13.056,43.885,86.464,72.828
2023-10-19,21317947,11.596,17.601,14.083,46.16,77.856,64.529
2023-10-19,21317948,12.067,17.923,14.292,43.272,72.509,62.387
2023-10-19,21317949,11.81,17.172,14.083,42.741,74.604,60.933
2023-10-19,21317950,11.831,16.743,14.092,45.107,73.425,61.729
2023-10-19,21317953,11.831,17.944,14.128,41.344,74.862,62.916
2023-10-19,21317958,12.003,17.58,14.311,43.572,74.293,62.275
2023-10-19,21317959,12.303,17.622,14.301,44.663,71.356,62.269
2023-10-19,21317960,11.896,16.722,13.983,45.006,73.927,62.374
2023-10-20,21317937,13.311,18.502,15.208,61.929,78.611,72.913
2023-10-20,21317938,11.96,17.537,14.082,65.385,84.407,77.9
2023-10-20,21317939,12.625,19.295,15.041,56.515,80.43,70.744
2023-10-20,21317940,12.668,18.566,14.808,60.104,82.509,72.664
2023-10-20,21317941,12.925,19.574,15.127,56.614,78.717,71.215
2023-10-20,21317942,15.864,17.966,17.178,61.196,74.029,66.597
2023-10-20,21317943,11.081,20.175,14.671,56.728,89.21,75.785
2023-10-20,21317947,12.775,19.059,14.914,58.596,81.917,72.774
2023-10-20,21317948,13.118,19.853,15.413,54.07,79.162,69.282
2023-10-20,21317949,12.968,18.888,15.217,55.387,79.226,68.419
2023-10-20,21317950,12.882,18.716,15.063,56.939,77.81,69.231
2023-10-20,21317953,12.882,19.059,15.126,56.162,78.483,70.857
2023-10-20,21317958,13.075,19.167,15.249,58.598,80.415,71.76
2023-10-20,21317959,13.204,19.896,15.422,55.698,78.952,69.666
2023-10-20,21317960,12.882,19.231,15.062,58.213,79.496,71.598
2023-10-21,21317937,10.63,15.134,13.673,77.064,94.144,89.428
2023-10-21,21317938,10.073,14.062,13.11,84.196,96.828,92.861
2023-10-21,21317939,10.309,14.963,13.682,77.957,93.893,88.497
2023-10-21,21317940,10.051,14.727,13.634,80.43,94.771,90.471
2023-10-21,21317941,10.073,14.362,13.352,79.037,94.789,89.414
2023-10-21,21317943,9.923,14.341,13.026,87.837,96.924,94.362
2023-10-21,21317947,9.858,14.748,13.479,79.651,95.883,90.945
2023-10-21,21317948,10.309,14.791,13.501,79.184,94.434,89.477
2023-10-21,21317949,9.966,14.705,13.378,79.226,94.693,90.168
2023-10-21,21317950,10.137,14.834,13.686,76.291,92.464,87.64
2023-10-21,21317953,10.094,14.705,13.484,77.865,94.771,90.283
2023-10-21,21317958,10.051,14.47,13.408,80.568,95.001,90.238
2023-10-21,21317959,10.416,14.62,13.465,79.396,94.098,88.831
2023-10-21,21317960,9.88,14.105,13.195,79.715,93.788,90.51
2023-10-22,21317937,6.791,10.566,7.97,83.111,93.921,88.128
2023-10-22,21317938,6.319,9.987,7.44,86.789,97.02,92.058
2023-10-22,21317939,6.298,10.244,7.529,83.812,94.565,89.015
2023-10-22,21317940,6.041,9.987,7.327,84.297,97.011,91.612
2023-10-22,21317941,6.105,9.987,7.442,86.513,95.169,89.764
2023-10-22,21317943,5.976,9.772,7.351,91.008,97.093,94.134
2023-10-22,21317947,5.955,9.751,7.156,88.574,97.188,92.763
2023-10-22,21317948,6.405,10.223,7.66,85.64,94.772,89.345
2023-10-22,21317949,6.105,9.966,7.354,86.183,95.779,90.557
2023-10-22,21317950,6.384,10.051,7.592,85.222,93.375,89.45
2023-10-22,21317953,6.148,10.008,7.445,88.664,96.332,91.783
2023-10-22,21317958,6.212,10.051,7.51,86.014,95.92,90.474
2023-10-22,21317959,6.405,10.287,7.694,85.341,93.841,88.386
2023-10-22,21317960,6.062,9.837,7.332,86.848,94.287,90.841
2023-10-23,21317937,6.577,11.66,8.864,67.211,90.959,80.883
2023-10-23,21317938,5.526,10.587,7.985,73.657,94.411,85.888
2023-10-23,21317939,4.668,10.716,8.141,67.227,92.857,82.264
2023-10-23,21317940,5.612,10.609,8.17,71.643,94.479,84.43
2023-10-23,21317941,5.333,11.939,8.586,61.233,92.58,79.568
2023-10-23,21317942,8.85,10.695,9.819,66.914,84.221,74.753
2023-10-23,21317943,3.209,13.419,7.917,66.595,95.5,87.356
2023-10-23,21317947,5.247,12.411,8.094,68.714,95.065,84.893
2023-10-23,21317948,4.046,12.668,8.455,62.538,92.341,81.449
2023-10-23,21317949,5.654,11.703,8.403,63.249,93.161,81.333
2023-10-23,21317950,5.569,11.231,8.331,66.786,91.504,81.666
2023-10-23,21317953,4.518,12.025,8.361,61.645,94.424,82.777
2023-10-23,21317958,4.904,12.132,8.574,61.324,93.265,80.986
2023-10-23,21317959,4.625,12.067,8.68,62.791,90.857,79.822
2023-10-23,21317960,4.775,11.831,8.379,63.551,92.935,81.596
2023-10-24,21317937,5.569,11.467,9.05,66.465,90.176,78.579
2023-10-24,21317938,5.376,11.059,8.335,72.174,96.107,84.222
2023-10-24,21317939,3.831,11.853,8.747,62.794,90.149,77.898
2023-10-24,21317940,5.333,11.617,8.86,64.169,92.076,78.368
2023-10-24,21317941,4.968,11.681,8.955,61.769,93.32,77.113
2023-10-24,21317942,9.108,11.102,10.51,68.717,80.809,74.906
2023-10-24,21317943,2.609,11.917,8.033,67.147,96.899,86.523
2023-10-24,21317947,5.118,11.853,9.026,65.211,92.616,77.997
2023-10-24,21317948,3.638,11.81,8.574,64.163,94.34,79.645
2023-10-24,21317949,4.99,11.96,9.015,60.049,94.244,76.483
2023-10-24,21317950,4.839,12.153,9.042,61.022,90.748,76.144
2023-10-24,21317953,4.153,11.81,8.789,64.768,93.138,80.062
2023-10-24,21317958,5.161,11.66,9.046,62.812,92.186,77.503
2023-10-24,21317959,3.81,11.896,8.689,64.457,91.769,78.166
2023-10-24,21317960,4.861,11.445,8.863,65.02,90.797,78.122
2023-10-25,21317937,10.223,19.939,15.672,61.91,90.294,73.087
2023-10-25,21317938,9.579,18.416,14.051,68.321,96.515,83.869
2023-10-25,21317939,10.073,20.153,15.469,60.468,90.282,74.355
2023-10-25,21317940,10.051,19.381,15.382,65.092,90.089,75.127
2023-10-25,21317941,9.751,20.303,15.532,62.267,93.036,73.471
2023-10-25,21317942,13.955,19.681,18.286,66.114,86.567,71.043
2023-10-25,21317943,9.558,20.561,14.391,68.704,96.255,84.484
2023-10-25,21317947,9.944,19.681,15.596,64.636,91.101,74.655
2023-10-25,21317948,10.137,20.84,15.624,61.55,90.24,72.9
2023-10-25,21317949,9.815,19.982,15.329,63.487,92.583,75.27
2023-10-25,21317950,10.18,19.746,15.325,63.418,90.314,74.849
2023-10-25,21317953,9.944,20.496,15.331,63.156,92.172,75.56
2023-10-25,21317958,9.923,20.303,15.558,63.583,90.848,74.673
2023-10-25,21317959,10.266,20.582,15.681,61.865,88.533,72.211
2023-10-25,21317960,9.708,19.789,15.2,64.457,91.63,75.977
2023-10-26,21317937,14.491,19.059,16.891,60.034,93.48,74.886
2023-10-26,21317938,14.126,18.008,16.252,62.283,96.347,79.083
2023-10-26,21317939,14.877,18.18,16.766,64.739,93.344,75.43
2023-10-26,21317940,15.07,17.622,16.707,67.52,95.343,78.119
2023-10-26,21317941,14.877,18.309,16.895,64.938,93.042,74.278
2023-10-26,21317943,14.555,18.781,16.419,71.255,95.651,80.523
2023-10-26,21317947,15.049,18.201,16.693,68.248,93.741,77.892
2023-10-26,21317948,14.727,19.059,17.072,62.643,92.203,73.537
2023-10-26,21317949,15.156,18.523,16.824,66.087,92.912,75.473
2023-10-26,21317950,15.306,18.223,16.843,66.993,92.198,75.425
2023-10-26,21317953,14.834,18.673,16.853,65.779,94.322,75.501
2023-10-26,21317958,15.263,18.952,17.028,65.881,92.863,75.007
2023-10-26,21317959,14.791,18.931,17.141,62.795,91.461,72.708
2023-10-26,21317960,15.049,18.566,16.832,65.469,92.122,74.738
2023-10-27,21317937,14.577,20.218,17.486,70.993,92.926,81.677
2023-10-27,21317938,13.762,19.81,16.51,75.463,97.201,88.714
2023-10-27,21317939,13.998,20.368,17.394,69.95,94.763,82.992
2023-10-27,21317940,15.606,20.046,17.892,72.39,94.141,82.234
2023-10-27,21317941,14.941,20.368,18.092,69.596,92.757,78.975
2023-10-27,21317942,18.266,20.067,19.095,72.416,84.541,78.459
2023-10-27,21317943,13.933,20.647,17.063,74.362,96.768,88.189
2023-10-27,21317947,16.014,20.282,18.3,71.067,91.435,79.261
2023-10-27,21317948,14.748,20.625,17.805,69.148,92.097,79.827
2023-10-27,21317949,15.306,20.282,18.074,71.414,92.757,79.746
2023-10-27,21317950,15.821,20.025,17.993,71.305,91.745,80.04
2023-10-27,21317953,14.984,20.604,17.999,70.411,93.979,80.346
2023-10-27,21317958,15.327,20.325,18.22,70.008,92.203,79.332
2023-10-27,21317959,14.899,20.604,17.868,68.992,91.019,79.164
2023-10-27,21317960,14.941,20.239,17.968,69.859,93.329,79.272
2023-10-28,21317937,6.877,20.518,15.574,46.929,82.683,65.358
2023-10-28,21317938,6.641,19.703,14.659,45.266,89.92,67.377
2023-10-28,21317939,6.877,20.26,15.547,42.708,79.596,63.208
2023-10-28,21317940,6.684,19.681,15.012,45.669,85.121,67.13
2023-10-28,21317941,6.362,19.96,14.97,40.204,87.529,64.653
2023-10-28,21317942,6.148,20.067,12.013,45.515,77.783,58.341
2023-10-28,21317943,4.818,19.982,14.497,40.533,93.408,70.363
2023-10-28,21317947,6.169,19.96,14.94,46.905,86.404,67.984
2023-10-28,21317948,6.234,21.076,15.395,40.555,86.34,63.759
2023-10-28,21317949,6.083,19.917,15.152,39.709,88.719,65.242
2023-10-28,21317950,6.491,19.917,14.863,46.123,85.927,65.433
2023-10-28,21317953,6.469,20.647,14.974,43.272,89.58,65.514
2023-10-28,21317958,6.212,20.089,15.067,44.739,88.893,65.902
2023-10-28,21317959,6.362,20.432,15.325,39.622,85.402,63.688
2023-10-28,21317960,6.276,19.853,14.954,44.584,88.092,65.822
2023-10-29,21317937,3.874,6.77,5.051,57.406,72.544,64.492
2023-10-29,21317938,3.617,6.577,4.817,55.369,71.638,62.451
2023-10-29,21317939,4.175,6.813,5.271,53.411,67.33,59.655
2023-10-29,21317940,3.36,6.598,4.921,57.641,68.609,62.285
2023-10-29,21317941,3.081,6.319,4.668,58.401,72.367,64.361
2023-10-29,21317942,3.874,6.041,5.038,61.123,70.399,65.999
2023-10-29,21317943,3.338,6.105,4.385,60.198,81.033,68.856
2023-10-29,21317947,3.188,6.083,4.686,59.188,71.377,65.019
2023-10-29,21317948,3.595,6.255,4.89,57.14,70.161,63.127
2023-10-29,21317949,3.617,6.62,4.892,57.659,71.196,64.407
2023-10-29,21317950,3.338,6.448,5.028,56.092,66.714,60.376
2023-10-29,21317953,3.274,6.469,4.791,57.961,70.069,63.601
2023-10-29,21317958,3.274,6.191,4.844,58.68,72.583,64.637
2023-10-29,21317959,3.66,6.469,4.818,57.516,71.281,63.745
2023-10-29,21317960,3.231,6.255,4.735,59.577,72.499,65.222
2023-10-30,21317937,0.636,5.161,3.048,69.775,93.303,83.349
2023-10-30,21317938,0.486,4.518,2.711,68.893,94.786,84.703
2023-10-30,21317939,0.85,4.904,3.06,65.858,91.749,81.915
2023-10-30,21317940,0.507,4.882,2.729,67.555,95.399,84.937
2023-10-30,21317941,0.335,4.518,2.621,65.586,95.308,83.169
2023-10-30,21317942,1.944,4.217,3.489,79.94,93.014,86.671
2023-10-30,21317943,0.443,4.432,2.606,66.809,95.303,85.336
2023-10-30,21317947,0.4,4.496,2.462,70.993,96.135,86.408
2023-10-30,21317948,0.657,4.732,2.882,68.644,92.445,82.414
2023-10-30,21317949,0.4,4.561,2.649,64.247,94.624,83.327
2023-10-30,21317950,0.657,4.904,2.819,65.702,92.337,81.854
2023-10-30,21317953,0.464,4.839,2.694,68.933,94.922,84.041
2023-10-30,21317958,0.421,4.604,2.667,65.679,94.992,83.643
2023-10-30,21317959,0.55,4.861,2.884,67.282,92.648,82.062
2023-10-30,21317960,0.464,4.496,2.558,65.22,93.402,83.523
2023-10-31,21317937,-0.029,6.191,2.492,32.197,79.001,61.681
2023-10-31,21317938,-0.287,4.582,1.666,36.269,84.12,64.349
2023-10-31,21317939,-0.029,5.848,2.037,32.493,84.027,61.198
2023-10-31,21317940,0.185,5.054,2.01,32.439,84.033,61.261
2023-10-31,21317941,-0.523,5.397,1.644,29.764,82.298,61.722
2023-10-31,21317942,-0.265,4.518,2.164,31.803,75.924,54.457
2023-10-31,21317943,-1.166,6.898,1.296,32.914,90.317,67.481
2023-10-31,21317947,-0.737,5.912,1.598,32.805,85.937,64.204
2023-10-31,21317948,-0.372,6.062,1.841,30.14,81.611,62.438
2023-10-31,21317949,-0.523,6.148,1.785,29.775,84.269,61.899
2023-10-31,21317950,-0.115,4.968,1.84,31.272,81.094,60.992
2023-10-31,21317953,-0.694,4.839,1.606,30.748,87.691,62.742
2023-10-31,21317958,-0.651,6.212,1.789,30.233,83.542,62.469
2023-10-31,21317959,-0.287,6.126,1.744,29.549,82.284,62.759
2023-10-31,21317960,-0.458,5.697,1.692,31.879,82.376,63.083
2023-11-01,21317937,-0.994,3.209,0.647,42.963,73.562,59.921
2023-11-01,21317938,-1.187,2.373,0.162,43.619,75.029,62.152
2023-11-01,21317939,-1.187,3.445,0.626,40.446,72.558,57.406
2023-11-01,21317940,-1.059,2.201,0.409,39.413,74.084,56.726
2023-11-01,21317941,-2.002,2.459,0.346,37.92,75.116,58.757
2023-11-01,21317942,-1.102,2.416,0.324,40.757,74.614,59.07
2023-11-01,21317943,-1.831,3.617,0.145,40.282,77.733,62.373
2023-11-01,21317947,-1.252,2.351,0.186,41.604,77.568,59.818
2023-11-01,21317948,-1.209,3.209,0.532,38.126,72.578,58.942
2023-11-01,21317949,-1.874,2.845,0.463,37.768,75.198,59.389
2023-11-01,21317950,-1.316,2.502,0.484,38.186,75.924,58.053
2023-11-01,21317953,-1.166,2.63,0.422,38.03,75.041,58.45
2023-11-01,21317958,-1.745,2.759,0.495,39.788,75.061,59.444
2023-11-01,21317959,-1.23,3.231,0.509,38.331,71.423,59.382
2023-11-01,21317960,-1.616,2.373,0.34,40.987,74.701,59.683
2023-11-02,21317937,0.292,8.85,3.92,44.721,79.052,64.308
2023-11-02,21317938,-0.973,-0.115,-0.543,68.324,79.835,76.108
2023-11-02,21317939,-1.659,8.293,3.347,39.513,82.347,62.121
2023-11-02,21317940,-0.844,7.907,3.496,42.272,76.873,61.962
2023-11-02,21317941,-1.338,8.4,3.527,41.26,77.592,62.287
2023-11-02,21317942,-2.238,8.293,3.803,41.83,84.659,61.909
2023-11-02,21317943,-3.718,9.043,2.823,41.083,90.536,68.174
2023-11-02,21317947,-1.38,8.571,3.25,43.468,80.005,64.333
2023-11-02,21317948,-1.788,8.829,3.564,40.578,79.532,61.392
2023-11-02,21317949,-1.359,8.443,3.38,41.862,77.778,63.831
2023-11-02,21317950,-1.402,8.078,3.443,43.528,77.482,63.202
2023-11-02,21317953,-1.938,8.421,3.363,41.1,81.314,62.271
2023-11-02,21317958,-1.316,8.807,3.53,41.878,78.662,63.536
2023-11-02,21317959,-1.23,8.786,3.666,40.855,76.162,61.106
2023-11-02,21317960,-1.295,8.271,3.433,41.54,77.89,63.159
2023-11-03,21317937,5.526,12.668,8.85,45.199,69.569,57.787
2023-11-03,21317938,8.571,10.845,9.864,53.19,63.45,58.835
2023-11-03,21317939,4.839,13.547,8.549,37.563,71.452,54.734
2023-11-03,21317940,5.011,13.869,8.522,34.209,68.161,53.235
2023-11-03,21317941,5.204,13.998,8.942,34.128,72.367,52.569
2023-11-03,21317942,4.882,14.083,8.721,34.33,75.789,54.405
2023-11-03,21317943,4.475,13.633,8.654,37.584,78.869,56.041
2023-11-03,21317947,5.118,13.848,8.75,35.969,70.965,53.148
2023-11-03,21317948,5.311,13.097,8.966,40.578,70.321,53.918
2023-11-03,21317949,5.44,14.105,9.085,34.818,69.363,52.142
2023-11-03,21317950,5.354,13.569,8.761,35.619,71.365,53.643
2023-11-03,21317953,5.226,13.933,8.829,34.09,71.218,53.039
2023-11-03,21317958,5.526,14.041,9.041,36.059,70.974,53.172
2023-11-03,21317959,5.268,13.161,8.943,38.218,70.356,54.184
2023-11-03,21317960,5.376,13.955,8.882,35.042,70.898,53.24
2023-11-04,21317937,6.212,12.818,9.253,44.448,83.217,68.034
2023-11-04,21317938,5.526,11.896,8.205,44.918,85.908,69.444
2023-11-04,21317939,4.99,12.968,8.744,43.345,84.211,67.24
2023-11-04,21317940,5.826,12.84,8.635,41.613,81.294,68.091
2023-11-04,21317941,5.569,12.582,8.699,41.43,75.789,65.228
2023-11-04,21317942,4.239,12.26,8.108,43.38,82.499,68.226
2023-11-04,21317943,1.88,12.496,7.936,39.997,88.115,69.356
2023-11-04,21317947,4.947,12.582,8.545,41.86,82.211,69.072
2023-11-04,21317948,3.338,12.732,8.517,39.942,84.434,67.294
2023-11-04,21317949,5.633,12.646,8.815,40.992,76.777,66.391
2023-11-04,21317950,5.676,12.453,8.518,45.707,79.799,67.974
2023-11-04,21317953,3.96,12.475,8.239,40.981,81.73,68.061
2023-11-04,21317958,4.711,12.561,8.695,40.909,76.538,66.365
2023-11-04,21317959,3.96,12.668,8.675,40.79,78.43,65.492
2023-11-04,21317960,4.968,12.411,8.45,42.754,76.776,66.88
2023-11-05,21317937,0.85,9.515,5.772,40.697,81.291,60.433
2023-11-05,21317938,0.636,8.228,5.213,40.658,85.62,61.885
2023-11-05,21317939,1.193,9.558,5.818,39.651,83.125,56.775
2023-11-05,21317940,0.636,9.086,5.363,42.118,82.184,59.599
2023-11-05,21317941,0.057,8.464,5.073,39.435,76.988,59.771
2023-11-05,21317942,0.25,8.314,4.97,41.874,81.244,60.803
2023-11-05,21317943,0.099,9.858,4.847,38.973,87.63,62.962
2023-11-05,21317947,0.357,8.979,5.259,42.885,82.939,61.193
2023-11-05,21317948,0.507,9.429,5.326,38.07,83.546,59.598
2023-11-05,21317949,0.185,9.172,5.272,41.128,77.519,60.635
2023-11-05,21317950,0.571,8.164,5.289,42.506,79.263,58.292
2023-11-05,21317953,0.4,7.949,5.145,40.415,80.122,58.999
2023-11-05,21317958,0.099,8.872,5.135,41.271,78.306,61.135
2023-11-05,21317959,0.528,9.043,5.253,39.463,78.315,59.203
2023-11-05,21317960,0.142,8.764,4.956,42.901,78.306,61.195
2023-11-06,21317937,-2.367,8.293,2.503,55.274,76.675,65.805
2023-11-06,21317938,-0.501,0.7,0.159,60.13,65.76,63.247
2023-11-06,21317939,-1.917,7.949,2.661,55.242,75.48,64.692
2023-11-06,21317940,-2.067,7.542,2.363,55.447,75.192,64.653
2023-11-06,21317941,-2.968,7.134,1.595,56.492,77.414,66.066
2023-11-06,21317942,-2.796,7.113,1.619,57.426,83.644,67.504
2023-11-06,21317943,-3.911,6.834,1.445,54.775,87.945,68.702
2023-11-06,21317947,-2.453,7.306,1.999,56.28,78.941,66.783
2023-11-06,21317948,-2.517,7.37,2.093,54.116,76.863,65.703
2023-11-06,21317949,-2.989,7.349,1.825,55.787,77.908,65.641
2023-11-06,21317950,-2.496,7.177,2.089,53.361,76.397,63.361
2023-11-06,21317953,-2.56,7.37,1.88,56.211,78.708,65.935
2023-11-06,21317958,-3.032,7.349,1.725,56.181,78.749,66.047
2023-11-06,21317959,-2.603,7.413,2.05,54.481,77.244,65.568
2023-11-06,21317960,-2.989,7.199,1.57,56.719,78.785,66.475
2023-11-07,21317937,1.579,11.445,7.458,62.896,90.524,75.894
2023-11-07,21317939,1.258,11.445,7.133,58.68,91.374,74.294
2023-11-07,21317940,1.043,11.252,6.933,60.812,93.399,76.758
2023-11-07,21317941,1.0,11.124,6.972,61.143,89.007,74.794
2023-11-07,21317942,1.065,11.167,6.94,63.812,91.582,77.583
2023-11-07,21317943,1.086,11.381,6.868,65.171,92.821,79.177
2023-11-07,21317947,0.85,11.038,6.831,64.955,92.775,78.359
2023-11-07,21317948,1.301,11.445,7.269,62.914,89.882,74.942
2023-11-07,21317949,0.936,11.145,7.065,60.735,90.3,74.447
2023-11-07,21317950,0.957,11.274,6.887,59.901,91.177,75.577
2023-11-07,21317953,1.086,11.274,6.978,61.755,91.824,76.415
2023-11-07,21317958,0.872,11.231,7.102,61.17,90.51,74.75
2023-11-07,21317959,1.386,11.488,7.29,61.233,88.975,73.92
2023-11-07,21317960,1.0,10.974,6.925,62.681,89.891,75.671
2023-11-08,21317937,-0.501,6.298,2.11,43.531,65.568,55.724
2023-11-08,21317939,-0.801,5.848,1.827,40.647,59.026,51.988
2023-11-08,21317940,-1.102,5.29,1.523,43.029,61.852,54.14
2023-11-08,21317941,-1.059,5.483,1.56,40.168,61.503,53.116
2023-11-08,21317942,-0.93,5.654,1.205,44.434,67.057,57.282
2023-11-08,21317943,-1.059,5.955,1.363,41.274,66.964,57.789
2023-11-08,21317947,-1.23,5.44,1.55,44.37,65.376,56.281
2023-11-08,21317948,-0.673,6.126,1.888,40.639,63.931,53.599
2023-11-08,21317949,-1.102,6.298,1.778,41.624,63.641,54.241
2023-11-08,21317950,-0.93,4.518,1.445,44.709,59.902,53.707
2023-11-08,21317953,-0.866,4.732,1.554,43.998,62.506,54.004
2023-11-08,21317958,-1.123,5.976,1.638,43.055,62.562,55.524
2023-11-08,21317959,-0.544,5.933,1.865,40.09,62.264,53.326
2023-11-08,21317960,-1.145,6.126,1.367,43.549,65.441,57.076
2023-11-09,21317937,-2.067,2.652,0.022,55.279,94.885,82.641
2023-11-09,21317939,-1.702,1.837,0.193,49.305,95.138,82.211
2023-11-09,21317940,-1.874,1.987,-0.008,47.372,97.18,80.926
2023-11-09,21317941,-2.603,1.601,-0.452,53.686,94.969,81.429
2023-11-09,21317942,-2.496,1.343,-0.42,54.226,96.32,81.435
2023-11-09,21317943,-2.346,1.043,-0.47,56.715,95.756,82.147
2023-11-09,21317947,-2.281,1.751,-0.339,51.656,98.062,82.96
2023-11-09,21317948,-2.195,1.644,-0.124,52.912,93.857,80.087
2023-11-09,21317949,-2.367,1.644,-0.37,53.14,95.189,80.487
2023-11-09,21317950,-2.002,1.772,-0.061,49.61,93.471,78.626
2023-11-09,21317953,-2.388,1.687,-0.232,51.711,96.892,82.247
2023-11-09,21317958,-2.367,1.73,-0.349,54.444,95.441,80.836
2023-11-09,21317959,-2.303,1.751,-0.198,55.975,92.532,79.837
2023-11-09,21317960,-2.582,1.472,-0.496,54.604,94.757,81.198
2023-11-10,21317937,2.094,7.456,5.671,60.287,92.328,71.176
2023-11-10,21317938,1.73,7.07,5.598,59.315,72.084,66.826
2023-11-10,21317939,1.858,7.413,5.353,58.546,94.867,71.251
2023-11-10,21317940,1.858,6.898,4.935,60.868,96.109,74.512
2023-11-10,21317941,1.536,6.984,4.71,57.934,93.809,72.963
2023-11-10,21317942,1.343,7.006,4.733,61.715,96.091,74.729
2023-11-10,21317943,1.043,7.113,4.577,64.663,96.08,76.647
2023-11-10,21317947,1.644,6.813,4.63,64.544,97.066,76.628
2023-11-10,21317948,1.536,7.22,5.006,60.035,93.796,72.146
2023-11-10,21317949,1.515,6.92,4.701,59.072,93.342,73.328
2023-11-10,21317950,1.73,7.027,4.689,60.381,93.127,74.362
2023-11-10,21317953,1.579,7.049,4.681,59.434,96.045,74.504
2023-11-10,21317958,1.451,7.006,4.758,59.614,93.452,73.609
2023-11-10,21317959,1.687,7.199,5.023,59.06,91.577,71.325
2023-11-10,21317960,1.343,6.856,4.623,61.134,93.896,74.007
2023-11-11,21317937,0.979,2.866,1.759,51.246,64.373,58.681
2023-11-11,21317938,0.636,2.695,1.557,48.292,63.075,55.911
2023-11-11,21317939,0.55,2.716,1.66,48.65,60.244,55.213
2023-11-11,21317940,0.507,2.63,1.449,50.869,62.809,57.794
2023-11-11,21317941,0.4,2.63,1.303,47.062,61.782,55.062
2023-11-11,21317942,0.25,2.931,1.325,51.026,66.195,59.519
2023-11-11,21317943,-0.094,3.381,1.355,51.31,69.767,60.771
2023-11-11,21317947,0.164,2.33,1.211,53.928,67.614,60.851
2023-11-11,21317948,0.486,2.931,1.533,49.509,62.365,56.606
2023-11-11,21317949,0.207,2.823,1.441,48.495,63.929,56.34
2023-11-11,21317950,0.55,2.738,1.556,49.424,61.567,56.565
2023-11-11,21317953,0.271,2.523,1.347,49.204,62.579,56.382
2023-11-11,21317958,0.314,2.845,1.402,50.878,63.166,57.957
2023-11-11,21317959,0.614,2.802,1.503,49.221,60.452,55.82
2023-11-11,21317960,0.057,2.673,1.316,51.086,64.977,58.378
2023-11-12,21317937,-1.016,1.365,0.46,55.708,70.175,60.007
2023-11-12,21317939,-2.732,1.301,0.15,53.469,76.535,58.843
2023-11-12,21317940,-1.187,0.893,0.123,55.929,72.677,60.423
2023-11-12,21317941,-2.238,0.936,0.133,51.987,73.182,57.374
2023-11-12,21317942,-2.689,1.129,0.042,56.216,77.034,61.659
2023-11-12,21317943,-4.641,1.601,-0.378,56.117,87.407,64.974
2023-11-12,21317947,-2.217,0.872,-0.116,57.676,76.196,63.254
2023-11-12,21317948,-3.611,1.494,0.031,53.75,81.73,60.242
2023-11-12,21317949,-2.453,1.322,0.167,53.754,73.053,58.453
2023-11-12,21317950,-1.745,1.172,0.198,54.545,73.05,59.396
2023-11-12,21317953,-3.161,0.979,-0.111,53.4,77.629,59.907
2023-11-12,21317958,-1.852,1.236,0.213,57.237,75.221,61.925
2023-11-12,21317959,-2.903,1.215,0.177,53.831,74.56,58.75
2023-11-12,21317960,-2.26,0.979,0.059,55.479,74.093,60.386
2023-11-13,21317937,-2.582,1.279,-0.187,60.763,91.408,75.023
2023-11-13,21317939,-4.598,2.03,-0.979,60.482,90.066,78.359
2023-11-13,21317940,-2.388,1.322,-0.398,64.227,91.241,76.157
2023-11-13,21317941,-4.576,1.451,-1.097,57.635,90.584,75.724
2023-11-13,21317942,-1.874,1.472,0.267,60.368,91.641,76.097
2023-11-13,21317943,-6.893,1.558,-2.15,61.193,94.144,83.572
2023-11-13,21317947,-4.19,1.536,-0.921,61.518,91.937,78.206
2023-11-13,21317948,-5.606,1.536,-1.374,58.882,89.776,77.228
2023-11-13,21317949,-4.941,2.116,-1.03,56.486,90.655,77.216
2023-11-13,21317950,-3.783,1.472,-0.791,61.88,87.874,75.983
2023-11-13,21317953,-4.984,1.408,-1.213,59.04,91.955,77.173
2023-11-13,21317958,-5.155,1.301,-1.267,58.895,90.028,78.104
2023-11-13,21317959,-5.241,1.644,-1.212,57.783,88.746,75.885
2023-11-13,21317960,-4.748,1.258,-1.316,60.113,89.187,77.993
2023-11-14,21317937,-0.094,5.075,2.322,69.191,88.748,80.597
2023-11-14,21317939,0.271,4.11,2.156,73.68,89.049,80.727
2023-11-14,21317940,-0.201,4.089,1.827,76.512,91.31,84.448
2023-11-14,21317941,-0.437,4.561,1.834,69.712,89.772,81.157
2023-11-14,21317942,-0.394,4.196,1.832,72.998,90.266,82.616
2023-11-14,21317943,-0.372,5.547,1.956,70.303,90.739,82.967
2023-11-14,21317947,-0.372,4.475,1.715,74.124,91.754,84.923
2023-11-14,21317948,-0.158,4.475,2.084,70.591,87.947,80.022
2023-11-14,21317949,-0.501,4.496,1.848,70.541,90.181,81.871
2023-11-14,21317950,-0.136,4.175,2.028,74.025,88.089,81.131
2023-11-14,21317953,-0.308,5.226,1.98,68.223,89.749,81.467
2023-11-14,21317958,-0.415,4.925,1.968,68.397,90.387,81.625
2023-11-14,21317959,-0.265,5.011,2.107,67.309,87.845,79.346
2023-11-14,21317960,-0.437,4.325,1.842,71.24,89.062,81.378
2023-11-15,21317937,3.338,8.829,5.669,61.097,82.132,72.179
2023-11-15,21317938,4.754,7.799,6.128,64.073,79.506,72.745
2023-11-15,21317939,1.73,10.416,5.409,52.691,84.839,70.16
2023-11-15,21317940,2.416,9.301,5.393,55.286,84.527,71.328
2023-11-15,21317941,2.738,9.708,5.894,50.816,78.764,66.54
2023-11-15,21317942,1.88,8.893,5.536,58.949,83.661,70.598
2023-11-15,21317943,0.464,10.587,5.421,53.359,89.245,72.437
2023-11-15,21317947,2.502,9.73,5.867,54.624,82.434,69.004
2023-11-15,21317948,3.081,9.215,5.747,56.419,80.595,69.808
2023-11-15,21317949,2.566,9.708,5.976,50.651,79.213,65.902
2023-11-15,21317950,2.287,9.172,5.673,54.266,82.087,68.027
2023-11-15,21317953,2.137,9.365,5.626,55.067,81.376,69.098
2023-11-15,21317958,2.759,9.837,6.031,50.05,78.915,66.136
2023-11-15,21317959,3.124,9.193,5.715,55.668,79.588,69.184
2023-11-15,21317960,2.587,9.386,5.888,51.997,78.52,66.87
2023-11-16,21317937,3.295,12.689,8.139,51.73,86.737,68.954
2023-11-16,21317938,3.145,10.716,6.918,55.956,87.659,72.448
2023-11-16,21317939,3.51,12.453,7.356,49.914,81.221,68.884
2023-11-16,21317940,2.073,12.303,7.723,54.752,90.623,68.167
2023-11-16,21317941,3.66,12.646,7.723,46.572,81.358,66.058
2023-11-16,21317942,3.96,12.325,7.341,55.48,81.765,69.781
2023-11-16,21317943,1.494,13.011,6.208,53.616,91.119,75.08
2023-11-16,21317947,3.617,12.561,7.985,48.782,83.903,67.434
2023-11-16,21317948,2.973,12.84,7.634,53.521,83.447,67.7
2023-11-16,21317949,3.381,12.604,7.711,49.511,82.658,65.333
2023-11-16,21317950,2.673,11.531,7.217,54.51,84.498,67.967
2023-11-16,21317953,3.209,12.389,7.563,53.78,83.693,67.531
2023-11-16,21317958,3.638,12.689,7.998,49.981,82.1,66.702
2023-11-16,21317959,3.746,12.775,7.748,52.54,80.085,66.56
2023-11-16,21317960,2.973,13.011,7.511,51.899,83.232,67.058
2023-11-17,21317937,6.298,12.861,9.497,54.893,89.662,73.819
2023-11-17,21317938,4.99,12.239,8.479,59.599,94.565,78.451
2023-11-17,21317939,4.303,14.062,9.379,48.632,90.683,72.382
2023-11-17,21317940,5.075,14.405,9.796,48.617,92.703,71.985
2023-11-17,21317941,5.59,13.655,9.508,48.832,88.569,70.715
2023-11-17,21317942,5.59,13.333,9.401,53.283,90.317,73.579
2023-11-17,21317943,3.209,13.74,8.912,54.075,92.193,77.207
2023-11-17,21317947,5.075,14.577,10.281,48.508,92.708,70.586
2023-11-17,21317948,5.59,13.419,9.49,51.727,88.33,71.814
2023-11-17,21317949,5.569,15.285,10.284,42.679,90.156,67.743
2023-11-17,21317950,5.354,14.362,10.144,48.26,89.795,68.915
2023-11-17,21317953,5.783,13.226,9.399,51.391,91.205,72.276
2023-11-17,21317958,5.676,14.234,9.974,51.807,90.053,71.819
2023-11-17,21317959,5.483,13.247,9.509,51.974,87.506,71.1
2023-11-17,21317960,5.569,14.041,9.706,49.012,89.316,70.535
2023-11-18,21317937,1.987,6.212,3.248,51.777,78.338,68.389
2023-11-18,21317938,0.721,3.595,1.98,53.524,74.774,64.871
2023-11-18,21317939,1.665,5.397,2.776,49.981,79.042,67.751
2023-11-18,21317940,1.558,5.075,2.513,52.052,82.022,70.825
2023-11-18,21317941,1.601,5.483,2.493,49.158,80.146,68.196
2023-11-18,21317942,1.193,5.526,2.452,54.678,82.557,71.786
2023-11-18,21317943,0.507,5.333,2.394,53.176,84.434,73.056
2023-11-18,21317947,1.258,4.947,2.391,52.624,84.532,73.043
2023-11-18,21317948,1.408,5.504,2.756,52.029,79.129,68.46
2023-11-18,21317949,1.579,5.483,2.582,49.66,82.109,69.341
2023-11-18,21317950,1.815,5.161,2.682,52.343,79.524,68.847
2023-11-18,21317953,1.386,5.697,2.528,51.83,80.017,69.125
2023-11-18,21317958,1.408,5.547,2.586,49.877,81.656,69.316
2023-11-18,21317959,1.472,5.44,2.763,50.756,77.427,67.55
2023-11-18,21317960,1.322,5.526,2.539,50.802,81.039,69.528
2023-11-19,21317937,-0.587,6.319,3.188,53.945,79.46,66.592
2023-11-19,21317938,-0.909,5.032,2.439,51.4,82.815,62.819
2023-11-19,21317939,-0.716,5.204,2.761,51.153,77.382,65.143
2023-11-19,21317940,-1.123,5.097,2.548,53.791,80.502,68.134
2023-11-19,21317941,-1.23,5.247,2.647,50.384,77.533,65.11
2023-11-19,21317942,-1.166,5.526,2.641,54.591,79.908,67.804
2023-11-19,21317943,-1.166,6.362,2.528,54.533,84.05,69.941
2023-11-19,21317947,-1.252,5.955,2.536,56.858,82.458,70.235
2023-11-19,21317948,-1.037,5.998,2.833,53.002,77.35,66.363
2023-11-19,21317949,-1.145,6.319,2.701,50.326,78.416,65.105
2023-11-19,21317950,-1.059,5.483,2.683,52.421,79.643,66.623
2023-11-19,21317953,-1.145,5.59,2.632,52.271,79.829,66.014
2023-11-19,21317958,-1.166,5.419,2.735,52.572,78.315,65.773
2023-11-19,21317959,-1.016,5.697,2.814,52.897,76.686,65.833
2023-11-19,21317960,-1.166,5.676,2.697,54.298,77.581,66.136
2023-11-20,21317937,-2.796,1.622,-1.132,44.059,64.112,56.31
2023-11-20,21317938,-3.096,-0.909,-2.397,52.628,65.28,58.572
2023-11-20,21317939,-3.375,0.936,-1.504,43.444,65.377,54.644
2023-11-20,21317940,-3.289,1.215,-1.699,45.606,66.383,56.226
2023-11-20,21317941,-3.568,0.914,-1.755,44.64,63.601,55.06
2023-11-20,21317942,-3.525,0.099,-1.982,47.697,67.948,58.63
2023-11-20,21317943,-5.82,1.579,-2.126,44.018,76.818,60.526
2023-11-20,21317947,-3.654,0.979,-1.882,46.659,67.95,58.99
2023-11-20,21317948,-3.289,1.365,-1.565,43.917,63.801,55.351
2023-11-20,21317949,-3.654,1.365,-1.551,41.961,64.703,54.05
2023-11-20,21317950,-3.246,0.164,-1.781,46.589,62.895,55.818
2023-11-20,21317953,-3.718,1.0,-1.833,44.453,67.623,56.004
2023-11-20,21317958,-3.568,1.558,-1.661,44.863,68.307,56.452
2023-11-20,21317959,-3.375,1.322,-1.593,44.036,66.622,55.598
2023-11-20,21317960,-3.911,1.665,-1.934,43.906,70.033,57.815
2023-11-21,21317937,-6.206,2.309,-1.242,44.137,89.554,65.014
2023-11-21,21317939,-5.456,2.48,-0.935,42.281,88.106,63.961
2023-11-21,21317940,-4.812,2.459,-0.844,40.04,90.871,61.912
2023-11-21,21317941,-5.563,1.901,-1.473,44.196,88.399,65.621
2023-11-21,21317942,-5.927,1.815,-1.649,49.044,90.492,68.207
2023-11-21,21317943,-7.493,1.708,-2.169,49.456,92.184,71.915
2023-11-21,21317947,-5.541,2.223,-1.244,42.86,90.93,66.063
2023-11-21,21317948,-5.97,2.201,-1.205,47.628,87.538,65.731
2023-11-21,21317949,-6.12,2.051,-1.6,42.647,88.225,65.219
2023-11-21,21317950,-5.391,2.459,-1.208,41.01,87.292,63.51
2023-11-21,21317953,-5.498,2.073,-1.38,46.749,91.177,66.306
2023-11-21,21317958,-6.249,2.051,-1.643,49.377,88.203,67.25
2023-11-21,21317959,-6.013,2.137,-1.261,46.506,86.279,66.204
2023-11-21,21317960,-6.313,1.901,-1.848,47.662,87.97,67.683
2023-11-22,21317937,0.636,5.333,2.453,85.031,95.088,91.136
2023-11-22,21317939,0.636,6.319,2.943,81.273,94.514,90.144
2023-11-22,21317940,0.528,5.676,2.576,85.931,97.473,93.532
2023-11-22,21317941,0.357,4.582,1.743,87.036,96.759,93.264
2023-11-22,21317942,0.228,4.668,1.802,88.463,96.643,94.152
2023-11-22,21317943,0.271,4.775,1.713,88.373,97.087,94.57
2023-11-22,21317947,0.443,5.397,2.319,86.256,98.846,93.893
2023-11-22,21317948,0.593,4.797,2.11,85.338,95.805,91.623
2023-11-22,21317949,0.486,4.99,1.995,85.965,96.67,92.759
2023-11-22,21317950,0.657,5.869,2.523,82.861,94.951,90.693
2023-11-22,21317953,0.421,4.968,1.935,87.636,96.841,93.648
2023-11-22,21317958,0.486,4.968,1.903,86.577,97.134,93.225
2023-11-22,21317959,0.636,4.947,2.148,84.471,95.436,90.655
2023-11-22,21317960,0.314,4.646,1.773,88.139,95.448,92.431
2023-11-23,21317937,2.03,5.461,3.606,68.869,95.038,80.56
2023-11-23,21317939,1.644,5.29,3.466,68.402,91.626,80.308
2023-11-23,21317940,1.429,4.882,3.154,71.96,97.307,84.052
2023-11-23,21317941,1.301,4.861,2.914,69.058,96.584,82.677
2023-11-23,21317942,1.408,4.711,2.957,70.225,96.606,83.954
2023-11-23,21317943,1.408,4.668,2.932,72.851,97.041,85.16
2023-11-23,21317947,1.365,4.646,2.928,72.988,98.854,85.869
2023-11-23,21317948,1.665,4.947,3.241,67.504,93.489,80.768
2023-11-23,21317949,1.301,4.668,2.957,70.93,95.462,83.274
2023-11-23,21317950,1.665,4.968,3.323,69.346,94.505,82.24
2023-11-23,21317953,1.386,4.689,3.013,69.548,96.812,84.089
2023-11-23,21317958,1.365,4.754,3.01,70.239,97.115,83.491
2023-11-23,21317959,1.751,4.904,3.234,66.572,94.958,80.513
2023-11-23,21317960,1.322,4.582,2.868,70.352,95.555,83.588
2023-11-24,21317937,-5.52,3.982,-2.806,47.161,79.71,58.672
2023-11-24,21317939,-5.606,3.853,-3.167,45.316,77.65,55.245
2023-11-24,21317940,-5.949,3.66,-3.462,45.721,82.232,56.728
2023-11-24,21317941,-6.378,2.952,-3.754,43.281,83.642,55.898
2023-11-24,21317942,-6.271,3.016,-3.753,49.033,84.436,59.398
2023-11-24,21317943,-6.464,2.866,-3.661,45.057,85.959,59.428
2023-11-24,21317947,-6.335,3.081,-3.605,46.973,84.128,59.789
2023-11-24,21317948,-6.163,3.36,-3.373,44.823,81.95,55.809
2023-11-24,21317949,-6.313,3.081,-3.498,44.32,83.464,56.758
2023-11-24,21317950,-6.142,3.445,-3.479,46.525,80.168,56.658
2023-11-24,21317953,-6.271,3.081,-3.667,45.499,83.857,57.458
2023-11-24,21317958,-6.356,2.995,-3.633,46.334,84.453,58.332
2023-11-24,21317959,-6.035,3.252,-3.442,45.692,81.93,56.207
2023-11-24,21317960,-6.464,2.823,-3.681,46.412,83.987,58.306
2023-11-25,21317937,-7.021,3.874,-1.758,56.875,74.826,65.361
2023-11-25,21317939,-7.858,4.003,-2.118,52.972,72.45,63.716
2023-11-25,21317940,-7.557,3.424,-2.149,54.311,75.056,64.852
2023-11-25,21317941,-8.33,3.66,-2.348,55.941,75.302,65.386
2023-11-25,21317942,-8.694,3.317,-2.367,56.092,74.215,65.992
2023-11-25,21317943,-10.431,3.467,-2.807,57.2,82.637,68.427
2023-11-25,21317947,-8.008,3.574,-2.41,58.093,77.833,67.312
2023-11-25,21317948,-9.359,3.767,-2.218,53.077,74.047,63.857
2023-11-25,21317949,-8.201,3.574,-2.364,57.435,76.022,65.75
2023-11-25,21317950,-7.708,3.295,-2.301,53.767,74.908,64.019
2023-11-25,21317953,-8.866,3.295,-2.477,54.806,76.355,66.084
2023-11-25,21317958,-8.179,3.531,-2.303,57.035,74.72,66.166
2023-11-25,21317959,-8.48,3.767,-2.206,54.624,72.833,64.574
2023-11-25,21317960,-8.78,3.36,-2.484,57.475,75.137,66.266
2023-11-26,21317937,1.301,4.99,3.153,52.18,85.617,67.678
2023-11-26,21317939,-0.136,5.354,3.042,51.107,85.995,67.017
2023-11-26,21317940,0.486,5.011,2.903,49.516,88.051,66.899
2023-11-26,21317941,0.057,5.44,2.877,52.811,84.55,67.596
2023-11-26,21317942,0.014,4.668,2.9,53.3,87.43,67.102
2023-11-26,21317943,-1.702,6.148,2.616,54.702,88.167,68.94
2023-11-26,21317947,0.443,5.14,2.883,51.589,91.283,67.922
2023-11-26,21317948,0.4,5.44,3.062,53.054,85.126,66.175
2023-11-26,21317949,0.142,5.118,3.039,54.185,85.295,67.376
2023-11-26,21317950,0.014,5.075,2.965,48.586,86.523,64.531
2023-11-26,21317953,0.25,5.032,2.837,51.464,87.066,67.791
2023-11-26,21317958,-0.222,4.925,2.973,53.867,85.127,67.61
2023-11-26,21317959,0.443,5.719,3.051,53.97,83.676,66.501
2023-11-26,21317960,-0.866,4.904,2.832,53.988,85.107,67.647
2023-11-27,21317937,1.236,6.148,3.352,62.361,91.284,78.732
2023-11-27,21317939,1.236,5.933,3.279,59.539,92.079,78.173
2023-11-27,21317940,1.193,5.461,3.065,65.304,93.631,81.283
2023-11-27,21317941,0.743,5.247,2.95,65.904,93.114,80.004
2023-11-27,21317942,0.721,5.311,2.909,66.419,93.623,81.974
2023-11-27,21317943,0.636,5.226,2.829,70.379,94.809,83.674
2023-11-27,21317947,1.043,5.054,2.973,67.529,96.451,82.848
2023-11-27,21317948,1.022,5.526,3.12,64.027,91.498,79.588
2023-11-27,21317949,1.279,5.097,3.088,66.361,91.943,80.617
2023-11-27,21317950,1.515,5.075,3.202,66.398,92.19,80.473
2023-11-27,21317953,0.807,5.097,2.865,67.623,94.58,82.548
2023-11-27,21317958,1.15,5.311,3.088,66.786,91.951,80.735
2023-11-27,21317959,1.065,5.504,3.15,64.677,90.372,78.918
2023-11-27,21317960,1.043,5.161,2.936,67.263,92.944,81.149
2023-11-28,21317937,-4.49,2.137,-1.78,50.819,72.636,63.781
2023-11-28,21317939,-4.941,1.837,-2.146,46.714,72.184,58.842
2023-11-28,21317940,-5.134,1.365,-2.463,49.259,76.594,62.468
2023-11-28,21317941,-5.284,1.322,-2.632,48.777,77.444,60.044
2023-11-28,21317942,-5.112,1.322,-2.523,54.234,74.06,64.1
2023-11-28,21317943,-5.241,1.408,-2.544,54.02,79.652,64.201
2023-11-28,21317947,-5.305,1.322,-2.628,53.498,76.867,64.909
2023-11-28,21317948,-4.962,1.622,-2.305,50.138,71.896,60.69
2023-11-28,21317949,-5.177,1.429,-2.542,49.447,73.236,60.585
2023-11-28,21317950,-4.898,1.622,-2.275,50.407,72.503,61.164
2023-11-28,21317953,-5.22,1.322,-2.526,50.53,73.997,61.442
2023-11-28,21317958,-5.198,1.451,-2.527,51.038,78.224,63.635
2023-11-28,21317959,-4.984,1.536,-2.312,49.085,72.059,59.826
2023-11-28,21317960,-5.22,1.365,-2.568,52.151,77.339,61.805
2023-11-29,21317937,-6.399,0.121,-3.083,61.866,74.675,68.347
2023-11-29,21317939,-6.807,-0.094,-3.209,53.558,69.697,62.604
2023-11-29,21317940,-6.85,-0.179,-3.481,56.921,77.116,66.184
2023-11-29,21317941,-7.3,-0.136,-3.781,55.119,76.448,64.736
2023-11-29,21317942,-7.193,-0.094,-3.718,59.284,76.269,68.387
2023-11-29,21317943,-7.493,-0.201,-3.823,58.895,79.38,69.045
2023-11-29,21317947,-7.343,-0.415,-3.792,60.145,79.257,68.757
2023-11-29,21317948,-6.978,0.057,-3.503,55.52,72.384,64.316
2023-11-29,21317949,-7.257,-0.072,-3.726,56.533,79.857,65.506
2023-11-29,21317950,-7.043,-0.008,-3.488,56.707,77.954,65.347
2023-11-29,21317953,-7.257,-0.308,-3.732,55.444,76.524,65.708
2023-11-29,21317958,-7.364,-0.051,-3.696,59.603,78.81,68.926
2023-11-29,21317959,-7.0,-0.008,-3.525,54.908,72.107,63.933
2023-11-29,21317960,-7.386,-0.115,-3.76,57.118,78.366,66.149
2023-11-30,21317937,-0.222,6.877,2.916,60.294,76.419,70.435
2023-11-30,21317939,-0.394,7.306,2.806,53.214,71.981,64.523
2023-11-30,21317940,-0.608,6.705,2.686,58.941,75.279,68.428
2023-11-30,21317941,-0.694,6.856,2.68,54.913,72.599,65.848
2023-11-30,21317942,-0.565,6.512,2.839,59.96,74.697,68.719
2023-11-30,21317943,-0.673,6.62,2.47,60.084,76.146,70.287
2023-11-30,21317947,-0.844,6.534,2.678,57.847,77.011,69.599
2023-11-30,21317948,-0.501,6.877,2.905,56.675,71.997,65.784
2023-11-30,21317949,-0.608,6.641,2.76,56.014,73.881,66.233
2023-11-30,21317950,-0.501,6.555,2.765,58.112,73.881,66.745
2023-11-30,21317953,-0.758,6.555,2.675,56.922,74.107,66.825
2023-11-30,21317958,-0.565,6.555,2.797,61.073,74.853,69.133
2023-11-30,21317959,-0.587,7.006,2.851,58.486,72.453,67.66
2023-11-30,21317960,-0.544,6.427,2.698,57.855,73.182,66.718
2023-12-01,21317937,4.475,8.185,5.934,65.238,92.937,77.064
2023-12-01,21317939,3.81,8.807,6.11,59.791,91.708,74.025
2023-12-01,21317940,4.303,8.314,6.857,61.958,91.952,71.853
2023-12-01,21317941,4.067,8.421,6.839,55.795,88.916,68.251
2023-12-01,21317942,4.089,8.571,6.656,59.998,92.776,73.181
2023-12-01,21317943,3.853,8.722,6.353,62.187,93.1,73.973
2023-12-01,21317947,4.196,8.207,6.779,57.531,93.87,73.311
2023-12-01,21317948,4.368,8.657,6.48,61.033,91.192,71.438
2023-12-01,21317949,3.96,8.486,6.766,56.071,90.697,69.521
2023-12-01,21317950,4.432,8.571,6.884,60.246,90.135,69.981
2023-12-01,21317953,4.26,8.636,6.629,58.886,91.49,71.03
2023-12-01,21317958,4.067,8.528,6.937,57.659,91.357,71.852
2023-12-01,21317959,4.303,8.722,6.581,63.473,89.52,72.334
2023-12-01,21317960,3.939,8.443,6.661,54.537,90.19,69.853
2023-12-02,21317937,-0.329,4.453,1.905,79.261,92.479,88.072
2023-12-02,21317939,-0.308,4.861,2.191,77.675,90.73,86.369
2023-12-02,21317940,-0.179,4.303,1.785,78.81,94.228,89.876
2023-12-02,21317941,-0.372,4.067,1.462,76.579,92.367,86.891
2023-12-02,21317942,-0.351,4.046,1.497,78.3,93.559,89.143
2023-12-02,21317943,-0.265,3.874,1.465,79.564,94.104,89.602
2023-12-02,21317947,-0.501,4.067,1.533,80.296,95.157,90.933
2023-12-02,21317948,-0.308,4.389,1.713,76.954,91.209,86.77
2023-12-02,21317949,-0.394,3.982,1.493,76.959,93.709,88.475
2023-12-02,21317950,0.099,4.346,1.814,76.574,91.626,87.023
2023-12-02,21317953,-0.051,4.282,1.695,77.472,93.101,87.916
2023-12-02,21317958,-0.287,4.046,1.563,76.53,93.628,88.212
2023-12-02,21317959,-0.329,4.325,1.654,76.78,90.701,86.242
2023-12-02,21317960,-0.329,3.939,1.446,76.478,92.303,87.631
2023-12-03,21317937,-1.917,0.271,-0.664,77.441,94.827,87.434
2023-12-03,21317939,-1.831,0.271,-0.565,77.453,95.047,87.175
2023-12-03,21317940,-1.981,-0.051,-0.785,80.259,96.594,89.518
2023-12-03,21317941,-2.174,-0.329,-1.181,76.464,95.125,87.398
2023-12-03,21317942,-2.131,-0.329,-1.111,78.206,95.587,88.607
2023-12-03,21317943,-2.11,-0.308,-1.09,78.819,95.958,88.955
2023-12-03,21317947,-2.217,-0.48,-1.124,81.958,97.321,90.972
2023-12-03,21317948,-1.981,-0.201,-0.951,75.55,94.91,86.625
2023-12-03,21317949,-2.045,-0.244,-1.08,77.22,94.914,87.37
2023-12-03,21317950,-1.917,0.185,-0.752,77.313,92.451,86.164
2023-12-03,21317953,-1.96,-0.008,-0.925,77.578,96.448,88.233
2023-12-03,21317958,-2.045,-0.222,-1.056,77.4,95.091,87.546
2023-12-03,21317959,-2.11,-0.201,-0.992,75.279,94.585,86.412
2023-12-03,21317960,-2.045,-0.287,-1.133,76.713,94.336,87.037
2023-12-04,21317937,-3.547,-0.458,-2.06,86.056,94.917,91.625
2023-12-04,21317939,-3.397,-0.308,-1.902,84.578,95.091,89.958
2023-12-04,21317940,-3.826,-0.866,-2.475,86.693,97.398,94.097
2023-12-04,21317941,-3.933,-1.616,-2.721,83.969,94.762,90.444
2023-12-04,21317942,-3.847,-1.552,-2.658,88.28,95.084,93.208
2023-12-04,21317943,-4.019,-1.466,-2.598,89.023,95.535,92.438
2023-12-04,21317947,-4.019,-1.359,-2.682,88.4,97.432,94.228
2023-12-04,21317948,-3.568,-1.359,-2.457,85.588,94.551,91.488
2023-12-04,21317949,-3.933,-1.745,-2.61,87.836,95.439,92.71
2023-12-04,21317950,-3.74,-1.316,-2.422,85.347,93.761,90.358
2023-12-04,21317953,-3.804,-1.402,-2.611,91.099,96.049,94.851
2023-12-04,21317958,-3.933,-1.724,-2.673,87.433,95.306,92.794
2023-12-04,21317959,-3.59,-1.402,-2.401,83.886,94.017,89.498
2023-12-04,21317960,-4.126,-1.788,-2.841,90.552,94.267,93.311
2023-12-05,21317937,-8.565,-3.418,-5.405,72.683,90.024,83.158
2023-12-05,21317939,-7.343,-3.354,-4.984,74.359,87.8,81.672
2023-12-05,21317940,-7.214,-3.804,-5.097,77.366,90.047,83.862
2023-12-05,21317941,-8.179,-3.718,-5.606,77.673,88.225,81.993
2023-12-05,21317942,-8.673,-3.783,-5.665,78.009,91.531,83.527
2023-12-05,21317943,-11.011,-3.911,-5.861,78.424,92.715,85.42
2023-12-05,21317947,-7.579,-3.911,-5.485,82.879,91.196,85.691
2023-12-05,21317948,-8.094,-3.461,-5.454,76.629,86.577,80.619
2023-12-05,21317949,-8.458,-3.847,-5.44,79.788,90.504,84.309
2023-12-05,21317950,-7.429,-3.611,-5.112,76.736,87.997,81.533
2023-12-05,21317953,-7.943,-3.718,-5.436,78.979,91.127,83.694
2023-12-05,21317958,-8.265,-3.868,-5.503,80.195,89.686,83.912
2023-12-05,21317959,-8.051,-3.461,-5.476,75.247,85.896,79.911
2023-12-05,21317960,-9.059,-3.997,-5.69,79.82,90.483,83.91
2023-12-06,21317937,-10.024,-2.238,-7.513,57.983,89.635,78.421
2023-12-06,21317938,-10.474,-6.464,-7.928,70.825,86.586,77.779
2023-12-06,21317939,-10.024,-3.697,-7.53,64.25,86.381,78.018
2023-12-06,21317940,-10.646,-5.348,-7.917,71.127,88.931,81.549
2023-12-06,21317941,-10.196,-5.134,-8.027,60.511,88.193,77.732
2023-12-06,21317942,-10.238,-5.992,-8.234,70.349,90.976,80.445
2023-12-06,21317943,-12.276,-5.091,-8.399,68.106,92.969,81.904
2023-12-06,21317947,-10.689,-4.855,-8.121,64.671,90.588,82.488
2023-12-06,21317948,-10.238,-4.49,-7.87,59.889,86.862,76.577
2023-12-06,21317949,-10.582,-5.091,-8.021,63.345,91.907,79.061
2023-12-06,21317950,-10.303,-6.12,-7.918,72.132,86.999,79.341
2023-12-06,21317953,-10.281,-5.842,-8.008,68.994,89.05,80.273
2023-12-06,21317958,-10.174,-4.834,-8.086,65.518,91.151,79.054
2023-12-06,21317959,-10.174,-4.941,-7.851,61.001,86.596,76.66
2023-12-06,21317960,-10.389,-5.37,-8.352,69.042,90.318,79.908
2023-12-07,21317937,-10.26,-5.906,-8.801,69.689,86.239,81.309
2023-12-07,21317938,-10.796,-7.493,-9.113,76.153,87.022,82.828
2023-12-07,21317939,-10.56,-4.812,-8.422,66.122,82.582,78.93
2023-12-07,21317940,-10.753,-7.322,-9.046,78.03,87.382,83.964
2023-12-07,21317941,-12.255,-5.434,-9.699,64.732,86.645,81.275
2023-12-07,21317942,-11.354,-7.986,-9.697,75.792,87.837,83.046
2023-12-07,21317943,-12.319,-7.064,-9.637,70.782,89.998,83.592
2023-12-07,21317947,-10.753,-7.515,-9.305,76.864,89.155,85.016
2023-12-07,21317948,-10.989,-6.292,-9.371,69.999,85.624,79.868
2023-12-07,21317949,-11.354,-6.206,-9.249,65.826,86.526,80.569
2023-12-07,21317950,-10.667,-7.322,-9.085,76.602,85.585,81.369
2023-12-07,21317953,-11.568,-7.729,-9.589,77.298,87.24,83.41
2023-12-07,21317958,-11.997,-7.386,-9.566,71.411,87.768,82.187
2023-12-07,21317959,-11.268,-6.013,-9.382,69.483,84.17,79.608
2023-12-07,21317960,-12.04,-7.858,-9.77,75.43,86.632,82.468
2023-12-08,21317937,-8.115,-3.289,-5.991,69.126,85.154,77.094
2023-12-08,21317938,-8.415,-7.686,-8.123,77.629,83.336,80.347
2023-12-08,21317939,-7.557,-3.332,-5.566,70.072,82.838,77.198
2023-12-08,21317940,-7.622,-3.761,-5.622,73.478,86.394,78.366
2023-12-08,21317941,-8.158,-4.405,-6.225,70.188,85.592,76.178
2023-12-08,21317942,-8.201,-4.169,-6.211,71.324,85.936,77.729
2023-12-08,21317943,-8.115,-3.718,-6.053,69.561,87.123,78.606
2023-12-08,21317947,-8.072,-4.019,-6.063,74.459,88.046,80.039
2023-12-08,21317948,-8.244,-3.826,-6.119,67.959,82.846,75.266
2023-12-08,21317949,-7.858,-3.954,-5.976,69.296,85.704,76.347
2023-12-08,21317950,-7.6,-3.675,-5.663,70.289,83.58,76.059
2023-12-08,21317953,-7.901,-4.083,-5.973,71.955,84.526,77.123
2023-12-08,21317958,-7.965,-4.061,-6.051,70.742,86.279,76.888
2023-12-08,21317959,-8.351,-3.933,-6.156,67.771,83.301,74.804
2023-12-08,21317960,-8.029,-4.104,-6.135,70.224,85.254,76.812
2023-12-09,21317937,-5.691,1.987,-2.089,80.337,91.705,86.073
2023-12-09,21317939,-4.812,4.754,-1.063,78.199,87.759,83.489
2023-12-09,21317940,-5.67,6.791,-1.2,80.7,94.78,87.113
2023-12-09,21317941,-6.978,1.301,-2.886,80.156,89.465,85.167
2023-12-09,21317942,-6.442,1.451,-2.608,82.426,90.646,87.041
2023-12-09,21317943,-6.807,1.15,-2.736,80.645,91.366,86.587
2023-12-09,21317947,-6.185,3.724,-2.332,85.772,91.612,89.516
2023-12-09,21317948,-5.992,1.751,-2.227,80.472,89.142,84.493
2023-12-09,21317949,-6.807,1.086,-2.968,80.209,90.272,85.379
2023-12-09,21317950,-6.292,1.772,-2.323,81.241,88.432,85.237
2023-12-09,21317953,-6.335,2.008,-2.427,83.232,89.737,86.565
2023-12-09,21317958,-6.871,1.022,-2.913,80.966,90.033,85.575
2023-12-09,21317959,-6.056,1.751,-2.304,80.145,88.684,84.516
2023-12-09,21317960,-7.0,0.85,-3.007,80.42,89.355,84.992
2023-12-10,21317937,2.244,7.606,6.061,79.048,94.533,86.211
2023-12-10,21317939,3.51,7.585,5.735,79.583,92.584,87.384
2023-12-10,21317940,3.746,7.842,6.379,78.891,94.794,88.226
2023-12-10,21317941,0.893,7.456,4.902,81.184,93.462,89.029
2023-12-10,21317942,1.086,7.971,5.319,80.984,94.871,89.723
2023-12-10,21317943,0.936,6.705,4.155,86.83,95.444,92.538
2023-12-10,21317947,2.587,8.443,6.108,81.328,96.159,89.883
2023-12-10,21317948,1.622,7.971,5.629,78.204,93.036,86.565
2023-12-10,21317949,0.7,7.713,4.269,80.819,95.619,90.919
2023-12-10,21317950,1.301,7.285,5.458,80.458,93.713,88.97
2023-12-10,21317953,1.322,7.628,5.521,80.476,95.262,89.57
2023-12-10,21317958,0.636,7.692,4.652,80.256,95.134,89.806
2023-12-10,21317959,1.472,7.649,5.656,76.818,91.701,86.236
2023-12-10,21317960,0.55,7.327,4.276,82.444,93.819,90.753
2023-12-11,21317937,-2.86,3.467,1.226,61.961,93.439,85.663
2023-12-11,21317939,-3.075,3.746,0.883,60.317,92.647,85.229
2023-12-11,21317940,-3.375,4.024,0.762,63.737,95.866,88.052
2023-12-11,21317941,-3.332,3.188,0.823,61.775,93.727,85.829
2023-12-11,21317942,-3.246,3.209,0.853,64.712,94.63,87.226
2023-12-11,21317943,-3.268,2.759,0.777,65.042,95.677,88.286
2023-12-11,21317947,-3.632,3.681,0.619,67.9,97.261,90.098
2023-12-11,21317948,-2.925,3.338,1.078,61.472,92.557,84.558
2023-12-11,21317949,-3.332,3.574,0.843,63.944,94.624,86.669
2023-12-11,21317950,-3.161,3.681,0.919,63.771,93.782,86.859
2023-12-11,21317953,-3.225,3.016,0.883,63.949,94.749,87.677
2023-12-11,21317958,-3.354,3.703,0.899,63.6,94.546,86.459
2023-12-11,21317959,-2.968,4.089,1.168,61.624,91.557,83.981
2023-12-11,21317960,-3.354,3.167,0.759,64.369,94.171,87.199
2023-12-12,21317937,-4.34,4.496,-0.028,62.013,84.756,72.43
2023-12-12,21317939,-5.37,4.389,-0.346,59.782,84.961,71.486
2023-12-12,21317940,-4.941,4.196,-0.488,64.288,90.289,74.487
2023-12-12,21317941,-5.112,4.217,-0.499,61.883,84.665,70.852
2023-12-12,21317942,-5.155,4.26,-0.388,62.02,85.666,71.909
2023-12-12,21317943,-6.957,4.003,-0.774,66.401,86.348,74.768
2023-12-12,21317947,-5.198,3.896,-0.565,66.943,92.827,76.012
2023-12-12,21317948,-5.091,4.496,-0.35,59.893,82.564,70.287
2023-12-12,21317949,-5.134,4.153,-0.488,62.947,85.489,71.904
2023-12-12,21317950,-5.091,3.96,-0.485,65.064,86.935,73.338
2023-12-12,21317953,-5.477,4.046,-0.56,62.721,85.91,72.384
2023-12-12,21317958,-5.112,4.175,-0.412,63.22,84.833,71.712
2023-12-12,21317959,-4.962,4.368,-0.37,60.203,82.246,70.136
2023-12-12,21317960,-5.198,4.153,-0.436,62.428,84.965,71.196
2023-12-13,21317937,-5.327,2.587,-0.381,45.597,73.754,57.942
2023-12-13,21317939,-5.627,2.437,-0.734,43.233,72.07,56.988
2023-12-13,21317940,-5.627,1.687,-1.052,42.808,78.845,58.247
2023-12-13,21317941,-6.099,1.772,-1.281,40.986,75.966,57.777
2023-12-13,21317942,-5.97,1.923,-1.243,42.313,76.718,59.045
2023-12-13,21317943,-6.313,1.88,-1.27,42.098,77.501,59.301
2023-12-13,21317947,-6.206,1.601,-1.266,47.784,80.371,61.675
2023-12-13,21317948,-5.842,2.051,-0.917,40.798,73.977,55.933
2023-12-13,21317949,-5.97,1.687,-1.153,44.063,76.269,58.313
2023-12-13,21317950,-5.649,1.536,-1.162,43.537,79.057,58.169
2023-12-13,21317953,-6.078,1.601,-1.218,41.741,77.742,57.605
2023-12-13,21317958,-6.078,1.794,-1.155,43.989,76.013,58.918
2023-12-13,21317959,-5.949,2.094,-0.931,40.804,73.584,56.43
2023-12-13,21317960,-6.099,1.687,-1.288,43.775,75.75,58.742
2023-12-14,21317937,-5.863,1.601,-2.43,54.147,76.571,66.992
2023-12-14,21317939,-6.313,1.987,-2.717,51.176,74.02,66.137
2023-12-14,21317940,-7.0,2.351,-2.759,52.544,75.171,64.853
2023-12-14,21317941,-6.893,2.116,-2.901,47.419,76.281,65.484
2023-12-14,21317942,-6.721,2.223,-2.881,49.323,74.874,65.519
2023-12-14,21317943,-8.008,1.88,-3.097,48.452,79.799,66.803
2023-12-14,21317947,-7.0,1.923,-3.009,52.885,79.107,67.664
2023-12-14,21317948,-6.592,2.223,-2.73,47.066,76.132,64.414
2023-12-14,21317949,-6.935,2.008,-2.891,49.949,76.648,66.259
2023-12-14,21317950,-6.7,1.73,-2.773,49.189,74.769,63.458
2023-12-14,21317953,-7.086,1.815,-2.908,47.202,76.744,65.419
2023-12-14,21317958,-6.893,1.987,-2.887,49.282,76.938,66.55
2023-12-14,21317959,-6.721,2.158,-2.802,47.46,75.093,64.652
2023-12-14,21317960,-6.914,1.987,-2.941,48.705,76.391,65.894
2023-12-15,21317937,1.665,9.515,6.035,65.046,78.071,73.302
2023-12-15,21317939,1.086,8.293,5.623,69.606,76.927,73.768
2023-12-15,21317940,2.351,8.507,5.396,68.013,80.421,75.069
2023-12-15,21317941,1.923,8.207,5.136,67.729,77.94,74.562
2023-12-15,21317942,1.965,7.907,5.205,68.484,77.597,73.598
2023-12-15,21317943,0.829,8.4,5.029,65.614,80.026,73.904
2023-12-15,21317947,1.751,8.142,5.22,69.287,81.401,76.337
2023-12-15,21317948,1.022,8.614,5.579,65.737,76.855,73.07
2023-12-15,21317949,1.923,8.164,5.164,68.609,78.27,74.846
2023-12-15,21317950,1.558,8.142,5.034,65.885,78.932,73.675
2023-12-15,21317953,1.687,8.4,5.183,68.278,78.502,74.733
2023-12-15,21317958,1.923,8.335,5.233,68.577,78.575,74.927
2023-12-15,21317959,1.386,8.657,5.566,65.554,76.46,73.094
2023-12-15,21317960,1.987,7.907,5.024,68.219,77.586,74.309
2023-12-16,21317937,-0.973,6.92,2.249,49.136,80.415,66.109
2023-12-16,21317939,-0.758,6.062,2.134,47.12,79.916,64.538
2023-12-16,21317940,-0.758,5.783,2.06,47.761,79.211,66.239
2023-12-16,21317941,-1.402,5.354,1.547,48.389,82.875,66.44
2023-12-16,21317942,-1.423,5.419,1.368,50.367,81.859,67.481
2023-12-16,21317943,-1.445,5.44,1.113,47.236,88.757,69.253
2023-12-16,21317947,-1.273,5.697,1.569,50.732,82.644,68.669
2023-12-16,21317948,-1.466,5.998,1.79,48.109,79.371,65.77
2023-12-16,21317949,-1.209,5.44,1.628,48.605,81.904,67.333
2023-12-16,21317950,-0.866,5.74,1.746,48.957,77.716,65.484
2023-12-16,21317953,-1.187,5.612,1.686,47.01,83.221,66.238
2023-12-16,21317958,-1.252,5.44,1.576,47.715,84.727,67.819
2023-12-16,21317959,-1.466,5.826,1.712,46.918,79.84,66.058
2023-12-16,21317960,-1.466,5.226,1.117,48.302,84.215,67.234
2023-12-17,21317937,-1.08,7.392,4.524,59.696,90.179,74.854
2023-12-17,21317939,-0.287,7.713,4.937,63.659,89.223,74.461
2023-12-17,21317940,-0.651,7.778,5.354,60.676,91.081,73.73
2023-12-17,21317941,-1.745,7.456,4.393,62.016,90.39,75.504
2023-12-17,21317942,-1.166,7.413,4.469,60.285,91.279,74.726
2023-12-17,21317943,-1.616,7.049,4.098,62.473,92.917,75.783
2023-12-17,21317947,-1.059,7.542,4.731,62.208,94.771,75.939
2023-12-17,21317948,-1.145,7.435,4.585,57.818,89.538,72.837
2023-12-17,21317949,-1.788,7.864,4.697,62.887,89.076,75.062
2023-12-17,21317950,-0.758,7.649,4.945,59.731,89.804,72.214
2023-12-17,21317953,-1.059,7.435,4.555,61.024,92.615,75.507
2023-12-17,21317958,-1.788,7.499,4.504,63.743,90.826,75.631
2023-12-17,21317959,-1.145,7.478,4.646,56.899,88.907,73.629
2023-12-17,21317960,-1.788,7.285,4.331,60.18,90.829,73.104
2023-12-18,21317937,6.041,8.142,7.165,82.829,95.445,91.242
2023-12-18,21317939,6.126,8.464,7.398,85.104,94.464,91.004
2023-12-18,21317940,5.654,9.622,7.577,88.266,96.287,92.726
2023-12-18,21317941,5.955,8.228,7.174,85.263,95.921,91.843
2023-12-18,21317942,6.062,8.078,7.076,85.333,95.399,92.776
2023-12-18,21317943,5.805,8.014,7.064,86.119,96.139,93.187
2023-12-18,21317947,5.59,8.679,7.283,89.439,97.546,94.432
2023-12-18,21317948,6.169,8.185,7.11,83.882,95.123,91.264
2023-12-18,21317949,5.933,8.85,7.326,85.864,96.191,91.896
2023-12-18,21317950,5.826,9.043,7.588,86.984,93.983,91.469
2023-12-18,21317953,5.805,8.121,7.145,89.036,95.894,93.775
2023-12-18,21317958,5.955,8.4,7.274,85.826,95.663,92.436
2023-12-18,21317959,6.319,8.293,7.194,82.983,94.885,90.804
2023-12-18,21317960,5.933,8.121,7.144,85.364,94.351,91.827
2023-12-19,21317937,2.673,6.062,4.646,85.228,90.323,88.007
2023-12-19,21317939,1.772,5.955,4.121,84.398,91.334,87.813
2023-12-19,21317940,1.815,5.59,4.039,88.453,94.356,91.774
2023-12-19,21317941,1.108,6.019,4.13,85.818,91.664,89.224
2023-12-19,21317942,1.858,5.955,4.302,87.182,92.41,90.384
2023-12-19,21317943,0.721,6.083,4.051,86.439,92.506,90.228
2023-12-19,21317947,1.343,5.59,3.959,90.761,95.293,93.274
2023-12-19,21317948,1.258,6.191,4.291,85.066,91.086,88.346
2023-12-19,21317949,1.794,5.912,4.214,87.098,92.749,90.05
2023-12-19,21317950,1.923,5.826,4.332,87.19,92.131,90.318
2023-12-19,21317953,2.137,5.74,4.263,89.744,93.407,91.781
2023-12-19,21317958,1.558,6.083,4.262,86.152,92.634,89.998
2023-12-19,21317959,1.858,6.234,4.595,84.311,90.422,87.498
2023-12-19,21317960,1.536,5.998,4.168,85.689,91.617,89.713
2023-12-20,21317937,-4.233,0.207,-2.019,65.422,81.239,74.731
2023-12-20,21317939,-5.198,-0.329,-2.45,62.168,83.651,74.088
2023-12-20,21317940,-5.241,-0.587,-2.782,69.908,83.835,77.4
2023-12-20,21317941,-5.391,-1.166,-3.009,64.863,81.872,74.828
2023-12-20,21317942,-5.563,-1.037,-2.968,63.774,88.034,76.842
2023-12-20,21317943,-6.807,-1.102,-3.356,67.369,90.652,78.518
2023-12-20,21317947,-5.305,-1.037,-2.898,69.638,87.108,78.769
2023-12-20,21317948,-5.52,-0.801,-2.687,63.99,84.384,74.28
2023-12-20,21317949,-5.22,-0.994,-2.998,67.687,82.623,76.07
2023-12-20,21317950,-5.005,-0.651,-2.685,68.408,83.694,75.726
2023-12-20,21317953,-5.541,-0.716,-2.89,64.004,87.411,76.525
2023-12-20,21317958,-5.348,-1.016,-2.978,67.633,84.636,76.111
2023-12-20,21317959,-5.198,-0.758,-2.658,63.766,81.552,73.387
2023-12-20,21317960,-5.456,-1.08,-3.048,67.364,84.082,75.537
2023-12-21,21317937,-7.665,-2.71,-5.559,50.109,71.203,62.395
2023-12-21,21317939,-7.75,-2.689,-5.63,47.843,68.351,59.597
2023-12-21,21317940,-8.244,-3.139,-6.163,49.2,71.18,63.342
2023-12-21,21317941,-8.33,-3.675,-6.197,46.3,70.068,61.081
2023-12-21,21317942,-8.415,-3.504,-6.395,52.902,73.201,64.021
2023-12-21,21317943,-9.488,-3.289,-6.535,51.46,77.6,66.476
2023-12-21,21317947,-8.437,-3.482,-6.243,51.679,73.704,65.093
2023-12-21,21317948,-8.094,-2.903,-5.872,48.756,69.223,61.181
2023-12-21,21317949,-8.544,-2.903,-6.055,50.17,73.107,63.534
2023-12-21,21317950,-8.287,-3.161,-6.144,51.125,70.39,62.417
2023-12-21,21317953,-8.222,-3.482,-6.196,48.54,72.546,62.751
2023-12-21,21317958,-8.523,-3.289,-6.172,49.9,74.829,63.8
2023-12-21,21317959,-8.072,-2.968,-5.911,49.711,69.717,61.341
2023-12-21,21317960,-8.458,-3.547,-6.352,49.02,71.913,63.133
2023-12-22,21317937,-9.509,-3.611,-6.93,55.117,80.27,70.863
2023-12-22,21317939,-9.252,-3.375,-6.801,54.221,77.307,69.711
2023-12-22,21317940,-9.745,-3.59,-7.158,53.562,78.259,68.927
2023-12-22,21317941,-10.174,-3.954,-7.434,53.182,75.586,68.32
2023-12-22,21317942,-10.324,-5.541,-7.828,62.876,80.021,72.857
2023-12-22,21317943,-10.946,-4.254,-8.039,59.123,82.516,73.82
2023-12-22,21317947,-10.002,-4.104,-7.397,57.407,80.246,71.169
2023-12-22,21317948,-9.767,-4.19,-7.223,58.01,77.998,70.366
2023-12-22,21317949,-10.367,-3.997,-7.348,59.417,78.222,71.461
2023-12-22,21317950,-9.874,-4.898,-7.374,56.49,75.741,68.396
2023-12-22,21317953,-10.024,-4.683,-7.451,58.294,79.254,72.321
2023-12-22,21317958,-10.281,-3.826,-7.465,58.367,78.401,72.305
2023-12-22,21317959,-9.767,-3.204,-7.221,57.429,77.348,70.001
2023-12-22,21317960,-10.26,-4.834,-7.699,58.372,76.854,69.895
2023-12-23,21317937,-7.793,-0.716,-4.038,67.163,83.621,75.056
2023-12-23,21317939,-6.85,0.185,-3.566,65.673,79.445,73.611
2023-12-23,21317940,-7.021,-0.329,-3.832,68.196,83.597,75.001
2023-12-23,21317941,-8.458,-1.209,-4.697,68.255,81.843,74.261
2023-12-23,21317942,-8.458,-1.102,-4.529,67.758,86.262,76.143
2023-12-23,21317943,-9.809,-1.187,-5.118,69.918,89.149,78.449
2023-12-23,21317947,-7.579,-0.951,-4.298,70.924,85.653,77.546
2023-12-23,21317948,-7.793,-0.866,-4.074,66.96,82.933,74.604
2023-12-23,21317949,-8.78,-1.316,-4.852,67.463,81.756,74.863
2023-12-23,21317950,-7.858,-0.651,-4.268,67.678,83.03,74.317
2023-12-23,21317953,-8.072,-0.823,-4.236,67.309,84.605,75.424
2023-12-23,21317958,-8.823,-1.166,-4.875,67.964,82.896,75.579
2023-12-23,21317959,-8.072,-0.844,-4.151,66.516,82.87,74.021
2023-12-23,21317960,-8.823,-1.102,-4.911,67.707,81.93,74.97
2023-12-24,21317937,-0.93,2.137,0.625,73.845,81.93,77.286
2023-12-24,21317939,-0.222,2.973,1.305,70.404,83.336,74.87
2023-12-24,21317940,-0.823,2.502,0.882,72.38,82.017,76.418
2023-12-24,21317941,-1.788,2.116,0.188,68.31,76.414,72.576
2023-12-24,21317942,-1.488,2.008,0.367,70.22,79.532,74.887
2023-12-24,21317943,-1.874,2.244,0.282,69.583,78.933,74.186
2023-12-24,21317947,-1.295,2.137,0.505,73.993,82.788,78.02
2023-12-24,21317948,-1.059,1.987,0.575,70.512,79.669,74.688
2023-12-24,21317949,-1.788,2.008,0.135,68.513,75.546,72.251
2023-12-24,21317950,-1.295,2.48,0.637,69.346,76.808,72.914
2023-12-24,21317953,-1.445,2.18,0.501,69.665,79.495,74.417
2023-12-24,21317958,-1.788,2.008,0.143,69.285,76.51,72.957
2023-12-24,21317959,-1.23,2.008,0.525,69.287,78.691,73.999
2023-12-24,21317960,-1.767,2.008,0.114,68.676,75.723,72.243
2023-12-25,21317937,0.829,5.998,2.887,75.816,87.018,81.512
2023-12-25,21317939,1.236,5.805,3.414,73.675,86.371,79.766
2023-12-25,21317940,1.751,5.783,3.689,75.549,87.855,82.017
2023-12-25,21317941,0.914,6.813,2.945,70.994,80.018,76.898
2023-12-25,21317942,0.657,6.255,2.913,73.416,81.95,78.85
2023-12-25,21317943,0.292,7.392,2.814,69.949,83.066,78.433
2023-12-25,21317947,1.451,7.756,3.594,70.459,90.687,81.582
2023-12-25,21317948,0.85,7.692,3.196,67.79,81.807,76.703
2023-12-25,21317949,1.0,7.628,3.027,67.431,79.098,76.396
2023-12-25,21317950,1.536,6.298,3.593,72.567,85.528,77.566
2023-12-25,21317953,0.764,6.705,3.11,72.134,83.368,78.276
2023-12-25,21317958,0.829,6.555,2.933,70.077,81.044,77.211
2023-12-25,21317959,0.764,7.778,3.179,66.499,81.634,76.153
2023-12-25,21317960,0.636,6.062,2.785,72.97,80.09,76.863
2023-12-26,21317937,2.587,6.191,4.144,82.905,92.689,88.581
2023-12-26,21317939,3.746,6.963,5.02,77.794,89.749,84.952
2023-12-26,21317940,4.282,7.006,5.435,80.69,90.761,85.382
2023-12-26,21317941,3.059,7.199,4.686,78.154,90.854,85.34
2023-12-26,21317942,3.167,7.027,4.66,79.048,90.854,85.987
2023-12-26,21317943,2.566,7.692,4.436,77.198,90.738,85.987
2023-12-26,21317947,3.896,7.756,5.344,77.377,93.484,86.355
2023-12-26,21317948,2.888,7.07,4.55,77.94,89.808,84.487
2023-12-26,21317949,3.488,7.606,4.932,76.46,89.525,84.146
2023-12-26,21317950,4.046,7.671,5.495,75.509,89.128,82.996
2023-12-26,21317953,3.402,7.199,4.858,79.121,90.076,85.742
2023-12-26,21317958,3.402,7.049,4.901,78.517,90.298,85.045
2023-12-26,21317959,2.866,6.92,4.59,77.739,89.778,84.066
2023-12-26,21317960,3.188,7.006,4.758,77.935,89.209,84.446
2023-12-27,21317937,1.236,3.767,2.975,76.524,92.61,87.367
2023-12-27,21317939,1.558,4.239,3.317,73.735,90.89,85.481
2023-12-27,21317940,1.279,4.282,3.273,77.23,93.809,87.978
2023-12-27,21317941,0.936,3.96,3.081,72.576,92.557,84.511
2023-12-27,21317942,0.979,3.831,3.029,75.308,93.371,85.72
2023-12-27,21317943,1.043,4.282,3.132,73.645,92.566,84.448
2023-12-27,21317947,1.0,3.831,2.959,79.107,95.505,89.661
2023-12-27,21317948,1.172,3.831,3.092,73.817,91.765,84.489
2023-12-27,21317949,0.914,4.11,3.136,72.975,92.821,84.187
2023-12-27,21317950,1.236,4.346,3.422,74.679,91.632,85.183
2023-12-27,21317953,1.043,4.153,3.249,74.687,92.697,85.179
2023-12-27,21317958,0.979,4.175,3.194,72.297,93.256,84.292
2023-12-27,21317959,1.108,3.81,3.061,74.174,91.864,84.398
2023-12-27,21317960,0.872,4.089,3.07,72.216,91.485,83.675
2023-12-28,21317937,1.0,3.381,2.133,81.17,93.416,88.488
2023-12-28,21317939,1.322,3.531,2.35,79.353,93.115,87.025
2023-12-28,21317940,0.893,3.381,2.154,82.846,96.007,90.144
2023-12-28,21317941,0.764,3.252,2.033,79.739,93.04,86.344
2023-12-28,21317942,0.807,3.209,2.013,80.594,94.177,87.626
2023-12-28,21317943,0.85,3.338,2.112,79.973,92.793,86.369
2023-12-28,21317947,0.743,3.338,1.953,84.102,97.266,91.391
2023-12-28,21317948,1.065,3.595,2.289,78.831,92.328,85.857
2023-12-28,21317949,0.7,3.274,1.972,80.925,93.788,87.6
2023-12-28,21317950,0.936,3.595,2.244,80.644,93.147,87.379
2023-12-28,21317953,0.85,3.531,2.152,79.76,94.218,87.392
2023-12-28,21317958,0.743,3.231,2.054,80.42,93.983,87.202
2023-12-28,21317959,1.065,3.531,2.246,78.007,92.454,85.555
2023-12-28,21317960,0.679,3.188,1.956,79.799,92.634,86.501
2023-12-29,21317937,0.443,2.459,1.572,87.892,93.718,91.94
2023-12-29,21317939,1.022,2.695,1.919,87.521,92.406,90.528
2023-12-29,21317940,0.721,2.351,1.616,90.78,95.242,93.822
2023-12-29,21317941,0.55,2.223,1.363,86.001,94.011,91.132
2023-12-29,21317942,0.271,2.18,1.316,86.036,94.745,92.275
2023-12-29,21317943,0.142,2.244,1.291,85.566,93.919,91.306
2023-12-29,21317947,0.443,2.18,1.406,91.585,96.515,95.061
2023-12-29,21317948,0.314,2.459,1.503,82.976,93.562,90.412
2023-12-29,21317949,0.593,2.287,1.429,87.823,93.935,92.126
2023-12-29,21317950,0.914,2.48,1.703,88.721,92.94,91.574
2023-12-29,21317953,0.486,2.33,1.441,85.991,94.656,91.861
2023-12-29,21317958,0.443,2.223,1.393,87.053,94.345,92.178
2023-12-29,21317959,0.378,2.437,1.468,82.829,92.808,90.104
2023-12-29,21317960,0.357,2.244,1.335,86.23,92.967,91.016
2023-12-30,21317937,-2.71,1.043,-0.037,70.484,94.405,81.896
2023-12-30,21317939,-3.01,1.429,-0.034,68.809,93.233,80.079
2023-12-30,21317940,-3.204,1.579,-0.276,72.381,95.427,82.928
2023-12-30,21317941,-3.182,0.979,-0.49,69.245,94.356,81.68
2023-12-30,21317942,-3.01,0.85,-0.476,71.675,95.148,83.441
2023-12-30,21317943,-3.01,0.657,-0.503,70.521,94.9,83.631
2023-12-30,21317947,-3.439,1.279,-0.404,74.24,96.689,84.778
2023-12-30,21317948,-2.775,1.172,-0.271,69.827,93.916,81.228
2023-12-30,21317949,-3.096,1.193,-0.337,69.442,94.775,82.237
2023-12-30,21317950,-2.86,1.687,-0.094,68.846,93.161,80.921
2023-12-30,21317953,-2.989,1.065,-0.409,71.186,94.913,82.598
2023-12-30,21317958,-3.032,1.108,-0.479,70.457,95.413,82.811
2023-12-30,21317959,-2.86,1.065,-0.308,68.704,93.193,80.909
2023-12-30,21317960,-3.01,1.065,-0.517,69.793,93.979,82.399
2023-12-31,21317937,-4.984,-2.71,-4.262,64.727,73.268,68.327
2023-12-31,21317939,-4.962,-2.968,-4.389,61.782,72.253,66.285
2023-12-31,21317940,-5.456,-3.204,-4.643,66.046,73.117,69.196
2023-12-31,21317941,-5.777,-3.096,-4.915,62.954,72.335,66.866
2023-12-31,21317942,-5.799,-2.946,-4.753,64.334,74.336,68.68
2023-12-31,21317943,-6.206,-2.989,-4.742,65.66,75.393,69.075
2023-12-31,21317947,-5.52,-3.504,-4.823,68.649,75.055,71.641
2023-12-31,21317948,-5.541,-2.775,-4.621,62.776,72.013,67.006
2023-12-31,21317949,-5.627,-3.075,-4.606,63.711,71.154,66.958
2023-12-31,21317950,-5.327,-2.968,-4.523,63.595,70.306,66.218
2023-12-31,21317953,-5.649,-2.968,-4.789,63.755,72.647,67.74
2023-12-31,21317958,-5.756,-3.096,-4.839,64.421,72.848,67.937
2023-12-31,21317959,-5.541,-2.817,-4.689,61.86,71.2,66.011
2023-12-31,21317960,-5.734,-3.053,-4.722,64.581,72.123,67.681
2024-01-01,21317937,-6.163,-2.989,-4.572,50.513,70.585,62.125
2024-01-01,21317939,-6.206,-3.289,-4.746,49.525,69.258,61.213
2024-01-01,21317940,-6.421,-4.276,-5.135,54.867,70.774,63.694
2024-01-01,21317941,-7.021,-3.268,-5.177,46.522,72.363,61.224
2024-01-01,21317942,-6.914,-4.126,-5.206,54.064,72.773,64.646
2024-01-01,21317943,-8.008,-3.675,-5.283,53.626,78.997,64.894
2024-01-01,21317947,-6.742,-3.504,-5.221,54.623,76.622,65.979
2024-01-01,21317948,-6.678,-3.332,-4.846,49.561,71.104,61.98
2024-01-01,21317949,-6.828,-2.56,-4.903,50.5,72.724,63.296
2024-01-01,21317950,-6.399,-3.826,-4.94,52.032,69.519,61.552
2024-01-01,21317953,-6.721,-3.182,-5.15,48.896,71.868,62.003
2024-01-01,21317958,-7.043,-3.397,-5.132,51.73,74.185,64.334
2024-01-01,21317959,-6.764,-3.933,-5.0,50.571,70.944,60.248
2024-01-01,21317960,-7.171,-3.59,-5.168,51.438,74.124,62.511
2024-01-02,21317937,-4.34,1.429,-1.245,63.967,78.685,72.138
2024-01-02,21317939,-4.555,1.536,-1.493,67.01,77.366,74.076
2024-01-02,21317940,-5.069,0.721,-1.822,66.735,80.916,74.531
2024-01-02,21317941,-4.941,0.614,-2.086,64.645,77.719,71.0
2024-01-02,21317942,-4.941,0.636,-1.939,68.779,78.082,73.657
2024-01-02,21317943,-4.962,0.743,-2.01,66.691,78.489,71.981
2024-01-02,21317947,-5.134,0.486,-2.013,69.374,82.329,76.175
2024-01-02,21317948,-4.748,0.872,-1.734,66.792,77.592,72.98
2024-01-02,21317949,-4.962,0.679,-2.032,69.786,78.833,74.055
2024-01-02,21317950,-4.726,0.657,-1.816,64.421,78.242,71.843
2024-01-02,21317953,-5.005,0.55,-2.026,65.289,78.814,72.145
2024-01-02,21317958,-4.855,0.7,-1.995,70.159,79.13,74.645
2024-01-02,21317959,-4.726,0.893,-1.755,62.675,74.614,69.02
2024-01-02,21317960,-4.898,0.571,-2.063,65.321,77.459,71.098
2024-01-03,21317937,0.421,2.201,1.558,65.281,85.814,77.97
2024-01-03,21317939,0.271,2.373,1.38,67.147,87.526,79.196
2024-01-03,21317940,-0.201,2.116,1.133,68.392,90.506,80.603
2024-01-03,21317941,-0.136,2.073,1.111,65.101,86.409,77.12
2024-01-03,21317942,-0.008,2.137,1.151,68.869,87.16,78.641
2024-01-03,21317943,-0.437,2.223,0.97,66.465,89.036,78.07
2024-01-03,21317947,-0.222,1.923,1.02,70.141,92.053,82.095
2024-01-03,21317948,-0.222,2.351,1.295,67.742,86.934,77.286
2024-01-03,21317949,-0.201,2.051,1.089,69.534,87.538,78.729
2024-01-03,21317950,-0.051,2.394,1.161,66.247,88.386,78.784
2024-01-03,21317953,-0.072,2.116,1.09,66.366,87.277,78.331
2024-01-03,21317958,-0.179,2.073,1.116,70.019,87.675,79.161
2024-01-03,21317959,0.228,2.33,1.365,63.247,83.766,75.216
2024-01-03,21317960,-0.179,2.094,1.075,65.043,86.189,76.938
2024-01-04,21317937,-9.96,2.287,-3.537,48.937,90.483,69.317
2024-01-04,21317939,-10.367,2.03,-3.9,49.725,91.096,68.164
2024-01-04,21317940,-10.56,1.965,-4.218,51.315,94.836,69.898
2024-01-04,21317941,-10.753,1.901,-4.27,49.592,91.186,68.843
2024-01-04,21317942,-10.646,2.073,-4.222,51.383,91.864,70.306
2024-01-04,21317943,-10.86,1.901,-4.112,49.671,91.196,70.026
2024-01-04,21317947,-10.818,1.901,-4.239,52.842,95.079,72.532
2024-01-04,21317948,-10.496,2.223,-3.828,48.367,89.929,67.094
2024-01-04,21317949,-10.56,1.837,-3.976,49.844,92.299,69.543
2024-01-04,21317950,-10.389,1.923,-4.24,50.381,91.316,68.563
2024-01-04,21317953,-10.667,1.858,-4.251,49.236,91.92,68.956
2024-01-04,21317958,-10.753,1.88,-4.18,51.125,92.386,70.081
2024-01-04,21317959,-10.474,2.266,-3.889,48.307,88.792,67.015
2024-01-04,21317960,-10.71,1.901,-4.205,49.212,91.083,67.979
2024-01-05,21317937,-11.525,-1.059,-7.271,62.396,81.779,71.945
2024-01-05,21317939,-11.826,-1.209,-7.575,63.197,82.557,71.121
2024-01-05,21317940,-12.104,-1.702,-7.986,63.935,85.209,71.85
2024-01-05,21317941,-12.512,-2.217,-8.347,62.773,83.062,72.711
2024-01-05,21317942,-12.319,-2.045,-8.216,63.453,83.56,73.013
2024-01-05,21317943,-12.533,-2.11,-8.299,62.336,83.093,72.966
2024-01-05,21317947,-12.555,-1.981,-8.163,64.662,87.196,74.367
2024-01-05,21317948,-12.19,-1.724,-7.937,59.614,81.312,70.113
2024-01-05,21317949,-12.383,-1.981,-8.211,62.397,84.317,72.777
2024-01-05,21317950,-12.104,-1.809,-7.854,62.621,84.028,70.027
2024-01-05,21317953,-12.362,-2.067,-8.172,59.976,84.601,71.781
2024-01-05,21317958,-12.533,-2.11,-8.279,62.734,83.867,73.519
2024-01-05,21317959,-12.147,-1.895,-7.985,58.891,80.211,69.903
2024-01-05,21317960,-12.469,-2.195,-8.304,60.571,83.052,69.616
2024-01-06,21317937,-10.088,-1.187,-7.931,57.888,87.68,68.368
2024-01-06,21317939,-9.981,-1.509,-7.842,53.402,85.53,65.606
2024-01-06,21317940,-10.174,-1.724,-8.019,57.833,86.394,68.148
2024-01-06,21317941,-10.431,-2.26,-8.406,55.805,85.791,67.181
2024-01-06,21317942,-10.367,-2.045,-8.356,60.83,87.356,70.27
2024-01-06,21317943,-10.346,-2.217,-8.387,57.394,86.651,69.22
2024-01-06,21317947,-10.496,-2.002,-8.37,60.4,88.73,71.467
2024-01-06,21317948,-10.196,-1.831,-8.163,57.774,85.501,67.794
2024-01-06,21317949,-10.324,-1.981,-8.287,55.561,85.951,67.348
2024-01-06,21317950,-9.981,-1.788,-8.019,55.937,85.196,66.808
2024-01-06,21317953,-10.196,-2.045,-8.188,57.115,88.957,68.412
2024-01-06,21317958,-10.346,-2.11,-8.31,56.44,85.118,67.625
2024-01-06,21317959,-10.238,-1.981,-8.262,59.754,83.729,67.937
2024-01-06,21317960,-10.431,-2.153,-8.377,57.064,85.098,67.678
2024-01-07,21317937,-9.466,-5.842,-7.133,84.732,90.065,88.652
2024-01-07,21317939,-9.059,-5.67,-6.854,81.189,88.659,85.766
2024-01-07,21317940,-9.531,-6.163,-7.338,85.722,88.688,87.23
2024-01-07,21317941,-9.788,-6.249,-7.685,80.896,88.678,85.486
2024-01-07,21317942,-9.809,-6.571,-7.694,85.757,89.978,88.633
2024-01-07,21317943,-9.788,-6.464,-7.695,86.487,89.439,88.656
2024-01-07,21317947,-9.745,-6.335,-7.583,87.233,90.913,89.209
2024-01-07,21317948,-9.638,-6.228,-7.434,81.816,88.428,85.958
2024-01-07,21317949,-9.638,-5.67,-7.46,81.34,88.211,85.376
2024-01-07,21317950,-9.509,-5.906,-7.315,81.991,88.034,85.307
2024-01-07,21317953,-9.745,-6.356,-7.573,85.736,91.037,89.17
2024-01-07,21317958,-9.616,-6.013,-7.529,81.344,87.231,85.253
2024-01-07,21317959,-9.488,-6.099,-7.345,80.247,85.927,83.663
2024-01-07,21317960,-9.638,-6.271,-7.664,84.091,87.387,86.047
2024-01-08,21317937,-7.021,-0.501,-3.778,67.829,85.299,76.031
2024-01-08,21317939,-6.764,-1.016,-4.053,68.905,83.587,76.227
2024-01-08,21317940,-6.807,-1.659,-4.227,72.306,87.172,79.255
2024-01-08,21317941,-7.171,-2.11,-4.497,71.992,85.263,77.13
2024-01-08,21317942,-7.965,-2.045,-4.597,72.068,87.845,78.793
2024-01-08,21317943,-9.445,-1.831,-4.865,70.773,91.302,78.907
2024-01-08,21317947,-7.257,-1.895,-4.576,74.856,89.412,81.622
2024-01-08,21317948,-8.608,-1.552,-4.592,69.734,88.133,77.151
2024-01-08,21317949,-7.15,-1.531,-4.469,70.266,86.606,77.64
2024-01-08,21317950,-6.871,-1.96,-4.23,72.206,86.22,78.983
2024-01-08,21317953,-7.493,-1.981,-4.595,73.782,87.031,79.81
2024-01-08,21317958,-7.214,-1.874,-4.452,71.688,85.846,77.962
2024-01-08,21317959,-7.665,-1.552,-4.442,70.051,84.45,75.961
2024-01-08,21317960,-8.072,-1.917,-4.736,71.601,86.963,78.593
2024-01-09,21317937,-7.021,-0.308,-5.121,74.533,94.139,82.181
2024-01-09,21317939,-6.914,-0.244,-4.857,67.674,94.102,80.855
2024-01-09,21317940,-7.343,-0.329,-5.065,73.867,96.625,82.838
2024-01-09,21317941,-8.051,-1.316,-6.039,74.362,94.084,82.67
2024-01-09,21317942,-7.879,-1.059,-5.994,75.412,93.989,83.875
2024-01-09,21317943,-10.153,-1.187,-6.256,74.226,93.7,83.741
2024-01-09,21317947,-7.836,-0.673,-5.644,75.88,97.72,85.517
2024-01-09,21317948,-8.587,-0.758,-5.91,74.261,93.87,83.086
2024-01-09,21317949,-7.493,-1.252,-5.859,73.959,94.153,82.51
2024-01-09,21317950,-7.364,-0.501,-5.374,73.434,94.209,81.605
2024-01-09,21317953,-7.75,-0.973,-5.755,76.176,95.357,84.109
2024-01-09,21317958,-7.75,-1.252,-5.968,74.908,94.263,83.085
2024-01-09,21317959,-8.137,-1.059,-5.983,73.487,92.697,82.363
2024-01-09,21317960,-7.858,-1.295,-6.102,74.22,92.958,82.583
2024-01-10,21317937,-0.265,7.649,3.251,59.631,94.713,80.455
2024-01-10,21317939,-0.222,6.898,3.302,62.008,94.199,79.689
2024-01-10,21317940,-0.244,6.469,3.036,64.208,96.864,82.392
2024-01-10,21317941,-1.531,6.427,2.323,63.462,95.134,83.278
2024-01-10,21317942,-1.166,6.126,2.37,65.84,94.752,83.789
2024-01-10,21317943,-1.402,6.577,2.357,65.702,94.85,83.564
2024-01-10,21317947,-1.123,6.813,2.511,66.709,98.616,86.035
2024-01-10,21317948,-0.951,7.263,2.784,62.177,94.501,81.112
2024-01-10,21317949,-1.359,6.555,2.224,64.204,95.157,84.037
2024-01-10,21317950,-1.016,5.612,2.337,69.094,94.809,84.321
2024-01-10,21317953,-1.166,6.469,2.426,67.089,96.258,84.318
2024-01-10,21317958,-1.359,6.469,2.27,65.473,95.544,83.999
2024-01-10,21317959,-1.08,7.134,2.698,61.436,93.66,81.197
2024-01-10,21317960,-1.466,6.212,2.191,65.675,94.296,83.552
2024-01-11,21317937,-4.941,0.764,-3.489,60.475,83.516,68.983
2024-01-11,21317939,-5.348,0.292,-3.889,60.034,86.038,68.405
2024-01-11,21317940,-5.434,-0.029,-4.264,63.084,87.031,72.049
2024-01-11,21317941,-5.498,0.228,-4.352,62.278,86.352,70.889
2024-01-11,21317942,-5.434,0.292,-4.205,62.466,85.409,71.175
2024-01-11,21317943,-5.606,0.335,-4.211,62.928,84.88,70.857
2024-01-11,21317947,-5.563,-0.222,-4.382,66.273,89.566,74.541
2024-01-11,21317948,-5.263,0.614,-3.938,60.29,84.027,68.749
2024-01-11,21317949,-5.391,0.078,-4.238,61.166,85.736,70.886
2024-01-11,21317950,-5.134,-0.051,-4.065,63.857,85.576,72.478
2024-01-11,21317953,-5.541,0.164,-4.214,64.025,86.39,72.039
2024-01-11,21317958,-5.477,0.271,-4.246,63.384,85.64,71.487
2024-01-11,21317959,-5.284,0.636,-3.958,59.892,84.088,68.353
2024-01-11,21317960,-5.563,0.207,-4.219,61.559,84.807,70.411
2024-01-12,21317937,-6.678,0.486,-4.434,40.418,79.193,63.63
2024-01-12,21317939,-6.764,-1.38,-4.807,47.295,82.37,65.082
2024-01-12,21317940,-7.043,-1.402,-5.229,48.278,85.658,67.248
2024-01-12,21317941,-7.45,-1.659,-5.438,45.449,82.402,66.684
2024-01-12,21317942,-7.472,-2.646,-5.647,50.018,83.012,67.506
2024-01-12,21317943,-8.072,-0.844,-5.6,41.344,82.315,67.296
2024-01-12,21317947,-7.557,-1.059,-5.277,45.934,86.844,68.456
2024-01-12,21317948,-7.45,0.7,-5.025,38.807,80.241,64.154
2024-01-12,21317949,-7.643,-0.501,-5.248,43.931,82.234,66.131
2024-01-12,21317950,-7.171,-3.182,-5.497,52.07,83.597,67.186
2024-01-12,21317953,-7.815,-2.41,-5.447,48.756,83.639,67.368
2024-01-12,21317958,-7.557,-1.38,-5.372,48.013,82.976,67.324
2024-01-12,21317959,-7.171,-0.029,-5.134,41.512,80.2,64.899
2024-01-12,21317960,-7.686,-2.903,-5.567,46.712,82.38,64.895
2024-01-13,21317937,-6.292,2.502,-0.589,67.495,92.473,82.762
2024-01-13,21317939,-5.992,2.394,-0.413,66.383,91.133,81.361
2024-01-13,21317940,-6.742,2.116,-1.005,70.379,93.848,84.742
2024-01-13,21317941,-7.686,1.129,-2.194,72.37,95.171,89.384
2024-01-13,21317942,-7.343,2.008,-1.744,72.041,94.061,85.635
2024-01-13,21317943,-7.622,1.15,-2.026,72.116,93.315,86.426
2024-01-13,21317947,-7.171,1.644,-1.453,73.365,96.864,87.77
2024-01-13,21317948,-7.236,2.759,-1.428,68.632,91.664,83.333
2024-01-13,21317949,-7.343,1.429,-2.056,69.845,93.228,85.209
2024-01-13,21317950,-6.914,1.73,-1.44,69.143,93.179,85.011
2024-01-13,21317953,-7.064,2.18,-1.699,71.873,95.842,87.095
2024-01-13,21317958,-7.515,1.086,-2.04,72.226,94.04,85.667
2024-01-13,21317959,-7.257,1.965,-1.554,68.479,91.449,82.851
2024-01-13,21317960,-7.557,0.872,-2.193,66.874,92.566,85.206
2024-01-14,21317937,-5.863,0.099,-2.421,53.693,90.332,69.765
2024-01-14,21317939,-6.163,-0.329,-2.609,53.521,86.921,68.727
2024-01-14,21317940,-6.614,-0.801,-3.112,56.57,92.145,72.694
2024-01-14,21317941,-7.043,-0.458,-3.156,52.921,91.653,69.385
2024-01-14,21317942,-7.064,-0.201,-2.991,53.341,88.591,70.314
2024-01-14,21317943,-7.086,-0.308,-3.052,53.887,89.31,69.396
2024-01-14,21317947,-6.807,-0.758,-3.259,58.753,95.128,75.455
2024-01-14,21317948,-6.7,-0.051,-2.762,53.808,88.46,67.749
2024-01-14,21317949,-6.978,-0.587,-3.121,51.626,88.235,68.876
2024-01-14,21317950,-7.086,-0.63,-3.326,57.484,91.092,75.99
2024-01-14,21317953,-6.978,-0.415,-3.14,53.689,90.546,71.192
2024-01-14,21317958,-7.064,-0.308,-3.114,53.768,90.332,70.475
2024-01-14,21317959,-6.764,-0.029,-2.779,53.886,85.933,67.142
2024-01-14,21317960,-7.15,-0.394,-3.184,52.641,89.233,69.09
2024-01-15,21317937,-6.506,-4.447,-5.507,60.185,79.202,66.981
2024-01-15,21317939,-6.828,-4.512,-5.66,58.679,72.519,64.275
2024-01-15,21317940,-7.086,-4.898,-6.081,62.045,76.347,68.979
2024-01-15,21317941,-7.965,-4.512,-6.214,60.342,77.696,67.012
2024-01-15,21317942,-8.094,-4.34,-6.065,60.368,75.709,68.005
2024-01-15,21317943,-8.523,-4.297,-6.213,60.139,78.215,67.551
2024-01-15,21317947,-7.322,-5.048,-6.247,66.053,79.596,71.943
2024-01-15,21317948,-7.772,-3.439,-5.907,57.47,74.739,65.608
2024-01-15,21317949,-8.029,-4.212,-6.237,60.633,77.142,66.892
2024-01-15,21317950,-7.193,-4.555,-5.967,65.115,76.919,70.883
2024-01-15,21317953,-7.901,-4.104,-6.139,59.472,75.862,67.984
2024-01-15,21317958,-8.029,-4.169,-6.225,61.228,78.003,68.042
2024-01-15,21317959,-7.75,-3.997,-5.91,57.919,73.466,65.173
2024-01-15,21317960,-8.437,-4.212,-6.224,60.322,76.869,66.564
2024-01-16,21317937,-8.48,-5.22,-6.784,58.854,88.753,75.605
2024-01-16,21317939,-8.78,-5.348,-6.728,60.299,87.739,74.092
2024-01-16,21317940,-9.08,-5.584,-7.011,64.64,89.369,78.468
2024-01-16,21317941,-9.295,-5.52,-7.225,61.244,88.322,78.043
2024-01-16,21317942,-9.23,-5.52,-7.185,63.33,87.782,78.167
2024-01-16,21317943,-9.981,-5.091,-7.456,59.397,88.669,78.391
2024-01-16,21317947,-9.338,-5.713,-7.178,65.303,92.079,80.166
2024-01-16,21317948,-9.423,-5.027,-7.029,57.452,87.611,75.382
2024-01-16,21317949,-9.381,-5.606,-7.13,64.318,87.034,77.88
2024-01-16,21317950,-8.93,-5.498,-6.886,66.781,86.967,77.897
2024-01-16,21317953,-9.423,-5.477,-7.11,61.056,88.888,78.419
2024-01-16,21317958,-9.338,-5.734,-7.17,62.951,87.466,78.5
2024-01-16,21317959,-9.295,-5.327,-6.995,56.68,87.727,75.623
2024-01-16,21317960,-9.466,-5.734,-7.314,61.022,87.773,77.953
2024-01-17,21317937,-11.697,-7.193,-8.802,54.079,86.815,69.417
2024-01-17,21317939,-12.126,-7.429,-9.406,53.991,86.253,71.169
2024-01-17,21317940,-12.919,-8.201,-10.161,57.639,89.818,73.697
2024-01-17,21317941,-13.177,-7.965,-10.043,54.202,87.796,72.473
2024-01-17,21317942,-12.919,-7.815,-10.027,57.969,87.549,73.823
2024-01-17,21317943,-13.52,-7.858,-10.137,56.936,87.269,73.067
2024-01-17,21317947,-13.027,-7.943,-10.079,60.551,92.349,75.94
2024-01-17,21317948,-12.598,-7.322,-9.621,52.921,86.482,69.793
2024-01-17,21317949,-13.391,-7.922,-10.143,54.994,87.718,71.992
2024-01-17,21317950,-12.791,-8.158,-9.908,61.645,87.53,74.545
2024-01-17,21317953,-12.919,-7.429,-9.914,56.561,88.331,73.677
2024-01-17,21317958,-13.348,-8.158,-10.106,56.513,87.668,73.056
2024-01-17,21317959,-12.49,-7.236,-9.665,54.043,85.635,71.775
2024-01-17,21317960,-13.284,-8.201,-10.169,56.559,86.902,72.423
2024-01-18,21317937,-9.037,-4.748,-7.214,56.95,74.697,65.312
2024-01-18,21317939,-9.252,-5.348,-7.461,60.218,76.086,68.922
2024-01-18,21317940,-10.045,-6.378,-8.243,61.486,77.714,69.066
2024-01-18,21317941,-10.281,-5.97,-8.303,58.669,76.59,66.373
2024-01-18,21317942,-10.303,-6.035,-8.318,63.13,77.563,69.859
2024-01-18,21317943,-12.276,-5.734,-8.556,58.17,81.399,67.851
2024-01-18,21317947,-10.238,-6.035,-8.282,63.105,81.506,71.203
2024-01-18,21317948,-10.174,-4.919,-7.996,54.633,74.94,64.485
2024-01-18,21317949,-10.281,-6.249,-8.354,58.68,77.403,66.613
2024-01-18,21317950,-10.174,-5.949,-8.163,63.139,76.57,69.464
2024-01-18,21317953,-10.603,-5.434,-8.22,58.323,76.928,67.538
2024-01-18,21317958,-10.303,-6.335,-8.374,61.16,77.504,67.844
2024-01-18,21317959,-10.088,-5.649,-8.01,60.78,75.77,67.942
2024-01-18,21317960,-10.667,-5.927,-8.445,58.209,78.398,66.671
2024-01-19,21317937,-15.343,-7.536,-12.26,45.171,76.112,63.881
2024-01-19,21317939,-14.785,-7.364,-12.276,44.547,76.886,64.477
2024-01-19,21317940,-15.064,-8.094,-12.801,50.924,78.137,65.65
2024-01-19,21317941,-16.244,-9.08,-13.11,46.584,76.599,64.666
2024-01-19,21317942,-15.944,-8.952,-13.245,49.671,78.47,66.049
2024-01-19,21317943,-17.145,-9.402,-13.417,44.691,79.664,65.427
2024-01-19,21317947,-15.6,-8.437,-12.981,49.017,81.089,67.183
2024-01-19,21317948,-15.45,-8.823,-12.696,41.157,76.895,61.843
2024-01-19,21317949,-16.072,-8.78,-12.928,45.885,75.201,63.428
2024-01-19,21317950,-15.364,-8.244,-12.896,52.036,75.325,65.1
2024-01-19,21317953,-15.558,-8.673,-13.02,50.541,77.578,65.114
2024-01-19,21317958,-16.051,-9.016,-13.16,48.992,77.023,65.422
2024-01-19,21317959,-15.708,-8.866,-12.872,47.369,77.151,64.123
2024-01-19,21317960,-16.137,-9.23,-13.34,48.179,76.73,64.592
2024-01-20,21317937,-15.021,-9.445,-11.84,68.426,84.018,75.236
2024-01-20,21317939,-16.051,-9.96,-12.64,65.66,83.926,75.006
2024-01-20,21317940,-16.48,-10.174,-12.944,69.537,85.634,76.439
2024-01-20,21317941,-16.437,-10.045,-12.75,62.094,82.655,75.751
2024-01-20,21317942,-16.287,-10.024,-12.671,64.059,84.146,75.343
2024-01-20,21317943,-16.394,-9.96,-12.639,64.41,81.163,75.021
2024-01-20,21317947,-16.608,-10.346,-12.89,68.438,85.505,78.165
2024-01-20,21317948,-15.944,-9.809,-12.427,61.807,80.247,72.444
2024-01-20,21317949,-16.501,-9.96,-12.715,67.005,81.419,75.433
2024-01-20,21317950,-16.265,-9.767,-12.468,68.745,81.405,74.816
2024-01-20,21317953,-16.287,-9.981,-12.695,64.778,84.553,76.158
2024-01-20,21317958,-16.437,-10.067,-12.694,64.878,81.456,75.794
2024-01-20,21317959,-16.029,-9.745,-12.492,60.693,79.683,72.534
2024-01-20,21317960,-16.544,-9.96,-12.641,65.24,80.644,74.841
2024-01-21,21317937,-12.469,-9.016,-10.893,59.896,73.277,67.929
2024-01-21,21317939,-13.348,-10.582,-11.592,60.287,75.097,66.134
2024-01-21,21317940,-13.477,-10.989,-12.072,64.996,75.303,70.009
2024-01-21,21317941,-13.37,-10.496,-11.922,61.782,71.821,66.941
2024-01-21,21317942,-13.22,-10.796,-11.886,63.481,72.239,67.493
2024-01-21,21317943,-13.263,-10.11,-11.824,61.952,72.174,67.617
2024-01-21,21317947,-13.391,-10.496,-12.026,66.728,77.069,72.136
2024-01-21,21317948,-12.984,-10.196,-11.571,59.068,69.67,65.184
2024-01-21,21317949,-13.177,-10.431,-11.887,61.537,72.647,67.426
2024-01-21,21317950,-13.091,-10.86,-11.831,65.318,73.84,69.548
2024-01-21,21317953,-13.22,-10.796,-11.876,62.716,72.609,68.17
2024-01-21,21317958,-13.284,-10.775,-11.928,63.459,72.508,68.11
2024-01-21,21317959,-13.091,-10.367,-11.639,61.503,69.216,65.438
2024-01-21,21317960,-13.155,-10.088,-11.867,61.527,71.45,66.911
2024-01-22,21317937,-10.153,0.292,-3.603,63.384,86.963,73.765
2024-01-22,21317939,-11.289,0.057,-4.067,62.768,86.221,73.149
2024-01-22,21317940,-10.989,-0.523,-4.103,66.609,91.614,75.83
2024-01-22,21317941,-11.697,-0.437,-4.317,64.746,84.866,72.985
2024-01-22,21317942,-11.761,-0.179,-4.009,63.72,84.173,72.887
2024-01-22,21317943,-14.078,-0.179,-4.439,64.762,83.543,73.7
2024-01-22,21317947,-11.633,-0.265,-3.935,70.074,91.174,77.487
2024-01-22,21317948,-11.59,-0.008,-3.905,62.425,82.055,71.453
2024-01-22,21317949,-11.804,-0.587,-4.458,64.291,85.251,73.412
2024-01-22,21317950,-11.375,-0.351,-4.263,67.561,86.807,75.494
2024-01-22,21317953,-11.482,-0.222,-4.052,65.048,84.875,73.465
2024-01-22,21317958,-11.933,-0.501,-4.422,65.476,84.889,74.048
2024-01-22,21317959,-11.225,-0.136,-3.957,62.176,81.506,71.131
2024-01-22,21317960,-11.826,-0.351,-5.089,63.697,78.245,70.318
2024-01-23,21317937,-9.016,2.845,-2.886,50.239,82.759,65.363
2024-01-23,21317939,-8.952,1.429,-2.861,49.419,83.694,65.895
2024-01-23,21317940,-9.059,1.022,-3.072,48.623,85.391,68.074
2024-01-23,21317941,-9.552,-0.008,-3.451,49.14,83.433,66.444
2024-01-23,21317942,-9.509,0.25,-3.403,49.917,82.458,67.214
2024-01-23,21317943,-9.381,0.314,-3.254,50.907,82.509,65.759
2024-01-23,21317947,-9.381,1.837,-3.344,51.437,87.814,70.27
2024-01-23,21317948,-9.359,0.743,-3.171,50.704,80.426,65.1
2024-01-23,21317949,-9.209,1.343,-3.149,51.217,83.093,66.259
2024-01-23,21317950,-8.973,0.25,-3.127,48.74,85.176,67.377
2024-01-23,21317953,-9.166,0.25,-3.313,49.625,83.534,66.483
2024-01-23,21317958,-9.359,1.0,-3.219,52.604,83.584,67.205
2024-01-23,21317959,-9.402,0.507,-3.267,50.681,80.16,65.592
2024-01-24,21317937,-10.667,-4.834,-8.624,57.119,90.426,79.346
2024-01-24,21317939,-10.389,-3.997,-8.013,55.694,89.946,79.017
2024-01-24,21317940,-10.346,-4.791,-8.234,55.099,91.557,80.325
2024-01-24,21317941,-10.539,-6.249,-9.032,60.218,90.739,79.529
2024-01-24,21317942,-10.303,-5.391,-8.752,58.053,90.642,79.695
2024-01-24,21317943,-10.41,-5.906,-8.86,60.368,89.7,78.69
2024-01-24,21317947,-10.474,-5.241,-8.638,59.017,94.406,83.236
2024-01-24,21317948,-10.346,-5.198,-8.66,58.158,89.525,78.506
2024-01-24,21317949,-10.667,-5.756,-8.953,59.196,89.924,78.394
2024-01-24,21317950,-10.024,-5.005,-8.385,54.403,90.3,78.605
2024-01-24,21317953,-10.045,-5.305,-8.522,58.294,91.536,79.857
2024-01-24,21317958,-10.646,-6.099,-8.951,59.681,90.468,79.112
2024-01-24,21317959,-10.453,-5.434,-8.642,58.396,89.534,78.055
2024-01-25,21317937,-5.069,2.416,-1.387,72.006,90.898,86.215
2024-01-25,21317939,-3.954,1.172,-1.022,79.446,89.488,84.639
2024-01-25,21317940,-4.834,0.936,-1.435,79.226,91.55,86.928
2024-01-25,21317941,-6.356,2.008,-1.869,70.636,92.634,85.611
2024-01-25,21317942,-5.756,0.893,-1.89,81.877,91.154,86.992
2024-01-25,21317943,-6.206,1.73,-1.752,75.984,90.396,84.821
2024-01-25,21317947,-5.091,1.794,-1.581,81.202,94.528,88.475
2024-01-25,21317948,-5.541,3.059,-1.602,66.973,89.595,83.964
2024-01-25,21317949,-5.97,1.343,-1.694,75.665,90.729,84.328
2024-01-25,21317950,-5.155,1.258,-1.454,78.589,89.96,84.967
2024-01-25,21317953,-5.627,0.679,-1.812,80.659,91.539,86.671
2024-01-25,21317958,-6.228,1.365,-1.906,77.926,91.783,85.514
2024-01-25,21317959,-5.606,1.815,-1.711,73.741,89.842,84.187
2024-01-26,21317937,-0.758,1.0,-0.125,82.444,92.102,89.506
2024-01-26,21317939,-0.287,0.914,0.191,79.492,92.657,87.14
2024-01-26,21317940,-0.63,0.807,-0.015,78.283,92.963,89.572
2024-01-26,21317941,-0.801,0.421,-0.219,79.312,93.156,88.248
2024-01-26,21317942,-0.801,0.378,-0.299,81.724,93.857,89.708
2024-01-26,21317943,-0.737,0.464,-0.117,78.859,91.992,87.39
2024-01-26,21317947,-0.93,0.571,-0.285,83.922,95.569,92.288
2024-01-26,21317948,-0.78,0.507,-0.199,79.771,93.123,88.318
2024-01-26,21317949,-0.866,0.807,-0.131,78.598,92.612,87.612
2024-01-26,21317950,-0.501,0.936,0.038,79.001,91.736,87.917
2024-01-26,21317953,-0.651,0.528,-0.116,79.953,92.428,88.592
2024-01-26,21317958,-0.866,0.443,-0.153,78.791,92.944,88.289
2024-01-26,21317959,-0.716,0.486,-0.198,80.2,92.422,88.054
2024-01-27,21317937,-1.702,2.502,0.162,73.313,90.285,84.851
2024-01-27,21317939,-0.951,3.982,0.618,69.58,86.819,81.578
2024-01-27,21317940,-1.037,3.274,0.303,72.496,90.373,85.586
2024-01-27,21317941,-1.488,1.408,0.165,78.618,90.486,84.286
2024-01-27,21317942,-1.595,1.708,0.237,76.419,90.726,84.536
2024-01-27,21317943,-1.96,2.094,0.322,74.453,89.837,83.128
2024-01-27,21317947,-1.252,3.896,0.263,71.72,92.903,87.129
2024-01-27,21317948,-1.616,1.901,0.237,73.059,89.447,82.477
2024-01-27,21317949,-1.23,2.802,0.367,70.724,90.474,83.328
2024-01-27,21317950,-0.866,2.03,0.422,76.268,89.38,84.236
2024-01-27,21317953,-1.38,1.687,0.164,78.891,89.808,85.158
2024-01-27,21317958,-1.402,1.601,0.242,77.203,90.588,84.18
2024-01-27,21317959,-1.831,1.644,0.222,74.838,89.082,82.586
2024-01-28,21317937,0.078,2.823,1.027,72.157,91.646,84.758
2024-01-28,21317939,0.443,2.609,1.167,70.422,89.366,82.471
2024-01-28,21317940,0.271,2.33,1.08,74.331,92.587,84.609
2024-01-28,21317941,0.314,1.751,0.946,73.709,90.062,83.98
2024-01-28,21317942,0.207,2.18,0.995,74.714,90.518,84.108
2024-01-28,21317943,0.035,2.609,1.045,73.803,90.149,82.96
2024-01-28,21317947,0.207,2.18,0.955,77.751,94.42,86.881
2024-01-28,21317948,0.121,2.394,1.025,72.551,89.737,83.31
2024-01-28,21317949,0.25,2.459,1.061,73.562,90.715,83.313
2024-01-28,21317950,0.335,2.738,1.184,74.45,91.284,83.858
2024-01-28,21317953,0.207,2.051,1.021,73.8,91.337,84.664
2024-01-28,21317958,0.271,2.351,1.053,73.53,90.866,83.809
2024-01-28,21317959,0.057,1.923,0.969,73.941,89.314,83.792
2024-01-29,21317937,-3.053,0.507,-1.053,68.815,82.078,75.604
2024-01-29,21317939,-2.86,0.721,-0.96,69.442,81.621,74.459
2024-01-29,21317940,-2.946,0.636,-1.273,73.448,84.695,77.738
2024-01-29,21317941,-3.246,0.4,-1.407,71.189,81.917,76.321
2024-01-29,21317942,-3.204,0.528,-1.298,70.152,81.651,75.589
2024-01-29,21317943,-3.182,0.593,-1.241,68.655,81.573,75.15
2024-01-29,21317947,-3.246,0.4,-1.458,75.489,86.476,80.208
2024-01-29,21317948,-3.118,0.571,-1.084,67.204,80.305,73.613
2024-01-29,21317949,-3.161,0.443,-1.27,69.413,82.406,75.463
2024-01-29,21317950,-2.86,0.743,-1.131,70.591,83.337,76.161
2024-01-29,21317953,-3.032,0.657,-1.254,71.768,81.735,76.073
2024-01-29,21317958,-3.053,0.593,-1.298,70.811,82.824,76.153
2024-01-29,21317959,-3.161,0.507,-1.147,68.06,80.714,73.897
2024-01-30,21317937,-10.303,-3.096,-7.453,58.454,75.169,67.581
2024-01-30,21317939,-9.616,-2.817,-7.194,57.639,74.911,67.094
2024-01-30,21317940,-9.659,-2.946,-7.39,63.917,78.369,70.303
2024-01-30,21317941,-10.324,-3.268,-7.948,60.51,78.814,67.974
2024-01-30,21317942,-10.41,-3.246,-7.952,63.027,78.058,68.37
2024-01-30,21317943,-10.582,-3.204,-7.836,57.467,78.14,67.462
2024-01-30,21317947,-10.131,-3.289,-7.75,63.478,81.61,72.539
2024-01-30,21317948,-10.796,-3.053,-7.76,57.728,76.397,66.22
2024-01-30,21317949,-10.41,-3.032,-7.401,56.829,77.723,67.147
2024-01-30,21317950,-9.895,-2.796,-7.39,62.405,76.822,68.319
2024-01-30,21317953,-9.981,-3.01,-7.611,60.848,76.86,68.01
2024-01-30,21317958,-10.367,-3.096,-7.652,60.855,77.815,67.97
2024-01-30,21317959,-10.925,-3.204,-7.867,58.697,76.442,66.452
2024-01-31,21317937,-6.978,1.193,-2.632,67.042,81.529,74.843
2024-01-31,21317939,-6.356,1.708,-2.186,66.412,77.176,73.239
2024-01-31,21317940,-7.343,1.73,-2.534,69.223,79.545,76.118
2024-01-31,21317941,-8.051,2.137,-3.042,65.856,78.634,72.799
2024-01-31,21317942,-7.858,2.33,-2.827,66.783,78.561,73.382
2024-01-31,21317943,-7.943,2.03,-2.967,66.096,80.868,72.494
2024-01-31,21317947,-7.622,2.116,-2.549,72.45,82.416,78.566
2024-01-31,21317948,-7.472,1.687,-2.798,65.362,77.317,72.052
2024-01-31,21317949,-7.772,2.158,-2.936,65.225,78.114,72.313
2024-01-31,21317950,-7.45,1.837,-2.535,66.667,79.373,74.348
2024-01-31,21317953,-7.729,2.18,-2.782,66.632,78.384,73.606
2024-01-31,21317958,-7.943,2.223,-2.945,65.097,78.224,72.667
2024-01-31,21317959,-7.493,1.687,-2.828,64.517,77.559,72.066
2024-02-01,21317937,1.215,3.424,2.098,77.581,92.122,86.112
2024-02-01,21317939,1.451,3.381,2.331,76.199,90.257,84.713
2024-02-01,21317940,1.665,2.909,2.205,78.749,93.907,87.08
2024-02-01,21317941,1.601,2.845,2.304,76.085,91.06,85.541
2024-02-01,21317942,1.558,3.209,2.39,76.309,90.994,84.858
2024-02-01,21317943,1.515,2.845,2.247,76.327,91.159,85.327
2024-02-01,21317947,1.579,2.759,2.128,80.146,94.775,89.228
2024-02-01,21317948,1.601,3.274,2.309,76.791,89.14,83.732
2024-02-01,21317949,1.622,2.888,2.222,76.393,91.351,85.666
2024-02-01,21317950,1.772,2.587,2.197,78.318,91.435,86.676
2024-02-01,21317953,1.622,2.866,2.282,76.858,91.696,86.003
2024-02-01,21317958,1.794,2.909,2.304,76.324,91.028,85.639
2024-02-01,21317959,1.494,3.274,2.324,77.171,89.247,84.005
2024-02-02,21317937,-3.59,2.158,-0.995,66.905,91.635,79.534
2024-02-02,21317939,-3.354,2.008,-0.839,64.314,90.294,78.536
2024-02-02,21317940,-3.826,1.858,-1.027,68.782,93.027,81.274
2024-02-02,21317941,-4.061,1.687,-1.351,67.016,93.846,80.337
2024-02-02,21317942,-3.976,1.687,-1.273,66.485,93.014,79.825
2024-02-02,21317943,-4.061,1.751,-1.221,66.424,92.694,79.294
2024-02-02,21317947,-4.019,1.687,-1.272,71.89,95.496,83.837
2024-02-02,21317948,-3.89,1.987,-1.132,65.38,92.258,78.293
2024-02-02,21317949,-3.976,1.687,-1.155,66.879,93.246,79.64
2024-02-02,21317950,-3.697,1.794,-0.933,67.019,92.065,79.787
2024-02-02,21317953,-3.847,1.751,-1.159,66.792,92.605,80.212
2024-02-02,21317958,-3.976,1.815,-1.182,67.263,93.733,79.84
2024-02-02,21317959,-3.976,1.987,-1.172,65.321,91.508,78.286
2024-02-03,21317937,-6.614,-2.024,-4.212,55.045,76.97,69.154
2024-02-03,21317939,-6.335,-2.324,-4.002,51.72,75.642,68.845
2024-02-03,21317940,-6.721,-2.624,-4.436,63.261,76.558,71.21
2024-02-03,21317941,-7.536,-2.646,-4.761,56.849,77.423,69.455
2024-02-03,21317942,-7.3,-2.388,-4.711,60.162,79.133,70.692
2024-02-03,21317943,-8.051,-2.11,-5.052,56.652,82.806,70.459
2024-02-03,21317947,-6.957,-2.667,-4.681,65.069,79.559,73.884
2024-02-03,21317948,-6.742,-2.346,-4.57,57.356,82.577,68.095
2024-02-03,21317949,-7.536,-2.303,-4.503,59.655,78.338,69.563
2024-02-03,21317950,-6.893,-2.195,-4.365,60.935,76.208,69.793
2024-02-03,21317953,-7.128,-2.582,-4.782,54.774,76.835,70.234
2024-02-03,21317958,-7.686,-2.367,-4.621,58.802,78.694,69.609
2024-02-03,21317959,-6.893,-2.603,-4.624,57.008,75.714,67.884
2024-02-04,21317937,-8.308,-0.287,-4.886,61.056,89.819,79.986
2024-02-04,21317939,-7.793,0.443,-4.107,61.769,89.589,77.001
2024-02-04,21317940,-7.879,-0.394,-3.701,63.752,87.648,75.39
2024-02-04,21317941,-9.552,-0.115,-5.083,57.026,89.206,78.007
2024-02-04,21317942,-9.102,-0.523,-5.511,61.445,89.746,81.144
2024-02-04,21317943,-10.667,-0.244,-6.644,59.486,89.371,81.38
2024-02-04,21317947,-7.772,0.078,-4.219,63.0,92.438,79.926
2024-02-04,21317948,-9.145,-0.587,-5.803,61.096,90.295,80.775
2024-02-04,21317949,-9.166,0.829,-4.557,54.51,88.853,75.998
2024-02-04,21317950,-8.265,-1.166,-4.414,64.588,86.748,76.916
2024-02-04,21317953,-9.016,-1.724,-5.505,66.145,90.529,80.449
2024-02-04,21317958,-9.466,-0.051,-5.17,57.905,89.554,78.071
2024-02-04,21317959,-9.166,-0.716,-5.682,62.199,88.911,79.844
2024-02-05,21317937,-7.043,3.274,-2.716,42.702,81.964,62.257
2024-02-05,21317939,-6.356,3.724,-2.225,40.012,83.333,58.39
2024-02-05,21317940,-6.957,3.124,-2.867,40.652,79.802,61.303
2024-02-05,21317941,-8.008,2.652,-3.387,45.483,84.544,63.087
2024-02-05,21317942,-7.6,1.751,-3.506,45.87,85.78,63.227
2024-02-05,21317943,-10.496,3.252,-4.376,41.289,90.28,66.779
2024-02-05,21317947,-7.064,3.102,-2.89,44.022,82.589,63.288
2024-02-05,21317948,-7.322,3.874,-3.029,40.153,86.867,61.744
2024-02-05,21317949,-8.565,4.325,-3.066,40.438,85.414,63.774
2024-02-05,21317950,-7.128,2.158,-3.131,42.695,80.603,61.514
2024-02-05,21317953,-7.171,2.137,-3.213,45.472,84.814,62.009
2024-02-05,21317958,-8.93,3.445,-3.514,43.696,86.242,65.523
2024-02-05,21317959,-7.793,2.973,-3.301,43.418,86.299,63.195
2024-02-06,21317937,-6.935,1.429,-3.202,50.883,77.697,65.848
2024-02-06,21317939,-5.498,1.15,-2.908,50.738,74.833,63.975
2024-02-06,21317940,-6.163,1.022,-3.067,51.221,71.205,62.797
2024-02-06,21317941,-7.193,1.236,-3.721,51.974,75.418,65.995
2024-02-06,21317942,-7.557,0.164,-3.983,53.219,77.591,66.288
2024-02-06,21317943,-8.072,1.794,-4.572,49.886,82.907,68.231
2024-02-06,21317947,-6.657,1.15,-3.377,52.226,73.622,65.201
2024-02-06,21317948,-7.043,0.872,-3.602,51.008,79.222,65.7
2024-02-06,21317949,-7.364,2.673,-3.31,45.679,75.631,64.754
2024-02-06,21317950,-6.614,-0.094,-3.408,51.173,69.194,61.607
2024-02-06,21317953,-7.043,-0.201,-3.72,54.884,76.817,66.153
2024-02-06,21317958,-7.536,1.258,-3.628,49.363,78.75,66.26
2024-02-06,21317959,-7.064,1.043,-3.743,50.77,76.4,65.853
2024-02-07,21317937,-7.386,2.266,-2.83,52.775,88.258,72.854
2024-02-07,21317939,-7.043,0.936,-2.641,52.302,84.463,69.605
2024-02-07,21317940,-6.206,0.443,-2.433,61.999,81.949,71.15
2024-02-07,21317941,-8.394,0.378,-3.535,63.911,82.013,73.831
2024-02-07,21317942,-8.673,0.207,-3.605,61.688,85.168,73.649
2024-02-07,21317943,-11.118,1.301,-4.488,54.385,89.311,75.708
2024-02-07,21317947,-6.592,1.0,-2.544,64.442,85.539,73.79
2024-02-07,21317948,-8.608,0.25,-3.643,61.773,86.467,73.772
2024-02-07,21317949,-8.222,0.4,-3.24,58.907,82.631,71.156
2024-02-07,21317950,-6.742,0.614,-2.668,59.608,81.044,70.433
2024-02-07,21317953,-8.094,0.164,-3.52,61.372,82.095,73.154
2024-02-07,21317958,-8.78,0.421,-3.618,57.159,86.0,72.518
2024-02-07,21317959,-8.501,0.936,-3.77,58.573,84.871,73.157
2024-02-08,21317937,-2.067,7.049,1.615,42.64,79.449,66.508
2024-02-08,21317939,-1.016,6.727,2.0,42.345,74.531,63.027
2024-02-08,21317940,-0.244,6.234,2.035,42.544,72.83,60.866
2024-02-08,21317941,-1.852,4.882,1.052,51.177,77.838,68.73
2024-02-08,21317942,-1.981,4.646,0.946,53.648,77.345,67.525
2024-02-08,21317943,-3.761,6.448,0.877,47.611,83.854,68.178
2024-02-08,21317947,-0.994,6.641,1.728,47.51,78.543,67.148
2024-02-08,21317948,-2.41,5.869,1.207,48.879,78.112,65.409
2024-02-08,21317949,-1.445,6.105,1.498,50.068,75.911,65.666
2024-02-08,21317950,-0.973,5.118,1.662,47.921,75.082,63.825
2024-02-08,21317953,-1.573,4.775,1.213,49.555,75.425,65.049
2024-02-08,21317958,-1.96,5.612,1.369,50.132,77.678,66.766
2024-02-08,21317959,-1.702,5.14,1.146,48.412,78.135,64.945
2024-02-09,21317937,-0.565,7.091,3.813,57.118,84.036,69.612
2024-02-09,21317939,0.914,8.207,4.883,52.302,83.163,65.937
2024-02-09,21317940,0.528,7.821,5.218,56.355,78.141,63.646
2024-02-09,21317941,-1.059,7.37,3.378,54.559,82.809,69.83
2024-02-09,21317942,-0.651,7.671,3.538,57.575,85.827,71.259
2024-02-09,21317943,-1.102,8.571,3.201,51.281,88.286,71.085
2024-02-09,21317947,-0.072,8.443,4.585,52.551,83.629,68.707
2024-02-09,21317948,-0.565,7.778,4.045,51.501,82.361,66.651
2024-02-09,21317949,-0.994,8.1,3.122,56.175,84.912,70.28
2024-02-09,21317950,-0.201,7.864,3.962,53.901,82.351,67.969
2024-02-09,21317953,-0.372,7.478,3.815,54.591,83.336,68.021
2024-02-09,21317958,-1.295,8.057,3.093,56.67,85.148,70.974
2024-02-09,21317959,-0.651,7.349,3.93,52.66,80.708,66.762
2024-02-10,21317937,3.338,10.008,5.643,58.816,91.705,75.851
2024-02-10,21317939,2.759,9.472,5.609,59.431,89.458,77.184
2024-02-10,21317940,4.604,8.528,6.348,62.695,89.378,76.544
2024-02-10,21317941,3.617,8.872,5.973,59.385,89.984,75.728
2024-02-10,21317942,3.853,8.786,6.014,60.812,90.752,75.946
2024-02-10,21317943,2.094,9.451,5.566,59.878,92.708,77.519
2024-02-10,21317947,4.346,9.601,6.523,65.254,91.865,77.979
2024-02-10,21317948,3.767,10.03,5.926,56.5,89.599,73.771
2024-02-10,21317949,3.381,9.301,6.093,58.364,92.058,76.409
2024-02-10,21317950,4.582,8.807,6.22,62.484,90.378,77.089
2024-02-10,21317953,4.175,9.215,6.1,60.232,90.587,76.01
2024-02-10,21317958,4.325,9.193,6.199,58.767,90.634,75.698
2024-02-10,21317959,4.067,9.344,6.035,56.632,88.501,73.654
2024-02-11,21317937,2.437,5.097,3.502,63.752,73.895,68.59
2024-02-11,21317939,2.287,5.011,3.228,63.183,75.686,68.971
2024-02-11,21317940,1.794,4.775,2.974,66.307,77.069,70.817
2024-02-11,21317941,1.987,4.432,3.133,64.062,73.773,68.926
2024-02-11,21317942,2.03,4.325,3.123,63.622,74.885,69.612
2024-02-11,21317943,2.073,4.453,3.255,63.313,73.762,69.082
2024-02-11,21317947,1.88,4.389,2.943,68.191,78.778,72.857
2024-02-11,21317948,2.373,4.775,3.459,61.051,71.977,66.885
2024-02-11,21317949,1.944,4.475,3.124,63.536,74.24,68.963
2024-02-11,21317950,2.244,4.539,3.281,63.606,75.718,69.373
2024-02-11,21317953,2.073,4.432,3.207,62.844,74.156,69.005
2024-02-11,21317958,2.094,4.475,3.261,63.34,74.321,68.964
2024-02-11,21317959,2.437,4.797,3.451,61.196,72.187,66.804
2024-02-12,21317937,-1.166,2.652,1.623,63.948,77.545,71.536
2024-02-12,21317939,-1.724,2.416,1.397,68.128,79.593,72.227
2024-02-12,21317940,-0.608,1.965,1.128,69.58,83.134,74.14
2024-02-12,21317941,-0.887,2.223,1.138,64.584,78.846,72.661
2024-02-12,21317942,-1.338,2.416,1.228,64.984,80.861,72.518
2024-02-12,21317943,-3.246,2.738,1.136,63.81,85.75,73.05
2024-02-12,21317947,-1.423,2.073,0.999,69.285,83.249,75.851
2024-02-12,21317948,-2.732,2.845,1.376,62.002,84.372,70.188
2024-02-12,21317949,-1.359,2.48,1.091,65.389,82.11,73.201
2024-02-12,21317950,-1.316,2.78,1.424,64.691,80.836,72.091
2024-02-12,21317953,-2.067,2.738,1.213,64.341,81.244,72.128
2024-02-12,21317958,-1.166,2.63,1.24,64.196,80.641,72.904
2024-02-12,21317959,-1.874,2.652,1.446,61.413,80.284,69.836
2024-02-13,21317937,-5.112,1.987,-1.337,51.64,90.994,79.531
2024-02-13,21317939,-4.726,4.389,-0.777,41.851,90.706,73.884
2024-02-13,21317940,-4.641,2.866,-1.014,46.094,90.481,73.698
2024-02-13,21317941,-6.142,2.137,-2.206,50.457,91.115,77.777
2024-02-13,21317942,-5.263,2.18,-2.054,54.733,90.944,78.462
2024-02-13,21317943,-7.128,3.167,-2.554,52.54,90.927,78.589
2024-02-13,21317947,-5.027,2.931,-1.44,53.342,93.571,77.39
2024-02-13,21317948,-5.177,1.687,-2.144,49.836,90.73,79.155
2024-02-13,21317949,-6.313,2.823,-1.92,54.435,90.417,76.743
2024-02-13,21317950,-5.027,2.073,-1.622,49.345,88.904,74.397
2024-02-13,21317953,-5.52,1.73,-2.023,49.885,89.247,76.831
2024-02-13,21317958,-6.335,2.48,-2.134,55.315,90.71,77.561
2024-02-13,21317959,-5.134,2.008,-2.202,51.647,90.144,78.68
2024-02-14,21317937,-9.702,-2.453,-6.399,40.716,90.404,57.072
2024-02-14,21317939,-9.895,-3.632,-6.794,39.576,90.076,56.141
2024-02-14,21317940,-10.474,-3.933,-7.094,40.652,90.669,55.61
2024-02-14,21317941,-10.217,-3.997,-7.232,42.31,89.191,53.733
2024-02-14,21317942,-10.11,-3.976,-7.186,41.723,89.645,56.016
2024-02-14,21317943,-10.367,-2.839,-7.06,41.558,87.231,55.143
2024-02-14,21317947,-10.496,-3.654,-7.118,44.082,91.733,58.111
2024-02-14,21317948,-10.024,-3.547,-6.846,40.598,88.193,52.673
2024-02-14,21317949,-10.153,-2.989,-6.844,40.891,87.465,55.054
2024-02-14,21317950,-10.431,-4.104,-7.106,43.22,86.34,55.53
2024-02-14,21317953,-10.067,-3.89,-7.157,41.617,87.474,54.026
2024-02-14,21317958,-10.217,-3.439,-7.026,42.878,86.949,56.108
2024-02-14,21317959,-9.917,-3.74,-6.896,41.038,84.829,52.874
2024-02-15,21317937,-8.887,-2.238,-5.3,41.123,89.062,56.126
2024-02-15,21317939,-9.252,-1.681,-5.702,43.458,89.11,56.116
2024-02-15,21317940,-9.509,-2.646,-6.006,42.91,88.679,56.166
2024-02-15,21317941,-9.788,-2.41,-6.041,43.146,88.711,55.679
2024-02-15,21317942,-9.659,-2.217,-6.0,39.516,85.686,55.756
2024-02-15,21317943,-10.238,-1.209,-5.931,39.747,83.496,55.718
2024-02-15,21317947,-9.809,-2.431,-5.994,43.861,89.277,57.807
2024-02-15,21317948,-9.552,-1.273,-5.582,36.431,83.519,53.828
2024-02-15,21317949,-9.938,-2.582,-5.923,40.768,84.253,55.952
2024-02-15,21317950,-9.552,-2.775,-5.942,46.723,86.014,57.653
2024-02-15,21317953,-9.788,-2.024,-5.83,39.782,89.223,55.106
2024-02-15,21317958,-9.938,-2.174,-5.928,43.055,84.234,56.267
2024-02-15,21317959,-9.423,-1.852,-5.764,37.832,82.466,54.485
2024-02-16,21317937,-6.871,-0.909,-4.168,63.862,90.048,79.23
2024-02-16,21317939,-6.914,-1.638,-4.516,62.313,89.865,80.668
2024-02-16,21317940,-7.322,-1.745,-4.801,64.575,90.632,81.636
2024-02-16,21317941,-7.364,-1.573,-4.801,63.619,90.048,80.778
2024-02-16,21317942,-7.236,-1.616,-4.694,65.541,89.603,80.429
2024-02-16,21317943,-7.279,-1.166,-4.54,64.236,89.337,79.307
2024-02-16,21317947,-7.3,-1.852,-4.806,68.037,91.658,82.338
2024-02-16,21317948,-6.978,-1.338,-4.444,63.037,88.13,77.716
2024-02-16,21317949,-7.236,-1.423,-4.615,63.801,88.011,78.421
2024-02-16,21317950,-7.15,-1.616,-4.538,66.964,88.019,80.55
2024-02-16,21317953,-7.364,-1.745,-4.747,65.533,91.429,82.618
2024-02-16,21317958,-7.279,-1.316,-4.633,63.311,88.011,78.844
2024-02-16,21317959,-6.935,-1.402,-4.499,63.041,87.547,77.66
2024-02-17,21317937,-10.367,-4.834,-7.582,46.632,74.659,62.092
2024-02-17,21317939,-10.732,-4.962,-8.148,44.112,74.531,60.861
2024-02-17,21317940,-11.139,-5.37,-8.564,45.121,76.565,63.123
2024-02-17,21317941,-11.225,-5.67,-8.546,41.926,74.98,61.807
2024-02-17,21317942,-11.204,-5.563,-8.464,43.903,75.496,62.463
2024-02-17,21317943,-11.783,-5.756,-8.485,42.045,75.555,62.335
2024-02-17,21317947,-11.59,-5.842,-8.568,46.58,79.666,64.87
2024-02-17,21317948,-11.332,-5.434,-8.163,41.596,73.516,59.941
2024-02-17,21317949,-11.161,-5.756,-8.368,43.421,75.161,62.103
2024-02-17,21317950,-10.882,-5.434,-8.297,44.457,75.738,62.704
2024-02-17,21317953,-11.182,-5.584,-8.413,43.838,75.601,62.085
2024-02-17,21317958,-11.289,-5.584,-8.463,44.387,75.317,63.003
2024-02-17,21317959,-11.311,-5.391,-8.21,40.871,72.966,60.049
2024-02-18,21317937,-11.311,-1.059,-6.138,62.162,91.292,78.658
2024-02-18,21317939,-12.619,-1.187,-6.513,59.875,86.322,76.101
2024-02-18,21317940,-12.126,-1.681,-6.817,62.858,91.705,80.014
2024-02-18,21317941,-11.847,-1.809,-6.673,55.819,89.229,78.441
2024-02-18,21317942,-12.705,-1.552,-6.497,63.151,89.165,77.336
2024-02-18,21317943,-15.0,-1.724,-6.904,58.889,88.959,78.673
2024-02-18,21317947,-12.255,-1.681,-6.645,66.227,94.427,80.664
2024-02-18,21317948,-13.734,-1.145,-6.557,53.759,88.537,76.953
2024-02-18,21317949,-12.34,-1.788,-6.556,62.493,89.447,77.21
2024-02-18,21317950,-12.147,-1.895,-6.45,62.08,88.495,77.803
2024-02-18,21317953,-12.555,-1.874,-6.741,59.58,92.271,80.878
2024-02-18,21317958,-12.147,-1.702,-6.578,64.305,90.552,77.895
2024-02-18,21317959,-12.04,-1.509,-6.587,54.45,86.22,76.537
2024-02-19,21317937,-10.732,-3.74,-8.112,47.637,65.216,57.593
2024-02-19,21317939,-11.075,-3.933,-8.7,50.929,70.024,57.31
2024-02-19,21317940,-11.504,-4.319,-9.154,51.579,70.921,59.293
2024-02-19,21317941,-11.59,-4.705,-9.07,48.779,63.485,55.92
2024-02-19,21317942,-11.954,-4.641,-9.096,52.148,68.621,59.614
2024-02-19,21317943,-12.469,-4.748,-9.012,49.589,67.065,58.32
2024-02-19,21317947,-11.633,-4.683,-9.117,50.651,69.358,60.411
2024-02-19,21317948,-11.332,-4.426,-8.675,48.481,62.725,55.539
2024-02-19,21317949,-11.718,-4.598,-8.987,51.418,65.756,58.549
2024-02-19,21317950,-11.375,-4.533,-9.094,52.665,66.27,59.42
2024-02-19,21317953,-11.482,-4.619,-9.019,53.361,64.842,58.773
2024-02-19,21317958,-11.654,-4.705,-8.957,53.858,67.326,60.473
2024-02-19,21317959,-11.268,-4.512,-8.76,52.146,65.025,58.034
2024-02-20,21317937,-11.096,-1.917,-8.255,41.628,78.828,64.26
2024-02-20,21317939,-11.053,-4.019,-8.061,49.139,76.867,63.779
2024-02-20,21317940,-11.225,-4.512,-8.468,53.342,74.105,63.991
2024-02-20,21317941,-12.083,-4.447,-8.903,49.268,74.752,62.936
2024-02-20,21317942,-12.212,-4.855,-9.025,54.592,76.831,66.524
2024-02-20,21317943,-14.078,-3.547,-9.572,46.74,84.614,68.301
2024-02-20,21317947,-12.297,-3.246,-8.43,50.152,77.729,65.513
2024-02-20,21317948,-11.911,-3.804,-8.555,46.506,79.121,64.227
2024-02-20,21317949,-11.911,-3.632,-8.337,47.46,75.409,65.243
2024-02-20,21317950,-11.461,-4.726,-8.583,52.981,73.8,63.372
2024-02-20,21317953,-12.426,-5.027,-8.913,53.95,77.285,66.69
2024-02-20,21317958,-12.276,-3.933,-8.737,53.039,77.194,67.256
2024-02-20,21317959,-12.04,-3.847,-8.584,48.699,76.167,64.408
2024-02-21,21317937,-12.555,4.689,-3.271,47.733,81.262,65.362
2024-02-21,21317939,-10.131,5.89,-2.273,41.842,80.046,62.184
2024-02-21,21317940,-11.096,4.775,-2.534,43.13,81.506,62.263
2024-02-21,21317941,-12.619,4.453,-3.945,46.256,81.981,64.334
2024-02-21,21317942,-12.083,5.011,-3.711,44.576,85.872,64.666
2024-02-21,21317943,-13.777,6.298,-4.172,40.702,87.068,66.177
2024-02-21,21317947,-11.761,5.311,-2.847,44.854,86.526,64.032
2024-02-21,21317948,-12.362,5.654,-3.412,40.475,84.253,62.247
2024-02-21,21317949,-12.791,5.226,-3.744,44.932,82.17,63.736
2024-02-21,21317950,-11.182,4.046,-3.174,43.43,82.406,62.509
2024-02-21,21317953,-11.633,4.003,-3.568,47.092,83.922,64.315
2024-02-21,21317958,-12.748,4.925,-3.835,47.385,82.635,64.865
2024-02-21,21317959,-12.126,5.14,-3.605,43.409,82.892,62.508
2024-02-22,21317937,0.4,3.145,1.742,62.113,84.005,73.973
2024-02-22,21317939,0.507,3.874,2.104,56.115,78.337,70.452
2024-02-22,21317940,0.378,3.617,1.973,56.052,80.301,71.422
2024-02-22,21317941,-0.115,3.252,1.713,58.097,86.705,73.092
2024-02-22,21317942,-0.094,3.381,1.821,57.691,85.489,72.396
2024-02-22,21317943,0.121,4.432,1.703,58.859,86.706,74.277
2024-02-22,21317947,0.207,4.089,2.005,56.793,84.659,73.337
2024-02-22,21317948,0.099,3.939,1.978,57.54,85.544,72.005
2024-02-22,21317949,0.164,3.917,2.188,55.856,87.076,71.207
2024-02-22,21317950,0.207,3.831,2.11,55.085,83.482,70.669
2024-02-22,21317953,-0.094,3.252,1.697,58.335,86.947,73.322
2024-02-22,21317958,0.014,3.467,1.965,56.692,87.675,72.955
2024-02-22,21317959,0.057,3.617,1.958,57.511,84.408,71.163
2024-02-23,21317937,-7.3,8.185,2.428,56.179,91.046,78.288
2024-02-23,21317939,-6.549,7.134,2.735,54.188,86.622,76.558
2024-02-23,21317940,-7.214,6.577,2.574,56.277,89.265,78.834
2024-02-23,21317941,-8.222,6.491,2.362,51.981,89.273,77.165
2024-02-23,21317942,-7.965,6.898,2.431,54.285,88.35,77.145
2024-02-23,21317943,-8.051,7.821,2.389,55.122,90.202,77.505
2024-02-23,21317947,-7.386,7.113,2.718,58.019,91.38,80.147
2024-02-23,21317948,-7.729,7.242,2.553,54.261,88.614,76.26
2024-02-23,21317949,-7.536,6.813,2.662,55.961,90.066,76.743
2024-02-23,21317950,-7.236,7.006,2.822,53.263,88.664,77.028
2024-02-23,21317953,-7.965,7.435,2.53,52.361,88.972,77.079
2024-02-23,21317958,-7.729,6.856,2.596,56.103,90.152,76.815
2024-02-23,21317959,-7.772,7.049,2.469,52.892,87.483,76.155
2024-02-24,21317937,-15.472,-6.785,-10.559,29.357,64.004,50.176
2024-02-24,21317939,-15.407,-6.614,-10.793,31.995,61.628,47.574
2024-02-24,21317940,-15.944,-7.407,-11.318,32.572,61.303,47.954
2024-02-24,21317941,-16.137,-7.708,-11.494,32.096,64.384,49.025
2024-02-24,21317942,-15.901,-7.472,-11.352,31.751,63.265,48.712
2024-02-24,21317943,-16.201,-6.378,-11.155,28.809,65.161,49.292
2024-02-24,21317947,-15.944,-7.386,-11.176,35.459,64.8,50.991
2024-02-24,21317948,-16.029,-6.978,-11.011,28.647,61.303,47.433
2024-02-24,21317949,-15.793,-6.506,-10.827,30.291,63.935,48.974
2024-02-24,21317950,-15.665,-7.193,-11.262,35.502,60.969,48.564
2024-02-24,21317953,-16.008,-7.708,-11.469,30.419,62.698,48.059
2024-02-24,21317958,-16.029,-7.086,-11.193,31.366,64.973,49.348
2024-02-24,21317959,-15.965,-7.343,-11.27,29.839,61.605,47.927
2024-02-25,21317937,-10.56,1.172,-4.43,44.636,72.624,59.599
2024-02-25,21317939,-11.783,1.923,-4.615,44.201,73.983,57.01
2024-02-25,21317940,-11.354,0.872,-4.801,43.977,70.507,55.611
2024-02-25,21317941,-11.418,0.914,-4.795,46.607,73.132,56.687
2024-02-25,21317942,-12.147,1.279,-4.902,47.037,72.975,57.103
2024-02-25,21317943,-14.056,1.687,-5.45,46.841,78.877,60.411
2024-02-25,21317947,-11.504,1.687,-4.648,46.204,72.523,56.434
2024-02-25,21317948,-12.169,1.129,-4.673,46.314,74.627,56.899
2024-02-25,21317949,-11.504,1.687,-4.71,46.32,72.119,56.733
2024-02-25,21317950,-11.311,0.807,-4.749,47.811,75.418,56.993
2024-02-25,21317953,-12.19,1.022,-4.975,46.763,74.151,57.011
2024-02-25,21317958,-11.718,1.236,-4.686,47.445,73.693,57.157
2024-02-25,21317959,-11.633,1.258,-4.787,46.406,71.176,57.139
2024-02-26,21317937,-0.823,6.534,2.462,42.579,88.148,65.482
2024-02-26,21317939,-1.08,6.234,2.23,39.911,86.271,66.27
2024-02-26,21317940,0.486,5.719,2.427,38.804,90.236,63.099
2024-02-26,21317941,0.014,5.89,2.421,41.219,87.123,64.103
2024-02-26,21317942,-0.565,5.912,2.261,41.205,87.602,64.51
2024-02-26,21317943,-1.745,6.92,2.106,41.115,87.961,65.579
2024-02-26,21317947,0.014,6.062,2.373,42.525,91.173,65.197
2024-02-26,21317948,-1.037,6.534,2.398,40.278,86.761,63.831
2024-02-26,21317949,-0.008,6.663,2.523,41.471,89.078,64.216
2024-02-26,21317950,0.057,5.612,2.352,40.223,87.306,64.134
2024-02-26,21317953,-0.394,6.427,2.335,41.001,87.337,63.945
2024-02-26,21317958,-0.029,6.534,2.61,42.054,88.701,64.694
2024-02-26,21317959,-0.909,6.469,2.466,40.436,85.789,63.29
2024-02-27,21317937,-1.681,13.59,6.315,49.596,76.703,63.333
2024-02-27,21317939,-1.316,15.907,7.355,41.91,74.047,58.985
2024-02-27,21317940,0.057,15.563,8.056,41.962,68.685,54.018
2024-02-27,21317941,-1.702,15.07,6.798,45.298,75.77,60.255
2024-02-27,21317942,-1.745,14.663,6.73,44.936,74.577,59.712
2024-02-27,21317943,-2.71,14.984,6.229,44.096,78.915,62.189
2024-02-27,21317947,-1.037,15.306,7.839,44.208,73.613,57.091
2024-02-27,21317948,-1.573,15.842,7.06,42.235,76.786,59.416
2024-02-27,21317949,-1.767,15.949,7.1,42.799,74.235,58.465
2024-02-27,21317950,-0.844,15.22,7.116,43.847,72.67,58.255
2024-02-27,21317953,-1.295,14.641,7.01,45.162,75.491,59.238
2024-02-27,21317958,-1.724,15.756,6.989,44.105,75.805,59.901
2024-02-27,21317959,-1.938,16.164,7.039,41.852,75.399,59.15
2024-02-28,21317937,-2.667,12.196,8.824,60.566,87.048,79.472
2024-02-28,21317939,-3.204,13.912,9.792,58.152,85.214,75.909
2024-02-28,21317940,-3.783,14.212,10.047,55.808,87.121,76.628
2024-02-28,21317941,-2.946,13.74,9.82,59.145,85.855,76.856
2024-02-28,21317942,-2.603,13.504,9.69,57.539,87.118,77.349
2024-02-28,21317943,-2.817,13.504,9.232,61.622,87.272,78.798
2024-02-28,21317947,-3.418,13.869,9.934,57.136,88.551,78.53
2024-02-28,21317948,-2.303,14.319,10.135,56.785,84.576,75.796
2024-02-28,21317949,-3.225,14.169,10.233,56.761,86.862,75.263
2024-02-28,21317950,-2.732,14.277,10.015,58.222,86.151,76.2
2024-02-28,21317953,-2.86,13.504,9.73,58.473,86.999,77.714
2024-02-28,21317958,-2.989,14.191,10.262,57.488,86.966,75.883
2024-02-28,21317959,-2.324,14.341,10.249,56.648,83.299,74.825
2024-02-29,21317937,-11.804,-2.732,-9.648,36.33,74.226,53.462
2024-02-29,21317939,-12.233,-3.697,-10.04,29.512,65.17,46.535
2024-02-29,21317940,-12.576,-4.019,-10.491,30.526,72.921,47.268
2024-02-29,21317941,-12.962,-3.311,-10.673,30.768,71.569,48.088
2024-02-29,21317942,-12.598,-3.139,-10.386,32.264,73.973,50.298
2024-02-29,21317943,-12.834,-3.139,-10.43,30.24,74.308,49.084
2024-02-29,21317947,-12.641,-3.611,-10.401,32.407,75.778,50.265
2024-02-29,21317948,-12.533,-2.775,-10.259,30.437,71.574,47.833
2024-02-29,21317949,-12.662,-3.461,-10.352,32.927,74.798,49.497
2024-02-29,21317950,-12.362,-3.032,-10.195,32.439,71.896,47.218
2024-02-29,21317953,-12.748,-3.139,-10.438,30.597,73.968,48.118
2024-02-29,21317958,-12.812,-3.225,-10.455,30.709,73.725,49.436
2024-02-29,21317959,-12.598,-2.903,-10.227,30.002,70.018,47.549
2024-03-01,21317937,-10.903,0.357,-5.309,45.98,80.119,57.836
2024-03-01,21317939,-11.289,1.622,-5.492,42.081,74.865,55.805
2024-03-01,21317940,-11.547,1.772,-5.255,42.487,65.454,54.307
2024-03-01,21317941,-11.911,0.486,-5.803,39.699,75.944,56.584
2024-03-01,21317942,-11.633,0.121,-5.86,40.848,76.542,57.444
2024-03-01,21317943,-13.22,1.022,-6.343,40.784,84.068,61.151
2024-03-01,21317947,-11.654,-0.008,-5.581,42.167,75.654,57.473
2024-03-01,21317948,-12.126,0.464,-5.887,39.763,79.797,56.914
2024-03-01,21317949,-11.654,0.679,-5.743,40.212,75.224,57.864
2024-03-01,21317950,-11.44,0.357,-5.391,41.674,73.918,56.653
2024-03-01,21317953,-12.083,0.335,-5.725,38.112,75.756,56.211
2024-03-01,21317958,-11.847,0.571,-5.739,39.573,76.947,57.977
2024-03-01,21317959,-11.675,0.421,-5.729,39.088,75.329,55.654
2024-03-02,21317937,-2.539,4.153,1.745,60.977,93.727,79.188
2024-03-02,21317939,-2.968,5.226,1.723,58.079,92.363,77.814
2024-03-02,21317940,-1.809,5.011,2.798,57.873,92.493,74.069
2024-03-02,21317941,-5.606,4.389,0.435,59.316,93.266,80.214
2024-03-02,21317942,-4.812,4.239,0.881,59.728,93.504,79.252
2024-03-02,21317943,-6.893,4.775,-0.204,60.314,94.318,83.745
2024-03-02,21317947,-3.096,5.826,2.267,55.625,94.136,76.702
2024-03-02,21317948,-4.812,4.346,1.063,61.404,93.901,80.036
2024-03-02,21317949,-5.456,4.732,0.061,58.222,93.806,82.057
2024-03-02,21317950,-3.954,4.818,1.286,59.417,91.124,78.572
2024-03-02,21317953,-4.447,4.325,1.229,62.887,92.876,79.068
2024-03-02,21317958,-5.906,4.689,0.397,59.11,94.223,80.426
2024-03-02,21317959,-4.812,4.368,0.9,60.212,92.19,78.727
2024-03-03,21317937,1.0,8.764,4.081,62.483,95.093,86.003
2024-03-03,21317939,1.987,10.673,5.296,54.56,93.857,82.089
2024-03-03,21317940,2.266,8.979,4.949,61.759,95.984,84.59
2024-03-03,21317941,1.601,8.915,4.468,60.217,95.77,83.329
2024-03-03,21317942,1.751,8.528,4.272,64.315,94.794,84.568
2024-03-03,21317943,0.228,9.258,4.029,62.295,95.613,85.316
2024-03-03,21317947,2.116,9.022,4.575,65.582,97.574,86.734
2024-03-03,21317948,0.636,8.614,4.092,63.54,95.257,85.311
2024-03-03,21317949,1.644,10.545,4.677,55.09,95.285,82.955
2024-03-03,21317950,2.309,9.279,4.856,59.156,93.353,82.666
2024-03-03,21317953,1.837,8.743,4.361,61.888,95.283,84.339
2024-03-03,21317958,1.644,9.386,4.535,60.104,96.117,83.658
2024-03-03,21317959,1.365,8.85,4.273,61.123,94.301,83.075
2024-03-04,21317937,-0.222,7.499,3.016,66.882,95.532,86.516
2024-03-04,21317939,1.022,10.137,4.972,63.613,94.154,82.306
2024-03-04,21317940,0.743,11.317,5.897,66.744,96.112,84.018
2024-03-04,21317941,-1.102,6.898,3.213,66.635,93.774,81.99
2024-03-04,21317942,-0.651,7.285,3.126,67.353,93.64,83.068
2024-03-04,21317943,-1.552,7.864,2.954,65.335,94.386,83.302
2024-03-04,21317947,0.764,9.644,4.476,71.221,93.297,85.34
2024-03-04,21317948,-0.758,6.834,2.858,65.62,94.566,83.322
2024-03-04,21317949,-0.222,8.271,3.606,63.102,92.877,81.345
2024-03-04,21317950,0.464,8.335,4.496,66.676,92.181,81.495
2024-03-04,21317953,-0.63,7.713,3.481,66.332,95.129,82.21
2024-03-04,21317958,-0.608,7.799,3.481,63.563,93.339,81.137
2024-03-04,21317959,-0.823,7.156,2.935,64.947,92.534,81.762
2024-03-05,21317937,1.815,12.11,7.665,65.197,89.686,78.255
2024-03-05,21317939,5.569,14.191,8.724,56.88,86.206,74.672
2024-03-05,21317940,7.091,13.547,9.47,62.107,84.887,74.837
2024-03-05,21317941,3.102,13.676,8.427,57.873,86.152,74.735
2024-03-05,21317942,2.759,13.655,8.351,59.161,86.123,75.818
2024-03-05,21317943,1.258,15.177,7.925,56.881,92.364,76.958
2024-03-05,21317947,6.212,13.955,9.448,62.502,86.366,76.387
2024-03-05,21317948,2.158,14.105,8.321,58.172,86.307,74.255
2024-03-05,21317949,2.673,14.298,8.589,57.159,88.533,73.646
2024-03-05,21317950,5.526,13.676,9.457,60.862,82.264,73.612
2024-03-05,21317953,3.145,13.676,8.606,59.811,86.175,74.763
2024-03-05,21317958,2.716,13.569,8.395,60.278,85.872,74.643
2024-03-05,21317959,1.665,14.148,8.394,56.06,86.416,73.516
2024-03-06,21317937,3.467,7.242,4.682,62.473,92.976,86.507
2024-03-06,21317939,3.853,7.671,5.319,53.437,90.767,83.103
2024-03-06,21317940,3.724,8.335,5.329,61.024,92.401,84.415
2024-03-06,21317941,3.724,7.842,5.075,58.958,92.007,83.445
2024-03-06,21317942,3.617,7.585,5.052,59.701,92.438,84.385
2024-03-06,21317943,3.746,6.984,5.025,60.745,93.1,84.463
2024-03-06,21317947,3.724,8.314,5.213,62.686,93.951,86.243
2024-03-06,21317948,3.617,7.542,4.918,57.943,92.68,84.412
2024-03-06,21317949,3.638,7.563,4.921,58.912,92.532,84.06
2024-03-06,21317950,3.81,8.7,5.315,59.6,90.678,82.998
2024-03-06,21317953,3.831,7.756,5.286,56.469,91.626,83.405
2024-03-06,21317958,3.789,8.164,5.042,59.388,92.346,83.956
2024-03-06,21317959,3.638,7.821,4.925,56.971,91.678,83.721
2024-03-07,21317937,2.309,8.657,4.918,41.569,65.359,54.047
2024-03-07,21317939,3.209,9.022,5.283,38.418,62.182,49.08
2024-03-07,21317940,2.695,8.743,5.017,37.255,60.711,48.709
2024-03-07,21317941,2.244,8.486,4.87,38.611,57.888,48.215
2024-03-07,21317942,2.309,8.121,4.768,39.013,61.34,50.03
2024-03-07,21317943,2.03,9.579,4.932,39.17,61.976,50.551
2024-03-07,21317947,2.523,8.807,4.913,39.525,62.878,50.322
2024-03-07,21317948,2.309,8.614,4.95,40.855,63.482,50.488
2024-03-07,21317949,2.18,9.193,5.073,39.132,63.6,50.479
2024-03-07,21317950,2.652,8.421,5.021,38.643,59.644,48.072
2024-03-07,21317953,2.587,8.936,5.051,37.704,60.621,49.003
2024-03-07,21317958,2.223,9.344,5.111,39.818,63.027,50.459
2024-03-07,21317959,2.266,8.872,4.869,41.471,65.6,51.872
2024-03-08,21317937,-1.402,7.392,2.562,48.151,74.725,60.505
2024-03-08,21317939,-1.123,8.228,3.059,41.07,70.074,54.425
2024-03-08,21317940,-1.445,6.834,2.537,38.958,68.064,54.261
2024-03-08,21317941,-1.466,6.534,2.16,42.455,70.979,57.134
2024-03-08,21317942,-1.638,6.448,2.091,40.345,71.24,57.376
2024-03-08,21317943,-1.659,7.563,2.277,43.555,71.308,57.21
2024-03-08,21317947,-1.724,6.791,2.406,40.597,69.85,56.27
2024-03-08,21317948,-1.423,6.77,2.306,43.78,74.038,58.709
2024-03-08,21317949,-2.088,7.585,2.537,44.337,70.072,55.697
2024-03-08,21317950,-1.402,6.641,2.458,41.253,67.488,55.035
2024-03-08,21317953,-1.445,6.641,2.436,39.564,70.312,56.131
2024-03-08,21317958,-1.659,7.113,2.384,43.874,70.672,56.821
2024-03-08,21317959,-1.402,6.663,2.202,43.867,71.731,59.345
2024-03-09,21317937,-0.244,6.448,3.731,48.998,88.647,69.182
2024-03-09,21317939,1.065,7.07,4.21,44.094,87.158,65.539
2024-03-09,21317940,0.571,6.834,4.214,43.297,89.525,64.714
2024-03-09,21317941,-0.265,7.52,3.714,43.476,88.084,67.63
2024-03-09,21317942,-0.222,8.035,3.684,43.432,89.357,67.499
2024-03-09,21317943,-0.844,8.85,3.569,43.165,90.871,69.66
2024-03-09,21317947,0.035,6.963,3.69,45.341,94.351,68.402
2024-03-09,21317948,-0.029,7.606,3.869,42.176,88.08,67.368
2024-03-09,21317949,-0.78,7.992,3.782,42.754,87.118,67.104
2024-03-09,21317950,0.271,7.177,3.915,43.659,89.709,66.998
2024-03-09,21317953,-0.051,7.864,3.806,43.792,91.026,67.371
2024-03-09,21317958,-0.415,7.37,3.703,45.522,87.768,68.123
2024-03-09,21317959,-0.094,7.52,3.892,43.088,86.848,66.285
2024-03-10,21317937,-2.346,4.046,1.394,80.838,93.603,88.837
2024-03-10,21317939,-2.689,4.346,1.236,77.572,93.046,88.129
2024-03-10,21317940,-2.968,3.038,0.94,84.733,94.336,90.728
2024-03-10,21317941,-2.388,2.823,1.04,85.368,93.645,89.991
2024-03-10,21317942,-2.41,2.866,1.07,85.008,94.4,90.651
2024-03-10,21317943,-2.281,3.96,1.279,82.701,95.265,90.501
2024-03-10,21317947,-2.903,2.909,0.936,87.938,97.261,92.977
2024-03-10,21317948,-2.131,3.81,1.421,81.03,93.747,88.647
2024-03-10,21317949,-2.303,3.188,1.242,82.132,93.933,89.061
2024-03-10,21317950,-2.582,3.338,1.228,86.133,91.975,89.228
2024-03-10,21317953,-2.539,2.823,1.004,86.458,95.151,91.922
2024-03-10,21317958,-2.11,3.059,1.182,82.658,94.35,89.903
2024-03-10,21317959,-2.26,3.038,1.327,81.946,92.277,88.033
2024-03-11,21317937,-3.354,4.217,0.286,44.837,92.982,65.623
2024-03-11,21317939,-3.847,3.724,-0.11,42.918,91.365,64.747
2024-03-11,21317940,-3.783,3.231,-0.223,42.885,93.175,64.308
2024-03-11,21317941,-3.118,2.952,-0.183,42.475,89.941,61.705
2024-03-11,21317942,-3.225,2.738,-0.214,43.294,92.58,64.42
2024-03-11,21317943,-2.925,4.175,0.025,43.659,91.925,64.08
2024-03-11,21317947,-3.826,3.102,-0.396,44.895,95.966,67.298
2024-03-11,21317948,-2.968,3.252,0.042,42.652,92.717,63.141
2024-03-11,21317949,-2.946,3.831,0.021,44.735,89.957,62.534
2024-03-11,21317950,-3.439,3.124,-0.176,43.105,89.877,63.835
2024-03-11,21317953,-3.354,2.866,-0.255,42.547,92.79,64.112
2024-03-11,21317958,-2.903,3.317,-0.037,44.311,90.848,63.183
2024-03-11,21317959,-3.032,3.424,0.039,42.983,90.134,62.544
2024-03-12,21317937,-0.887,9.73,3.902,23.612,65.826,44.37
2024-03-12,21317939,-0.823,9.837,3.942,19.818,61.819,40.61
2024-03-12,21317940,-0.716,8.764,3.654,21.691,61.283,40.546
2024-03-12,21317941,-1.509,8.829,3.232,22.103,65.281,42.249
2024-03-12,21317942,-1.316,8.528,3.213,22.316,63.929,42.297
2024-03-12,21317943,-1.724,9.88,3.038,22.519,66.366,44.5
2024-03-12,21317947,-1.466,8.829,3.378,24.102,64.75,43.795
2024-03-12,21317948,-1.531,9.236,3.37,22.49,64.352,42.744
2024-03-12,21317949,-1.402,10.309,3.675,20.945,65.629,42.205
2024-03-12,21317950,-1.016,8.593,3.472,22.06,63.029,41.397
2024-03-12,21317953,-1.423,8.593,3.23,21.924,64.744,41.887
2024-03-12,21317958,-1.466,9.236,3.387,22.22,65.583,42.857
2024-03-12,21317959,-1.273,9.279,3.366,22.335,63.188,42.672
2024-03-13,21317937,-1.509,7.07,2.495,50.962,81.431,68.992
2024-03-13,21317939,-1.338,7.499,2.93,44.511,77.441,66.426
2024-03-13,21317940,0.292,5.933,2.916,45.367,73.13,65.927
2024-03-13,21317941,-1.252,6.148,2.192,51.122,77.678,69.763
2024-03-13,21317942,-2.174,5.805,2.119,50.326,81.239,68.665
2024-03-13,21317943,-3.311,7.049,1.742,55.091,86.151,71.008
2024-03-13,21317947,-0.244,6.405,2.549,49.999,75.445,68.728
2024-03-13,21317948,-2.496,6.598,2.193,58.198,83.566,70.017
2024-03-13,21317949,-1.166,6.963,2.442,49.509,77.375,68.171
2024-03-13,21317950,-0.351,6.298,2.777,47.24,74.595,67.011
2024-03-13,21317953,-1.681,6.191,2.432,49.978,78.291,68.833
2024-03-13,21317958,-2.024,6.448,2.381,52.569,79.12,69.117
2024-03-13,21317959,-1.659,6.663,2.159,57.902,80.328,68.511
2024-03-14,21317937,1.622,11.724,6.887,39.664,79.834,62.63
2024-03-14,21317939,2.008,13.075,7.19,38.245,75.912,60.106
2024-03-14,21317940,2.137,12.432,7.022,42.525,77.588,60.98
2024-03-14,21317941,1.751,13.912,7.441,36.573,76.542,58.544
2024-03-14,21317942,1.301,13.226,7.146,40.507,78.479,58.959
2024-03-14,21317943,0.057,14.427,6.796,35.976,83.89,61.544
2024-03-14,21317947,1.065,13.075,7.157,42.109,83.272,61.701
2024-03-14,21317948,1.515,12.732,7.433,40.047,78.677,58.944
2024-03-14,21317949,1.193,13.033,7.376,38.795,78.442,58.904
2024-03-14,21317950,1.322,12.475,7.279,43.13,77.678,59.935
2024-03-14,21317953,0.443,13.869,7.294,37.572,81.703,58.669
2024-03-14,21317958,1.322,13.976,7.462,38.094,78.549,59.152
2024-03-14,21317959,1.858,13.097,7.514,39.924,74.687,57.934
2024-03-15,21317937,3.574,12.025,7.174,37.479,86.842,68.746
2024-03-15,21317939,4.818,12.389,8.021,33.729,79.309,61.743
2024-03-15,21317940,4.303,11.574,7.995,39.66,82.64,62.114
2024-03-15,21317941,3.681,12.003,7.799,39.385,83.74,63.28
2024-03-15,21317942,3.574,11.167,7.503,40.241,84.475,63.582
2024-03-15,21317943,3.724,12.947,7.52,39.298,85.373,65.867
2024-03-15,21317947,4.003,11.896,7.899,41.022,85.084,63.874
2024-03-15,21317948,3.36,12.411,7.488,38.744,86.764,64.84
2024-03-15,21317949,3.445,13.183,7.987,39.475,85.47,63.595
2024-03-15,21317950,4.196,11.231,7.961,40.748,82.774,62.328
2024-03-15,21317953,3.831,11.703,7.816,38.698,83.844,62.624
2024-03-15,21317958,3.703,12.754,7.92,40.63,85.251,64.113
2024-03-15,21317959,3.381,12.303,7.52,39.078,85.505,64.056
2024-03-16,21317937,1.708,6.534,4.051,58.99,89.14,79.667
2024-03-16,21317939,1.923,6.813,4.479,54.318,86.838,75.559
2024-03-16,21317940,1.494,6.748,4.257,55.872,88.609,77.657
2024-03-16,21317941,1.193,6.405,3.942,53.373,88.243,76.052
2024-03-16,21317942,1.322,6.169,3.847,59.101,89.009,78.62
2024-03-16,21317943,1.322,6.341,3.744,60.117,90.28,79.77
2024-03-16,21317947,1.515,6.448,4.065,58.277,90.048,79.602
2024-03-16,21317948,1.579,6.555,4.007,57.009,88.714,77.421
2024-03-16,21317949,1.386,6.684,4.21,56.698,87.533,76.255
2024-03-16,21317950,1.73,6.834,4.476,52.61,85.634,75.503
2024-03-16,21317953,1.386,6.341,3.989,56.185,88.4,78.073
2024-03-16,21317958,1.365,6.727,4.205,56.582,88.161,76.46
2024-03-16,21317959,1.472,6.555,3.988,57.452,87.535,76.404
2024-03-17,21317937,2.437,9.129,5.034,57.356,90.089,80.047
2024-03-17,21317939,3.038,8.486,4.871,55.869,90.079,79.577
2024-03-17,21317940,2.33,7.907,4.62,57.328,92.56,81.353
2024-03-17,21317941,2.309,8.593,4.726,53.594,90.895,79.603
2024-03-17,21317942,2.158,7.821,4.631,54.986,91.525,81.339
2024-03-17,21317943,2.223,9.451,4.736,52.77,92.349,81.496
2024-03-17,21317947,1.515,8.421,4.56,57.639,93.96,83.473
2024-03-17,21317948,2.416,8.571,4.942,53.407,90.98,79.699
2024-03-17,21317949,2.008,8.228,4.672,56.323,91.489,80.274
2024-03-17,21317950,1.901,9.043,4.978,51.534,90.066,80.125
2024-03-17,21317953,2.051,8.078,4.646,54.568,91.562,81.674
2024-03-17,21317958,2.18,9.494,4.877,54.299,91.498,79.733
2024-03-17,21317959,2.609,8.507,4.988,52.944,89.017,78.133
2024-03-18,21317937,0.357,3.724,2.133,65.629,89.659,77.621
2024-03-18,21317939,-0.201,3.553,1.849,63.874,90.756,76.697
2024-03-18,21317940,-0.072,3.081,1.437,68.605,91.74,79.913
2024-03-18,21317941,-0.051,3.617,1.783,68.609,89.531,77.778
2024-03-18,21317942,0.099,3.746,1.849,70.468,90.076,78.506
2024-03-18,21317943,0.121,4.024,1.897,71.365,90.715,79.135
2024-03-18,21317947,-0.222,2.995,1.398,72.226,94.228,82.358
2024-03-18,21317948,0.357,4.132,2.096,68.209,89.787,76.725
2024-03-18,21317949,-0.094,3.231,1.611,70.851,90.684,79.817
2024-03-18,21317950,-0.008,3.703,1.83,70.687,89.639,79.192
2024-03-18,21317953,0.121,4.11,1.895,70.495,90.587,78.685
2024-03-18,21317958,0.057,3.617,1.853,70.193,90.204,78.601
2024-03-18,21317959,0.292,4.11,2.114,66.838,87.584,75.072
2024-03-19,21317937,-3.504,1.429,-0.791,51.583,93.092,70.423
2024-03-19,21317939,-3.74,1.451,-1.116,54.847,89.43,69.092
2024-03-19,21317940,-3.933,0.657,-1.388,52.313,94.983,69.586
2024-03-19,21317941,-4.019,1.086,-1.13,50.192,91.394,65.62
2024-03-19,21317942,-3.826,1.022,-1.067,49.711,89.534,67.24
2024-03-19,21317943,-3.868,1.236,-0.976,49.612,89.911,67.127
2024-03-19,21317947,-4.147,0.764,-1.38,53.446,96.323,71.822
2024-03-19,21317948,-3.761,1.301,-0.867,49.624,90.932,66.155
2024-03-19,21317949,-4.019,1.15,-1.059,52.54,89.712,67.867
2024-03-19,21317950,-3.89,1.601,-0.867,48.811,88.948,66.662
2024-03-19,21317953,-3.89,1.772,-0.941,46.114,94.405,66.139
2024-03-19,21317958,-3.911,1.644,-0.909,50.399,90.584,66.433
2024-03-19,21317959,-3.74,1.494,-0.8,48.742,88.994,64.742
2024-03-20,21317937,-1.573,4.775,1.3,48.658,94.075,74.61
2024-03-20,21317939,-2.045,4.646,1.078,45.167,89.81,72.737
2024-03-20,21317940,-2.367,4.561,0.708,49.282,95.801,75.799
2024-03-20,21317941,-2.303,4.732,0.903,45.513,91.559,73.462
2024-03-20,21317942,-2.26,4.99,0.996,47.344,90.579,73.658
2024-03-20,21317943,-2.388,5.311,0.989,45.945,90.24,74.25
2024-03-20,21317947,-2.496,4.711,0.78,50.083,96.979,77.199
2024-03-20,21317948,-2.067,5.483,1.303,44.508,91.324,72.726
2024-03-20,21317949,-2.367,4.797,0.92,46.531,88.272,73.069
2024-03-20,21317950,-2.26,5.161,1.175,48.617,89.604,73.341
2024-03-20,21317953,-2.131,5.654,1.131,44.494,95.503,73.986
2024-03-20,21317958,-2.367,5.011,1.018,46.215,90.77,73.364
2024-03-20,21317959,-2.045,5.676,1.283,46.05,89.618,72.179
2024-03-21,21317937,-8.351,-1.702,-5.023,43.18,68.081,55.559
2024-03-21,21317939,-8.801,-2.153,-5.478,39.275,65.971,50.602
2024-03-21,21317940,-9.059,-2.41,-5.931,39.713,64.323,51.472
2024-03-21,21317941,-9.359,-2.367,-5.805,38.598,69.239,52.036
2024-03-21,21317942,-9.037,-2.303,-5.616,40.154,68.777,52.848
2024-03-21,21317943,-9.08,-2.346,-5.507,37.819,69.024,52.215
2024-03-21,21317947,-8.823,-2.646,-5.809,43.102,68.334,53.613
2024-03-21,21317948,-8.823,-2.131,-5.464,38.36,67.321,51.418
2024-03-21,21317949,-9.059,-2.153,-5.616,40.281,69.125,53.152
2024-03-21,21317950,-8.952,-2.346,-5.587,40.465,62.278,49.65
2024-03-21,21317953,-8.973,-2.238,-5.654,38.538,67.442,51.131
2024-03-21,21317958,-9.273,-2.045,-5.593,38.926,69.83,52.777
2024-03-21,21317959,-8.737,-2.131,-5.369,38.076,66.717,51.058
2024-03-22,21317937,-10.367,-2.989,-6.292,34.302,60.848,46.087
2024-03-22,21317939,-10.667,-3.182,-6.655,30.835,55.705,41.949
2024-03-22,21317940,-10.925,-3.74,-7.127,32.018,55.16,42.994
2024-03-22,21317941,-11.118,-3.268,-7.055,31.725,56.913,43.075
2024-03-22,21317942,-10.903,-3.675,-6.923,32.535,58.106,43.817
2024-03-22,21317943,-11.096,-2.603,-6.743,30.726,58.167,43.655
2024-03-22,21317947,-11.118,-3.761,-6.948,34.937,58.721,44.977
2024-03-22,21317948,-10.818,-3.01,-6.682,31.858,56.867,42.844
2024-03-22,21317949,-10.968,-3.225,-6.803,33.074,58.524,44.248
2024-03-22,21317950,-10.925,-3.032,-6.616,33.532,55.86,42.966
2024-03-22,21317953,-11.011,-2.968,-6.827,31.331,56.149,42.207
2024-03-22,21317958,-11.096,-3.01,-6.829,32.288,58.129,44.192
2024-03-22,21317959,-10.71,-3.289,-6.698,31.577,55.593,42.514
2024-03-23,21317937,-7.107,-3.59,-5.582,40.075,89.746,77.199
2024-03-23,21317939,-6.871,-3.59,-5.583,39.44,89.375,75.691
2024-03-23,21317940,-7.064,-3.826,-5.864,38.39,89.206,75.719
2024-03-23,21317941,-7.515,-4.19,-5.977,40.189,89.76,75.055
2024-03-23,21317942,-7.515,-4.169,-5.933,40.175,89.845,75.153
2024-03-23,21317943,-9.402,-4.254,-5.994,42.434,90.414,76.487
2024-03-23,21317947,-7.986,-4.126,-6.04,41.151,90.065,77.49
2024-03-23,21317948,-7.493,-3.761,-5.652,39.536,89.252,74.797
2024-03-23,21317949,-7.922,-3.997,-5.906,41.755,89.36,74.575
2024-03-23,21317950,-7.193,-3.783,-5.755,39.806,88.248,73.701
2024-03-23,21317953,-7.386,-3.933,-5.822,39.164,91.511,76.761
2024-03-23,21317958,-7.836,-4.104,-5.922,42.327,87.593,74.882
2024-03-23,21317959,-7.472,-3.89,-5.699,39.965,88.112,73.616
2024-03-24,21317937,-7.665,1.772,-2.543,34.852,83.253,63.469
2024-03-24,21317939,-8.565,1.258,-3.125,38.541,85.505,63.81
2024-03-24,21317940,-8.716,1.129,-3.599,37.713,85.814,66.024
2024-03-24,21317941,-8.48,1.88,-3.209,32.631,83.163,63.134
2024-03-24,21317942,-8.394,1.88,-3.292,34.672,83.314,63.292
2024-03-24,21317943,-10.968,2.759,-3.554,32.874,88.467,65.697
2024-03-24,21317947,-9.08,1.343,-3.402,36.275,89.119,66.374
2024-03-24,21317948,-8.801,2.116,-2.994,33.024,83.209,62.735
2024-03-24,21317949,-9.23,1.987,-3.128,34.411,85.571,63.632
2024-03-24,21317950,-9.316,1.944,-3.523,45.995,85.487,66.605
2024-03-24,21317953,-9.252,2.373,-3.402,34.197,84.262,64.128
2024-03-24,21317958,-8.759,2.18,-3.338,35.66,84.819,64.659
2024-03-24,21317959,-8.501,2.008,-3.215,39.467,80.96,63.264
2024-03-25,21317937,-5.498,8.593,1.722,28.336,78.062,49.43
2024-03-25,21317939,-5.177,8.55,1.654,28.574,77.073,50.087
2024-03-25,21317940,-3.525,7.413,2.358,26.743,69.68,43.399
2024-03-25,21317941,-4.984,8.957,1.68,27.237,78.471,50.787
2024-03-25,21317942,-5.413,7.799,1.351,26.291,79.121,49.778
2024-03-25,21317943,-7.0,9.408,1.081,25.783,86.041,53.306
2024-03-25,21317947,-4.19,7.971,2.093,28.13,76.67,47.319
2024-03-25,21317948,-5.67,8.657,1.525,25.953,79.565,50.816
2024-03-25,21317949,-5.198,8.507,1.801,26.397,80.795,50.597
2024-03-25,21317950,-4.447,7.821,1.843,27.93,75.83,48.48
2024-03-25,21317953,-4.855,8.228,1.668,25.769,76.938,49.218
2024-03-25,21317958,-5.305,9.215,1.726,27.047,80.16,51.028
2024-03-25,21317959,-5.027,9.837,1.813,26.603,74.728,50.037
2024-03-26,21317937,-0.78,11.553,5.051,32.731,74.247,53.962
2024-03-26,21317939,0.164,11.574,5.699,32.059,69.287,48.425
2024-03-26,21317940,-0.051,11.124,5.497,32.049,67.492,47.727
2024-03-26,21317941,-0.63,10.502,4.589,33.683,73.469,54.947
2024-03-26,21317942,-0.544,10.437,4.398,33.298,72.023,55.971
2024-03-26,21317943,-1.08,10.931,4.444,33.5,73.402,56.356
2024-03-26,21317947,-0.394,10.716,4.899,33.465,71.653,53.306
2024-03-26,21317948,-0.694,11.424,4.607,32.744,74.902,56.95
2024-03-26,21317949,-1.273,10.802,4.711,34.069,73.997,55.394
2024-03-26,21317950,-0.201,10.845,5.198,32.95,69.03,51.293
2024-03-26,21317953,-0.308,11.081,4.866,32.461,73.04,54.143
2024-03-26,21317958,-0.973,10.738,4.705,34.865,74.125,55.78
2024-03-26,21317959,-0.716,10.759,4.461,33.634,73.205,57.167
2024-03-27,21317937,4.41,11.724,7.595,66.575,87.341,76.141
2024-03-27,21317939,5.097,13.397,8.422,58.907,85.574,72.384
2024-03-27,21317940,5.161,12.346,8.339,64.118,86.853,74.104
2024-03-27,21317941,4.99,13.397,8.472,59.168,86.39,73.347
2024-03-27,21317942,4.818,13.547,8.243,59.788,87.796,73.88
2024-03-27,21317943,4.711,15.285,8.313,60.241,89.696,76.197
2024-03-27,21317947,4.925,13.226,8.375,63.565,89.589,75.85
2024-03-27,21317948,5.097,13.912,8.45,59.751,86.835,74.026
2024-03-27,21317949,5.311,13.504,8.686,59.301,86.226,72.588
2024-03-27,21317950,5.311,13.333,8.694,61.027,86.004,72.443
2024-03-27,21317953,4.904,13.483,8.314,59.883,88.437,74.102
2024-03-27,21317958,5.204,13.075,8.391,61.938,86.943,73.847
2024-03-27,21317959,5.204,14.148,8.503,58.868,84.924,72.528
2024-03-28,21317937,5.955,9.858,7.664,47.565,83.388,60.913
2024-03-28,21317939,5.44,9.837,7.658,44.97,77.16,58.961
2024-03-28,21317940,5.075,9.644,7.471,45.753,77.281,58.629
2024-03-28,21317941,5.569,9.644,7.635,45.669,77.952,58.267
2024-03-28,21317942,5.354,10.051,7.587,45.486,80.279,58.879
2024-03-28,21317943,5.526,9.73,7.645,44.063,85.139,59.591
2024-03-28,21317947,5.29,10.18,7.505,47.259,75.866,60.987
2024-03-28,21317948,5.762,10.073,7.843,45.692,78.975,58.343
2024-03-28,21317949,5.569,9.794,7.696,45.38,76.297,58.759
2024-03-28,21317950,5.483,9.558,7.847,44.346,75.724,57.03
2024-03-28,21317953,5.504,9.772,7.745,44.804,78.84,57.887
2024-03-28,21317958,5.59,9.73,7.758,45.409,76.922,59.143
2024-03-28,21317959,5.697,10.116,7.892,44.691,77.464,57.493
2024-03-29,21317937,1.794,10.587,5.678,34.243,72.366,53.485
2024-03-29,21317939,1.601,10.266,5.126,31.458,73.219,52.42
2024-03-29,21317940,1.15,9.322,4.704,32.57,74.725,53.116
2024-03-29,21317941,0.957,10.459,5.17,31.826,75.297,52.587
2024-03-29,21317942,0.872,10.652,5.261,31.513,74.02,52.378
2024-03-29,21317943,0.421,11.617,5.527,29.473,76.548,52.327
2024-03-29,21317947,0.872,10.609,5.098,32.668,77.94,53.94
2024-03-29,21317948,0.85,11.209,5.611,32.049,74.142,51.602
2024-03-29,21317949,0.636,11.638,5.37,31.551,75.377,52.955
2024-03-29,21317950,1.043,10.073,5.115,33.024,74.318,52.699
2024-03-29,21317953,1.108,10.952,5.316,30.805,75.132,51.692
2024-03-29,21317958,0.764,10.909,5.317,32.302,75.262,53.452
2024-03-29,21317959,1.086,10.502,5.485,31.89,71.896,51.11
2024-03-30,21317937,-0.029,7.735,3.58,31.737,59.586,47.09
2024-03-30,21317939,-0.201,6.984,3.338,29.459,53.794,43.068
2024-03-30,21317940,-0.458,6.491,3.001,29.664,54.176,43.354
2024-03-30,21317941,-0.565,7.091,2.976,29.148,54.092,43.511
2024-03-30,21317942,-0.544,6.791,3.127,29.651,54.43,43.465
2024-03-30,21317943,-0.523,8.464,3.404,27.811,54.528,43.098
2024-03-30,21317947,-0.716,6.941,3.117,31.94,57.539,45.348
2024-03-30,21317948,-0.265,7.392,3.304,29.102,54.006,43.301
2024-03-30,21317949,-0.48,8.293,3.448,29.239,56.098,44.036
2024-03-30,21317950,-0.501,6.705,3.142,29.815,55.164,43.685
2024-03-30,21317953,-0.501,6.92,3.125,29.297,53.178,42.541
2024-03-30,21317958,-0.544,7.37,3.207,30.301,55.451,44.457
2024-03-30,21317959,-0.287,7.306,3.241,29.519,53.639,43.333
2024-03-31,21317937,2.759,10.459,6.251,28.209,63.481,41.125
2024-03-31,21317939,2.587,10.502,6.009,26.001,67.683,38.599
2024-03-31,21317940,2.351,9.665,5.613,27.207,63.238,38.721
2024-03-31,21317941,2.051,10.523,5.724,26.099,62.919,38.479
2024-03-31,21317942,1.794,10.094,5.796,25.708,63.148,38.752
2024-03-31,21317943,-0.201,10.974,5.923,25.063,63.285,38.728
2024-03-31,21317947,2.223,10.159,5.782,28.199,64.823,40.349
2024-03-31,21317948,2.073,10.523,6.031,25.763,61.224,38.202
2024-03-31,21317949,2.287,11.231,6.025,26.145,64.465,39.578
2024-03-31,21317950,2.287,10.33,5.886,27.202,63.302,39.202
2024-03-31,21317953,1.172,10.48,5.732,25.188,62.863,38.194
2024-03-31,21317958,2.18,10.866,5.95,26.61,64.401,39.823
2024-03-31,21317959,2.18,10.437,5.916,26.336,61.123,38.315
2024-04-01,21317937,1.043,11.939,5.131,39.454,82.747,67.101
2024-04-01,21317939,1.322,10.974,5.275,38.45,79.446,64.678
2024-04-01,21317940,2.373,10.416,5.21,39.475,77.829,63.725
2024-04-01,21317941,1.15,10.845,4.973,38.593,80.923,66.317
2024-04-01,21317942,1.322,11.338,4.942,36.027,80.874,65.334
2024-04-01,21317943,-1.166,12.239,4.701,35.976,87.137,67.124
2024-04-01,21317947,1.858,11.102,5.127,38.839,81.831,65.795
2024-04-01,21317948,0.872,10.33,4.982,44.973,82.934,66.231
2024-04-01,21317949,1.751,11.424,5.192,38.621,79.693,65.362
2024-04-01,21317950,2.158,11.252,5.29,38.775,76.753,64.229
2024-04-01,21317953,1.343,11.488,5.002,35.01,81.007,65.618
2024-04-01,21317958,1.88,11.231,5.166,39.394,79.66,66.394
2024-04-01,21317959,0.936,10.695,4.984,45.307,81.231,64.89
2024-04-02,21317937,-1.852,11.638,4.712,33.165,93.709,64.337
2024-04-02,21317939,-1.681,12.046,5.002,30.645,92.889,61.45
2024-04-02,21317940,-1.059,11.167,4.841,32.937,91.649,61.9
2024-04-02,21317941,-1.831,10.909,4.192,33.747,94.173,64.78
2024-04-02,21317942,-1.96,10.888,4.04,32.941,94.058,65.1
2024-04-02,21317943,-2.41,11.789,3.945,32.383,95.256,66.403
2024-04-02,21317947,-1.681,11.102,4.569,33.225,96.034,64.667
2024-04-02,21317948,-2.002,12.003,4.441,31.806,94.012,65.005
2024-04-02,21317949,-1.788,11.381,4.499,34.003,94.186,63.775
2024-04-02,21317950,-1.209,10.974,4.731,33.469,91.942,61.434
2024-04-02,21317953,-1.831,11.209,4.434,32.172,95.471,64.343
2024-04-02,21317958,-1.681,11.531,4.295,34.458,94.601,65.012
2024-04-02,21317959,-2.067,11.596,4.259,32.091,93.448,65.267
2024-04-03,21317937,0.421,10.201,5.588,33.555,92.891,56.804
2024-04-03,21317939,0.421,10.244,5.801,33.167,93.013,55.215
2024-04-03,21317940,0.486,10.051,5.726,33.107,94.081,54.756
2024-04-03,21317941,0.099,10.008,5.259,36.152,94.296,56.803
2024-04-03,21317942,0.207,9.858,5.278,36.32,93.585,56.59
2024-04-03,21317943,0.443,10.309,5.334,36.008,93.303,57.292
2024-04-03,21317947,0.164,9.923,5.341,33.574,96.332,57.521
2024-04-03,21317948,0.4,10.051,5.578,37.301,92.94,56.33
2024-04-03,21317949,0.25,9.858,5.287,36.054,93.713,57.197
2024-04-03,21317950,0.378,10.159,5.499,32.645,92.424,55.848
2024-04-03,21317953,0.228,9.966,5.449,35.818,95.297,55.99
2024-04-03,21317958,0.271,10.008,5.395,37.604,94.606,57.52
2024-04-03,21317959,0.421,10.523,5.621,35.779,92.441,56.183
2024-04-04,21317937,-1.187,1.258,0.141,86.921,95.106,92.331
2024-04-04,21317939,-1.273,1.215,0.174,84.459,94.652,91.245
2024-04-04,21317940,-1.681,1.193,-0.147,87.008,97.728,95.195
2024-04-04,21317941,-1.724,1.386,-0.024,84.53,96.045,91.6
2024-04-04,21317942,-1.616,1.172,0.016,86.455,95.288,92.217
2024-04-04,21317943,-1.488,1.429,0.158,85.83,96.393,93.261
2024-04-04,21317947,-1.616,0.936,-0.187,90.101,99.579,95.574
2024-04-04,21317948,-1.38,1.365,0.175,86.371,96.533,93.76
2024-04-04,21317949,-1.659,1.365,-0.028,85.356,96.176,93.28
2024-04-04,21317950,-1.745,1.301,-0.103,83.757,95.01,91.963
2024-04-04,21317953,-1.531,1.365,-0.026,86.162,97.217,94.25
2024-04-04,21317958,-1.659,1.451,0.001,85.167,96.19,93.518
2024-04-04,21317959,-1.616,1.386,0.007,85.09,94.885,92.547
2024-04-05,21317937,1.022,6.148,2.966,71.919,91.733,86.406
2024-04-05,21317939,1.108,6.041,3.084,71.057,89.616,84.122
2024-04-05,21317940,0.872,5.376,2.681,73.913,92.813,86.744
2024-04-05,21317941,0.679,5.762,2.953,72.86,91.406,84.64
2024-04-05,21317942,0.721,5.869,2.867,72.311,92.589,85.697
2024-04-05,21317943,0.7,6.148,2.919,71.548,92.534,85.9
2024-04-05,21317947,0.7,5.397,2.652,76.347,94.221,88.871
2024-04-05,21317948,1.065,6.234,3.218,71.113,92.006,84.909
2024-04-05,21317949,0.636,5.933,2.84,73.492,92.221,85.747
2024-04-05,21317950,0.743,5.59,2.821,72.851,90.413,84.758
2024-04-05,21317953,0.721,5.976,3.015,72.198,92.181,85.296
2024-04-05,21317958,0.614,5.912,2.938,72.004,92.596,85.61
2024-04-05,21317959,0.893,6.212,3.18,70.463,90.675,83.826
2024-04-06,21317937,3.081,8.893,5.302,55.888,78.087,68.464
2024-04-06,21317939,3.231,9.108,5.368,53.787,75.006,66.952
2024-04-06,21317940,2.673,8.185,4.933,54.487,78.479,68.161
2024-04-06,21317941,2.845,8.7,5.059,53.877,79.588,67.676
2024-04-06,21317942,2.78,8.378,4.981,53.773,77.931,67.896
2024-04-06,21317943,2.201,9.944,5.006,52.949,80.543,69.263
2024-04-06,21317947,2.587,8.1,4.794,56.138,82.599,70.846
2024-04-06,21317948,3.274,8.936,5.35,55.639,79.728,67.787
2024-04-06,21317949,2.63,9.429,5.277,53.721,77.647,67.938
2024-04-06,21317950,2.759,8.4,5.176,49.438,76.597,66.193
2024-04-06,21317953,2.931,8.636,5.118,52.563,78.451,67.425
2024-04-06,21317958,2.695,8.893,5.201,53.306,77.56,67.74
2024-04-06,21317959,3.167,8.893,5.275,55.012,77.693,66.749
2024-04-07,21317937,0.314,13.118,7.138,36.983,87.288,59.605
2024-04-07,21317939,0.164,13.397,7.247,34.389,84.239,56.131
2024-04-07,21317940,0.142,12.904,6.834,35.982,86.018,58.169
2024-04-07,21317941,-0.244,14.148,7.235,33.817,84.582,57.348
2024-04-07,21317942,-0.351,13.247,6.678,35.836,85.837,59.1
2024-04-07,21317943,-2.453,15.499,6.227,33.211,92.317,62.239
2024-04-07,21317947,-0.415,13.161,6.89,37.067,90.097,59.882
2024-04-07,21317948,-1.08,14.105,6.951,34.443,88.542,58.997
2024-04-07,21317949,-0.93,14.191,7.15,34.884,88.692,58.921
2024-04-07,21317950,-0.094,13.011,6.772,38.556,84.334,58.652
2024-04-07,21317953,-0.994,14.448,6.878,33.358,87.845,58.173
2024-04-07,21317958,-1.145,13.848,6.896,36.056,88.499,59.61
2024-04-07,21317959,-1.016,14.083,6.965,35.102,87.387,58.585
2024-04-08,21317937,3.038,18.781,11.278,27.811,78.859,50.359
2024-04-08,21317939,4.41,17.794,11.088,27.34,69.482,48.335
2024-04-08,21317940,3.467,18.244,10.864,24.474,74.783,49.369
2024-04-08,21317941,4.175,18.695,11.725,23.25,70.411,44.78
2024-04-08,21317942,4.046,18.738,11.582,22.898,70.198,45.35
2024-04-08,21317943,1.987,19.553,10.957,22.77,77.418,48.328
2024-04-08,21317947,4.153,19.017,11.381,24.463,71.649,48.176
2024-04-08,21317948,1.965,18.866,11.592,23.264,77.285,46.064
2024-04-08,21317949,3.724,18.866,11.408,23.41,71.171,47.076
2024-04-08,21317950,3.467,18.545,11.127,23.868,73.245,48.611
2024-04-08,21317953,3.617,19.124,11.648,22.597,72.519,45.067
2024-04-08,21317958,4.003,18.931,11.584,24.276,72.137,47.326
2024-04-08,21317959,4.067,18.931,11.814,23.339,68.576,44.524
2024-04-09,21317937,6.405,18.802,12.027,26.181,59.06,42.792
2024-04-09,21317939,6.598,19.338,12.55,23.731,63.197,37.963
2024-04-09,21317940,7.134,18.094,12.198,24.285,60.296,38.065
2024-04-09,21317941,6.834,18.33,11.959,25.759,49.95,38.275
2024-04-09,21317942,6.898,17.365,11.72,26.56,49.548,38.339
2024-04-09,21317943,4.947,18.952,11.52,25.539,60.113,40.715
2024-04-09,21317947,7.285,18.223,12.135,25.425,59.728,38.99
2024-04-09,21317948,6.041,18.48,11.613,26.793,53.982,41.919
2024-04-09,21317949,5.848,18.48,11.852,25.873,59.205,40.655
2024-04-09,21317950,6.555,17.837,11.84,26.162,60.255,39.903
2024-04-09,21317953,7.199,18.18,12.094,25.731,52.203,37.413
2024-04-09,21317958,5.526,19.295,11.877,26.126,63.284,41.316
2024-04-09,21317959,6.255,18.33,11.594,27.517,56.4,42.135
2024-04-10,21317937,5.504,16.293,10.186,49.255,84.997,66.928
2024-04-10,21317939,6.298,18.03,11.493,39.091,83.249,61.177
2024-04-10,21317940,5.805,17.365,11.169,39.445,83.159,62.236
2024-04-10,21317941,5.333,17.837,10.593,46.429,82.275,63.316
2024-04-10,21317942,5.461,17.172,10.496,43.102,82.806,63.528
2024-04-10,21317943,5.311,19.124,10.692,47.465,86.075,63.454
2024-04-10,21317947,5.526,17.944,10.929,41.338,85.763,63.892
2024-04-10,21317948,5.547,17.815,10.505,47.225,83.322,64.716
2024-04-10,21317949,5.333,18.459,10.955,45.936,81.802,62.425
2024-04-10,21317950,5.783,18.309,11.335,40.69,79.03,61.16
2024-04-10,21317953,5.654,17.193,10.657,41.875,83.006,63.153
2024-04-10,21317958,5.397,17.773,10.758,48.06,82.109,63.633
2024-04-10,21317959,5.547,18.051,10.513,47.829,81.692,63.642
2024-04-11,21317937,7.499,13.826,11.472,72.184,90.744,82.287
2024-04-11,21317939,7.821,13.462,11.366,69.171,89.902,81.537
2024-04-11,21317940,9.129,13.29,11.705,71.868,90.451,81.533
2024-04-11,21317941,8.614,14.234,11.295,72.679,90.271,82.102
2024-04-11,21317942,8.293,13.612,11.219,73.341,90.959,82.588
2024-04-11,21317943,6.856,14.212,10.846,73.606,93.6,85.297
2024-04-11,21317947,8.7,13.354,11.655,73.622,91.74,83.734
2024-04-11,21317948,7.949,14.362,11.068,75.692,90.564,83.389
2024-04-11,21317949,7.542,13.933,11.384,71.061,92.515,82.117
2024-04-11,21317950,8.528,13.569,11.813,68.177,88.229,79.475
2024-04-11,21317953,9.108,13.912,11.463,72.125,90.245,81.805
2024-04-11,21317958,7.606,14.298,11.429,71.681,90.46,81.818
2024-04-11,21317959,7.628,14.255,11.095,73.359,89.641,81.659
2024-04-12,21317937,9.837,22.126,14.402,57.795,92.529,79.391
2024-04-12,21317939,10.137,22.019,14.263,57.246,89.68,78.923
2024-04-12,21317940,9.88,21.547,14.238,59.596,90.469,78.974
2024-04-12,21317941,9.987,22.877,14.431,52.976,89.863,78.261
2024-04-12,21317942,9.858,23.177,14.334,57.859,90.845,80.112
2024-04-12,21317943,9.129,24.636,14.303,55.213,91.534,81.56
2024-04-12,21317947,9.751,22.126,14.184,61.628,93.152,81.915
2024-04-12,21317948,10.159,23.113,14.58,55.764,90.092,78.759
2024-04-12,21317949,9.751,22.941,14.025,57.401,92.834,80.955
2024-04-12,21317950,9.858,22.169,14.365,57.163,88.174,78.352
2024-04-12,21317953,9.751,23.027,14.489,56.844,89.439,79.406
2024-04-12,21317958,9.794,22.47,14.216,55.593,92.067,79.589
2024-04-12,21317959,10.266,23.263,14.588,56.582,89.474,77.64
2024-04-13,21317937,3.767,10.931,7.147,64.721,87.407,78.31
2024-04-13,21317939,3.574,10.952,7.026,62.406,86.206,77.107
2024-04-13,21317940,3.424,10.909,6.777,66.186,85.36,78.208
2024-04-13,21317941,3.746,11.381,7.029,64.845,83.83,76.993
2024-04-13,21317942,3.638,11.188,7.034,64.149,85.425,77.772
2024-04-13,21317943,3.724,10.309,6.896,68.045,87.182,80.106
2024-04-13,21317947,3.338,11.231,6.817,67.651,87.205,80.343
2024-04-13,21317948,3.874,11.124,7.267,64.341,85.588,77.63
2024-04-13,21317949,3.789,11.381,6.961,63.316,84.253,77.141
2024-04-13,21317950,3.789,11.188,7.269,62.75,82.983,77.0
2024-04-13,21317953,3.681,11.124,7.08,63.876,86.448,78.254
2024-04-13,21317958,3.789,11.381,7.066,65.006,83.775,77.033
2024-04-13,21317959,3.874,11.167,7.261,63.056,83.894,76.262
2024-04-13,21317960,3.703,8.443,5.637,63.742,82.751,76.647
2024-04-14,21317937,4.046,11.896,7.555,55.474,88.161,72.584
2024-04-14,21317939,3.295,11.746,7.336,53.544,86.322,72.561
2024-04-14,21317940,3.038,11.231,6.973,54.275,85.904,74.35
2024-04-14,21317941,3.252,11.896,7.272,46.007,83.871,70.246
2024-04-14,21317942,3.252,12.025,7.183,50.349,84.038,72.782
2024-04-14,21317943,3.124,12.368,7.275,51.937,87.59,73.751
2024-04-14,21317947,3.081,11.853,7.108,54.4,87.892,75.442
2024-04-14,21317948,3.553,12.282,7.57,50.704,83.871,70.867
2024-04-14,21317949,3.36,11.746,7.183,53.201,84.756,73.235
2024-04-14,21317950,3.038,12.711,7.492,51.395,85.103,72.379
2024-04-14,21317953,3.209,12.432,7.367,47.863,85.287,72.237
2024-04-14,21317958,3.252,12.132,7.258,53.053,84.123,72.888
2024-04-14,21317959,3.531,12.175,7.529,51.038,82.197,69.815
2024-04-14,21317960,3.167,11.831,7.204,52.702,84.164,71.811
2024-04-15,21317937,7.263,15.006,10.185,34.969,86.824,64.576
2024-04-15,21317939,7.22,14.813,10.174,32.767,87.643,63.618
2024-04-15,21317940,7.006,13.912,9.803,33.332,88.229,64.323
2024-04-15,21317941,6.791,14.984,10.017,29.393,86.015,61.522
2024-04-15,21317942,6.748,14.663,10.005,29.714,87.082,63.01
2024-04-15,21317943,6.77,16.25,10.26,26.941,86.97,62.566
2024-04-15,21317947,6.727,14.984,9.955,34.211,90.459,65.467
2024-04-15,21317948,7.07,15.22,10.364,29.509,85.126,61.441
2024-04-15,21317949,6.77,14.941,10.165,32.146,86.929,63.189
2024-04-15,21317950,7.027,15.049,10.258,32.63,86.522,62.785
2024-04-15,21317953,6.834,15.285,10.108,28.832,87.233,62.231
2024-04-15,21317958,6.791,14.963,10.133,30.858,87.018,62.963
2024-04-15,21317959,7.07,15.692,10.443,28.785,83.94,60.486
2024-04-15,21317960,6.705,15.134,10.078,31.691,85.62,62.235
2024-04-16,21317937,5.075,12.561,8.632,38.117,81.875,57.326
2024-04-16,21317939,5.247,12.99,8.626,35.264,78.819,54.769
2024-04-16,21317940,5.14,12.153,8.155,39.448,79.39,55.451
2024-04-16,21317941,4.646,11.553,7.753,37.855,83.9,57.399
2024-04-16,21317942,4.668,11.724,7.901,38.743,86.381,58.766
2024-04-16,21317943,4.496,13.59,8.22,35.401,87.14,58.794
2024-04-16,21317947,4.839,12.389,8.245,39.371,85.057,58.061
2024-04-16,21317948,4.947,12.797,8.331,36.114,85.061,56.978
2024-04-16,21317949,4.668,13.097,8.437,37.618,83.166,57.736
2024-04-16,21317950,5.054,11.767,8.123,38.55,81.207,56.166
2024-04-16,21317953,4.818,11.703,7.814,37.217,88.02,58.344
2024-04-16,21317958,4.689,12.947,8.03,37.557,84.404,59.105
2024-04-16,21317959,4.861,12.539,8.287,37.008,84.819,56.903
2024-04-16,21317960,4.582,13.075,8.011,38.47,85.592,58.962
2024-04-17,21317937,2.244,9.258,6.268,47.303,66.419,55.39
2024-04-17,21317939,2.587,10.073,6.51,43.789,61.869,52.158
2024-04-17,21317940,1.88,9.365,6.079,44.846,62.75,52.304
2024-04-17,21317941,1.558,9.172,5.806,46.465,65.083,54.214
2024-04-17,21317942,1.451,9.065,5.798,46.635,63.906,54.22
2024-04-17,21317943,0.721,9.966,5.827,44.956,68.096,55.019
2024-04-17,21317947,1.73,9.386,5.969,46.932,63.931,53.985
2024-04-17,21317948,1.88,9.751,6.265,45.121,64.324,53.648
2024-04-17,21317949,1.193,9.451,6.099,45.034,67.24,54.507
2024-04-17,21317950,1.815,9.279,6.06,46.833,62.483,53.004
2024-04-17,21317953,1.708,9.622,6.089,45.029,63.244,53.112
2024-04-17,21317958,1.322,9.258,5.927,48.042,66.897,55.249
2024-04-17,21317959,2.008,9.687,6.085,45.881,63.261,54.589
2024-04-17,21317960,1.279,9.108,5.792,47.373,65.716,54.907
2024-04-18,21317937,5.118,11.338,7.667,49.186,86.673,69.809
2024-04-18,21317939,5.333,11.467,7.68,47.161,86.233,69.07
2024-04-18,21317940,5.44,10.974,7.458,49.616,87.329,69.307
2024-04-18,21317941,4.625,12.025,7.551,48.637,85.121,68.579
2024-04-18,21317942,4.582,12.218,7.565,48.333,86.879,68.828
2024-04-18,21317943,4.625,12.411,7.537,46.632,88.692,70.203
2024-04-18,21317947,4.904,11.789,7.362,46.992,88.939,71.0
2024-04-18,21317948,4.818,12.26,7.899,47.9,85.255,68.053
2024-04-18,21317949,4.797,11.617,7.595,48.962,85.731,69.091
2024-04-18,21317950,4.947,11.424,7.576,47.408,85.945,68.8
2024-04-18,21317953,4.925,11.917,7.643,47.98,86.784,68.5
2024-04-18,21317958,4.775,11.746,7.552,49.319,84.862,69.444
2024-04-18,21317959,4.711,12.582,7.846,46.767,82.824,67.321
2024-04-18,21317960,4.732,11.531,7.51,49.94,84.225,68.57
2024-04-19,21317937,6.469,13.762,9.716,61.118,92.488,76.566
2024-04-19,21317939,6.405,13.869,9.88,59.673,90.872,76.246
2024-04-19,21317940,6.276,13.333,9.51,59.944,92.305,77.518
2024-04-19,21317941,6.341,13.033,9.577,58.021,91.379,76.99
2024-04-19,21317942,6.362,13.419,9.671,58.579,91.591,77.608
2024-04-19,21317943,6.319,13.011,9.574,62.359,93.008,79.922
2024-04-19,21317947,6.255,13.14,9.436,63.514,93.594,79.994
2024-04-19,21317948,6.555,13.333,9.891,59.013,91.962,76.212
2024-04-19,21317949,6.598,13.011,9.706,60.629,91.078,77.759
2024-04-19,21317950,6.491,12.882,9.638,58.277,90.404,76.976
2024-04-19,21317953,6.298,13.204,9.56,60.488,93.182,78.468
2024-04-19,21317958,6.512,13.097,9.659,59.951,91.118,78.033
2024-04-19,21317959,6.534,13.354,9.875,58.08,90.188,75.118
2024-04-19,21317960,6.469,13.054,9.583,58.546,89.975,76.429
2024-04-20,21317937,6.405,11.703,9.07,41.83,71.299,56.303
2024-04-20,21317939,5.998,11.681,8.812,38.596,73.475,55.682
2024-04-20,21317940,5.526,11.102,8.334,39.983,71.498,55.193
2024-04-20,21317941,5.848,11.36,8.59,37.264,70.468,53.467
2024-04-20,21317942,5.719,11.295,8.695,38.602,69.694,54.755
2024-04-20,21317943,5.848,12.132,8.872,36.884,70.014,54.378
2024-04-20,21317947,5.547,11.467,8.53,39.681,73.787,56.067
2024-04-20,21317948,6.083,11.724,8.943,37.887,70.376,53.166
2024-04-20,21317949,5.783,11.317,8.604,38.694,70.489,55.656
2024-04-20,21317950,5.933,11.338,8.879,38.103,69.689,54.102
2024-04-20,21317953,5.826,11.424,8.774,36.434,69.973,53.822
2024-04-20,21317958,5.848,11.36,8.761,38.308,71.359,55.509
2024-04-20,21317959,6.083,11.617,8.933,37.946,68.069,53.249
2024-04-20,21317960,5.783,11.574,8.734,38.231,68.884,54.226
2024-04-21,21317937,2.802,8.979,6.106,45.226,84.155,61.649
2024-04-21,21317939,2.609,8.872,6.034,41.425,82.756,59.545
2024-04-21,21317940,2.502,8.121,5.521,42.757,83.752,60.608
2024-04-21,21317941,2.008,8.872,5.669,41.627,85.365,61.825
2024-04-21,21317942,1.987,9.022,5.71,42.098,86.189,61.335
2024-04-21,21317943,2.008,8.979,5.8,41.732,87.68,61.641
2024-04-21,21317947,2.502,8.078,5.48,44.453,86.558,62.344
2024-04-21,21317948,2.309,9.258,5.947,41.45,86.336,60.778
2024-04-21,21317949,2.244,8.55,5.584,43.413,85.823,62.413
2024-04-21,21317950,2.738,8.807,5.989,42.222,81.894,60.225
2024-04-21,21317953,1.923,9.558,5.814,39.866,87.135,60.944
2024-04-21,21317958,1.944,8.915,5.758,42.274,86.192,62.472
2024-04-21,21317959,2.309,9.172,5.968,41.595,85.245,59.564
2024-04-21,21317960,1.923,8.571,5.662,42.272,85.277,61.363
2024-04-22,21317937,-1.252,9.236,4.088,30.269,78.231,47.096
2024-04-22,21317939,-1.359,8.915,3.913,27.466,74.656,43.644
2024-04-22,21317940,-1.38,8.443,3.523,28.615,75.517,44.316
2024-04-22,21317941,-1.788,9.258,3.588,30.103,78.341,42.797
2024-04-22,21317942,-1.788,8.486,3.707,28.466,80.182,44.673
2024-04-22,21317943,-1.938,9.15,3.748,28.516,80.786,45.562
2024-04-22,21317947,-1.895,8.378,3.811,29.686,79.074,45.567
2024-04-22,21317948,-1.659,9.15,3.89,29.943,80.046,43.847
2024-04-22,21317949,-1.981,8.979,3.958,30.127,78.808,45.853
2024-04-22,21317950,-1.445,9.258,3.907,27.724,74.134,43.725
2024-04-22,21317953,-1.745,9.301,3.777,28.219,78.383,43.18
2024-04-22,21317958,-1.938,9.193,3.842,29.833,78.187,45.668
2024-04-22,21317959,-1.509,9.429,3.967,28.653,77.769,43.875
2024-04-22,21317960,-2.195,9.108,3.924,30.098,78.654,44.761
2024-04-23,21317937,4.368,18.545,11.959,27.512,78.799,46.357
2024-04-23,21317939,2.051,20.346,12.315,22.49,75.265,42.168
2024-04-23,21317940,3.789,19.51,12.423,22.46,78.714,39.466
2024-04-23,21317941,3.445,20.153,12.576,22.536,79.84,40.4
2024-04-23,21317942,3.124,20.003,12.323,23.346,81.07,41.561
2024-04-23,21317943,0.721,21.44,12.158,22.574,82.38,43.623
2024-04-23,21317947,5.419,19.789,13.032,23.577,82.731,38.301
2024-04-23,21317948,3.724,19.703,12.528,24.005,79.802,42.383
2024-04-23,21317949,3.381,19.982,12.79,23.676,81.753,39.725
2024-04-23,21317950,4.132,20.689,12.977,22.257,79.776,38.941
2024-04-23,21317953,3.681,20.539,12.49,22.834,80.877,40.526
2024-04-23,21317958,4.432,20.239,12.823,23.548,81.61,40.468
2024-04-23,21317959,3.66,19.596,12.479,24.845,78.053,42.648
2024-04-23,21317960,3.445,20.11,12.639,22.921,81.094,40.268
2024-04-24,21317937,0.035,11.102,5.643,29.766,92.77,67.048
2024-04-24,21317939,0.357,11.252,5.852,27.251,91.818,65.753
2024-04-24,21317940,0.25,10.931,5.362,28.963,92.189,66.544
2024-04-24,21317941,-0.051,10.845,5.315,27.53,94.533,65.99
2024-04-24,21317942,-0.48,10.716,5.171,28.148,93.356,67.396
2024-04-24,21317943,-1.573,10.695,5.294,29.134,92.413,69.19
2024-04-24,21317947,-0.136,10.652,5.32,31.426,93.475,68.499
2024-04-24,21317948,-0.287,11.081,5.582,26.487,91.051,65.536
2024-04-24,21317949,-0.158,10.781,5.484,30.671,91.275,66.951
2024-04-24,21317950,0.185,11.081,5.577,29.7,90.703,65.589
2024-04-24,21317953,-0.029,10.845,5.245,26.777,94.09,66.809
2024-04-24,21317958,-0.136,10.845,5.498,27.765,93.022,66.757
2024-04-24,21317959,-0.222,11.102,5.603,26.809,92.14,65.28
2024-04-24,21317960,-0.501,10.63,5.266,30.311,89.561,66.435
2024-04-25,21317937,-1.96,9.193,3.468,31.798,58.52,43.25
2024-04-25,21317939,-2.26,8.636,3.447,28.109,53.693,39.295
2024-04-25,21317940,-2.217,8.314,3.061,28.946,53.791,40.235
2024-04-25,21317941,-2.388,9.365,3.269,28.475,56.551,39.713
2024-04-25,21317942,-2.517,8.786,3.261,28.405,59.493,40.44
2024-04-25,21317943,-3.718,9.579,3.208,28.249,64.164,42.529
2024-04-25,21317947,-2.71,8.571,3.186,31.353,57.861,41.563
2024-04-25,21317948,-2.539,9.386,3.499,28.869,56.083,40.025
2024-04-25,21317949,-2.775,8.657,3.339,30.214,60.075,41.295
2024-04-25,21317950,-2.195,9.408,3.534,28.777,54.957,39.989
2024-04-25,21317953,-2.624,9.944,3.431,26.864,56.129,38.896
2024-04-25,21317958,-2.689,9.408,3.303,29.119,58.939,41.405
2024-04-25,21317959,-2.26,9.644,3.61,27.727,54.797,39.602
2024-04-25,21317960,-2.968,9.129,3.217,29.535,60.649,41.8
2024-04-26,21317937,1.622,14.148,8.526,24.483,69.868,40.442
2024-04-26,21317939,1.429,15.585,9.335,21.071,62.013,35.082
2024-04-26,21317940,2.094,14.684,8.954,22.202,53.274,33.622
2024-04-26,21317941,0.979,15.392,9.21,21.448,55.288,33.811
2024-04-26,21317942,0.271,14.62,8.889,22.936,62.956,35.019
2024-04-26,21317943,-1.874,16.164,8.098,21.759,69.322,39.452
2024-04-26,21317947,0.979,14.984,9.089,23.117,57.548,35.229
2024-04-26,21317948,0.357,14.963,8.889,23.371,63.482,36.547
2024-04-26,21317949,0.7,14.941,9.075,23.42,60.638,35.731
2024-04-26,21317950,1.601,14.984,9.226,23.017,58.015,34.301
2024-04-26,21317953,-0.029,15.756,8.89,21.178,65.577,35.876
2024-04-26,21317958,0.292,15.542,8.931,23.128,61.315,36.447
2024-04-26,21317959,1.193,14.984,9.008,23.484,60.455,36.454
2024-04-26,21317960,-0.072,15.563,8.724,22.879,62.895,37.092
2024-04-27,21317937,3.982,18.201,11.983,28.524,75.183,49.704
2024-04-27,21317939,4.732,19.639,12.591,26.427,72.874,46.315
2024-04-27,21317940,6.748,18.673,12.912,25.85,72.911,41.974
2024-04-27,21317941,4.389,19.639,12.93,23.575,73.913,43.053
2024-04-27,21317942,3.553,19.596,12.732,23.037,69.221,43.197
2024-04-27,21317943,1.622,20.668,11.992,24.271,74.748,48.559
2024-04-27,21317947,5.783,19.038,13.237,26.529,72.641,41.746
2024-04-27,21317948,4.067,20.025,12.889,22.197,70.443,43.226
2024-04-27,21317949,5.419,19.574,13.198,24.871,72.244,42.967
2024-04-27,21317950,6.92,19.81,13.501,25.722,71.804,40.903
2024-04-27,21317953,5.204,19.381,12.847,23.865,71.917,42.7
2024-04-27,21317958,5.719,19.424,13.013,26.148,72.377,44.164
2024-04-27,21317959,3.982,19.939,12.874,23.16,67.442,43.177
2024-04-27,21317960,5.161,19.703,12.783,25.814,70.944,44.204
2024-04-28,21317937,8.743,16.014,12.276,64.804,91.174,76.134
2024-04-28,21317939,8.829,17.129,13.03,61.184,88.527,72.472
2024-04-28,21317940,8.786,17.644,13.089,62.451,90.289,73.142
2024-04-28,21317941,8.872,17.708,13.282,59.164,87.901,71.338
2024-04-28,21317942,8.743,17.065,12.941,61.576,89.27,72.338
2024-04-28,21317943,8.722,18.116,13.155,59.037,91.543,74.118
2024-04-28,21317947,8.872,17.987,13.305,65.33,90.372,74.61
2024-04-28,21317948,8.807,17.429,13.001,63.059,89.154,72.736
2024-04-28,21317949,9.215,18.073,13.551,60.99,89.503,71.722
2024-04-28,21317950,9.258,18.416,13.637,60.771,87.79,71.013
2024-04-28,21317953,8.657,17.344,12.991,60.832,91.264,72.599
2024-04-28,21317958,9.129,18.416,13.562,60.368,89.064,71.656
2024-04-28,21317959,8.829,17.622,12.965,61.709,87.936,71.033
2024-04-28,21317960,8.872,17.987,13.352,60.69,88.894,71.056
2024-04-29,21317937,5.976,14.448,9.707,46.859,70.591,59.17
2024-04-29,21317939,5.976,14.77,9.815,43.267,66.58,56.576
2024-04-29,21317940,5.612,13.44,9.434,45.304,69.52,57.644
2024-04-29,21317941,5.376,14.362,9.375,43.568,68.008,56.852
2024-04-29,21317942,5.504,13.74,9.334,45.332,68.444,57.988
2024-04-29,21317943,5.547,14.512,9.532,44.636,70.887,59.111
2024-04-29,21317947,5.419,13.419,9.359,47.207,71.791,59.557
2024-04-29,21317948,5.848,14.491,9.651,42.675,69.3,56.994
2024-04-29,21317949,5.461,14.169,9.614,45.344,69.14,58.298
2024-04-29,21317950,5.59,13.912,9.598,45.29,67.156,56.414
2024-04-29,21317953,5.654,14.448,9.592,43.243,68.049,56.853
2024-04-29,21317958,5.547,14.534,9.56,44.396,69.136,58.463
2024-04-29,21317959,5.783,14.727,9.558,44.549,67.478,57.796
2024-04-29,21317960,5.419,13.805,9.305,44.329,68.15,57.202
2024-04-30,21317937,4.882,10.845,7.019,55.879,89.616,81.084
2024-04-30,21317939,5.075,10.738,7.07,55.123,91.232,79.867
2024-04-30,21317940,4.453,10.48,6.759,57.374,92.035,80.602
2024-04-30,21317941,4.797,10.159,6.762,62.063,87.659,78.323
2024-04-30,21317942,4.368,9.88,6.525,63.069,93.143,81.925
2024-04-30,21317943,4.475,9.944,6.598,63.137,94.405,81.951
2024-04-30,21317947,4.604,10.223,6.599,58.949,91.545,82.891
2024-04-30,21317948,4.882,10.223,6.952,59.997,91.833,80.558
2024-04-30,21317949,4.453,10.266,6.638,61.128,93.161,80.478
2024-04-30,21317950,4.732,10.48,6.815,59.846,87.645,79.046
2024-04-30,21317953,4.797,10.244,6.88,61.329,92.203,79.71
2024-04-30,21317958,4.604,10.244,6.763,63.233,90.77,79.864
2024-04-30,21317959,4.689,10.03,6.818,61.404,92.436,79.588
2024-04-30,21317960,4.518,10.051,6.632,62.629,87.622,78.699
2024-05-01,21317937,6.834,15.413,10.718,60.177,87.689,70.396
2024-05-01,21317939,6.705,16.486,11.26,55.497,81.808,67.255
2024-05-01,21317940,6.663,15.435,10.879,54.624,78.151,68.276
2024-05-01,21317941,6.512,16.185,10.904,52.349,83.96,66.35
2024-05-01,21317942,6.384,15.413,10.704,58.039,84.746,69.018
2024-05-01,21317943,6.362,17.429,10.754,54.643,91.014,71.404
2024-05-01,21317947,6.491,16.421,10.908,57.69,80.488,70.628
2024-05-01,21317948,6.856,16.185,10.926,54.874,86.064,68.513
2024-05-01,21317949,6.577,16.378,11.118,57.795,82.406,68.114
2024-05-01,21317950,6.555,17.151,11.123,51.717,76.027,66.157
2024-05-01,21317953,6.555,16.336,10.932,54.308,83.062,67.744
2024-05-01,21317958,6.555,17.279,11.048,55.334,83.359,68.273
2024-05-01,21317959,6.856,16.357,11.046,56.339,84.526,67.628
2024-05-01,21317960,6.469,16.571,10.74,52.294,83.725,67.267
2024-05-02,21317937,8.271,13.161,10.954,70.674,92.303,82.829
2024-05-02,21317939,9.236,13.762,11.458,67.684,90.646,80.252
2024-05-02,21317940,8.314,13.547,11.2,71.603,90.866,80.859
2024-05-02,21317941,7.907,12.882,10.771,69.419,92.189,81.92
2024-05-02,21317942,8.1,12.346,10.653,72.166,92.789,83.695
2024-05-02,21317943,7.949,13.676,10.739,71.887,93.26,84.339
2024-05-02,21317947,8.035,13.183,10.867,74.826,93.719,84.419
2024-05-02,21317948,8.228,13.376,10.845,69.47,92.58,83.021
2024-05-02,21317949,7.907,13.14,10.874,71.269,92.497,82.857
2024-05-02,21317950,8.293,13.547,11.166,69.029,89.27,79.975
2024-05-02,21317953,8.271,13.311,10.977,69.355,92.07,82.103
2024-05-02,21317958,7.971,13.354,10.929,68.962,92.396,82.671
2024-05-02,21317959,8.207,13.397,10.759,68.266,91.655,81.839
2024-05-02,21317960,7.864,12.754,10.741,69.987,90.597,81.713
2024-05-03,21317937,8.25,20.689,13.446,50.549,87.813,71.102
2024-05-03,21317939,8.464,21.118,14.039,49.282,84.617,66.681
2024-05-03,21317940,8.486,19.36,13.578,49.802,86.102,67.586
2024-05-03,21317941,8.121,20.882,13.518,43.879,79.916,66.389
2024-05-03,21317942,8.164,19.96,13.336,51.012,82.177,69.173
2024-05-03,21317943,8.25,21.247,13.646,50.422,81.065,69.332
2024-05-03,21317947,8.228,19.81,13.429,51.693,89.348,70.643
2024-05-03,21317948,8.271,20.454,13.419,47.167,81.674,68.419
2024-05-03,21317949,8.378,20.346,13.532,52.293,81.065,69.283
2024-05-03,21317950,8.722,20.153,13.659,50.413,82.69,67.405
2024-05-03,21317953,8.528,20.411,13.643,48.508,81.982,67.755
2024-05-03,21317958,8.314,20.904,13.684,50.846,80.668,68.835
2024-05-03,21317959,8.142,21.762,13.572,47.015,80.586,67.901
2024-05-03,21317960,8.25,19.917,13.372,46.644,79.385,66.699
2024-05-04,21317937,8.979,16.378,12.33,68.719,89.822,80.179
2024-05-04,21317939,9.515,18.073,13.805,62.382,86.592,73.902
2024-05-04,21317940,9.172,18.18,13.559,57.916,88.286,74.118
2024-05-04,21317941,8.743,16.979,12.741,63.221,87.993,74.998
2024-05-04,21317942,8.722,16.679,12.508,65.313,88.629,77.143
2024-05-04,21317943,8.743,17.58,12.521,65.216,88.629,77.869
2024-05-04,21317947,8.829,16.85,12.942,62.512,90.417,78.416
2024-05-04,21317948,8.764,16.421,12.308,66.696,88.162,78.079
2024-05-04,21317949,8.829,17.322,12.99,57.591,88.446,75.275
2024-05-04,21317950,9.279,17.537,13.385,58.738,85.4,73.495
2024-05-04,21317953,8.893,17.108,12.854,63.444,88.28,76.008
2024-05-04,21317958,8.872,17.215,12.945,64.109,88.293,75.734
2024-05-04,21317959,8.764,16.164,12.316,65.336,87.268,76.72
2024-05-04,21317960,8.764,16.979,12.706,63.018,86.647,74.583
2024-05-05,21317937,10.287,14.512,11.637,67.532,94.624,82.54
2024-05-05,21317939,10.309,15.242,11.732,64.309,92.436,80.668
2024-05-05,21317940,10.03,16.464,11.811,58.863,93.816,80.532
2024-05-05,21317941,10.352,15.692,11.885,61.363,93.814,80.665
2024-05-05,21317942,10.416,15.006,11.766,66.383,92.857,81.59
2024-05-05,21317943,10.416,14.041,11.609,67.431,94.267,83.881
2024-05-05,21317947,10.094,16.336,11.817,62.676,95.393,83.198
2024-05-05,21317948,10.587,13.998,11.692,65.614,93.385,82.194
2024-05-05,21317949,10.523,16.829,12.199,56.835,93.838,79.678
2024-05-05,21317950,10.437,16.55,12.098,57.58,92.067,79.533
2024-05-05,21317953,10.18,15.821,11.795,62.535,95.496,82.1
2024-05-05,21317958,10.502,16.314,12.127,60.012,93.718,80.274
2024-05-05,21317959,10.587,14.448,11.801,63.806,92.326,80.135
2024-05-05,21317960,10.373,15.671,11.957,60.217,92.062,79.527
2024-05-06,21317937,10.416,22.405,15.441,36.545,95.862,70.985
2024-05-06,21317939,10.609,22.555,15.93,34.046,93.823,67.266
2024-05-06,21317940,10.738,21.74,15.797,34.453,95.331,68.418
2024-05-06,21317941,10.652,22.748,16.042,32.955,95.065,67.111
2024-05-06,21317942,10.738,22.513,15.823,33.71,94.45,68.152
2024-05-06,21317943,10.652,22.748,15.8,33.941,95.377,69.849
2024-05-06,21317947,11.059,22.427,15.926,36.114,96.89,70.165
2024-05-06,21317948,10.587,22.834,15.911,33.349,94.804,67.696
2024-05-06,21317949,11.317,22.513,15.966,34.626,95.01,68.922
2024-05-06,21317950,11.016,23.092,16.241,34.191,93.462,67.034
2024-05-06,21317953,10.502,23.478,16.113,32.055,96.493,67.658
2024-05-06,21317958,11.038,22.984,16.227,34.685,95.129,68.186
2024-05-06,21317959,10.523,22.834,15.949,33.785,93.513,66.926
2024-05-06,21317960,10.974,22.491,15.947,35.676,93.619,67.736
2024-05-07,21317937,9.751,22.577,16.836,30.419,75.125,46.497
2024-05-07,21317939,9.772,21.805,17.041,27.628,71.429,42.209
2024-05-07,21317940,9.408,21.204,16.463,28.286,74.202,44.336
2024-05-07,21317941,9.923,23.156,17.149,25.06,68.27,41.842
2024-05-07,21317942,8.657,22.062,16.876,26.346,75.024,43.278
2024-05-07,21317943,6.534,24.035,16.08,25.539,80.699,48.171
2024-05-07,21317947,8.829,22.062,16.635,29.409,75.111,45.771
2024-05-07,21317948,8.507,22.877,17.171,26.552,73.877,42.856
2024-05-07,21317949,9.129,22.706,16.926,28.006,71.127,44.614
2024-05-07,21317950,9.515,22.813,16.974,27.633,72.284,43.705
2024-05-07,21317953,8.743,23.22,16.931,26.203,73.396,42.783
2024-05-07,21317958,9.408,23.22,16.903,26.108,71.734,45.26
2024-05-07,21317959,8.957,23.306,17.258,25.38,69.218,42.333
2024-05-07,21317960,9.022,22.963,16.608,26.722,70.649,45.391
2024-05-08,21317937,9.279,17.129,10.886,43.134,91.164,72.632
2024-05-08,21317939,9.429,16.958,11.002,39.727,89.329,70.335
2024-05-08,21317940,9.215,16.872,10.741,40.52,90.788,70.524
2024-05-08,21317941,9.258,17.172,10.861,41.207,91.987,70.106
2024-05-08,21317942,9.108,16.807,10.712,40.716,90.788,70.837
2024-05-08,21317943,9.065,16.121,10.759,43.421,91.008,71.895
2024-05-08,21317947,9.193,16.55,10.633,41.509,92.827,72.252
2024-05-08,21317948,9.429,17.129,10.989,41.724,91.063,70.882
2024-05-08,21317949,9.065,16.014,10.789,44.009,90.359,71.196
2024-05-08,21317950,9.365,16.614,10.964,40.754,88.688,69.109
2024-05-08,21317953,9.322,17.258,10.962,40.021,90.738,69.834
2024-05-08,21317958,9.193,16.614,10.898,43.435,91.507,71.38
2024-05-08,21317959,9.451,17.108,10.909,41.44,90.185,70.463
2024-05-08,21317960,9.0,16.357,10.731,42.785,88.847,70.121
2024-05-09,21317937,9.258,15.671,11.977,54.591,82.142,69.592
2024-05-09,21317939,9.172,16.164,12.186,51.949,83.038,65.55
2024-05-09,21317940,9.065,16.035,11.576,49.2,83.468,68.291
2024-05-09,21317941,8.872,15.349,11.634,50.481,80.584,67.092
2024-05-09,21317942,8.764,15.349,11.584,55.538,81.587,68.84
2024-05-09,21317943,7.885,16.936,11.536,52.668,86.83,71.631
2024-05-09,21317947,8.764,15.413,11.62,53.223,86.458,70.507
2024-05-09,21317948,9.215,16.336,12.069,51.511,80.333,67.409
2024-05-09,21317949,8.657,16.529,11.661,52.651,83.738,69.829
2024-05-09,21317950,9.022,15.714,11.757,48.106,86.22,67.35
2024-05-09,21317953,8.936,15.606,11.81,54.253,81.276,67.292
2024-05-09,21317958,8.7,15.842,11.614,55.547,82.051,69.906
2024-05-09,21317959,9.215,16.185,12.022,55.238,79.248,67.805
2024-05-09,21317960,8.528,15.027,11.364,51.492,80.832,68.159
2024-05-10,21317937,7.735,19.681,13.378,28.64,83.964,53.565
2024-05-10,21317939,8.314,19.381,13.68,24.147,74.668,48.737
2024-05-10,21317940,7.542,17.987,13.107,27.544,82.756,51.028
2024-05-10,21317941,6.856,18.995,13.349,27.829,83.807,51.892
2024-05-10,21317942,7.177,17.708,12.967,29.055,84.901,52.429
2024-05-10,21317943,5.848,19.767,12.712,28.035,89.178,56.016
2024-05-10,21317947,7.113,18.523,13.101,27.018,86.061,53.547
2024-05-10,21317948,7.499,19.403,13.367,28.505,85.473,52.877
2024-05-10,21317949,6.341,18.974,13.13,29.297,87.021,54.593
2024-05-10,21317950,6.856,18.309,13.125,28.209,83.905,52.722
2024-05-10,21317953,7.285,19.338,13.275,26.281,84.521,51.971
2024-05-10,21317958,6.684,19.167,13.079,28.255,85.858,55.233
2024-05-10,21317959,7.285,19.167,13.409,28.496,84.457,53.329
2024-05-10,21317960,6.663,18.523,12.67,28.949,84.091,54.713
2024-05-11,21317937,8.614,20.754,14.711,28.45,79.02,52.684
2024-05-11,21317939,9.279,21.161,15.075,26.336,72.015,51.603
2024-05-11,21317940,8.271,20.582,14.733,27.024,72.235,50.888
2024-05-11,21317941,7.456,21.118,14.881,26.168,70.658,48.505
2024-05-11,21317942,7.199,20.947,14.626,25.362,71.223,49.291
2024-05-11,21317943,5.74,22.169,13.921,27.234,77.334,54.125
2024-05-11,21317947,7.821,20.153,14.721,30.192,71.908,50.181
2024-05-11,21317948,7.649,20.968,14.932,25.869,70.408,49.113
2024-05-11,21317949,7.306,21.054,14.922,27.036,71.012,49.935
2024-05-11,21317950,8.078,20.26,14.882,27.976,69.986,49.343
2024-05-11,21317953,7.542,21.118,14.718,25.582,70.828,48.784
2024-05-11,21317958,7.07,20.282,14.515,28.771,72.86,51.597
2024-05-11,21317959,7.327,21.719,14.967,26.226,69.772,49.376
2024-05-11,21317960,6.791,19.681,14.141,29.01,71.31,51.582
2024-05-12,21317937,11.853,16.786,13.59,59.832,83.227,69.027
2024-05-12,21317939,11.724,18.094,13.669,48.447,82.426,66.272
2024-05-12,21317940,11.724,16.614,13.518,52.674,80.714,65.806
2024-05-12,21317941,12.089,17.086,14.267,52.984,77.192,63.583
2024-05-12,21317942,11.831,16.786,13.94,55.348,79.066,64.933
2024-05-12,21317943,11.338,18.866,14.058,52.386,82.165,66.336
2024-05-12,21317947,11.638,16.529,13.599,55.644,83.085,68.149
2024-05-12,21317948,12.282,17.344,14.26,52.766,79.359,63.583
2024-05-12,21317949,12.218,16.807,14.247,52.238,73.767,64.271
2024-05-12,21317950,12.025,17.665,14.195,46.824,78.627,61.718
2024-05-12,21317953,12.11,16.807,14.143,53.327,78.901,64.174
2024-05-12,21317958,12.153,17.086,14.199,52.761,76.561,65.193
2024-05-12,21317959,12.239,17.429,14.326,52.189,76.909,62.417
2024-05-12,21317960,11.982,16.25,13.961,53.259,74.83,63.85
2024-05-13,21317937,11.081,18.33,14.728,50.874,87.927,71.312
2024-05-13,21317939,11.188,20.475,15.473,44.659,84.344,66.137
2024-05-13,21317940,11.403,19.381,15.419,46.462,83.259,65.568
2024-05-13,21317941,11.488,19.96,15.662,43.761,83.117,64.368
2024-05-13,21317942,11.059,19.832,15.292,46.52,85.978,66.711
2024-05-13,21317943,9.751,21.462,15.103,44.076,90.967,69.832
2024-05-13,21317947,11.724,19.896,15.598,45.982,83.108,66.189
2024-05-13,21317948,11.252,20.153,15.565,42.377,85.333,64.965
2024-05-13,21317949,12.153,19.767,15.871,45.989,79.181,64.175
2024-05-13,21317950,12.046,21.333,15.984,43.156,78.732,63.203
2024-05-13,21317953,11.381,19.896,15.498,45.844,84.627,65.443
2024-05-13,21317958,11.789,20.175,15.868,45.71,82.889,64.883
2024-05-13,21317959,11.317,19.939,15.537,44.215,83.098,65.094
2024-05-13,21317960,11.531,20.175,15.688,45.332,81.505,63.652
2024-05-14,21317937,13.118,22.405,16.7,58.643,91.348,78.046
2024-05-14,21317939,13.354,22.212,17.085,55.52,90.472,75.858
2024-05-14,21317940,13.376,21.097,16.916,60.098,91.104,77.458
2024-05-14,21317941,13.633,22.748,17.408,55.525,90.135,75.297
2024-05-14,21317942,13.419,21.762,16.91,58.093,91.571,78.511
2024-05-14,21317943,13.354,23.799,16.788,58.094,92.848,81.508
2024-05-14,21317947,13.462,22.362,17.139,61.77,93.632,78.756
2024-05-14,21317948,13.547,22.748,17.241,56.326,90.17,75.997
2024-05-14,21317949,13.933,22.555,17.435,58.062,89.21,75.906
2024-05-14,21317950,13.697,22.448,17.391,55.415,89.145,75.389
2024-05-14,21317953,13.419,22.62,17.271,54.073,91.983,76.474
2024-05-14,21317958,13.826,22.791,17.571,56.634,90.243,76.027
2024-05-14,21317959,13.504,22.555,17.239,55.064,89.233,75.489
2024-05-14,21317960,13.633,22.598,17.354,55.549,89.03,74.524
2024-05-15,21317937,11.982,22.963,16.999,48.174,85.895,68.12
2024-05-15,21317939,12.84,22.534,17.401,48.389,80.174,64.302
2024-05-15,21317940,12.346,20.882,17.077,51.286,85.251,66.02
2024-05-15,21317941,12.432,21.891,17.299,43.993,80.197,62.051
2024-05-15,21317942,12.025,20.84,16.945,49.85,83.574,65.465
2024-05-15,21317943,11.617,21.998,16.772,49.671,88.574,68.414
2024-05-15,21317947,12.218,21.076,17.093,50.472,85.653,67.211
2024-05-15,21317948,12.432,21.462,17.331,46.305,80.97,63.019
2024-05-15,21317949,12.025,21.783,17.362,49.775,85.542,64.72
2024-05-15,21317950,12.518,21.29,17.345,46.168,83.822,63.291
2024-05-15,21317953,12.389,21.483,17.359,47.811,80.374,63.565
2024-05-15,21317958,12.325,21.976,17.385,49.171,84.514,64.762
2024-05-15,21317959,12.411,21.676,17.344,48.475,79.995,63.396
2024-05-15,21317960,12.089,21.183,16.906,48.701,83.02,63.746
2024-05-16,21317937,13.311,24.743,17.886,48.168,88.959,69.237
2024-05-16,21317939,13.633,25.558,18.784,43.655,82.878,64.062
2024-05-16,21317940,13.397,23.585,18.422,47.41,81.573,63.986
2024-05-16,21317941,12.968,25.086,18.278,43.407,83.63,63.553
2024-05-16,21317942,12.968,23.285,17.72,46.119,88.231,66.094
2024-05-16,21317943,13.204,25.172,17.784,45.879,93.147,68.036
2024-05-16,21317947,13.226,23.971,18.312,47.417,84.962,65.976
2024-05-16,21317948,13.097,24.722,18.123,41.491,87.288,65.55
2024-05-16,21317949,13.333,24.85,18.508,46.014,85.972,63.707
2024-05-16,21317950,13.504,24.357,18.483,45.33,81.199,62.392
2024-05-16,21317953,13.268,25.322,18.259,40.903,87.233,64.136
2024-05-16,21317958,13.268,25.151,18.476,46.058,87.631,64.433
2024-05-16,21317959,13.075,25.236,18.217,44.666,86.29,64.87
2024-05-16,21317960,13.161,23.714,17.95,44.86,86.453,63.845
2024-05-17,21317937,14.577,26.974,20.646,36.173,89.433,63.543
2024-05-17,21317939,16.636,27.789,21.697,30.233,81.01,57.891
2024-05-17,21317940,16.807,25.923,21.767,31.691,80.914,56.562
2024-05-17,21317941,15.649,27.424,21.564,31.583,83.267,57.818
2024-05-17,21317942,15.628,25.816,20.916,34.594,84.559,60.216
2024-05-17,21317943,14.663,27.982,20.509,33.506,90.986,65.438
2024-05-17,21317947,16.4,26.352,21.654,32.09,83.812,58.543
2024-05-17,21317948,15.07,27.253,21.29,32.11,85.48,59.187
2024-05-17,21317949,15.821,27.253,21.786,33.523,83.903,57.584
2024-05-17,21317950,16.786,27.145,21.962,32.52,79.24,56.179
2024-05-17,21317953,15.907,27.896,21.571,30.457,84.111,57.924
2024-05-17,21317958,15.778,26.931,21.727,33.959,83.89,58.556
2024-05-17,21317959,15.092,27.467,21.379,33.005,84.462,58.541
2024-05-17,21317960,15.714,25.858,21.132,35.097,81.904,58.889
2024-05-18,21317937,16.979,24.336,20.521,47.77,76.155,59.06
2024-05-18,21317939,17.923,25.108,21.081,43.659,71.374,55.577
2024-05-18,21317940,17.944,23.07,20.564,45.895,69.104,55.495
2024-05-18,21317941,17.815,25.301,21.282,41.682,73.928,54.797
2024-05-18,21317942,17.494,23.563,20.611,44.785,72.793,57.02
2024-05-18,21317943,15.692,26.009,20.547,44.105,82.086,61.334
2024-05-18,21317947,18.073,24.143,20.791,44.753,71.139,55.864
2024-05-18,21317948,17.151,24.357,21.021,42.464,76.556,55.789
2024-05-18,21317949,17.815,24.314,21.194,43.343,72.413,55.285
2024-05-18,21317950,18.416,24.4,21.223,42.927,69.903,54.15
2024-05-18,21317953,17.88,24.421,20.99,43.023,73.107,55.079
2024-05-18,21317958,17.88,24.765,21.307,44.959,74.009,55.701
2024-05-18,21317959,16.915,25.494,21.3,43.165,75.587,54.862
2024-05-18,21317960,17.708,23.864,20.751,45.582,71.168,56.093
2024-05-19,21317937,13.333,26.888,20.381,41.747,90.575,64.404
2024-05-19,21317939,14.899,27.789,21.145,38.528,80.339,58.434
2024-05-19,21317940,14.684,25.773,20.852,40.932,82.928,58.863
2024-05-19,21317941,14.234,27.724,20.665,38.735,89.027,62.292
2024-05-19,21317942,13.547,24.915,19.828,42.31,89.63,65.08
2024-05-19,21317943,13.354,27.767,19.55,41.953,92.964,69.273
2024-05-19,21317947,14.105,26.48,20.726,40.671,88.052,61.902
2024-05-19,21317948,13.376,26.631,20.355,39.503,91.234,64.207
2024-05-19,21317949,14.427,27.059,21.047,38.976,88.437,61.091
2024-05-19,21317950,14.62,27.295,21.135,38.579,83.02,58.705
2024-05-19,21317953,13.805,27.295,20.633,38.328,88.627,62.124
2024-05-19,21317958,14.448,27.96,20.816,38.3,89.081,63.133
2024-05-19,21317959,13.397,27.338,20.441,39.351,90.831,64.297
2024-05-19,21317960,14.384,26.48,20.249,41.596,86.4,62.732
2024-05-20,21317937,16.25,30.212,23.019,37.681,80.696,59.574
2024-05-20,21317939,15.649,29.934,23.454,35.872,80.192,55.74
2024-05-20,21317940,16.4,29.097,23.194,37.249,77.285,57.152
2024-05-20,21317941,16.807,30.534,24.114,34.905,76.936,55.491
2024-05-20,21317942,15.971,28.968,23.122,38.373,80.191,57.97
2024-05-20,21317943,14.019,30.277,22.343,41.614,90.069,64.682
2024-05-20,21317947,17.751,29.655,23.807,38.23,74.833,56.851
2024-05-20,21317948,16.614,30.298,23.876,36.367,78.035,56.073
2024-05-20,21317949,17.494,30.084,23.979,37.487,73.634,56.014
2024-05-20,21317950,17.301,30.791,24.348,34.026,73.007,54.395
2024-05-20,21317953,16.507,30.791,24.042,34.896,77.848,54.597
2024-05-20,21317958,17.472,30.727,24.203,37.052,75.711,56.467
2024-05-20,21317959,16.679,30.92,23.944,35.523,76.226,55.089
2024-05-20,21317960,17.086,30.341,23.769,36.98,74.252,55.686
2024-05-21,21317937,17.687,28.904,22.164,44.64,85.647,61.884
2024-05-21,21317939,18.116,27.853,22.323,43.229,85.895,59.223
2024-05-21,21317940,18.652,26.974,22.158,45.565,83.651,58.847
2024-05-21,21317941,19.317,27.724,23.079,42.332,78.694,55.847
2024-05-21,21317942,18.695,26.287,22.253,44.8,85.942,59.24
2024-05-21,21317943,16.164,27.424,20.845,51.695,89.603,69.09
2024-05-21,21317947,19.167,27.81,22.587,45.847,84.132,58.912
2024-05-21,21317948,18.545,28.175,23.21,41.906,85.965,55.975
2024-05-21,21317949,19.231,28.218,22.793,45.473,82.788,57.91
2024-05-21,21317950,18.974,28.411,22.886,44.895,83.056,57.293
2024-05-21,21317953,18.995,28.282,23.159,41.526,84.582,55.391
2024-05-21,21317958,19.767,28.303,23.051,43.999,79.4,57.725
2024-05-21,21317959,18.716,28.196,23.216,41.624,83.464,55.537
2024-05-21,21317960,19.574,27.832,22.618,44.451,77.482,57.367
2024-05-22,21317937,17.172,31.263,23.532,46.429,93.521,72.306
2024-05-22,21317939,17.815,32.636,24.104,43.343,91.861,69.683
2024-05-22,21317940,18.244,31.135,23.827,43.771,90.202,69.323
2024-05-22,21317941,18.244,32.443,24.66,40.853,89.654,66.427
2024-05-22,21317942,17.837,30.362,23.309,45.881,93.573,73.69
2024-05-22,21317943,16.915,30.663,23.076,48.283,94.679,77.912
2024-05-22,21317947,17.708,31.478,24.163,45.042,94.159,71.008
2024-05-22,21317948,17.815,32.207,24.532,40.653,93.156,68.163
2024-05-22,21317949,17.708,31.799,24.278,44.735,93.182,69.393
2024-05-22,21317950,18.373,32.872,24.598,41.613,90.216,67.72
2024-05-22,21317953,17.858,32.893,24.552,40.29,93.559,68.762
2024-05-22,21317958,17.944,32.507,24.539,42.501,93.063,69.084
2024-05-22,21317959,18.03,32.529,24.603,41.802,91.362,67.578
2024-05-22,21317960,17.558,31.735,24.014,43.481,90.973,68.933
2024-05-23,21317937,20.175,25.622,22.71,43.174,77.363,58.353
2024-05-23,21317939,19.746,25.901,22.583,40.031,83.88,57.452
2024-05-23,21317940,19.274,25.215,22.375,42.795,80.072,57.393
2024-05-23,21317941,20.067,26.845,23.242,32.474,73.924,53.894
2024-05-23,21317942,19.102,25.622,22.412,36.797,88.199,58.543
2024-05-23,21317943,18.266,26.159,22.118,36.458,91.998,63.203
2024-05-23,21317947,19.081,26.159,22.507,42.489,84.756,59.62
2024-05-23,21317948,20.089,26.631,23.156,34.458,82.379,55.719
2024-05-23,21317949,19.553,26.673,22.896,34.82,76.333,55.956
2024-05-23,21317950,19.531,27.617,23.255,34.347,79.208,55.229
2024-05-23,21317953,19.789,27.274,23.106,32.805,84.915,55.519
2024-05-23,21317958,19.939,26.909,23.253,33.304,75.471,55.644
2024-05-23,21317959,20.389,27.081,23.369,34.261,78.442,54.415
2024-05-23,21317960,19.767,26.845,23.04,32.975,72.741,54.403
2024-05-24,21317937,14.577,20.432,18.048,39.663,67.948,52.175
2024-05-24,21317939,14.598,20.604,17.986,36.129,66.439,49.395
2024-05-24,21317940,14.705,19.381,17.57,38.116,67.092,49.949
2024-05-24,21317941,14.577,19.96,17.759,37.874,66.604,49.402
2024-05-24,21317942,13.268,19.767,17.353,41.929,66.891,52.373
2024-05-24,21317943,11.553,20.025,16.844,39.756,80.348,57.025
2024-05-24,21317947,13.397,19.746,17.482,41.733,68.019,52.298
2024-05-24,21317948,14.019,20.432,18.02,38.36,64.608,49.597
2024-05-24,21317949,13.762,20.561,17.896,38.335,67.625,51.072
2024-05-24,21317950,14.899,19.896,17.896,37.636,67.72,49.445
2024-05-24,21317953,13.655,19.832,17.767,36.953,66.012,49.163
2024-05-24,21317958,13.998,19.96,17.872,38.665,67.733,51.015
2024-05-24,21317959,14.319,20.26,18.011,38.227,63.175,49.081
2024-05-24,21317960,13.483,20.132,17.593,38.688,64.918,51.066
2024-05-25,21317937,10.802,22.899,17.268,36.046,73.478,52.668
2024-05-25,21317939,10.952,22.191,17.725,33.555,72.009,48.789
2024-05-25,21317940,11.274,21.826,17.038,35.793,70.082,49.868
2024-05-25,21317941,10.866,22.169,17.298,34.824,72.102,49.896
2024-05-25,21317942,10.437,21.14,16.738,37.572,72.569,53.143
2024-05-25,21317943,7.992,22.491,15.924,38.067,86.279,60.423
2024-05-25,21317947,10.137,22.255,17.278,37.478,74.078,51.19
2024-05-25,21317948,9.858,22.77,17.628,34.343,76.448,49.731
2024-05-25,21317949,9.987,22.234,17.383,35.932,73.964,51.096
2024-05-25,21317950,10.888,22.856,17.517,34.865,72.729,49.281
2024-05-25,21317953,9.837,22.706,17.334,34.241,75.467,49.534
2024-05-25,21317958,10.287,22.813,17.316,35.404,73.956,51.456
2024-05-25,21317959,10.609,22.534,17.593,34.989,70.651,49.132
2024-05-25,21317960,9.687,22.191,16.745,36.599,75.061,52.302
2024-05-26,21317937,14.083,26.866,20.539,39.257,77.627,56.475
2024-05-26,21317939,13.633,27.038,20.701,36.791,81.827,54.811
2024-05-26,21317940,14.641,25.258,20.07,39.507,77.263,55.629
2024-05-26,21317941,14.963,26.352,20.217,34.765,76.443,56.291
2024-05-26,21317942,13.912,24.185,19.525,40.935,85.258,59.01
2024-05-26,21317943,12.067,25.301,18.773,42.052,91.887,66.517
2024-05-26,21317947,13.848,26.03,20.317,39.892,80.493,56.655
2024-05-26,21317948,14.319,25.73,20.716,38.468,79.263,54.923
2024-05-26,21317949,14.105,25.944,20.614,39.118,81.373,55.846
2024-05-26,21317950,14.427,26.631,20.354,37.36,77.226,54.679
2024-05-26,21317953,13.526,26.073,20.195,37.084,83.598,56.171
2024-05-26,21317958,14.448,26.459,20.368,37.864,79.66,57.426
2024-05-26,21317959,14.577,26.695,20.52,37.984,77.107,55.247
2024-05-26,21317960,13.762,24.872,19.662,40.969,80.838,58.529
2024-05-27,21317937,17.108,24.722,20.233,58.514,92.424,72.586
2024-05-27,21317939,18.459,25.858,20.644,50.655,90.913,70.639
2024-05-27,21317940,18.073,24.915,20.741,46.795,90.422,69.366
2024-05-27,21317941,16.85,25.429,20.204,53.95,92.335,72.03
2024-05-27,21317942,16.915,24.271,19.493,55.552,93.585,75.958
2024-05-27,21317943,16.25,25.0,19.174,61.462,95.459,79.702
2024-05-27,21317947,17.751,25.043,20.207,54.743,94.194,73.358
2024-05-27,21317948,16.786,25.644,20.317,55.328,91.507,72.459
2024-05-27,21317949,17.172,25.279,20.297,54.33,92.148,71.531
2024-05-27,21317950,17.687,25.837,20.439,52.467,90.748,70.622
2024-05-27,21317953,17.215,25.558,20.233,53.626,94.125,72.192
2024-05-27,21317958,17.065,25.58,20.29,54.975,92.355,73.188
2024-05-27,21317959,16.7,25.58,20.361,53.204,90.428,70.433
2024-05-27,21317960,16.936,25.108,19.956,54.664,90.469,71.605
2024-05-28,21317937,15.542,22.298,18.666,55.897,87.446,72.35
2024-05-28,21317939,15.478,22.491,18.531,55.895,88.464,72.202
2024-05-28,21317940,15.156,21.44,18.406,55.526,85.423,71.344
2024-05-28,21317941,14.684,22.319,18.704,52.226,87.686,70.065
2024-05-28,21317942,14.813,21.29,18.217,58.729,92.592,74.727
2024-05-28,21317943,14.641,22.663,17.668,58.834,95.99,80.897
2024-05-28,21317947,14.77,22.212,18.598,56.08,84.695,73.134
2024-05-28,21317948,15.113,22.513,18.865,55.233,87.398,71.124
2024-05-28,21317949,14.834,21.848,18.722,56.744,86.445,71.055
2024-05-28,21317950,15.177,23.027,19.041,53.153,84.903,69.776
2024-05-28,21317953,14.984,23.113,18.779,55.117,88.977,71.757
2024-05-28,21317958,14.791,22.706,18.796,57.461,86.894,72.075
2024-05-28,21317959,15.006,22.706,18.906,54.849,85.507,70.08
2024-05-28,21317960,14.727,22.405,18.54,53.089,84.81,69.625
2024-05-29,21317937,12.411,21.097,16.38,35.868,72.343,55.072
2024-05-29,21317939,12.453,20.132,16.099,36.365,69.848,52.847
2024-05-29,21317940,12.132,19.445,15.578,37.099,71.667,54.051
2024-05-29,21317941,11.81,20.411,15.759,31.482,73.007,52.672
2024-05-29,21317942,11.896,18.781,15.369,37.108,76.226,57.781
2024-05-29,21317943,10.974,20.818,15.543,36.814,80.957,60.235
2024-05-29,21317947,11.939,19.96,15.743,35.935,75.042,56.626
2024-05-29,21317948,12.496,21.183,16.459,29.696,73.799,52.41
2024-05-29,21317949,12.025,21.076,16.21,32.232,72.651,53.474
2024-05-29,21317950,12.196,20.732,16.189,32.905,71.456,52.932
2024-05-29,21317953,11.853,21.118,15.957,29.947,72.883,52.891
2024-05-29,21317958,11.724,20.861,15.958,33.019,74.011,54.394
2024-05-29,21317959,12.196,20.775,16.25,30.105,71.777,52.013
2024-05-29,21317960,11.66,20.454,15.647,34.53,72.638,54.611
2024-05-30,21317937,10.909,23.177,16.875,26.767,64.309,44.665
2024-05-30,21317939,11.102,23.628,17.203,23.037,59.298,40.087
2024-05-30,21317940,10.63,21.483,16.564,24.424,62.267,41.391
2024-05-30,21317941,10.545,22.555,16.913,24.422,62.942,41.015
2024-05-30,21317942,10.609,20.647,16.08,26.94,66.209,43.565
2024-05-30,21317943,8.85,21.483,15.47,28.631,76.318,51.139
2024-05-30,21317947,10.652,22.234,16.53,26.368,65.513,43.42
2024-05-30,21317948,10.995,22.191,16.87,25.521,60.955,41.781
2024-05-30,21317949,10.416,22.663,17.048,26.081,65.431,42.737
2024-05-30,21317950,10.888,22.362,16.877,24.628,61.697,40.952
2024-05-30,21317953,10.716,22.813,16.876,23.832,60.995,40.454
2024-05-30,21317958,10.502,22.899,16.873,25.617,64.845,43.102
2024-05-30,21317959,10.974,22.448,16.951,25.342,60.757,41.985
2024-05-30,21317960,10.309,22.856,16.253,26.812,65.138,44.509
2024-05-31,21317937,13.204,26.244,19.924,21.506,66.387,40.809
2024-05-31,21317939,12.518,26.137,19.673,18.866,70.958,39.324
2024-05-31,21317940,12.453,24.915,19.311,20.446,73.924,39.318
2024-05-31,21317941,12.882,25.601,19.809,19.734,56.863,36.308
2024-05-31,21317942,12.539,23.757,18.728,24.089,62.704,41.371
2024-05-31,21317943,9.451,24.807,17.76,22.977,79.316,47.415
2024-05-31,21317947,11.746,25.344,19.281,22.281,68.814,41.219
2024-05-31,21317948,12.153,25.816,19.756,21.598,57.923,37.858
2024-05-31,21317949,11.874,26.159,19.629,20.185,62.217,39.05
2024-05-31,21317950,12.067,26.395,20.016,19.084,70.283,37.332
2024-05-31,21317953,12.646,25.601,19.532,19.57,56.135,36.948
2024-05-31,21317958,12.346,26.352,19.688,21.1,60.752,38.975
2024-05-31,21317959,12.861,25.816,19.865,20.288,56.33,36.984
2024-05-31,21317960,11.939,25.665,18.964,21.996,60.45,40.645
2024-06-01,21317937,14.126,29.076,21.762,26.827,81.094,49.563
2024-06-01,21317939,14.362,28.711,21.629,22.792,72.219,47.13
2024-06-01,21317940,14.663,27.446,21.305,28.267,71.739,47.095
2024-06-01,21317941,14.856,29.14,22.368,20.851,72.224,43.233
2024-06-01,21317942,13.848,26.824,21.181,24.436,73.805,47.223
2024-06-01,21317943,11.338,27.21,19.405,29.856,87.993,59.38
2024-06-01,21317947,13.976,28.454,21.644,27.269,70.271,47.572
2024-06-01,21317948,13.483,29.097,22.152,23.421,76.539,44.649
2024-06-01,21317949,14.191,28.325,21.921,22.995,70.526,45.548
2024-06-01,21317950,14.148,29.869,22.324,23.667,69.395,45.053
2024-06-01,21317953,13.59,29.655,22.243,20.838,73.309,43.198
2024-06-01,21317958,14.491,29.376,22.139,22.527,71.983,45.478
2024-06-01,21317959,14.148,29.033,22.215,22.167,71.528,43.777
2024-06-01,21317960,13.655,29.054,21.628,22.861,73.007,45.562
2024-06-02,21317937,16.829,29.14,22.668,16.088,68.911,42.044
2024-06-02,21317939,15.628,29.698,22.781,11.437,70.353,39.033
2024-06-02,21317940,15.949,29.033,22.489,15.126,61.472,37.477
2024-06-02,21317941,16.636,29.269,23.175,17.639,60.735,36.188
2024-06-02,21317942,15.949,26.48,21.828,21.485,62.896,40.283
2024-06-02,21317943,13.033,27.66,20.168,27.443,79.701,53.807
2024-06-02,21317947,15.864,29.054,22.569,19.301,61.888,38.913
2024-06-02,21317948,15.992,29.312,23.007,20.011,63.613,38.189
2024-06-02,21317949,15.692,28.968,22.747,16.403,63.748,38.274
2024-06-02,21317950,15.885,30.234,23.224,12.483,63.409,36.502
2024-06-02,21317953,15.799,29.805,23.039,17.314,63.299,36.31
2024-06-02,21317958,16.25,29.526,23.145,19.176,62.704,37.946
2024-06-02,21317959,16.014,30.041,23.221,19.464,62.835,37.385
2024-06-02,21317960,15.756,29.204,22.4,20.275,63.073,38.892
2024-06-03,21317937,16.958,32.1,24.806,20.972,72.357,43.507
2024-06-03,21317939,17.472,32.25,24.968,17.844,70.571,42.836
2024-06-03,21317940,17.601,31.306,24.487,16.669,61.88,41.237
2024-06-03,21317941,17.751,32.314,25.436,17.589,65.696,37.405
2024-06-03,21317942,17.966,29.59,24.051,17.826,65.853,40.991
2024-06-03,21317943,14.62,29.976,22.259,26.012,81.138,51.583
2024-06-03,21317947,17.279,31.285,24.647,17.681,64.24,41.796
2024-06-03,21317948,18.137,31.328,25.164,16.248,60.923,37.923
2024-06-03,21317949,16.915,31.456,24.914,19.26,67.683,40.891
2024-06-03,21317950,17.0,31.692,25.052,18.651,65.515,40.44
2024-06-03,21317953,17.987,31.499,24.929,16.127,62.039,38.012
2024-06-03,21317958,17.365,32.486,25.197,19.388,68.797,40.434
2024-06-03,21317959,18.137,32.186,25.443,17.379,61.727,37.881
2024-06-03,21317960,17.215,30.62,24.234,19.883,65.879,41.6
2024-06-04,21317937,16.872,32.55,24.409,24.332,73.574,50.751
2024-06-04,21317939,18.116,32.85,25.338,20.563,66.787,44.995
2024-06-04,21317940,17.429,31.606,25.104,24.573,69.175,44.768
2024-06-04,21317941,17.108,32.207,25.083,22.129,69.172,45.621
2024-06-04,21317942,16.915,29.29,23.709,25.797,68.934,48.593
2024-06-04,21317943,15.006,30.127,22.501,31.38,77.368,57.93
2024-06-04,21317947,17.344,31.628,24.798,21.942,68.399,47.296
2024-06-04,21317948,17.151,31.885,24.603,24.01,71.868,48.289
2024-06-04,21317949,16.872,31.799,25.072,25.275,68.11,46.583
2024-06-04,21317950,17.279,32.657,25.424,22.428,67.486,44.667
2024-06-04,21317953,17.0,32.4,24.737,19.538,69.583,46.244
2024-06-04,21317958,16.915,32.271,25.203,24.025,70.491,46.827
2024-06-04,21317959,16.979,32.765,24.857,22.826,69.273,47.129
2024-06-04,21317960,16.85,31.113,24.152,25.534,67.669,48.394
2024-06-05,21317937,18.931,32.014,24.752,44.259,82.037,62.167
2024-06-05,21317939,20.539,31.735,25.73,42.675,73.725,56.207
2024-06-05,21317940,20.025,30.084,25.821,42.657,74.691,54.724
2024-06-05,21317941,18.18,31.092,25.736,39.145,81.266,55.348
2024-06-05,21317942,18.437,28.303,24.256,45.217,79.261,60.528
2024-06-05,21317943,17.472,29.805,23.65,46.273,87.269,66.455
2024-06-05,21317947,19.681,30.47,25.753,42.246,77.084,56.432
2024-06-05,21317948,18.03,30.727,25.243,41.691,84.266,58.208
2024-06-05,21317949,18.352,30.641,25.909,40.615,78.169,55.744
2024-06-05,21317950,19.445,31.585,26.461,41.138,72.175,53.122
2024-06-05,21317953,18.759,30.92,25.468,38.189,77.729,55.929
2024-06-05,21317958,18.287,31.027,25.77,41.48,80.516,56.858
2024-06-05,21317959,18.244,31.199,25.372,42.031,83.066,57.493
2024-06-05,21317960,18.137,30.019,25.106,42.551,77.881,57.149
2024-06-06,21317937,16.571,27.317,22.908,58.042,91.937,73.747
2024-06-06,21317939,16.336,27.703,22.999,58.511,91.447,72.95
2024-06-06,21317940,15.821,26.588,23.025,59.329,94.849,72.929
2024-06-06,21317941,16.4,27.832,23.699,59.466,91.63,71.271
2024-06-06,21317942,16.164,25.73,22.465,63.867,93.756,74.912
2024-06-06,21317943,16.078,25.494,21.675,67.199,95.21,80.914
2024-06-06,21317947,16.057,27.124,23.121,57.037,94.079,74.283
2024-06-06,21317948,16.378,26.974,23.335,58.605,92.575,70.938
2024-06-06,21317949,16.378,27.295,23.536,56.529,93.619,71.04
2024-06-06,21317950,16.035,27.295,23.613,54.884,92.113,70.844
2024-06-06,21317953,16.207,27.124,23.312,59.454,94.186,72.518
2024-06-06,21317958,16.293,27.338,23.562,60.502,93.948,72.694
2024-06-06,21317959,16.507,27.467,23.606,58.099,91.444,69.138
2024-06-06,21317960,16.4,26.909,23.172,59.71,90.349,71.19
2024-06-07,21317937,15.156,24.078,18.898,57.421,92.01,78.494
2024-06-07,21317939,16.228,24.443,18.755,54.194,92.18,77.685
2024-06-07,21317940,16.293,22.706,18.554,52.92,92.221,76.689
2024-06-07,21317941,16.614,24.1,19.309,45.312,90.932,74.028
2024-06-07,21317942,15.692,22.598,18.0,57.237,94.411,83.229
2024-06-07,21317943,14.62,22.534,17.72,56.93,96.172,89.586
2024-06-07,21317947,16.293,24.057,18.865,53.103,94.528,79.019
2024-06-07,21317948,16.571,25.022,19.238,43.189,92.168,76.102
2024-06-07,21317949,16.078,23.714,18.869,47.712,92.612,76.623
2024-06-07,21317950,16.807,24.872,19.247,51.263,91.113,75.626
2024-06-07,21317953,16.743,24.85,19.106,41.752,94.086,76.777
2024-06-07,21317958,16.614,23.606,19.131,51.24,92.097,76.845
2024-06-07,21317959,16.872,24.893,19.264,44.762,90.028,74.018
2024-06-07,21317960,16.057,22.856,18.686,47.868,90.387,75.846
2024-06-08,21317937,15.842,22.555,18.212,55.731,86.256,75.438
2024-06-08,21317939,15.585,21.805,17.671,56.858,89.627,75.907
2024-06-08,21317940,15.22,20.925,17.389,56.555,87.034,75.68
2024-06-08,21317941,15.456,22.362,17.988,49.776,86.682,73.359
2024-06-08,21317942,15.563,21.397,17.533,58.08,89.882,77.34
2024-06-08,21317943,14.877,22.448,17.531,57.197,93.256,80.629
2024-06-08,21317947,15.177,21.762,17.524,60.601,90.912,78.918
2024-06-08,21317948,15.756,22.941,18.266,51.569,85.754,73.554
2024-06-08,21317949,15.37,21.719,17.656,53.194,93.687,75.742
2024-06-08,21317950,15.671,22.77,18.232,52.798,87.231,73.366
2024-06-08,21317953,15.606,22.899,18.093,48.925,88.197,73.325
2024-06-08,21317958,15.478,22.706,18.086,54.331,87.617,74.955
2024-06-08,21317959,15.799,22.963,18.23,53.236,84.302,71.98
2024-06-08,21317960,15.413,22.534,17.814,50.44,86.45,73.213
2024-06-09,21317937,14.512,20.346,16.804,66.351,87.045,74.786
2024-06-09,21317939,14.448,19.017,16.469,60.342,85.469,73.993
2024-06-09,21317940,13.955,18.437,16.084,61.384,88.67,75.605
2024-06-09,21317941,14.384,19.639,16.448,55.618,85.232,73.986
2024-06-09,21317942,13.89,19.381,15.879,63.851,88.89,78.329
2024-06-09,21317943,13.869,19.059,15.722,68.591,92.784,82.783
2024-06-09,21317947,14.255,19.66,16.027,65.359,89.854,78.913
2024-06-09,21317948,14.234,20.368,16.541,61.714,86.078,74.806
2024-06-09,21317949,13.118,20.11,16.3,59.242,93.399,75.341
2024-06-09,21317950,14.191,20.132,16.516,60.914,86.413,74.515
2024-06-09,21317953,14.448,21.354,16.43,57.008,87.475,74.874
2024-06-09,21317958,14.448,20.904,16.512,55.792,88.812,75.059
2024-06-09,21317959,14.255,20.067,16.607,58.849,87.52,72.633
2024-06-09,21317960,14.126,20.389,16.246,55.92,85.319,73.784
2024-06-10,21317937,14.255,19.874,16.063,58.341,88.193,74.116
2024-06-10,21317939,13.912,18.588,15.575,58.198,87.691,72.669
2024-06-10,21317940,13.676,17.301,15.179,62.681,89.014,74.25
2024-06-10,21317941,14.126,18.373,15.755,59.237,89.581,72.331
2024-06-10,21317942,13.719,17.279,15.336,65.756,92.143,77.093
2024-06-10,21317943,13.397,17.966,15.449,65.879,94.434,77.91
2024-06-10,21317947,13.59,18.287,15.356,64.881,92.61,77.489
2024-06-10,21317948,14.234,18.716,16.001,61.402,90.213,73.259
2024-06-10,21317949,13.933,20.346,16.014,52.798,91.466,72.823
2024-06-10,21317950,14.041,19.274,15.963,55.982,88.344,71.485
2024-06-10,21317953,14.083,18.673,15.844,58.767,91.209,72.565
2024-06-10,21317958,14.148,18.759,15.863,59.429,90.254,73.021
2024-06-10,21317959,14.362,18.566,16.056,58.611,87.823,70.996
2024-06-10,21317960,14.041,18.051,15.628,60.665,89.149,72.082
2024-06-11,21317937,13.054,18.781,15.687,61.471,82.174,71.542
2024-06-11,21317939,12.26,18.545,15.169,59.17,82.214,70.578
2024-06-11,21317940,12.153,17.858,14.851,62.621,85.283,72.008
2024-06-11,21317941,12.775,18.974,15.461,58.637,77.336,69.553
2024-06-11,21317942,12.754,17.622,14.968,65.829,80.417,73.918
2024-06-11,21317943,12.711,18.502,14.836,67.642,86.957,77.882
2024-06-11,21317947,12.411,18.48,14.953,65.386,84.985,75.106
2024-06-11,21317948,13.033,18.845,15.712,60.52,77.563,70.582
2024-06-11,21317949,12.561,19.295,15.384,61.219,78.59,71.18
2024-06-11,21317950,12.775,18.845,15.554,58.582,78.57,68.481
2024-06-11,21317953,12.797,19.167,15.574,57.768,77.522,69.453
2024-06-11,21317958,12.775,19.853,15.501,58.376,78.613,71.204
2024-06-11,21317959,13.075,18.716,15.693,58.752,75.56,68.194
2024-06-11,21317960,12.754,18.909,15.189,60.052,76.561,69.731
2024-06-12,21317937,13.976,21.655,18.14,53.007,83.589,66.543
2024-06-12,21317939,13.247,21.547,17.861,45.513,86.262,64.166
2024-06-12,21317940,13.719,20.282,17.261,50.513,84.993,66.23
2024-06-12,21317941,14.362,21.998,17.851,45.382,78.503,62.965
2024-06-12,21317942,13.483,20.132,17.029,56.95,83.149,69.573
2024-06-12,21317943,11.703,21.333,16.277,55.261,93.074,76.513
2024-06-12,21317947,12.904,21.698,17.415,54.549,87.64,69.284
2024-06-12,21317948,12.84,22.105,17.888,50.219,85.676,65.242
2024-06-12,21317949,12.99,22.513,17.796,45.322,85.521,64.427
2024-06-12,21317950,13.59,22.856,18.074,47.73,83.378,64.807
2024-06-12,21317953,12.775,22.041,17.838,45.776,85.736,63.723
2024-06-12,21317958,13.869,22.041,17.813,50.262,82.896,66.831
2024-06-12,21317959,13.247,22.255,18.0,50.454,82.005,64.072
2024-06-12,21317960,13.569,22.298,17.492,44.416,80.6,64.118
2024-06-13,21317937,14.191,26.523,20.865,49.758,85.968,67.158
2024-06-13,21317939,13.655,28.818,21.704,42.657,84.358,62.175
2024-06-13,21317940,14.641,27.488,21.294,42.132,82.495,61.522
2024-06-13,21317941,14.77,28.389,21.633,42.594,85.287,62.322
2024-06-13,21317942,14.126,25.816,20.183,50.047,92.033,68.752
2024-06-13,21317943,12.175,26.738,19.265,50.269,93.741,77.496
2024-06-13,21317947,15.177,28.432,21.667,44.425,87.741,63.559
2024-06-13,21317948,14.298,28.84,21.521,41.111,86.874,62.798
2024-06-13,21317949,14.083,30.277,22.132,37.937,93.834,62.336
2024-06-13,21317950,14.491,28.668,21.786,43.041,84.5,62.083
2024-06-13,21317953,14.105,27.746,21.211,43.668,89.108,64.082
2024-06-13,21317958,14.255,28.068,21.632,45.124,85.566,63.72
2024-06-13,21317959,14.512,28.711,21.544,42.432,84.82,62.322
2024-06-13,21317960,14.019,27.681,21.234,45.435,86.34,63.044
2024-06-14,21317937,15.864,26.459,21.644,40.346,81.991,62.938
2024-06-14,21317939,16.378,25.944,21.619,38.244,84.28,60.048
2024-06-14,21317940,15.649,24.807,20.989,38.495,84.532,61.348
2024-06-14,21317941,15.177,25.344,21.28,37.957,84.366,61.384
2024-06-14,21317942,15.22,23.778,20.433,43.183,91.943,66.582
2024-06-14,21317943,14.727,24.915,20.317,43.151,95.132,70.454
2024-06-14,21317947,15.392,25.387,21.047,41.921,88.417,65.109
2024-06-14,21317948,15.649,25.837,21.51,38.199,86.409,61.586
2024-06-14,21317949,15.049,27.338,21.428,36.55,93.8,62.255
2024-06-14,21317950,15.649,25.88,21.601,37.479,85.483,61.253
2024-06-14,21317953,15.435,25.665,21.253,37.159,87.863,62.11
2024-06-14,21317958,15.285,26.223,21.38,39.706,86.004,62.972
2024-06-14,21317959,15.563,25.537,21.516,39.031,83.809,60.792
2024-06-14,21317960,15.22,25.429,21.033,40.414,85.341,62.336
2024-06-15,21317937,11.66,22.084,16.907,29.162,69.56,48.652
2024-06-15,21317939,11.617,22.234,17.244,27.152,66.453,44.439
2024-06-15,21317940,11.403,20.539,16.24,29.563,66.378,45.789
2024-06-15,21317941,10.995,21.633,16.378,28.002,73.574,47.292
2024-06-15,21317942,11.145,19.553,15.791,31.229,72.216,49.504
2024-06-15,21317943,9.193,20.539,15.322,34.549,84.797,55.995
2024-06-15,21317947,11.059,20.99,16.418,29.633,71.287,48.586
2024-06-15,21317948,11.338,21.655,17.005,28.606,70.994,46.403
2024-06-15,21317949,10.545,24.893,17.751,25.159,71.688,45.827
2024-06-15,21317950,11.36,21.633,16.643,27.86,69.914,46.273
2024-06-15,21317953,11.274,21.183,16.265,28.493,70.422,46.724
2024-06-15,21317958,10.974,21.676,16.522,29.577,72.024,48.611
2024-06-15,21317959,11.381,21.719,16.552,28.667,67.987,47.031
2024-06-15,21317960,10.909,21.805,16.108,30.475,70.005,49.258
2024-06-16,21317937,11.703,23.821,18.724,32.63,77.556,48.591
2024-06-16,21317939,11.295,24.185,18.949,30.297,80.099,45.442
2024-06-16,21317940,11.831,22.856,18.521,30.249,71.342,45.235
2024-06-16,21317941,11.982,23.885,19.055,28.684,69.029,43.43
2024-06-16,21317942,10.823,21.826,17.763,34.992,75.567,49.903
2024-06-16,21317943,8.357,22.77,16.474,38.61,88.513,60.278
2024-06-16,21317947,10.845,23.499,18.754,30.942,71.254,46.545
2024-06-16,21317948,10.459,23.971,18.902,28.754,75.608,45.842
2024-06-16,21317949,10.545,28.775,19.771,23.128,74.76,44.086
2024-06-16,21317950,11.317,24.378,19.233,28.836,72.175,44.236
2024-06-16,21317953,9.794,24.464,18.608,28.945,78.84,45.821
2024-06-16,21317958,10.995,24.035,18.752,29.54,74.894,46.234
2024-06-16,21317959,10.866,24.314,18.891,25.724,70.486,45.236
2024-06-16,21317960,10.352,23.542,18.19,29.86,76.002,47.087
2024-06-17,21317937,18.266,29.354,22.921,53.169,73.863,63.192
2024-06-17,21317939,17.837,30.706,23.634,48.385,69.786,59.275
2024-06-17,21317940,18.459,29.698,23.441,45.931,68.865,58.318
2024-06-17,21317941,18.416,30.856,23.953,44.236,68.008,58.242
2024-06-17,21317942,17.751,29.161,22.611,48.33,68.914,62.67
2024-06-17,21317943,15.864,28.196,21.537,56.895,80.929,70.696
2024-06-17,21317947,18.395,30.019,23.646,48.495,66.741,59.195
2024-06-17,21317948,18.373,31.07,23.697,46.467,70.294,59.211
2024-06-17,21317949,18.545,31.521,23.913,46.078,67.156,58.66
2024-06-17,21317950,18.759,31.928,24.244,45.66,67.687,56.69
2024-06-17,21317953,18.266,31.349,23.815,46.123,68.215,58.677
2024-06-17,21317958,18.459,30.963,24.012,45.509,65.817,58.95
2024-06-17,21317959,18.502,31.199,23.852,45.728,65.83,57.704
2024-06-17,21317960,18.201,30.491,23.594,45.82,64.292,58.128
2024-06-18,21317937,21.226,33.751,28.022,51.345,83.757,65.809
2024-06-18,21317939,21.118,33.472,28.16,46.86,81.688,61.992
2024-06-18,21317940,22.791,32.572,27.964,52.399,74.179,64.545
2024-06-18,21317941,22.941,34.202,29.02,49.143,75.032,62.353
2024-06-18,21317942,21.848,32.014,27.685,55.961,78.512,65.179
2024-06-18,21317943,20.303,31.821,26.2,58.436,88.011,74.478
2024-06-18,21317947,22.663,33.494,28.409,50.61,76.732,64.838
2024-06-18,21317948,22.427,33.644,28.87,49.529,77.926,63.016
2024-06-18,21317949,23.006,34.824,28.976,50.706,74.029,62.889
2024-06-18,21317950,23.113,34.974,29.042,48.896,71.777,61.775
2024-06-18,21317953,22.277,34.523,28.887,43.883,76.927,59.577
2024-06-18,21317958,23.842,34.974,28.959,48.804,72.073,63.188
2024-06-18,21317959,22.448,34.609,29.023,48.026,75.448,60.831
2024-06-18,21317960,23.199,34.545,28.576,48.516,71.991,61.482
2024-06-19,21317937,24.421,34.03,29.666,51.955,84.407,66.239
2024-06-19,21317939,24.722,34.159,29.926,46.403,82.191,61.786
2024-06-19,21317940,25.279,33.322,29.419,50.866,79.973,64.732
2024-06-19,21317941,26.459,34.952,30.643,49.335,75.402,62.758
2024-06-19,21317942,25.129,32.786,29.453,56.034,79.509,65.868
2024-06-19,21317943,23.135,32.657,27.989,58.793,89.735,74.363
2024-06-19,21317947,25.472,34.395,29.905,54.083,82.141,66.774
2024-06-19,21317948,25.794,34.995,30.638,49.574,79.385,62.02
2024-06-19,21317949,25.622,37.097,30.612,45.664,77.737,63.019
2024-06-19,21317950,25.408,35.682,30.651,48.685,78.566,62.101
2024-06-19,21317953,25.601,35.145,30.526,44.141,77.935,59.852
2024-06-19,21317958,26.116,35.124,30.466,50.636,77.317,64.091
2024-06-19,21317959,26.073,35.081,30.749,50.123,76.611,60.911
2024-06-19,21317960,25.966,34.716,30.139,50.198,74.839,62.173
2024-06-20,21317937,23.521,33.58,28.671,48.115,82.681,62.135
2024-06-20,21317939,24.572,33.215,28.52,38.108,75.198,59.199
2024-06-20,21317940,22.534,32.743,28.122,38.154,88.275,58.964
2024-06-20,21317941,24.228,33.108,28.674,38.491,78.566,59.295
2024-06-20,21317942,23.778,31.199,27.703,38.491,85.2,62.832
2024-06-20,21317943,22.427,31.177,27.043,43.078,91.083,67.446
2024-06-20,21317947,23.799,33.408,28.317,40.301,84.491,62.483
2024-06-20,21317948,23.671,33.708,28.73,40.276,80.722,60.009
2024-06-20,21317949,23.799,35.81,29.009,39.944,88.627,59.781
2024-06-20,21317950,24.529,34.159,28.931,39.847,84.843,58.793
2024-06-20,21317953,24.228,33.88,28.708,35.711,83.244,57.369
2024-06-20,21317958,24.271,33.515,28.756,40.244,81.154,59.992
2024-06-20,21317959,23.628,33.258,28.696,40.365,76.049,59.622
2024-06-20,21317960,24.035,33.151,28.345,40.841,78.424,59.042
2024-06-21,21317937,18.952,24.357,21.739,50.97,76.114,62.745
2024-06-21,21317939,20.196,24.679,22.413,44.552,70.269,55.962
2024-06-21,21317940,19.789,24.378,21.957,44.149,68.727,54.293
2024-06-21,21317941,19.51,24.185,21.829,45.679,71.652,57.281
2024-06-21,21317942,19.403,23.778,21.318,47.619,71.336,59.639
2024-06-21,21317943,17.494,23.006,20.234,55.215,81.03,67.314
2024-06-21,21317947,19.66,24.078,21.851,47.904,72.082,57.83
2024-06-21,21317948,19.51,23.778,21.767,47.584,73.904,60.042
2024-06-21,21317949,19.231,27.488,22.064,40.941,72.569,57.508
2024-06-21,21317950,19.832,24.464,22.262,44.79,69.836,55.459
2024-06-21,21317953,19.767,24.185,21.946,46.297,70.887,57.142
2024-06-21,21317958,19.445,24.357,21.954,46.882,72.966,57.976
2024-06-21,21317959,19.274,23.649,21.646,48.37,72.29,59.887
2024-06-21,21317960,19.295,23.95,21.611,47.735,68.847,57.348
2024-06-22,21317937,18.459,25.58,21.529,47.227,85.51,68.467
2024-06-22,21317939,19.252,25.408,21.982,43.67,85.118,63.764
2024-06-22,21317940,18.201,25.022,21.502,39.225,83.026,62.096
2024-06-22,21317941,17.794,26.287,21.645,33.056,84.056,61.512
2024-06-22,21317942,17.687,23.778,20.729,43.806,86.093,65.398
2024-06-22,21317943,16.786,23.842,19.716,48.971,90.426,74.638
2024-06-22,21317947,18.33,25.301,21.457,40.342,87.178,64.908
2024-06-22,21317948,18.159,26.116,21.615,30.018,85.208,64.422
2024-06-22,21317949,17.751,26.309,21.822,37.209,82.928,62.362
2024-06-22,21317950,18.223,25.773,21.823,36.905,82.188,61.974
2024-06-22,21317953,18.073,26.073,21.591,37.897,84.691,62.086
2024-06-22,21317958,17.88,26.137,21.716,35.605,83.793,62.592
2024-06-22,21317959,18.094,26.244,21.698,30.14,83.354,62.748
2024-06-22,21317960,17.665,24.807,21.211,38.573,81.564,61.511
2024-06-23,21317937,16.164,27.531,21.305,61.363,94.781,85.531
2024-06-23,21317939,16.378,27.81,21.596,60.328,93.146,83.998
2024-06-23,21317940,16.1,27.038,21.188,60.4,94.693,84.542
2024-06-23,21317941,15.907,26.631,20.332,63.27,94.534,88.62
2024-06-23,21317942,15.928,26.094,20.098,64.346,95.129,90.37
2024-06-23,21317943,15.821,23.864,19.697,85.872,95.952,93.95
2024-06-23,21317947,15.928,26.673,20.897,65.316,95.741,88.412
2024-06-23,21317948,16.078,26.824,20.474,62.02,94.569,88.71
2024-06-23,21317949,15.563,26.609,20.24,61.805,95.911,89.924
2024-06-23,21317950,16.185,27.381,21.134,58.657,91.875,84.606
2024-06-23,21317953,16.121,26.48,20.589,62.173,94.633,88.234
2024-06-23,21317958,15.864,26.673,20.414,64.141,95.7,89.292
2024-06-23,21317959,16.142,26.845,20.327,60.459,93.953,87.433
2024-06-23,21317960,18.716,20.861,19.784,81.68,90.916,86.271
2024-06-24,21317937,15.521,27.338,19.656,40.571,93.69,76.135
2024-06-24,21317939,15.563,27.253,19.658,41.006,91.87,73.38
2024-06-24,21317940,15.134,25.601,19.372,40.496,92.807,73.71
2024-06-24,21317941,15.177,26.802,19.898,36.646,93.654,72.425
2024-06-24,21317942,15.006,25.108,18.85,41.141,94.159,76.723
2024-06-24,21317943,14.941,24.121,18.266,57.342,96.382,83.52
2024-06-24,21317947,14.984,25.194,19.223,44.854,95.695,77.442
2024-06-24,21317948,15.413,26.502,19.63,39.507,93.838,74.092
2024-06-24,21317949,14.684,28.861,19.564,41.601,96.391,76.433
2024-06-24,21317950,15.22,26.673,19.753,40.433,92.143,72.899
2024-06-24,21317953,15.242,26.866,19.609,37.104,93.434,73.214
2024-06-24,21317958,15.177,26.909,19.884,40.624,94.903,74.306
2024-06-24,21317959,15.392,26.802,19.86,40.867,92.239,72.314
2024-06-24,21317960,20.175,25.966,23.22,42.356,68.229,57.26
2024-06-25,21317937,18.073,28.668,23.825,38.369,84.878,61.144
2024-06-25,21317939,18.373,29.054,23.293,36.298,85.455,60.934
2024-06-25,21317940,16.593,28.346,22.741,37.336,86.123,63.214
2024-06-25,21317941,18.437,30.105,24.163,31.879,83.185,56.549
2024-06-25,21317942,17.923,27.789,23.19,39.316,84.958,60.102
2024-06-25,21317943,15.413,28.175,21.936,41.317,92.415,69.676
2024-06-25,21317947,17.88,28.904,23.74,38.378,86.334,61.587
2024-06-25,21317948,16.764,29.676,24.172,34.827,83.973,57.073
2024-06-25,21317949,17.837,32.593,24.511,34.147,85.025,56.832
2024-06-25,21317950,17.901,30.084,24.3,34.104,82.924,57.704
2024-06-25,21317953,18.395,30.298,24.3,32.691,84.128,56.218
2024-06-25,21317958,18.159,29.998,24.016,34.049,84.775,58.194
2024-06-25,21317959,17.966,30.041,24.31,33.107,81.573,55.508
2024-06-25,21317960,17.837,29.44,23.608,34.745,82.577,57.345
2024-06-26,21317937,18.738,28.153,23.311,44.652,89.137,67.793
2024-06-26,21317939,18.502,28.046,23.249,37.263,89.648,64.874
2024-06-26,21317940,18.738,27.639,23.004,42.173,87.35,63.976
2024-06-26,21317941,18.802,28.132,23.139,43.664,85.684,66.581
2024-06-26,21317942,18.502,26.652,22.345,49.831,90.372,70.301
2024-06-26,21317943,17.815,27.038,22.027,50.603,92.779,73.38
2024-06-26,21317947,18.33,27.767,22.938,47.213,91.481,68.969
2024-06-26,21317948,18.781,28.196,23.264,44.421,86.674,66.693
2024-06-26,21317949,17.858,30.405,23.494,46.502,93.718,66.582
2024-06-26,21317950,18.952,28.818,23.584,42.428,87.919,64.571
2024-06-26,21317953,18.738,29.011,23.19,42.507,88.962,66.547
2024-06-26,21317958,19.188,28.647,23.319,45.316,84.292,67.285
2024-06-26,21317959,18.845,28.582,23.311,45.135,84.312,65.532
2024-06-26,21317960,18.931,28.068,22.903,46.49,83.093,66.192
2024-06-27,21317937,14.791,21.569,17.723,37.566,92.111,64.662
2024-06-27,21317939,14.255,20.496,17.637,34.371,93.307,61.984
2024-06-27,21317940,14.491,19.96,17.269,34.937,91.11,61.313
2024-06-27,21317941,14.255,20.732,17.313,35.244,93.944,61.049
2024-06-27,21317942,13.483,19.445,16.424,42.631,93.82,69.816
2024-06-27,21317943,12.132,20.582,16.542,40.391,95.134,69.591
2024-06-27,21317947,13.333,20.689,17.248,39.857,94.209,65.254
2024-06-27,21317948,13.697,21.633,17.487,35.834,92.459,62.784
2024-06-27,21317949,13.59,25.215,17.65,35.843,96.368,64.563
2024-06-27,21317950,14.641,21.033,17.736,34.379,91.122,60.511
2024-06-27,21317953,14.341,21.033,17.375,35.463,92.726,61.445
2024-06-27,21317958,14.212,21.183,17.517,37.249,92.66,62.498
2024-06-27,21317959,14.255,21.311,17.635,34.47,90.895,60.77
2024-06-27,21317960,13.697,20.668,17.106,37.372,91.064,63.271
2024-06-28,21317937,12.539,24.25,18.706,32.268,61.317,48.748
2024-06-28,21317939,11.252,25.129,18.555,31.078,66.374,46.58
2024-06-28,21317940,11.252,23.714,17.995,31.083,66.604,47.098
2024-06-28,21317941,11.274,24.293,18.447,31.981,64.913,45.628
2024-06-28,21317942,10.931,22.384,17.401,38.337,70.896,52.404
2024-06-28,21317943,9.15,23.027,16.759,41.439,81.468,60.334
2024-06-28,21317947,10.244,23.95,18.23,32.476,71.913,49.048
2024-06-28,21317948,11.188,24.25,18.855,31.826,64.764,46.052
2024-06-28,21317949,10.373,27.724,19.429,25.425,72.604,45.728
2024-06-28,21317950,10.845,25.58,18.87,29.587,69.725,45.806
2024-06-28,21317953,10.845,24.915,18.584,31.121,68.705,45.378
2024-06-28,21317958,10.952,24.529,18.328,33.909,69.003,47.698
2024-06-28,21317959,11.488,24.357,18.714,32.149,62.368,45.153
2024-06-28,21317960,10.995,24.829,17.921,34.301,67.381,48.397
2024-06-29,21317937,16.936,21.033,18.956,49.964,92.181,77.047
2024-06-29,21317939,16.636,20.882,18.663,50.851,92.418,76.546
2024-06-29,21317940,16.314,22.169,18.643,46.728,91.676,75.451
2024-06-29,21317941,16.807,22.126,18.935,45.27,92.679,76.217
2024-06-29,21317942,16.4,21.462,18.32,49.538,94.029,78.826
2024-06-29,21317943,16.035,20.797,17.928,57.113,96.045,82.11
2024-06-29,21317947,16.529,21.826,18.716,48.095,94.194,77.648
2024-06-29,21317948,16.936,21.14,18.953,48.818,92.291,76.086
2024-06-29,21317949,16.421,22.298,18.916,48.27,95.875,76.873
2024-06-29,21317950,16.915,21.976,19.02,46.717,91.518,75.12
2024-06-29,21317953,16.657,21.891,18.782,45.673,93.687,76.886
2024-06-29,21317958,16.979,22.319,19.128,47.254,92.949,76.173
2024-06-29,21317959,16.915,21.097,18.982,47.103,90.597,74.207
2024-06-29,21317960,16.829,22.212,18.829,48.864,91.594,75.259
2024-06-30,21317937,19.874,28.153,23.94,43.618,92.502,69.159
2024-06-30,21317939,19.832,27.939,23.762,38.587,93.12,66.252
2024-06-30,21317940,19.338,27.36,23.467,42.296,91.022,67.333
2024-06-30,21317941,19.51,28.368,23.81,43.133,93.004,68.428
2024-06-30,21317942,19.36,26.459,22.98,50.491,94.446,72.944
2024-06-30,21317943,18.909,27.51,22.812,48.266,96.443,75.361
2024-06-30,21317947,19.188,27.896,23.598,46.307,94.292,71.228
2024-06-30,21317948,19.81,28.475,23.962,42.901,94.524,68.303
2024-06-30,21317949,19.295,31.006,24.064,40.272,96.429,69.27
2024-06-30,21317950,19.553,28.625,23.957,40.981,92.227,67.555
2024-06-30,21317953,19.681,28.604,23.797,43.56,94.401,68.723
2024-06-30,21317958,19.574,28.432,23.932,45.412,94.432,69.778
2024-06-30,21317959,19.746,28.003,23.885,43.911,91.923,67.347
2024-06-30,21317960,19.403,28.261,23.559,42.324,91.731,68.477
2024-07-01,21317937,16.829,28.068,22.231,29.042,69.761,50.566
2024-07-01,21317939,16.872,27.896,22.327,26.839,71.759,48.073
2024-07-01,21317940,16.464,26.909,21.603,27.576,69.662,47.231
2024-07-01,21317941,16.25,27.724,22.015,27.75,68.943,48.022
2024-07-01,21317942,16.207,25.194,20.903,31.952,69.436,52.379
2024-07-01,21317943,15.027,25.322,20.231,36.15,76.324,59.0
2024-07-01,21317947,16.336,26.631,21.647,31.194,72.219,50.415
2024-07-01,21317948,16.4,27.66,22.396,28.113,69.397,47.545
2024-07-01,21317949,16.078,32.1,23.298,26.276,71.072,46.784
2024-07-01,21317950,16.636,27.553,22.17,27.633,67.958,47.054
2024-07-01,21317953,16.314,27.51,21.88,26.921,68.315,47.726
2024-07-01,21317958,16.121,28.454,22.042,28.777,72.871,49.657
2024-07-01,21317959,16.293,27.746,22.293,27.979,67.044,47.326
2024-07-01,21317960,15.928,26.652,21.481,30.584,69.108,49.881
2024-07-02,21317937,17.236,29.526,23.669,33.14,81.665,55.461
2024-07-02,21317939,17.773,30.019,23.626,30.085,77.967,52.61
2024-07-02,21317940,17.751,29.269,23.595,28.914,77.833,50.499
2024-07-02,21317941,17.987,30.577,24.415,26.653,74.611,48.131
2024-07-02,21317942,17.451,26.673,22.709,33.61,76.258,53.554
2024-07-02,21317943,14.856,27.703,21.064,39.374,89.616,65.015
2024-07-02,21317947,16.593,29.655,23.686,29.212,79.147,52.575
2024-07-02,21317948,16.829,29.762,24.274,28.434,78.95,49.28
2024-07-02,21317949,16.979,33.73,24.976,29.435,76.886,47.965
2024-07-02,21317950,17.193,30.663,24.491,26.528,74.29,48.663
2024-07-02,21317953,16.936,29.998,24.193,26.88,76.67,49.1
2024-07-02,21317958,17.73,30.62,24.388,29.024,77.427,50.185
2024-07-02,21317959,17.858,30.062,24.395,26.694,73.112,48.159
2024-07-02,21317960,17.408,29.633,23.48,30.105,74.76,50.951
2024-07-03,21317937,19.017,28.346,23.812,49.706,85.176,62.702
2024-07-03,21317939,18.781,29.354,24.026,45.032,84.646,58.916
2024-07-03,21317940,19.317,28.604,24.347,40.867,83.235,54.205
2024-07-03,21317941,19.445,29.269,24.534,44.8,87.008,56.696
2024-07-03,21317942,18.802,27.017,23.159,49.986,91.083,61.539
2024-07-03,21317943,16.679,27.681,22.412,50.536,92.798,66.2
2024-07-03,21317947,20.625,28.84,24.6,43.682,89.282,55.168
2024-07-03,21317948,19.188,29.011,24.393,44.565,87.201,58.017
2024-07-03,21317949,20.325,30.298,24.95,41.221,94.731,54.673
2024-07-03,21317950,20.797,29.826,25.113,41.266,86.624,52.451
2024-07-03,21317953,19.295,28.861,24.145,45.536,89.488,58.11
2024-07-03,21317958,19.724,29.44,24.835,46.329,87.419,56.106
2024-07-03,21317959,19.188,29.462,24.411,44.758,83.891,56.854
2024-07-03,21317960,19.424,28.711,24.271,46.529,86.471,56.465
2024-07-04,21317937,21.011,30.384,25.904,49.52,86.934,68.063
2024-07-04,21317939,20.818,30.32,25.585,44.547,85.983,66.148
2024-07-04,21317940,20.947,29.161,25.266,50.921,87.745,68.237
2024-07-04,21317941,21.226,30.77,25.803,43.43,89.383,68.024
2024-07-04,21317942,19.96,28.925,24.645,53.565,93.321,73.712
2024-07-04,21317943,19.874,29.033,24.132,51.086,95.441,78.239
2024-07-04,21317947,21.011,30.169,25.405,54.984,91.31,71.94
2024-07-04,21317948,21.076,30.47,25.99,46.365,88.51,67.124
2024-07-04,21317949,20.067,32.786,25.926,49.216,94.575,68.627
2024-07-04,21317950,21.354,31.649,26.1,49.07,88.779,67.741
2024-07-04,21317953,20.711,31.135,25.941,42.629,90.533,67.989
2024-07-04,21317958,21.483,30.877,25.894,42.434,90.871,67.989
2024-07-04,21317959,21.118,31.177,26.063,44.854,85.846,66.068
2024-07-04,21317960,20.904,30.448,25.401,43.558,88.089,68.187
2024-07-05,21317937,21.59,29.848,25.191,53.333,84.604,69.336
2024-07-05,21317939,22.041,30.92,25.63,48.586,85.199,65.312
2024-07-05,21317940,21.848,29.397,25.31,51.96,77.514,65.101
2024-07-05,21317941,21.354,28.99,24.931,51.601,79.532,66.517
2024-07-05,21317942,21.161,27.338,24.254,59.132,81.935,69.209
2024-07-05,21317943,20.775,27.446,23.922,61.1,84.892,73.769
2024-07-05,21317947,21.612,29.054,24.99,57.154,81.529,69.47
2024-07-05,21317948,21.59,28.711,25.042,56.712,79.698,67.847
2024-07-05,21317949,21.483,31.328,25.362,45.4,91.768,64.885
2024-07-05,21317950,21.955,29.934,25.391,51.46,79.38,65.087
2024-07-05,21317953,21.526,29.226,25.099,51.516,77.995,65.898
2024-07-05,21317958,21.547,29.869,25.152,51.981,81.044,66.587
2024-07-05,21317959,21.59,29.076,24.965,54.696,78.616,66.901
2024-07-05,21317960,21.204,28.089,24.585,54.455,78.172,66.499
2024-07-06,21317937,18.952,29.483,23.583,53.24,91.302,76.234
2024-07-06,21317939,19.231,30.041,24.054,49.012,88.504,71.982
2024-07-06,21317940,18.845,28.025,23.442,53.613,89.039,73.153
2024-07-06,21317941,18.652,29.054,23.274,51.139,91.479,73.778
2024-07-06,21317942,18.588,26.48,22.477,60.569,91.321,77.741
2024-07-06,21317943,18.159,27.038,22.001,64.233,94.505,83.302
2024-07-06,21317947,18.716,29.462,23.327,55.096,92.337,76.685
2024-07-06,21317948,19.081,28.11,23.497,56.144,90.069,74.436
2024-07-06,21317949,18.073,31.07,23.27,48.362,95.908,75.64
2024-07-06,21317950,18.909,29.848,23.723,47.239,88.847,72.424
2024-07-06,21317953,18.759,29.076,23.261,52.18,90.665,74.112
2024-07-06,21317958,18.523,29.419,23.388,50.256,92.811,74.633
2024-07-06,21317959,18.952,29.312,23.447,52.535,88.531,73.412
2024-07-06,21317960,18.523,28.046,22.898,52.384,90.532,74.188
2024-07-07,21317937,19.617,31.07,24.926,50.008,87.251,69.413
2024-07-07,21317939,20.389,29.826,24.6,46.021,85.406,67.142
2024-07-07,21317940,19.939,28.711,24.164,49.816,86.361,68.354
2024-07-07,21317941,19.832,29.719,24.41,45.939,83.035,66.721
2024-07-07,21317942,19.081,27.81,23.339,56.606,85.579,72.937
2024-07-07,21317943,17.451,28.089,22.757,54.606,93.342,77.171
2024-07-07,21317947,19.295,29.762,24.043,50.838,88.579,72.471
2024-07-07,21317948,19.167,29.655,24.624,49.026,84.074,67.756
2024-07-07,21317949,18.909,30.942,24.469,46.131,86.706,67.146
2024-07-07,21317950,19.917,30.555,24.836,48.527,83.694,67.179
2024-07-07,21317953,18.566,29.891,24.276,44.97,87.163,67.727
2024-07-07,21317958,19.66,30.041,24.495,46.27,85.36,68.332
2024-07-07,21317959,19.445,30.191,24.623,48.498,81.505,66.3
2024-07-07,21317960,19.017,30.148,23.985,44.791,84.645,67.916
2024-07-08,21317937,22.212,31.778,26.837,45.509,81.44,62.848
2024-07-08,21317939,21.376,30.727,26.231,39.806,81.326,59.72
2024-07-08,21317940,21.676,29.848,25.916,45.545,81.605,61.524
2024-07-08,21317941,22.105,30.942,26.79,43.151,78.192,59.626
2024-07-08,21317942,21.419,28.883,25.541,48.518,82.371,65.162
2024-07-08,21317943,19.424,29.247,24.266,49.461,91.731,72.712
2024-07-08,21317947,21.44,31.113,26.222,47.907,82.55,64.504
2024-07-08,21317948,21.955,31.049,26.936,44.402,79.055,60.111
2024-07-08,21317949,21.547,34.202,26.882,41.379,79.936,60.452
2024-07-08,21317950,21.826,32.014,27.069,42.997,78.296,59.405
2024-07-08,21317953,21.612,31.328,26.798,42.809,80.026,59.525
2024-07-08,21317958,21.891,31.349,26.739,43.565,79.779,61.073
2024-07-08,21317959,22.169,31.456,27.109,43.716,75.746,58.432
2024-07-08,21317960,21.74,31.199,26.24,42.753,77.285,60.343
2024-07-09,21317937,22.984,30.813,26.66,47.936,72.679,62.682
2024-07-09,21317939,22.598,29.976,26.212,48.534,69.931,59.613
2024-07-09,21317940,22.298,29.354,25.937,47.926,71.473,60.166
2024-07-09,21317941,23.156,30.984,26.657,46.447,71.153,61.151
2024-07-09,21317942,22.748,28.99,25.701,52.679,71.85,64.504
2024-07-09,21317943,20.239,29.397,24.421,51.785,84.471,71.676
2024-07-09,21317947,22.298,30.427,26.046,49.964,75.528,64.306
2024-07-09,21317948,22.963,30.663,26.803,48.301,72.024,60.931
2024-07-09,21317949,22.555,30.298,26.436,49.734,76.187,63.872
2024-07-09,21317950,22.813,31.714,26.8,45.925,71.748,60.676
2024-07-09,21317953,22.748,31.113,26.659,46.05,71.112,60.758
2024-07-09,21317958,22.92,31.006,26.622,47.936,73.872,62.95
2024-07-09,21317959,23.349,31.263,26.994,46.104,68.028,58.639
2024-07-09,21317960,22.727,30.534,26.2,47.886,69.816,60.745
2024-07-10,21317937,19.381,26.738,22.963,67.002,92.982,82.116
2024-07-10,21317939,19.381,26.931,22.931,64.497,93.143,80.481
2024-07-10,21317940,19.381,26.931,22.531,62.794,94.726,80.705
2024-07-10,21317941,19.467,27.338,22.985,60.574,95.041,80.544
2024-07-10,21317942,19.059,26.437,22.454,67.651,94.699,83.19
2024-07-10,21317943,18.823,25.665,21.931,71.684,95.306,87.624
2024-07-10,21317947,19.124,28.411,22.747,65.119,95.924,83.062
2024-07-10,21317948,19.21,27.789,23.099,61.386,95.068,81.341
2024-07-10,21317949,18.588,30.641,22.736,56.364,95.889,84.33
2024-07-10,21317950,19.51,27.446,22.958,59.371,92.784,79.512
2024-07-10,21317953,19.574,27.424,23.038,59.866,94.647,80.415
2024-07-10,21317958,19.295,27.681,22.911,64.625,95.865,82.887
2024-07-10,21317959,19.059,27.81,23.041,56.147,94.226,79.646
2024-07-10,21317960,19.21,26.566,22.612,65.362,91.527,80.703
2024-07-11,21317937,19.124,21.676,20.33,86.038,93.445,90.063
2024-07-11,21317939,19.252,22.019,20.441,83.038,92.149,88.233
2024-07-11,21317940,19.017,21.483,19.973,84.903,92.401,89.28
2024-07-11,21317941,19.102,21.226,20.083,85.171,95.308,89.642
2024-07-11,21317942,18.888,20.947,19.83,87.048,94.044,90.921
2024-07-11,21317943,18.588,20.754,19.548,91.081,95.348,93.934
2024-07-11,21317947,18.931,21.033,19.879,88.258,94.72,92.012
2024-07-11,21317948,19.145,21.698,20.327,84.472,94.543,89.141
2024-07-11,21317949,18.395,20.411,19.502,87.955,96.584,93.86
2024-07-11,21317950,19.059,21.44,20.113,84.462,91.508,88.374
2024-07-11,21317953,19.081,21.783,20.21,84.521,93.7,89.609
2024-07-11,21317958,19.059,21.204,20.054,87.039,96.226,91.439
2024-07-11,21317959,19.188,21.762,20.309,83.221,94.035,87.707
2024-07-11,21317960,18.995,20.711,19.867,85.254,92.367,89.063
2024-07-12,21317937,19.832,29.376,24.049,52.984,92.813,76.033
2024-07-12,21317939,19.939,28.84,23.995,52.531,91.394,74.016
2024-07-12,21317940,19.896,27.381,23.558,56.715,89.581,74.421
2024-07-12,21317941,19.939,29.74,24.128,48.518,90.074,72.456
2024-07-12,21317942,19.51,26.395,22.762,61.585,92.001,79.769
2024-07-12,21317943,18.931,26.888,22.308,65.966,95.554,86.424
2024-07-12,21317947,19.531,28.775,23.658,57.74,92.52,77.74
2024-07-12,21317948,20.067,28.968,24.164,52.509,90.916,73.337
2024-07-12,21317949,19.488,30.084,24.0,52.508,92.029,74.728
2024-07-12,21317950,19.96,29.44,24.191,50.248,88.341,72.74
2024-07-12,21317953,19.703,29.676,24.068,50.477,91.594,73.806
2024-07-12,21317958,19.939,29.204,24.122,52.505,91.865,74.566
2024-07-12,21317959,20.11,29.462,24.284,51.392,88.334,71.54
2024-07-12,21317960,19.617,28.883,23.612,52.473,89.277,73.837
2024-07-13,21317937,22.041,30.877,26.233,45.638,86.142,65.282
2024-07-13,21317939,21.719,30.448,25.779,47.088,84.283,65.726
2024-07-13,21317940,21.483,29.29,25.551,48.074,85.725,63.571
2024-07-13,21317941,22.212,30.32,26.189,44.337,83.203,61.761
2024-07-13,21317942,21.183,27.896,24.894,56.605,87.388,69.954
2024-07-13,21317943,20.11,28.582,24.318,54.203,94.479,74.278
2024-07-13,21317947,21.719,29.912,25.69,52.059,86.528,67.572
2024-07-13,21317948,21.955,29.998,26.281,49.946,85.098,64.909
2024-07-13,21317949,21.698,34.631,26.706,41.613,86.133,63.984
2024-07-13,21317950,21.676,31.113,26.409,48.042,85.571,63.465
2024-07-13,21317953,21.719,30.577,26.068,44.736,84.723,62.522
2024-07-13,21317958,22.105,30.942,26.314,46.394,85.537,63.631
2024-07-13,21317959,22.255,30.491,26.302,48.746,82.087,63.489
2024-07-13,21317960,21.976,30.341,25.817,45.687,82.818,63.803
2024-07-14,21317937,21.612,30.598,26.395,47.039,82.17,64.025
2024-07-14,21317939,21.59,30.169,25.804,39.797,82.55,63.795
2024-07-14,21317940,20.818,29.612,25.461,45.225,82.586,63.701
2024-07-14,21317941,21.161,30.834,26.443,42.791,83.223,61.712
2024-07-14,21317942,21.333,28.089,25.21,55.039,82.333,67.557
2024-07-14,21317943,20.582,28.647,24.328,54.971,87.689,73.518
2024-07-14,21317947,20.775,30.491,25.898,49.317,85.487,66.373
2024-07-14,21317948,21.462,30.362,26.583,49.642,81.373,62.262
2024-07-14,21317949,20.818,32.486,26.671,44.874,84.71,61.802
2024-07-14,21317950,21.183,31.499,26.815,45.093,81.35,61.144
2024-07-14,21317953,21.226,30.791,26.344,42.942,82.383,60.367
2024-07-14,21317958,20.99,30.92,26.308,44.913,84.761,62.772
2024-07-14,21317959,21.59,30.942,26.59,46.726,79.367,60.977
2024-07-14,21317960,20.925,30.234,25.882,46.145,81.973,62.907
2024-07-15,21317937,22.47,31.992,27.029,56.442,88.936,67.632
2024-07-15,21317939,22.277,31.628,26.937,54.577,88.592,65.625
2024-07-15,21317940,22.491,30.577,26.373,53.7,86.142,65.145
2024-07-15,21317941,22.341,32.379,27.201,52.326,84.883,65.042
2024-07-15,21317942,22.191,29.547,26.0,60.226,87.433,69.802
2024-07-15,21317943,21.118,29.655,25.104,61.811,92.537,75.286
2024-07-15,21317947,22.534,31.542,26.568,57.392,87.388,68.516
2024-07-15,21317948,22.513,31.885,27.313,54.124,86.0,65.281
2024-07-15,21317949,20.99,32.4,27.192,51.713,94.612,65.926
2024-07-15,21317950,22.834,32.228,27.194,52.56,86.043,65.21
2024-07-15,21317953,22.791,32.25,27.224,48.49,86.619,61.993
2024-07-15,21317958,22.084,32.4,27.148,50.828,87.361,64.279
2024-07-15,21317959,22.663,32.722,27.436,50.66,83.218,62.803
2024-07-15,21317960,21.869,31.799,26.643,53.812,85.232,64.904
2024-07-16,21317937,21.998,31.199,24.733,51.022,90.602,78.619
2024-07-16,21317939,21.719,30.598,24.615,51.461,90.149,77.587
2024-07-16,21317940,21.633,29.333,24.431,53.814,88.482,76.409
2024-07-16,21317941,21.59,29.762,24.74,51.36,88.437,75.944
2024-07-16,21317942,21.462,27.703,23.7,60.949,90.465,81.406
2024-07-16,21317943,20.711,27.553,23.126,67.893,94.791,86.621
2024-07-16,21317947,21.547,29.848,24.436,57.493,91.11,79.847
2024-07-16,21317948,22.019,30.341,24.868,52.448,88.313,76.739
2024-07-16,21317949,21.504,33.901,24.725,47.286,89.204,76.218
2024-07-16,21317950,21.998,30.577,25.007,49.368,86.613,75.119
2024-07-16,21317953,21.805,30.448,24.756,50.944,89.474,77.114
2024-07-16,21317958,21.547,29.934,24.738,54.295,88.936,77.672
2024-07-16,21317959,22.105,30.706,25.014,51.855,86.029,74.151
2024-07-16,21317960,21.483,28.904,24.227,54.624,86.416,77.12
2024-07-17,21317937,22.77,29.247,25.506,49.812,89.374,71.499
2024-07-17,21317939,22.277,28.282,25.122,49.368,89.696,70.589
2024-07-17,21317940,22.277,27.939,24.942,49.482,88.794,70.436
2024-07-17,21317941,22.663,29.118,25.594,46.177,87.604,67.944
2024-07-17,21317942,22.598,27.403,24.802,56.573,89.215,72.673
2024-07-17,21317943,21.805,27.681,24.359,56.124,95.427,76.203
2024-07-17,21317947,22.255,28.218,25.083,55.946,91.563,73.493
2024-07-17,21317948,22.856,28.84,25.667,51.035,88.162,69.448
2024-07-17,21317949,22.491,29.891,25.546,48.792,88.794,68.39
2024-07-17,21317950,22.791,29.762,25.939,49.218,86.824,68.139
2024-07-17,21317953,22.663,29.183,25.644,47.207,89.946,68.238
2024-07-17,21317958,22.598,29.976,25.639,47.945,89.685,69.64
2024-07-17,21317959,22.984,29.204,25.822,52.453,85.351,67.62
2024-07-17,21317960,22.47,29.033,25.257,46.612,86.929,68.187
2024-07-18,21317937,18.909,25.194,22.054,50.704,80.209,66.47
2024-07-18,21317939,18.738,24.25,21.586,45.103,82.582,63.643
2024-07-18,21317940,18.652,24.1,21.119,47.701,81.678,64.681
2024-07-18,21317941,18.588,24.572,21.565,45.554,77.047,63.029
2024-07-18,21317942,18.523,24.271,21.224,56.899,78.46,68.257
2024-07-18,21317943,18.266,24.486,21.24,51.951,78.732,67.378
2024-07-18,21317947,18.159,24.464,21.365,53.361,81.419,68.403
2024-07-18,21317948,18.673,25.451,21.97,47.834,77.336,63.509
2024-07-18,21317949,18.201,27.253,22.027,43.455,77.806,62.122
2024-07-18,21317950,18.909,25.043,22.0,45.954,76.974,63.291
2024-07-18,21317953,18.566,24.872,21.812,44.109,77.719,62.403
2024-07-18,21317958,18.459,25.408,21.69,46.227,78.508,64.621
2024-07-18,21317959,18.695,25.172,21.917,48.603,74.89,63.215
2024-07-18,21317960,18.416,24.915,21.465,45.728,75.496,63.31
2024-07-19,21317937,17.258,27.338,22.716,38.843,80.287,59.704
2024-07-19,21317939,17.065,26.373,21.972,37.827,83.731,60.501
2024-07-19,21317940,16.593,25.901,21.587,36.081,83.035,60.512
2024-07-19,21317941,16.4,26.866,22.21,37.911,81.798,57.404
2024-07-19,21317942,16.55,25.194,21.579,42.199,81.253,60.998
2024-07-19,21317943,16.25,25.901,21.185,43.297,85.232,64.397
2024-07-19,21317947,16.4,26.588,21.978,40.67,85.914,61.82
2024-07-19,21317948,16.593,26.866,22.644,38.882,80.758,56.914
2024-07-19,21317949,16.142,30.062,22.912,35.518,82.704,56.652
2024-07-19,21317950,16.657,27.703,22.743,36.42,81.483,56.802
2024-07-19,21317953,16.529,27.36,22.442,36.219,81.065,56.688
2024-07-19,21317958,16.4,27.274,22.279,38.195,82.969,58.848
2024-07-19,21317959,16.743,27.145,22.483,38.015,78.456,56.41
2024-07-19,21317960,16.336,27.124,21.914,38.962,80.027,58.001
2024-07-20,21317937,18.738,28.303,22.728,48.942,85.94,66.754
2024-07-20,21317939,17.966,27.917,22.449,46.374,86.471,65.242
2024-07-20,21317940,18.137,27.231,22.141,46.282,83.033,64.627
2024-07-20,21317941,18.416,28.496,22.7,45.327,84.947,63.227
2024-07-20,21317942,18.33,27.102,21.897,49.601,91.099,68.329
2024-07-20,21317943,16.25,27.102,21.71,49.743,93.054,69.03
2024-07-20,21317947,17.901,27.789,22.415,49.639,87.304,67.623
2024-07-20,21317948,18.459,28.411,22.936,45.399,86.601,64.307
2024-07-20,21317949,17.987,29.312,22.841,46.03,95.883,65.212
2024-07-20,21317950,18.159,29.204,23.168,44.543,84.472,62.843
2024-07-20,21317953,18.008,28.797,22.778,43.935,87.237,64.225
2024-07-20,21317958,18.287,28.325,22.669,46.947,86.897,65.223
2024-07-20,21317959,18.566,28.518,22.904,45.01,82.924,62.116
2024-07-20,21317960,18.18,27.81,22.241,46.864,86.416,63.96
2024-07-21,21317937,14.512,26.266,21.112,39.96,88.35,59.584
2024-07-21,21317939,16.421,26.287,21.151,37.459,87.945,55.637
2024-07-21,21317940,15.778,24.486,20.679,39.66,84.573,56.57
2024-07-21,21317941,15.885,25.451,20.855,37.404,86.098,55.175
2024-07-21,21317942,14.727,23.392,19.781,45.899,91.971,62.604
2024-07-21,21317943,13.526,24.314,19.002,43.313,93.66,67.953
2024-07-21,21317947,15.692,25.708,20.827,42.013,89.046,59.38
2024-07-21,21317948,15.714,25.601,21.175,39.242,88.522,56.34
2024-07-21,21317949,14.684,30.298,21.954,29.65,96.007,56.573
2024-07-21,21317950,15.885,25.944,21.286,37.987,84.436,55.376
2024-07-21,21317953,14.834,25.987,20.816,37.391,88.779,56.309
2024-07-21,21317958,15.306,25.901,20.792,38.698,88.202,57.974
2024-07-21,21317959,15.306,26.073,21.009,37.478,84.425,56.066
2024-07-21,21317960,15.263,25.601,20.327,38.186,87.698,58.365
2024-07-22,21317937,16.614,29.569,23.225,37.694,82.321,56.885
2024-07-22,21317939,17.022,28.797,23.281,37.704,79.11,54.332
2024-07-22,21317940,16.529,27.531,22.821,38.914,77.778,54.092
2024-07-22,21317941,16.571,28.582,23.323,34.186,73.712,51.407
2024-07-22,21317942,15.563,26.159,21.828,41.532,82.246,57.717
2024-07-22,21317943,13.569,26.931,20.522,43.732,89.081,65.507
2024-07-22,21317947,15.928,28.368,22.816,41.054,84.164,56.804
2024-07-22,21317948,15.392,28.668,23.122,36.01,79.586,53.395
2024-07-22,21317949,15.134,31.671,23.586,33.396,80.49,52.703
2024-07-22,21317950,16.421,28.69,23.421,36.248,76.228,52.093
2024-07-22,21317953,15.628,28.968,23.028,33.368,80.25,52.576
2024-07-22,21317958,15.821,28.925,23.18,35.918,79.367,54.187
2024-07-22,21317959,15.842,28.968,23.343,34.092,74.78,51.645
2024-07-22,21317960,15.006,28.582,22.337,35.937,80.119,54.803
2024-07-23,21317937,18.437,29.14,23.121,42.995,77.501,63.365
2024-07-23,21317939,19.017,28.754,23.66,39.022,73.439,59.171
2024-07-23,21317940,18.695,28.196,23.268,40.612,73.506,58.481
2024-07-23,21317941,17.773,27.875,22.782,43.436,76.732,61.65
2024-07-23,21317942,18.008,26.244,22.223,47.202,77.409,64.072
2024-07-23,21317943,17.386,27.038,21.542,49.424,79.982,67.504
2024-07-23,21317947,18.459,28.754,23.114,38.976,77.256,61.019
2024-07-23,21317948,18.48,28.218,23.09,44.208,77.432,62.83
2024-07-23,21317949,17.644,31.564,23.223,42.196,75.947,60.578
2024-07-23,21317950,18.287,28.003,23.111,40.676,72.885,58.963
2024-07-23,21317953,18.266,28.797,23.12,41.604,75.64,60.933
2024-07-23,21317958,17.858,29.419,23.038,40.25,77.371,61.807
2024-07-23,21317959,18.566,28.325,23.024,43.948,75.306,62.001
2024-07-23,21317960,17.73,27.317,22.398,44.233,75.015,61.292
2024-07-24,21317937,17.451,28.303,22.491,58.122,91.344,75.688
2024-07-24,21317939,18.566,28.883,22.925,54.073,91.356,72.376
2024-07-24,21317940,18.287,27.531,22.501,57.765,91.342,72.916
2024-07-24,21317941,17.901,29.397,22.585,55.169,94.878,74.868
2024-07-24,21317942,17.58,26.48,21.757,63.153,94.429,78.067
2024-07-24,21317943,16.85,27.789,21.553,62.388,95.027,79.886
2024-07-24,21317947,17.815,27.917,22.477,59.934,94.734,76.06
2024-07-24,21317948,17.515,28.625,22.409,54.867,93.114,75.278
2024-07-24,21317949,17.751,31.456,22.742,49.656,96.242,75.218
2024-07-24,21317950,18.352,28.346,22.762,54.835,92.712,72.824
2024-07-24,21317953,18.03,28.968,22.552,53.574,94.406,74.401
2024-07-24,21317958,18.116,28.496,22.455,56.876,95.999,76.03
2024-07-24,21317959,17.494,29.612,22.46,54.395,93.507,73.974
2024-07-24,21317960,18.051,28.196,22.105,55.192,92.372,74.455
2024-07-25,21317937,18.48,23.971,21.102,58.431,89.291,75.303
2024-07-25,21317939,18.116,22.663,20.617,58.779,90.021,74.677
2024-07-25,21317940,17.923,22.684,20.298,61.604,86.812,74.799
2024-07-25,21317941,18.137,23.692,20.875,54.247,88.934,72.94
2024-07-25,21317942,18.03,22.212,20.167,60.789,94.539,78.641
2024-07-25,21317943,17.966,23.07,20.135,60.314,95.828,79.478
2024-07-25,21317947,17.837,23.306,20.381,63.413,89.48,77.672
2024-07-25,21317948,18.244,23.628,21.053,57.099,89.783,74.132
2024-07-25,21317949,17.966,25.022,20.711,52.837,95.033,74.719
2024-07-25,21317950,18.373,23.757,20.942,57.475,88.911,72.946
2024-07-25,21317953,18.18,23.928,20.868,55.03,90.669,74.129
2024-07-25,21317958,18.137,23.799,20.892,55.366,90.138,75.234
2024-07-25,21317959,18.287,23.907,21.137,57.288,87.021,71.614
2024-07-25,21317960,18.073,23.435,20.595,53.954,91.429,73.347
2024-07-26,21317937,17.537,29.118,23.305,36.39,79.409,57.865
2024-07-26,21317939,16.722,28.775,22.711,34.708,84.343,58.212
2024-07-26,21317940,16.529,27.939,22.471,35.706,84.16,57.489
2024-07-26,21317941,16.722,28.925,22.899,34.874,81.514,55.964
2024-07-26,21317942,16.593,26.266,21.747,42.786,82.997,62.091
2024-07-26,21317943,16.507,27.531,21.563,39.896,82.544,63.304
2024-07-26,21317947,16.314,29.14,22.668,38.221,85.562,60.459
2024-07-26,21317948,16.679,28.904,23.2,36.706,80.824,56.627
2024-07-26,21317949,16.25,32.207,23.643,35.491,81.875,56.355
2024-07-26,21317950,16.443,28.732,23.116,37.026,81.987,56.252
2024-07-26,21317953,16.636,28.668,22.736,34.644,81.456,56.801
2024-07-26,21317958,16.636,29.354,22.941,36.014,83.044,58.303
2024-07-26,21317959,16.872,28.99,23.138,36.275,79.055,55.39
2024-07-26,21317960,16.507,28.668,22.359,36.014,80.36,58.096
2024-07-27,21317937,17.065,30.298,23.967,44.263,87.169,62.326
2024-07-27,21317939,17.923,29.14,23.803,41.622,83.29,59.816
2024-07-27,21317940,17.751,29.076,23.518,39.838,79.794,61.782
2024-07-27,21317941,17.58,30.019,24.261,35.708,79.998,55.927
2024-07-27,21317942,16.614,27.617,22.837,45.76,85.647,63.037
2024-07-27,21317943,15.113,28.153,21.601,44.297,91.092,69.343
2024-07-27,21317947,17.215,29.397,23.685,42.309,85.199,63.079
2024-07-27,21317948,16.657,30.041,24.124,39.202,82.921,57.829
2024-07-27,21317949,16.378,32.872,24.68,35.602,86.281,57.818
2024-07-27,21317950,17.322,30.277,24.314,37.987,81.166,58.741
2024-07-27,21317953,16.421,30.277,24.056,37.594,86.02,57.578
2024-07-27,21317958,17.193,30.384,24.097,37.336,84.59,58.95
2024-07-27,21317959,17.429,29.869,24.258,37.324,80.201,55.641
2024-07-27,21317960,16.529,29.612,23.497,37.673,81.624,58.265
2024-07-28,21317937,20.561,31.177,25.735,31.235,76.841,61.919
2024-07-28,21317939,19.832,29.826,24.796,22.588,75.869,61.095
2024-07-28,21317940,19.96,29.376,24.649,34.841,77.16,62.055
2024-07-28,21317941,20.26,30.341,25.624,32.334,76.851,58.887
2024-07-28,21317942,20.218,28.046,24.191,39.477,77.189,63.394
2024-07-28,21317943,18.223,28.69,23.08,38.637,88.276,71.41
2024-07-28,21317947,19.853,29.976,24.894,38.99,80.343,63.756
2024-07-28,21317948,20.218,30.813,25.697,31.838,77.427,58.989
2024-07-28,21317949,19.832,32.872,25.823,32.499,80.256,60.279
2024-07-28,21317950,20.368,30.491,25.637,38.95,75.846,59.719
2024-07-28,21317953,20.175,30.813,25.483,32.186,77.188,58.449
2024-07-28,21317958,20.089,31.006,25.554,35.152,79.149,60.547
2024-07-28,21317959,20.561,31.263,25.838,31.62,74.096,56.746
2024-07-28,21317960,19.982,30.405,25.049,35.921,76.388,59.222
2024-07-29,21317937,20.411,32.271,26.245,41.05,87.012,64.987
2024-07-29,21317939,20.432,32.593,26.201,35.685,84.138,60.811
2024-07-29,21317940,21.333,31.992,26.158,36.985,77.244,59.984
2024-07-29,21317941,21.633,31.735,26.671,34.067,79.165,59.077
2024-07-29,21317942,20.647,29.376,25.026,41.503,82.312,65.179
2024-07-29,21317943,19.21,29.805,24.246,44.819,90.835,70.353
2024-07-29,21317947,20.947,31.692,26.021,39.655,79.496,62.724
2024-07-29,21317948,20.925,30.92,25.909,38.836,81.849,63.522
2024-07-29,21317949,21.033,34.159,26.757,39.796,85.937,62.509
2024-07-29,21317950,21.719,31.07,26.411,39.53,77.311,59.673
2024-07-29,21317953,20.582,31.757,26.065,34.957,81.523,61.065
2024-07-29,21317958,21.462,32.035,26.611,33.477,81.798,61.042
2024-07-29,21317959,20.754,31.757,26.194,39.036,80.645,61.757
2024-07-29,21317960,20.861,30.727,25.736,35.239,81.656,61.53
2024-07-30,21317937,21.762,34.373,26.779,29.696,85.4,66.333
2024-07-30,21317939,21.161,32.486,26.703,32.572,84.48,64.014
2024-07-30,21317940,21.483,30.856,26.51,34.479,84.421,63.337
2024-07-30,21317941,22.834,32.1,27.269,36.159,79.144,62.174
2024-07-30,21317942,21.633,29.633,25.831,32.946,83.992,67.427
2024-07-30,21317943,20.346,30.277,25.203,41.077,90.019,72.692
2024-07-30,21317947,21.805,32.228,26.808,35.825,86.166,65.373
2024-07-30,21317948,22.148,32.207,27.05,31.528,83.548,63.535
2024-07-30,21317949,22.084,34.223,27.61,38.968,86.838,63.935
2024-07-30,21317950,21.976,32.336,27.343,38.207,83.493,61.821
2024-07-30,21317953,22.084,32.486,27.226,29.558,82.669,62.472
2024-07-30,21317958,22.534,32.507,27.243,40.011,83.978,64.253
2024-07-30,21317959,22.298,32.743,27.126,31.249,80.755,61.72
2024-07-30,21317960,22.534,31.928,26.79,41.178,80.11,62.175
2024-07-31,21317937,23.156,27.96,25.011,72.665,92.001,82.809
2024-07-31,21317939,23.135,27.231,24.955,71.537,90.179,81.419
2024-07-31,21317940,22.641,27.081,24.749,69.699,88.56,81.152
2024-07-31,21317941,22.534,27.446,25.293,71.424,92.538,80.036
2024-07-31,21317942,22.555,25.858,24.251,72.155,92.451,85.04
2024-07-31,21317943,22.255,26.373,23.622,74.986,94.972,90.486
2024-07-31,21317947,22.748,27.424,24.806,72.508,90.043,83.124
2024-07-31,21317948,23.22,27.338,25.137,70.234,89.58,81.207
2024-07-31,21317949,22.126,30.084,25.115,59.727,95.454,81.646
2024-07-31,21317950,22.813,27.875,25.373,68.26,89.177,79.515
2024-07-31,21317953,23.22,27.424,25.266,71.47,89.888,80.384
2024-07-31,21317958,22.47,27.767,25.313,71.29,94.359,81.999
2024-07-31,21317959,23.392,27.188,25.309,68.591,88.302,78.351
2024-07-31,21317960,22.555,27.188,24.756,71.09,91.012,81.32
2024-08-01,21317937,22.577,31.542,27.336,58.053,92.241,73.233
2024-08-01,21317939,22.899,32.035,27.1,49.395,88.771,71.565
2024-08-01,21317940,22.555,31.242,26.753,50.134,89.685,72.002
2024-08-01,21317941,22.791,31.649,27.328,49.66,90.584,70.366
2024-08-01,21317942,22.684,29.698,26.106,58.111,91.101,76.345
2024-08-01,21317943,21.891,29.462,25.431,64.378,94.661,81.416
2024-08-01,21317947,22.77,31.735,26.912,57.009,91.594,74.52
2024-08-01,21317948,22.941,31.671,27.364,54.034,90.248,71.371
2024-08-01,21317949,22.598,36.668,28.225,42.992,90.414,69.708
2024-08-01,21317950,23.285,32.443,27.546,48.475,87.726,70.201
2024-08-01,21317953,22.813,31.714,27.317,51.951,90.724,70.812
2024-08-01,21317958,22.834,33.215,27.554,50.01,92.207,72.737
2024-08-01,21317959,22.984,32.035,27.432,54.18,88.052,70.08
2024-08-01,21317960,22.77,31.885,26.952,51.272,88.602,70.696
2024-08-02,21317937,23.992,35.038,29.17,43.597,85.574,65.341
2024-08-02,21317939,23.95,32.593,28.124,42.086,84.64,64.245
2024-08-02,21317940,23.563,32.379,27.747,43.153,84.631,65.078
2024-08-02,21317941,23.928,33.43,28.685,44.073,81.889,63.71
2024-08-02,21317942,23.778,31.306,27.404,50.448,82.722,68.093
2024-08-02,21317943,21.569,31.22,25.81,53.075,93.628,78.219
2024-08-02,21317947,23.392,32.829,28.129,45.711,86.558,66.94
2024-08-02,21317948,23.907,33.408,28.846,40.381,82.206,62.987
2024-08-02,21317949,23.435,36.368,29.009,46.163,83.967,65.372
2024-08-02,21317950,23.864,33.58,28.735,41.604,82.344,63.384
2024-08-02,21317953,23.799,33.837,28.699,42.827,83.185,63.338
2024-08-02,21317958,23.757,33.408,28.538,46.316,84.692,67.06
2024-08-02,21317959,24.164,33.623,28.888,42.702,79.431,61.812
2024-08-02,21317960,23.606,32.808,28.033,42.336,81.204,63.597
2024-08-03,21317937,24.872,33.923,29.249,51.267,80.824,67.157
2024-08-03,21317939,24.679,31.714,27.835,53.588,81.263,68.173
2024-08-03,21317940,24.378,31.242,27.54,53.025,81.176,69.102
2024-08-03,21317941,25.194,32.636,28.564,53.867,78.599,67.306
2024-08-03,21317942,24.915,30.963,27.675,56.62,79.739,69.155
2024-08-03,21317943,22.791,31.649,26.899,55.888,90.748,74.869
2024-08-03,21317947,24.765,32.293,28.032,55.05,81.067,70.439
2024-08-03,21317948,25.472,32.958,28.747,50.983,77.51,66.111
2024-08-03,21317949,24.743,34.759,28.776,51.131,83.908,69.509
2024-08-03,21317950,25.236,32.958,28.734,49.368,77.432,65.183
2024-08-03,21317953,25.215,33.279,28.676,51.012,78.149,66.762
2024-08-03,21317958,25.065,32.743,28.546,54.826,81.973,69.812
2024-08-03,21317959,25.279,33.086,28.694,53.236,75.549,64.853
2024-08-03,21317960,24.936,32.421,28.157,50.014,78.041,65.683
2024-08-04,21317937,22.941,34.438,27.165,45.766,83.731,67.957
2024-08-04,21317939,22.727,31.135,25.928,38.651,84.938,69.5
2024-08-04,21317940,22.491,30.555,25.657,37.502,86.592,68.777
2024-08-04,21317941,21.976,31.799,25.963,39.788,84.088,66.405
2024-08-04,21317942,21.204,30.062,24.959,42.544,90.593,72.091
2024-08-04,21317943,20.196,31.22,24.672,48.301,93.722,74.179
2024-08-04,21317947,21.783,31.649,25.835,42.345,85.135,70.601
2024-08-04,21317948,21.933,32.55,26.157,41.221,89.572,68.331
2024-08-04,21317949,21.998,37.312,26.844,40.507,88.702,67.857
2024-08-04,21317950,22.427,32.357,26.359,38.868,82.495,65.961
2024-08-04,21317953,21.826,32.336,26.003,39.374,88.495,67.816
2024-08-04,21317958,21.933,32.186,25.982,40.301,86.967,69.614
2024-08-04,21317959,22.041,32.271,26.057,41.266,85.818,66.765
2024-08-04,21317960,21.783,31.778,25.526,39.01,83.722,66.141
2024-08-05,21317937,15.885,23.885,19.924,55.918,90.925,75.551
2024-08-05,21317939,15.864,23.07,19.815,49.671,90.552,73.962
2024-08-05,21317940,15.649,22.598,19.355,52.087,89.873,74.634
2024-08-05,21317941,15.606,23.049,19.514,51.557,88.93,73.536
2024-08-05,21317942,14.684,21.719,18.696,59.911,92.958,79.763
2024-08-05,21317943,14.405,21.633,17.976,64.039,94.94,86.211
2024-08-05,21317947,14.92,23.392,19.213,55.888,91.649,77.573
2024-08-05,21317948,15.263,23.714,19.48,51.099,90.811,75.927
2024-08-05,21317949,14.362,26.051,19.139,52.097,97.107,80.376
2024-08-05,21317950,15.671,23.37,19.618,50.903,88.902,73.171
2024-08-05,21317953,15.092,23.263,19.513,51.534,91.586,74.641
2024-08-05,21317958,15.37,23.22,19.386,52.151,93.275,77.577
2024-08-05,21317959,15.756,23.135,19.616,54.994,87.977,73.914
2024-08-05,21317960,15.049,22.534,19.042,50.292,89.635,75.133
2024-08-06,21317937,14.877,26.673,20.283,38.767,91.417,67.144
2024-08-06,21317939,14.341,25.172,19.863,35.808,92.193,66.251
2024-08-06,21317940,14.834,24.035,19.61,36.046,89.076,64.981
2024-08-06,21317941,14.62,25.601,19.948,33.281,89.534,63.035
2024-08-06,21317942,13.89,23.392,18.723,41.787,93.759,70.4
2024-08-06,21317943,13.268,23.542,18.025,44.897,95.88,76.228
2024-08-06,21317947,14.255,25.365,19.577,39.951,93.953,67.364
2024-08-06,21317948,14.062,25.472,19.784,36.902,93.033,65.554
2024-08-06,21317949,13.869,29.333,20.236,33.675,97.459,66.743
2024-08-06,21317950,14.62,25.108,19.915,36.165,89.082,63.96
2024-08-06,21317953,13.869,26.159,19.771,31.888,94.099,64.869
2024-08-06,21317958,14.277,26.33,19.928,33.989,94.932,66.276
2024-08-06,21317959,14.598,25.858,20.09,34.955,89.696,63.268
2024-08-06,21317960,13.998,25.172,19.303,36.324,90.77,66.257
2024-08-07,21317937,16.529,27.424,22.035,32.654,73.791,52.899
2024-08-07,21317939,16.271,27.446,22.154,31.684,73.373,50.098
2024-08-07,21317940,16.1,26.523,21.611,30.375,74.299,50.614
2024-08-07,21317941,16.228,27.017,21.781,32.493,73.516,51.199
2024-08-07,21317942,15.478,24.529,20.561,35.83,76.672,55.225
2024-08-07,21317943,13.504,25.408,19.381,38.044,85.176,63.387
2024-08-07,21317947,15.606,26.48,21.421,31.807,78.521,52.791
2024-08-07,21317948,16.057,26.566,21.747,34.211,73.236,52.747
2024-08-07,21317949,14.512,32.486,22.772,22.939,80.984,50.216
2024-08-07,21317950,15.714,26.909,21.721,32.082,73.956,50.401
2024-08-07,21317953,15.971,27.017,21.56,31.142,73.341,51.645
2024-08-07,21317958,15.649,27.124,21.837,33.797,77.348,52.51
2024-08-07,21317959,16.014,27.403,21.868,33.605,70.024,51.922
2024-08-07,21317960,15.134,26.073,21.138,35.546,75.531,52.778
2024-08-08,21317937,14.705,28.518,21.438,42.62,90.542,64.999
2024-08-08,21317939,15.992,28.068,21.391,43.738,90.426,64.532
2024-08-08,21317940,17.236,26.373,21.407,45.061,89.145,62.013
2024-08-08,21317941,16.078,28.561,21.575,40.372,89.535,62.979
2024-08-08,21317942,15.456,25.665,20.534,51.231,92.047,67.468
2024-08-08,21317943,13.826,27.231,19.835,48.667,92.308,71.502
2024-08-08,21317947,17.065,27.531,21.507,43.798,91.887,63.595
2024-08-08,21317948,15.714,27.574,21.458,43.856,89.516,64.286
2024-08-08,21317949,15.134,28.797,22.16,40.584,90.642,62.338
2024-08-08,21317950,16.85,27.51,21.773,44.15,89.364,61.338
2024-08-08,21317953,15.113,27.853,21.366,41.308,90.643,62.977
2024-08-08,21317958,15.563,28.196,21.545,42.638,91.658,65.098
2024-08-08,21317959,15.778,29.033,21.512,42.658,86.253,63.435
2024-08-08,21317960,15.306,26.888,21.075,43.221,86.828,63.053
2024-08-09,21317937,17.773,21.183,19.557,87.707,96.342,93.008
2024-08-09,21317939,18.159,21.247,19.594,88.38,95.148,92.126
2024-08-09,21317940,18.116,21.354,19.481,86.532,96.107,91.084
2024-08-09,21317941,17.451,20.711,19.305,88.972,96.62,93.073
2024-08-09,21317942,17.429,20.647,18.967,92.006,95.462,94.784
2024-08-09,21317943,17.322,20.282,18.952,91.513,96.895,95.708
2024-08-09,21317947,17.923,20.561,19.266,90.469,98.549,94.281
2024-08-09,21317948,17.558,21.354,19.414,89.259,95.787,92.676
2024-08-09,21317949,17.687,20.153,19.035,89.071,96.579,95.043
2024-08-09,21317950,18.223,20.775,19.557,88.061,94.607,91.286
2024-08-09,21317953,17.558,20.689,19.273,90.431,96.777,94.045
2024-08-09,21317958,17.708,20.818,19.418,90.904,98.21,94.826
2024-08-09,21317959,17.58,21.14,19.539,85.681,94.652,89.935
2024-08-09,21317960,17.622,20.432,19.204,87.213,94.011,91.938
2024-08-10,21317937,19.939,28.711,23.014,42.649,93.104,70.652
2024-08-10,21317939,19.703,26.695,22.097,40.827,93.054,70.541
2024-08-10,21317940,18.888,26.244,21.726,40.182,92.432,70.117
2024-08-10,21317941,19.081,26.974,22.024,42.379,92.569,70.716
2024-08-10,21317942,19.017,25.151,21.379,47.584,94.859,74.603
2024-08-10,21317943,17.665,26.03,20.971,45.087,96.828,79.113
2024-08-10,21317947,19.252,27.081,21.814,45.743,98.41,73.62
2024-08-10,21317948,19.424,26.716,22.251,44.562,92.985,70.746
2024-08-10,21317949,18.523,26.759,22.059,46.534,95.81,71.458
2024-08-10,21317950,19.445,27.102,22.245,43.601,92.854,70.74
2024-08-10,21317953,19.295,27.188,22.163,42.167,94.162,71.03
2024-08-10,21317958,19.102,27.381,22.077,43.72,94.079,72.623
2024-08-10,21317959,19.338,27.124,22.265,43.119,89.337,69.342
2024-08-10,21317960,19.017,26.738,21.765,44.35,92.277,71.376
2024-08-11,21317937,17.215,27.274,21.183,46.403,87.263,68.527
2024-08-11,21317939,16.614,25.065,20.132,43.423,82.48,66.598
2024-08-11,21317940,17.086,24.529,19.716,46.95,81.363,67.852
2024-08-11,21317941,17.279,24.786,19.74,49.317,83.726,69.614
2024-08-11,21317942,16.293,23.521,19.153,54.075,88.469,73.384
2024-08-11,21317943,15.199,23.778,18.551,53.771,94.107,78.112
2024-08-11,21317947,16.7,25.151,19.926,48.71,86.134,70.986
2024-08-11,21317948,17.086,25.751,20.227,46.687,84.001,68.614
2024-08-11,21317949,16.25,26.051,19.806,45.957,92.891,69.654
2024-08-11,21317950,17.151,25.987,20.357,46.847,82.005,67.809
2024-08-11,21317953,16.915,25.794,19.996,46.091,85.09,69.496
2024-08-11,21317958,17.236,24.614,19.635,51.727,86.641,72.362
2024-08-11,21317959,17.429,25.429,20.152,46.818,82.306,67.633
2024-08-11,21317960,17.022,24.035,19.348,49.525,83.917,70.634
2024-08-12,21317937,16.1,24.636,19.357,58.495,84.434,74.845
2024-08-12,21317939,15.714,23.07,18.673,56.121,87.117,73.832
2024-08-12,21317940,14.941,22.448,18.364,54.665,90.208,73.932
2024-08-12,21317941,15.478,23.435,18.617,54.514,84.07,74.092
2024-08-12,21317942,15.714,21.655,17.977,61.613,89.622,78.717
2024-08-12,21317943,15.435,22.899,17.821,63.011,94.553,81.623
2024-08-12,21317947,15.177,23.156,18.362,60.063,87.054,77.449
2024-08-12,21317948,15.799,23.864,18.719,55.86,88.234,74.868
2024-08-12,21317949,15.392,25.322,18.797,49.546,89.136,74.313
2024-08-12,21317950,15.649,23.735,18.889,53.657,88.495,73.087
2024-08-12,21317953,15.606,23.971,18.731,53.442,86.316,74.857
2024-08-12,21317958,15.521,23.285,18.678,59.399,87.575,77.181
2024-08-12,21317959,15.585,23.649,18.813,55.694,90.886,72.522
2024-08-12,21317960,15.499,22.62,18.309,58.534,86.656,75.583
2024-08-13,21317937,16.829,29.783,23.086,36.133,84.372,63.817
2024-08-13,21317939,17.086,29.14,22.335,36.875,83.615,62.779
2024-08-13,21317940,16.55,27.681,22.003,36.864,82.042,63.513
2024-08-13,21317941,16.764,29.376,22.59,35.039,81.611,62.31
2024-08-13,21317942,16.529,27.274,21.409,40.237,83.397,67.857
2024-08-13,21317943,15.821,27.467,21.006,45.65,89.117,71.353
2024-08-13,21317947,16.121,28.84,21.928,44.131,85.295,67.505
2024-08-13,21317948,16.679,29.14,22.701,36.152,81.415,63.124
2024-08-13,21317949,16.014,30.92,22.896,41.344,84.009,62.517
2024-08-13,21317950,16.958,28.732,22.566,40.726,81.369,62.953
2024-08-13,21317953,16.614,29.14,22.623,34.786,82.678,62.965
2024-08-13,21317958,16.657,30.169,22.598,36.046,85.194,65.293
2024-08-13,21317959,16.893,29.612,22.752,37.125,78.787,61.808
2024-08-13,21317960,16.593,29.118,21.946,38.248,82.141,64.501
2024-08-14,21317937,18.287,31.778,23.817,44.306,89.891,70.688
2024-08-14,21317939,19.36,30.019,23.475,43.949,85.47,69.238
2024-08-14,21317940,19.167,29.805,24.14,40.841,78.787,62.907
2024-08-14,21317941,19.295,31.22,24.441,42.167,81.245,63.536
2024-08-14,21317942,18.137,28.582,22.964,52.505,86.448,69.413
2024-08-14,21317943,16.85,28.818,21.445,47.903,92.866,78.09
2024-08-14,21317947,18.18,30.384,23.507,46.992,85.446,70.745
2024-08-14,21317948,18.116,30.942,23.829,45.412,84.617,67.328
2024-08-14,21317949,18.352,32.507,24.687,40.159,84.23,64.037
2024-08-14,21317950,18.716,30.942,24.642,45.303,81.033,63.684
2024-08-14,21317953,18.395,31.542,24.109,43.871,85.386,64.905
2024-08-14,21317958,19.017,31.177,24.352,45.463,84.906,66.648
2024-08-14,21317959,19.145,31.456,24.003,43.178,79.474,64.561
2024-08-14,21317960,18.888,30.513,23.575,43.459,81.35,64.57
2024-08-15,21317937,19.96,30.555,24.702,48.724,89.117,71.684
2024-08-15,21317939,20.561,29.483,24.466,48.85,84.576,69.859
2024-08-15,21317940,20.046,29.547,24.662,40.877,84.192,65.132
2024-08-15,21317941,20.196,30.405,24.857,43.532,83.13,65.592
2024-08-15,21317942,20.132,26.931,23.562,54.81,84.155,71.243
2024-08-15,21317943,18.18,27.017,22.254,57.36,93.288,79.136
2024-08-15,21317947,19.681,29.462,24.441,45.344,87.565,68.98
2024-08-15,21317948,20.218,28.947,24.471,46.934,86.334,68.078
2024-08-15,21317949,19.703,31.778,25.374,43.407,84.901,65.32
2024-08-15,21317950,20.153,29.74,24.805,42.837,82.976,65.212
2024-08-15,21317953,19.896,29.891,24.676,44.988,85.058,65.929
2024-08-15,21317958,20.067,30.555,25.005,45.179,86.459,67.74
2024-08-15,21317959,20.411,29.612,24.653,45.982,81.445,66.249
2024-08-15,21317960,20.025,29.033,24.27,43.519,82.669,65.609
2024-08-16,21317937,20.732,30.448,24.972,58.14,91.902,75.789
2024-08-16,21317939,20.454,30.448,24.87,49.885,89.776,72.438
2024-08-16,21317940,20.818,29.397,24.929,48.692,89.54,69.29
2024-08-16,21317941,20.689,30.427,25.361,50.573,87.205,70.339
2024-08-16,21317942,20.196,26.695,23.8,66.21,90.985,77.952
2024-08-16,21317943,18.866,27.746,23.156,63.688,94.18,81.955
2024-08-16,21317947,20.668,29.762,24.894,53.167,91.669,73.011
2024-08-16,21317948,19.917,29.419,24.761,53.007,91.164,73.725
2024-08-16,21317949,19.853,31.456,25.537,47.616,91.118,68.676
2024-08-16,21317950,21.033,30.212,25.345,48.293,88.093,69.647
2024-08-16,21317953,20.26,29.826,24.957,52.926,91.261,72.967
2024-08-16,21317958,20.11,30.899,25.36,49.038,91.484,73.188
2024-08-16,21317959,20.282,29.826,24.926,54.508,88.238,71.453
2024-08-16,21317960,19.767,29.655,24.684,46.273,88.426,71.25
2024-08-17,21317937,21.547,28.282,23.933,61.028,87.044,76.545
2024-08-17,21317939,21.419,28.647,23.81,59.019,86.532,75.044
2024-08-17,21317940,21.547,27.488,23.828,59.489,83.716,72.929
2024-08-17,21317941,21.698,27.317,23.96,58.076,85.159,73.981
2024-08-17,21317942,21.29,25.322,22.965,66.947,88.006,79.192
2024-08-17,21317943,20.582,26.287,22.645,66.484,91.504,81.594
2024-08-17,21317947,21.076,27.145,23.789,62.57,88.453,75.206
2024-08-17,21317948,21.719,27.446,23.971,59.576,85.212,74.227
2024-08-17,21317949,20.604,29.848,24.279,55.673,92.697,72.139
2024-08-17,21317950,21.633,27.939,24.383,56.428,86.247,71.145
2024-08-17,21317953,21.547,26.974,23.763,60.368,87.245,75.43
2024-08-17,21317958,21.848,27.36,24.157,61.111,87.787,75.821
2024-08-17,21317959,21.805,27.531,24.037,56.579,83.227,71.983
2024-08-17,21317960,21.655,27.231,23.845,58.419,83.958,73.131
2024-08-18,21317937,22.019,26.159,23.402,65.309,85.446,75.338
2024-08-18,21317939,21.74,26.995,23.421,60.743,84.157,73.513
2024-08-18,21317940,21.74,26.223,23.144,62.382,80.916,73.049
2024-08-18,21317941,21.526,26.33,23.416,61.889,87.694,73.454
2024-08-18,21317942,20.689,24.464,22.445,69.95,91.923,79.381
2024-08-18,21317943,20.475,25.387,22.485,69.404,93.198,79.784
2024-08-18,21317947,21.547,27.059,23.095,63.874,86.381,75.798
2024-08-18,21317948,21.633,26.759,23.585,61.672,88.54,73.021
2024-08-18,21317949,20.496,29.698,23.564,53.071,94.507,72.777
2024-08-18,21317950,21.74,27.017,23.579,58.946,85.853,72.578
2024-08-18,21317953,21.397,26.137,23.277,63.316,90.051,74.561
2024-08-18,21317958,21.462,26.416,23.487,65.275,89.819,76.12
2024-08-18,21317959,21.783,26.866,23.672,59.466,86.192,70.639
2024-08-18,21317960,21.226,26.03,23.141,63.597,87.842,74.042
2024-08-19,21317937,13.097,22.212,18.299,77.508,91.003,85.428
2024-08-19,21317939,12.775,23.478,18.163,76.274,91.298,84.452
2024-08-19,21317940,12.604,22.813,17.883,75.435,90.295,83.731
2024-08-19,21317941,12.818,22.834,18.072,74.789,92.477,83.9
2024-08-19,21317942,12.175,21.869,17.527,77.569,93.243,88.555
2024-08-19,21317943,12.153,21.59,17.158,77.766,95.288,92.66
2024-08-19,21317947,12.539,22.941,17.807,77.641,92.255,86.271
2024-08-19,21317948,12.604,22.427,18.159,74.739,90.198,83.941
2024-08-19,21317949,11.81,23.714,17.537,74.78,96.704,89.412
2024-08-19,21317950,12.775,22.877,18.041,74.524,89.552,84.116
2024-08-19,21317953,12.711,23.156,18.073,74.334,90.39,84.85
2024-08-19,21317958,12.775,22.877,18.078,77.046,93.188,87.228
2024-08-19,21317959,12.925,22.362,18.279,72.674,89.319,81.462
2024-08-19,21317960,12.625,22.427,17.775,73.91,89.265,84.738
2024-08-20,21317937,11.467,19.939,15.566,58.996,91.017,76.732
2024-08-20,21317939,11.317,20.99,15.523,49.912,90.181,74.337
2024-08-20,21317940,11.145,19.939,15.248,52.505,89.978,73.751
2024-08-20,21317941,11.36,19.789,15.389,52.921,89.961,74.031
2024-08-20,21317942,10.974,18.352,14.543,62.754,93.791,81.698
2024-08-20,21317943,10.931,17.88,14.32,68.818,95.61,85.986
2024-08-20,21317947,11.145,20.26,15.177,56.034,92.341,78.029
2024-08-20,21317948,11.188,19.703,15.401,55.886,92.056,76.494
2024-08-20,21317949,10.738,21.354,15.447,50.558,97.321,76.984
2024-08-20,21317950,11.445,20.539,15.532,51.516,88.925,73.513
2024-08-20,21317953,11.231,19.81,15.33,54.079,91.461,75.843
2024-08-20,21317958,11.317,20.067,15.47,58.125,93.338,77.876
2024-08-20,21317959,11.403,19.896,15.524,57.44,88.779,74.084
2024-08-20,21317960,11.252,19.338,15.025,58.63,90.504,76.944
2024-08-21,21317937,13.376,15.37,14.227,81.537,93.271,90.736
2024-08-21,21317939,13.161,15.478,14.209,78.35,92.697,88.956
2024-08-21,21317940,12.861,14.941,13.827,75.926,93.024,88.986
2024-08-21,21317941,12.904,15.006,13.955,80.049,93.494,89.514
2024-08-21,21317942,12.797,14.255,13.564,82.017,94.676,92.865
2024-08-21,21317943,12.689,14.641,13.64,86.389,96.159,94.866
2024-08-21,21317947,12.84,15.07,13.781,81.35,95.366,91.808
2024-08-21,21317948,13.097,15.049,13.995,81.184,94.047,90.834
2024-08-21,21317949,12.561,14.577,13.518,80.127,96.799,95.243
2024-08-21,21317950,13.054,15.113,13.973,76.544,92.355,88.987
2024-08-21,21317953,12.925,14.834,13.919,81.395,93.774,90.579
2024-08-21,21317958,12.904,15.092,13.956,83.075,97.133,93.431
2024-08-21,21317959,13.118,15.049,14.086,80.42,91.417,88.199
2024-08-21,21317960,12.925,14.663,13.759,79.707,92.775,90.493
2024-08-22,21317937,14.212,21.311,16.619,62.368,90.852,81.151
2024-08-22,21317939,13.998,20.882,16.562,62.13,91.49,79.254
2024-08-22,21317940,13.955,19.96,16.388,58.346,89.465,77.453
2024-08-22,21317941,13.783,20.904,16.433,56.098,90.964,77.118
2024-08-22,21317942,13.29,18.33,15.374,67.419,95.065,85.688
2024-08-22,21317943,13.161,18.823,15.007,74.916,96.374,90.148
2024-08-22,21317947,13.462,19.874,16.022,62.556,93.916,82.611
2024-08-22,21317948,13.719,20.647,16.174,63.423,92.255,81.623
2024-08-22,21317949,13.204,20.582,16.066,61.439,96.1,82.78
2024-08-22,21317950,13.89,20.518,16.447,56.486,90.35,78.303
2024-08-22,21317953,13.526,20.196,16.035,57.664,94.166,81.365
2024-08-22,21317958,13.719,20.411,16.327,60.012,94.493,82.281
2024-08-22,21317959,13.933,21.397,16.431,58.703,88.936,77.544
2024-08-22,21317960,13.44,20.025,15.792,61.848,92.432,82.618
2024-08-23,21317937,14.92,26.266,20.69,45.449,94.177,72.32
2024-08-23,21317939,14.427,25.687,20.022,37.205,94.177,70.137
2024-08-23,21317940,14.705,25.944,19.934,43.142,91.795,69.869
2024-08-23,21317941,13.998,26.266,20.539,44.479,90.184,67.09
2024-08-23,21317942,13.376,24.421,19.293,48.173,93.136,74.13
2024-08-23,21317943,12.646,24.807,18.567,49.68,95.531,77.935
2024-08-23,21317947,13.376,26.759,19.955,47.532,95.537,71.911
2024-08-23,21317948,13.311,26.502,20.586,41.692,93.617,68.819
2024-08-23,21317949,13.333,29.076,20.933,45.119,94.305,68.289
2024-08-23,21317950,14.169,26.309,20.257,41.367,91.353,69.221
2024-08-23,21317953,13.376,26.695,20.329,40.597,94.186,68.791
2024-08-23,21317958,13.268,26.566,20.219,45.797,95.695,71.471
2024-08-23,21317959,13.976,26.695,20.565,41.5,90.939,67.283
2024-08-23,21317960,13.526,25.858,19.833,43.545,90.413,69.529
2024-08-24,21317937,17.622,26.781,22.415,51.722,82.699,66.749
2024-08-24,21317939,17.451,26.631,22.043,44.512,83.076,64.559
2024-08-24,21317940,17.279,25.858,21.703,46.195,79.934,64.09
2024-08-24,21317941,17.043,26.759,22.14,43.751,81.241,64.14
2024-08-24,21317942,16.636,24.979,21.182,51.814,84.768,69.16
2024-08-24,21317943,15.113,25.258,20.222,52.496,92.634,74.116
2024-08-24,21317947,17.065,26.716,21.902,52.416,82.223,67.103
2024-08-24,21317948,17.043,26.695,22.484,47.298,81.524,64.145
2024-08-24,21317949,16.722,30.127,22.454,43.384,82.408,64.515
2024-08-24,21317950,17.0,26.716,22.353,47.918,80.845,63.705
2024-08-24,21317953,16.893,27.124,22.301,44.407,82.759,63.774
2024-08-24,21317958,17.022,27.338,22.127,46.252,84.851,67.132
2024-08-24,21317959,17.429,27.081,22.502,47.14,78.105,62.635
2024-08-24,21317960,16.915,26.266,21.715,43.871,80.996,63.739
2024-08-25,21317937,19.145,28.132,22.145,56.165,91.041,74.655
2024-08-25,21317939,18.18,27.21,21.913,51.45,90.134,72.545
2024-08-25,21317940,18.695,25.794,21.8,57.479,87.941,71.162
2024-08-25,21317941,19.295,27.724,22.493,52.041,88.806,70.781
2024-08-25,21317942,18.566,25.0,21.1,59.503,91.902,78.525
2024-08-25,21317943,18.051,26.137,20.788,62.629,93.806,81.699
2024-08-25,21317947,18.523,27.038,21.69,60.116,91.641,76.11
2024-08-25,21317948,18.995,27.403,22.26,56.101,89.964,73.438
2024-08-25,21317949,18.588,28.797,22.142,46.754,93.915,74.567
2024-08-25,21317950,18.866,26.802,22.043,55.055,89.094,73.314
2024-08-25,21317953,18.802,28.196,22.148,52.288,92.18,73.813
2024-08-25,21317958,19.188,27.703,22.262,57.655,91.247,75.062
2024-08-25,21317959,19.274,27.875,22.517,53.567,87.613,70.356
2024-08-25,21317960,18.716,27.21,21.705,56.495,89.242,73.643
2024-08-26,21317937,17.773,29.354,22.897,47.839,94.2,74.536
2024-08-26,21317939,17.966,28.711,23.091,46.522,93.082,70.903
2024-08-26,21317940,18.137,28.025,22.961,47.184,89.274,69.328
2024-08-26,21317941,17.837,29.312,23.556,42.565,91.662,67.963
2024-08-26,21317942,17.429,26.309,21.883,52.448,93.489,74.805
2024-08-26,21317943,16.614,26.566,21.111,54.087,94.319,79.431
2024-08-26,21317947,17.558,29.526,22.838,46.864,94.24,71.848
2024-08-26,21317948,17.815,28.389,22.794,46.47,93.96,71.771
2024-08-26,21317949,17.065,32.614,23.767,44.517,94.42,68.95
2024-08-26,21317950,18.094,28.175,23.032,43.757,89.891,69.075
2024-08-26,21317953,17.558,28.647,22.816,41.88,94.8,71.24
2024-08-26,21317958,17.494,29.44,23.328,43.313,93.866,71.32
2024-08-26,21317959,17.687,29.226,23.171,45.11,93.384,69.409
2024-08-26,21317960,17.365,28.132,22.538,41.088,89.845,69.936
2024-08-27,21317937,19.531,29.483,24.206,53.777,85.47,70.329
2024-08-27,21317939,18.523,29.998,23.833,49.931,88.696,68.348
2024-08-27,21317940,18.952,28.496,23.895,50.517,85.603,67.438
2024-08-27,21317941,20.389,29.848,24.944,45.998,87.59,66.374
2024-08-27,21317942,19.188,27.167,23.322,57.063,91.426,72.138
2024-08-27,21317943,17.944,27.21,22.27,58.866,92.996,79.871
2024-08-27,21317947,19.767,29.397,24.424,54.473,90.857,69.192
2024-08-27,21317948,19.424,29.419,24.54,52.609,88.199,69.805
2024-08-27,21317949,19.767,30.942,24.815,48.434,94.487,67.709
2024-08-27,21317950,19.295,29.805,24.583,47.152,88.408,67.396
2024-08-27,21317953,19.639,29.74,24.628,47.724,90.89,66.718
2024-08-27,21317958,20.325,29.655,24.734,52.166,90.007,69.982
2024-08-27,21317959,19.853,29.633,24.598,51.31,84.782,67.389
2024-08-27,21317960,20.239,28.84,24.252,48.859,88.467,67.223
2024-08-28,21317937,16.121,22.448,19.858,50.55,87.098,67.736
2024-08-28,21317939,16.657,23.435,20.134,44.314,89.868,65.184
2024-08-28,21317940,15.799,22.298,19.677,41.344,87.982,64.174
2024-08-28,21317941,15.327,22.298,19.571,46.543,90.28,65.675
2024-08-28,21317942,15.327,21.333,18.817,53.318,93.521,70.31
2024-08-28,21317943,14.277,21.247,18.603,51.734,94.859,73.429
2024-08-28,21317947,15.628,22.062,19.715,47.204,90.802,67.183
2024-08-28,21317948,15.928,22.105,19.777,48.238,89.082,66.606
2024-08-28,21317949,14.705,25.622,20.041,44.263,95.331,67.899
2024-08-28,21317950,15.585,22.105,19.733,47.817,89.076,65.94
2024-08-28,21317953,15.542,21.976,19.53,46.151,92.175,66.27
2024-08-28,21317958,15.177,22.405,19.562,49.09,91.836,64.949
2024-08-28,21317959,15.864,22.362,19.791,47.675,86.036,65.469
2024-08-28,21317960,15.027,21.612,19.197,47.143,89.957,66.347
2024-08-29,21317937,12.475,23.263,17.795,46.815,78.466,63.461
2024-08-29,21317939,13.376,23.499,18.185,42.452,73.208,60.082
2024-08-29,21317940,12.196,22.77,17.523,40.172,75.377,58.812
2024-08-29,21317941,12.196,22.706,17.492,46.787,75.807,63.302
2024-08-29,21317942,11.874,20.84,16.755,53.008,82.187,65.89
2024-08-29,21317943,10.394,21.118,16.174,50.86,86.842,69.844
2024-08-29,21317947,11.939,22.706,17.531,45.945,78.741,63.136
2024-08-29,21317948,12.496,22.534,17.677,46.371,77.931,63.005
2024-08-29,21317949,11.424,23.799,17.822,45.133,78.068,63.188
2024-08-29,21317950,12.153,22.084,17.488,46.671,74.556,62.191
2024-08-29,21317953,12.196,22.427,17.534,45.904,77.642,62.87
2024-08-29,21317958,11.917,22.984,17.551,47.019,79.194,64.565
2024-08-29,21317959,12.539,23.199,17.659,47.092,76.368,62.482
2024-08-29,21317960,11.874,21.783,17.103,45.885,75.743,61.603
2024-08-30,21317937,13.805,25.129,20.179,58.399,82.129,67.597
2024-08-30,21317939,14.255,26.116,20.634,49.999,80.783,63.191
2024-08-30,21317940,14.856,24.85,20.77,50.385,79.126,60.952
2024-08-30,21317941,13.697,25.537,20.544,50.132,85.272,62.667
2024-08-30,21317942,13.419,23.842,19.34,59.399,85.734,69.643
2024-08-30,21317943,12.11,24.786,18.769,59.219,91.879,73.496
2024-08-30,21317947,14.491,25.494,20.662,56.291,80.394,64.962
2024-08-30,21317948,13.354,25.923,20.48,54.897,83.441,65.337
2024-08-30,21317949,12.754,26.888,20.77,48.502,87.282,64.64
2024-08-30,21317950,14.169,25.687,20.812,50.004,80.801,62.086
2024-08-30,21317953,13.59,25.816,20.336,51.328,82.284,63.611
2024-08-30,21317958,13.29,25.408,20.31,55.416,88.87,67.674
2024-08-30,21317959,13.118,25.987,20.393,54.147,84.427,64.707
2024-08-30,21317960,13.204,24.936,20.002,52.221,84.865,64.626
2024-08-31,21317937,18.545,21.74,20.071,63.862,93.935,82.739
2024-08-31,21317939,18.437,21.354,19.818,58.245,93.092,81.017
2024-08-31,21317940,18.416,21.612,19.8,56.477,91.957,79.803
2024-08-31,21317941,18.63,22.212,20.236,55.485,93.159,79.667
2024-08-31,21317942,18.459,21.376,19.755,63.192,94.272,82.453
2024-08-31,21317943,18.287,20.454,19.319,65.316,95.285,84.7
2024-08-31,21317947,18.738,21.633,19.89,61.102,93.87,82.426
2024-08-31,21317948,18.716,21.976,20.154,60.977,93.385,81.213
2024-08-31,21317949,18.437,21.933,19.986,59.644,95.933,81.492
2024-08-31,21317950,19.124,22.041,20.164,60.186,92.015,80.545
2024-08-31,21317953,18.63,21.912,20.066,56.236,94.26,81.069
2024-08-31,21317958,18.909,22.298,20.257,60.735,95.75,83.207
2024-08-31,21317959,18.588,21.955,20.157,60.761,91.402,79.426
2024-08-31,21317960,18.759,21.998,20.034,56.226,92.154,79.66
2024-09-01,21317937,16.121,27.081,21.224,55.412,92.651,75.999
2024-09-01,21317939,15.027,27.467,21.086,48.305,92.496,75.178
2024-09-01,21317940,16.421,27.102,20.909,52.819,90.913,73.945
2024-09-01,21317941,15.907,27.853,21.081,48.975,90.254,73.651
2024-09-01,21317942,15.113,25.73,20.058,58.932,94.282,81.099
2024-09-01,21317943,13.333,26.459,19.446,57.861,95.39,84.954
2024-09-01,21317947,15.006,27.424,20.849,55.178,93.298,77.236
2024-09-01,21317948,15.456,27.81,21.074,52.558,93.599,75.552
2024-09-01,21317949,14.791,28.282,20.911,49.216,94.708,75.214
2024-09-01,21317950,16.314,27.853,21.188,49.395,91.55,73.851
2024-09-01,21317953,14.405,27.982,20.859,49.378,93.33,76.429
2024-09-01,21317958,15.349,27.36,20.917,56.332,94.487,77.934
2024-09-01,21317959,15.756,27.917,21.206,53.191,90.762,72.888
2024-09-01,21317960,14.705,26.781,20.48,53.245,89.842,76.137
2024-09-02,21317937,13.697,18.523,16.057,48.182,74.636,62.099
2024-09-02,21317939,12.26,18.437,15.184,42.332,82.278,61.896
2024-09-02,21317940,13.033,17.172,15.075,44.022,80.781,60.981
2024-09-02,21317941,12.475,17.944,15.083,45.911,80.955,61.727
2024-09-02,21317942,12.411,16.25,14.258,55.119,83.314,71.194
2024-09-02,21317943,10.63,17.129,13.611,48.6,92.143,72.765
2024-09-02,21317947,11.853,18.352,14.826,50.654,85.217,66.881
2024-09-02,21317948,12.411,18.652,15.312,46.658,81.959,63.897
2024-09-02,21317949,11.917,23.628,15.44,40.905,86.558,64.218
2024-09-02,21317950,12.561,17.858,15.232,46.099,81.843,62.757
2024-09-02,21317953,12.089,17.451,14.734,46.847,86.572,64.915
2024-09-02,21317958,12.26,18.588,14.972,47.002,85.365,65.723
2024-09-02,21317959,12.432,18.116,15.177,44.964,79.93,62.18
2024-09-02,21317960,12.196,17.987,14.778,44.961,83.853,63.923
2024-09-03,21317937,12.625,23.456,18.284,43.975,68.489,58.055
2024-09-03,21317939,11.596,23.242,17.514,40.963,78.19,58.626
2024-09-03,21317940,10.373,22.319,17.127,38.341,75.261,56.473
2024-09-03,21317941,10.759,23.413,17.447,41.018,73.748,57.242
2024-09-03,21317942,10.609,21.333,16.576,48.659,77.665,61.818
2024-09-03,21317943,8.228,22.191,16.004,45.454,90.101,66.696
2024-09-03,21317947,9.751,22.748,17.217,44.945,79.519,60.898
2024-09-03,21317948,10.459,23.435,17.815,41.994,74.762,56.947
2024-09-03,21317949,9.537,23.864,17.699,37.653,76.809,58.719
2024-09-03,21317950,10.266,23.435,17.467,43.061,76.501,58.526
2024-09-03,21317953,10.545,23.306,17.531,41.137,73.913,57.164
2024-09-03,21317958,10.545,23.542,17.414,42.043,77.92,59.243
2024-09-03,21317959,10.888,23.585,17.694,40.917,70.869,55.6
2024-09-03,21317960,10.502,22.963,17.068,43.079,73.732,58.03
2024-09-04,21317937,16.443,25.322,20.879,40.876,78.46,62.436
2024-09-04,21317939,15.756,25.236,20.288,40.62,79.94,62.296
2024-09-04,21317940,15.478,24.872,20.108,40.029,77.881,60.086
2024-09-04,21317941,15.07,25.58,20.588,39.307,79.376,60.758
2024-09-04,21317942,15.306,23.735,19.498,48.049,79.133,65.602
2024-09-04,21317943,13.976,24.4,18.978,45.568,87.466,68.873
2024-09-04,21317947,15.092,25.279,20.275,44.227,79.142,63.258
2024-09-04,21317948,15.22,25.751,20.761,43.526,78.279,60.94
2024-09-04,21317949,14.577,26.287,20.586,40.479,80.406,62.469
2024-09-04,21317950,15.306,25.301,20.547,42.585,76.97,61.473
2024-09-04,21317953,15.134,25.966,20.516,38.752,78.86,61.305
2024-09-04,21317958,15.006,25.966,20.587,41.004,82.591,63.272
2024-09-04,21317959,15.628,25.816,20.859,40.85,74.815,59.549
2024-09-04,21317960,14.92,25.258,20.198,42.016,78.732,61.661
2024-09-05,21317937,16.786,26.395,21.386,45.504,81.872,65.125
2024-09-05,21317939,14.684,27.66,21.265,40.974,84.921,62.541
2024-09-05,21317940,16.443,26.909,21.514,39.248,75.541,57.868
2024-09-05,21317941,15.864,27.317,22.152,38.758,80.497,59.013
2024-09-05,21317942,15.499,24.4,20.252,48.0,83.153,67.948
2024-09-05,21317943,13.762,25.408,19.267,47.582,92.107,73.13
2024-09-05,21317947,15.027,26.824,21.821,43.723,82.223,60.869
2024-09-05,21317948,15.585,27.145,21.82,39.498,84.706,61.131
2024-09-05,21317949,15.521,28.325,22.309,41.324,82.426,59.967
2024-09-05,21317950,16.035,27.102,21.766,42.708,79.918,59.669
2024-09-05,21317953,14.984,27.102,21.715,41.498,84.434,61.29
2024-09-05,21317958,16.228,27.231,22.086,41.636,81.175,60.99
2024-09-05,21317959,16.4,27.703,21.918,37.177,79.779,59.565
2024-09-05,21317960,15.735,26.395,21.613,42.336,79.803,59.597
2024-09-06,21317937,17.451,25.022,20.879,41.787,77.194,65.39
2024-09-06,21317939,16.078,26.266,20.738,37.15,80.627,61.926
2024-09-06,21317940,17.086,24.679,20.844,36.379,72.581,57.548
2024-09-06,21317941,17.322,25.923,21.198,37.563,75.457,61.329
2024-09-06,21317942,16.807,23.499,20.106,44.428,81.578,66.531
2024-09-06,21317943,15.049,23.585,19.51,46.067,86.224,68.403
2024-09-06,21317947,17.172,25.451,21.259,39.979,74.755,59.929
2024-09-06,21317948,17.365,25.387,21.384,39.623,76.118,61.625
2024-09-06,21317949,16.979,27.081,21.906,40.035,72.313,58.017
2024-09-06,21317950,17.58,25.236,21.416,38.779,71.695,58.707
2024-09-06,21317953,17.172,25.0,21.018,38.401,76.858,62.021
2024-09-06,21317958,17.58,25.58,21.426,38.158,76.474,61.061
2024-09-06,21317959,17.451,25.837,21.381,38.424,73.881,60.33
2024-09-06,21317960,17.386,24.85,21.109,39.44,72.811,59.264
2024-09-07,21317937,13.526,23.263,17.897,60.525,91.983,78.448
2024-09-07,21317939,12.775,24.014,17.84,58.488,92.029,78.315
2024-09-07,21317940,12.475,22.427,17.699,61.375,90.24,76.921
2024-09-07,21317941,12.818,23.092,17.888,59.028,91.873,77.489
2024-09-07,21317942,12.604,21.547,17.322,66.467,94.258,81.748
2024-09-07,21317943,12.153,22.598,17.209,65.785,94.594,81.91
2024-09-07,21317947,12.175,23.37,17.735,62.922,91.801,79.508
2024-09-07,21317948,12.99,23.478,17.957,59.672,92.026,77.512
2024-09-07,21317949,12.389,25.515,18.005,57.627,96.107,79.443
2024-09-07,21317950,12.732,23.585,18.148,59.205,90.93,76.987
2024-09-07,21317953,12.797,22.92,17.766,60.314,93.367,78.884
2024-09-07,21317958,12.797,23.177,17.927,63.217,94.276,80.467
2024-09-07,21317959,13.14,23.22,18.036,57.174,90.179,74.897
2024-09-07,21317960,12.625,22.598,17.668,61.587,90.958,77.854
2024-09-08,21317937,8.486,13.976,11.406,60.218,81.743,70.643
2024-09-08,21317939,8.078,13.719,11.138,53.112,85.013,67.313
2024-09-08,21317940,7.563,13.333,10.671,55.149,79.734,66.728
2024-09-08,21317941,7.606,13.462,10.941,56.271,83.305,66.78
2024-09-08,21317942,7.971,12.99,10.812,59.69,88.904,70.121
2024-09-08,21317943,7.649,13.033,10.678,60.496,86.389,71.198
2024-09-08,21317947,7.435,13.354,10.652,60.873,83.07,70.725
2024-09-08,21317948,7.949,13.633,11.251,58.785,83.519,68.037
2024-09-08,21317949,7.542,14.877,10.931,49.436,84.642,68.197
2024-09-08,21317950,7.928,13.826,11.235,54.299,81.625,65.595
2024-09-08,21317953,7.799,13.633,11.122,55.877,85.534,66.866
2024-09-08,21317958,7.713,13.504,11.008,60.978,85.791,70.792
2024-09-08,21317959,8.035,13.762,11.253,57.316,79.789,66.265
2024-09-08,21317960,7.671,13.268,10.819,57.101,81.854,67.391
2024-09-09,21317937,11.789,22.448,16.736,40.102,75.903,58.521
2024-09-09,21317939,10.33,21.762,16.141,42.342,79.451,58.248
2024-09-09,21317940,11.488,21.333,15.947,36.884,76.057,56.29
2024-09-09,21317941,11.553,21.912,16.181,36.316,73.613,54.46
2024-09-09,21317942,11.102,20.389,15.34,43.569,77.284,60.865
2024-09-09,21317943,9.344,21.118,15.153,39.188,83.844,61.292
2024-09-09,21317947,11.145,21.848,16.001,39.614,82.475,59.64
2024-09-09,21317948,11.596,21.976,16.399,38.074,74.769,55.905
2024-09-09,21317949,10.974,21.526,16.322,37.792,76.04,57.642
2024-09-09,21317950,11.403,21.719,16.202,38.248,75.187,55.806
2024-09-09,21317953,11.274,21.976,16.154,37.244,75.384,55.272
2024-09-09,21317958,11.445,22.534,16.263,37.305,78.48,57.695
2024-09-09,21317959,11.724,22.427,16.382,36.884,72.271,54.483
2024-09-09,21317960,11.403,22.319,15.894,37.572,74.263,55.601
2024-09-10,21317937,9.794,22.105,16.204,33.309,81.976,59.715
2024-09-10,21317939,9.815,21.612,15.675,33.501,81.573,59.544
2024-09-10,21317940,9.236,20.732,15.56,34.133,82.11,58.853
2024-09-10,21317941,9.601,21.483,15.804,29.21,80.79,55.428
2024-09-10,21317942,9.451,19.681,14.501,35.9,81.904,62.845
2024-09-10,21317943,7.435,20.411,13.819,33.01,91.159,66.103
2024-09-10,21317947,8.936,21.569,15.263,34.296,84.981,62.276
2024-09-10,21317948,8.636,21.762,15.376,30.19,84.086,58.172
2024-09-10,21317949,8.528,22.255,15.626,32.374,84.843,59.208
2024-09-10,21317950,9.193,21.161,15.574,30.947,82.353,58.435
2024-09-10,21317953,8.571,21.333,15.24,29.938,85.354,58.248
2024-09-10,21317958,9.279,22.169,15.694,30.117,85.502,58.748
2024-09-10,21317959,9.258,21.891,15.655,28.869,78.158,55.533
2024-09-10,21317960,9.301,21.655,15.16,31.034,81.106,58.365
2024-09-11,21317937,14.362,24.378,19.282,53.851,81.77,68.105
2024-09-11,21317939,13.44,24.572,18.532,46.613,84.01,67.528
2024-09-11,21317940,13.59,23.907,18.58,50.452,79.609,65.464
2024-09-11,21317941,13.633,24.829,19.203,44.529,81.273,63.947
2024-09-11,21317942,13.097,22.984,18.081,54.852,83.745,69.157
2024-09-11,21317943,11.638,23.585,17.304,52.306,91.325,73.143
2024-09-11,21317947,13.376,24.1,18.818,55.027,81.822,68.031
2024-09-11,21317948,13.311,24.7,19.178,49.387,81.607,65.399
2024-09-11,21317949,13.011,24.443,19.068,50.224,83.003,66.108
2024-09-11,21317950,13.504,24.743,18.929,44.224,79.554,64.673
2024-09-11,21317953,13.419,24.636,19.091,48.374,81.872,64.812
2024-09-11,21317958,13.569,25.129,19.126,49.917,84.399,67.362
2024-09-11,21317959,13.89,24.958,19.343,48.76,77.302,62.993
2024-09-11,21317960,13.504,24.4,18.764,47.227,80.479,63.987
2024-09-12,21317937,15.842,25.151,19.818,53.507,83.79,71.811
2024-09-12,21317939,15.478,26.202,19.605,46.435,82.718,68.607
2024-09-12,21317940,16.336,25.215,20.248,43.677,79.249,64.157
2024-09-12,21317941,17.193,26.03,21.096,46.316,78.132,65.037
2024-09-12,21317942,16.207,22.555,19.148,59.22,82.887,72.591
2024-09-12,21317943,15.049,23.885,18.558,54.687,89.448,76.938
2024-09-12,21317947,16.614,25.301,20.594,48.782,79.927,66.438
2024-09-12,21317948,16.185,25.58,20.215,41.509,81.82,67.745
2024-09-12,21317949,16.464,26.824,21.094,46.485,81.399,65.142
2024-09-12,21317950,16.593,25.665,20.579,41.926,80.114,65.042
2024-09-12,21317953,16.378,25.794,20.313,44.501,80.818,67.154
2024-09-12,21317958,16.979,26.009,21.171,46.769,82.161,66.053
2024-09-12,21317959,16.421,26.051,20.484,41.558,78.813,64.934
2024-09-12,21317960,16.679,25.279,20.56,47.52,79.519,64.703
2024-09-13,21317937,15.585,28.496,21.282,52.187,92.909,75.515
2024-09-13,21317939,15.349,28.647,21.529,47.93,93.187,72.434
2024-09-13,21317940,16.035,27.703,21.796,48.495,86.78,67.931
2024-09-13,21317941,16.057,28.582,22.69,44.479,85.292,65.408
2024-09-13,21317942,15.413,26.373,20.763,55.233,90.047,73.831
2024-09-13,21317943,14.319,26.18,19.804,55.325,93.503,78.811
2024-09-13,21317947,15.22,28.003,21.854,51.972,89.165,70.63
2024-09-13,21317948,15.07,27.939,21.796,49.671,91.91,70.632
2024-09-13,21317949,15.478,29.783,22.722,47.007,89.598,68.468
2024-09-13,21317950,16.078,27.488,21.995,48.067,85.684,67.879
2024-09-13,21317953,15.177,28.046,21.68,45.991,91.705,70.062
2024-09-13,21317958,16.078,28.818,22.481,50.713,89.49,69.847
2024-09-13,21317959,15.628,28.797,22.169,48.188,87.951,68.086
2024-09-13,21317960,15.778,27.746,21.665,49.102,86.812,68.413
2024-09-14,21317937,17.322,28.196,21.609,57.975,92.747,78.608
2024-09-14,21317939,17.429,29.076,22.284,48.202,92.83,73.048
2024-09-14,21317940,18.137,28.368,22.361,49.044,87.332,70.789
2024-09-14,21317941,17.322,28.132,22.482,50.115,90.93,70.786
2024-09-14,21317942,17.258,25.923,21.131,59.617,92.546,76.978
2024-09-14,21317943,16.378,25.944,20.456,61.37,93.179,80.904
2024-09-14,21317947,17.644,27.939,22.101,53.519,91.449,74.516
2024-09-14,21317948,17.236,27.167,21.53,56.294,92.555,76.031
2024-09-14,21317949,17.472,27.96,22.404,52.294,90.829,70.843
2024-09-14,21317950,18.18,27.531,22.301,50.095,87.251,71.144
2024-09-14,21317953,17.344,27.274,21.747,54.641,93.036,74.456
2024-09-14,21317958,17.494,28.84,22.384,53.452,92.74,74.958
2024-09-14,21317959,17.322,27.789,21.703,55.497,90.275,74.448
2024-09-14,21317960,17.365,27.145,21.681,53.68,88.788,73.355
2024-09-15,21317937,16.571,29.676,22.846,42.287,88.417,68.982
2024-09-15,21317939,17.644,30.084,22.847,36.759,82.962,66.192
2024-09-15,21317940,17.537,29.204,23.281,41.523,80.932,61.362
2024-09-15,21317941,16.271,30.212,23.366,37.563,84.189,61.654
2024-09-15,21317942,15.864,26.631,21.456,53.291,88.125,70.687
2024-09-15,21317943,14.77,27.617,20.311,52.752,91.971,75.811
2024-09-15,21317947,17.108,29.976,23.181,43.984,84.356,64.731
2024-09-15,21317948,16.378,29.698,22.638,40.757,86.069,66.854
2024-09-15,21317949,15.628,29.826,23.364,43.542,85.557,63.625
2024-09-15,21317950,17.043,29.161,23.184,41.404,81.99,62.871
2024-09-15,21317953,16.293,29.569,22.75,42.031,86.926,65.135
2024-09-15,21317958,15.992,30.084,23.264,39.765,87.781,64.538
2024-09-15,21317959,16.121,29.848,22.785,40.079,84.828,65.383
2024-09-15,21317960,15.799,29.376,22.636,39.925,84.274,63.443
2024-09-16,21317937,17.901,29.826,23.608,44.956,84.833,68.041
2024-09-16,21317939,17.193,29.569,22.882,41.43,86.72,67.437
2024-09-16,21317940,18.266,28.754,23.659,44.352,83.232,61.698
2024-09-16,21317941,18.073,29.762,24.255,42.455,84.079,63.206
2024-09-16,21317942,17.386,27.338,22.387,54.073,88.029,71.23
2024-09-16,21317943,16.121,28.068,21.218,47.89,93.06,76.608
2024-09-16,21317947,18.073,29.269,23.951,48.283,87.643,65.071
2024-09-16,21317948,17.322,29.955,23.444,47.784,85.686,67.522
2024-09-16,21317949,18.03,29.226,24.08,47.568,85.241,64.901
2024-09-16,21317950,18.63,29.011,23.792,44.52,84.564,64.444
2024-09-16,21317953,17.279,29.547,23.612,46.668,89.117,65.952
2024-09-16,21317958,18.244,30.041,24.222,44.565,85.933,65.79
2024-09-16,21317959,17.901,30.041,23.74,45.248,81.646,64.825
2024-09-16,21317960,18.008,29.397,23.6,43.857,83.78,64.308
2024-09-17,21317937,19.51,30.062,23.915,39.435,86.288,65.155
2024-09-17,21317939,19.21,29.676,23.308,37.882,84.413,64.316
2024-09-17,21317940,18.952,29.097,23.59,36.361,82.983,61.603
2024-09-17,21317941,20.282,29.698,24.731,38.465,76.558,58.672
2024-09-17,21317942,18.652,27.703,22.816,44.918,83.969,65.872
2024-09-17,21317943,17.279,28.432,21.441,44.364,90.422,72.169
2024-09-17,21317947,19.403,29.783,23.845,40.04,81.939,62.273
2024-09-17,21317948,18.18,29.719,23.919,39.921,89.323,62.771
2024-09-17,21317949,19.274,29.226,24.176,42.654,79.957,61.612
2024-09-17,21317950,19.381,29.226,23.926,39.21,80.984,60.755
2024-09-17,21317953,19.403,29.762,24.203,39.805,81.143,59.765
2024-09-17,21317958,19.853,30.148,24.518,39.683,80.809,61.413
2024-09-17,21317959,18.888,29.934,24.29,38.766,84.297,59.76
2024-09-17,21317960,19.789,29.44,24.144,40.038,76.576,59.205
2024-09-18,21317937,17.151,28.432,22.045,40.964,90.318,70.331
2024-09-18,21317939,16.829,29.569,22.62,38.56,90.222,66.116
2024-09-18,21317940,18.137,28.883,22.878,35.106,83.894,62.79
2024-09-18,21317941,17.708,29.29,23.731,37.92,83.871,60.564
2024-09-18,21317942,16.679,26.009,21.56,48.673,89.769,69.946
2024-09-18,21317943,15.778,27.467,20.56,47.588,92.515,75.129
2024-09-18,21317947,17.236,29.076,22.748,41.439,84.417,64.682
2024-09-18,21317948,16.4,29.011,22.219,39.196,89.383,67.106
2024-09-18,21317949,17.086,29.762,23.169,43.551,87.562,64.594
2024-09-18,21317950,18.073,28.218,23.018,37.595,82.11,62.852
2024-09-18,21317953,16.464,29.226,22.45,39.452,90.642,66.12
2024-09-18,21317958,17.322,29.676,23.413,38.033,88.417,64.415
2024-09-18,21317959,17.172,29.505,22.773,36.701,83.944,64.223
2024-09-18,21317960,17.151,28.668,22.457,39.458,85.296,64.614
2024-09-19,21317937,17.923,28.068,22.265,48.893,83.072,68.092
2024-09-19,21317939,18.008,28.604,22.51,41.004,86.308,65.554
2024-09-19,21317940,18.373,27.81,22.625,39.701,77.407,61.298
2024-09-19,21317941,18.309,28.69,22.69,40.237,78.318,64.344
2024-09-19,21317942,17.429,26.759,21.612,44.851,83.656,68.849
2024-09-19,21317943,15.821,28.11,20.895,49.065,89.461,72.487
2024-09-19,21317947,17.065,28.647,22.369,41.801,84.07,65.324
2024-09-19,21317948,16.872,29.183,22.138,42.887,85.196,67.024
2024-09-19,21317949,17.108,31.049,22.925,40.075,84.329,65.344
2024-09-19,21317950,18.073,28.068,22.725,39.779,79.464,63.224
2024-09-19,21317953,16.722,29.269,22.235,38.058,86.279,65.52
2024-09-19,21317958,17.301,29.376,22.538,39.783,85.118,67.119
2024-09-19,21317959,17.494,29.526,22.339,41.965,80.879,65.45
2024-09-19,21317960,16.979,27.896,21.868,40.305,83.354,66.128
2024-09-20,21317937,15.671,26.03,20.216,58.323,83.072,72.465
2024-09-20,21317939,16.164,26.995,20.55,51.638,80.371,68.483
2024-09-20,21317940,15.585,25.987,20.095,52.59,82.252,69.74
2024-09-20,21317941,15.242,25.773,19.797,56.007,85.071,72.25
2024-09-20,21317942,15.242,24.014,19.344,61.765,85.292,74.285
2024-09-20,21317943,14.748,24.786,19.259,60.473,87.185,75.034
2024-09-20,21317947,15.413,25.515,20.007,56.934,84.665,72.638
2024-09-20,21317948,15.671,25.58,20.13,57.058,84.504,72.184
2024-09-20,21317949,14.834,25.322,20.101,57.073,85.908,71.249
2024-09-20,21317950,15.456,25.279,20.029,55.465,82.818,70.363
2024-09-20,21317953,15.435,25.708,19.98,55.814,85.223,71.801
2024-09-20,21317958,15.177,25.966,19.865,59.408,88.362,75.521
2024-09-20,21317959,15.628,25.708,20.042,54.995,82.962,71.025
2024-09-20,21317960,15.177,24.85,19.565,58.495,83.758,72.224
2024-09-21,21317937,15.22,24.228,18.953,53.085,85.457,71.325
2024-09-21,21317939,16.421,24.164,19.485,47.028,80.571,66.741
2024-09-21,21317940,15.521,23.606,18.923,51.894,79.106,67.459
2024-09-21,21317941,15.628,23.177,18.598,50.472,79.048,68.236
2024-09-21,21317942,15.392,21.655,17.989,58.157,81.144,72.43
2024-09-21,21317943,14.92,22.47,18.078,56.312,82.512,71.375
2024-09-21,21317947,15.392,23.263,18.78,53.993,81.511,70.349
2024-09-21,21317948,15.392,23.95,18.624,52.83,81.03,70.645
2024-09-21,21317949,15.542,24.679,18.982,51.933,82.64,69.734
2024-09-21,21317950,15.756,22.92,18.924,51.118,78.877,67.018
2024-09-21,21317953,15.628,23.606,18.677,51.566,80.357,68.724
2024-09-21,21317958,15.735,23.456,18.808,54.948,81.524,71.257
2024-09-21,21317959,15.456,24.057,18.576,52.441,79.648,69.667
2024-09-21,21317960,15.671,22.405,18.467,52.512,77.861,68.197
2024-09-22,21317937,13.419,24.035,18.086,52.673,82.934,68.713
2024-09-22,21317939,13.912,24.336,18.428,44.778,79.509,64.665
2024-09-22,21317940,13.783,23.199,18.125,46.763,78.041,64.743
2024-09-22,21317941,13.612,23.263,17.773,50.196,82.856,67.449
2024-09-22,21317942,13.354,21.826,17.277,57.626,80.021,70.684
2024-09-22,21317943,12.882,22.405,16.504,57.046,85.368,74.602
2024-09-22,21317947,13.547,23.113,18.039,52.398,80.751,68.088
2024-09-22,21317948,13.226,23.07,18.028,53.899,80.493,67.852
2024-09-22,21317949,12.947,22.941,18.036,52.102,85.57,68.609
2024-09-22,21317950,13.655,22.899,17.997,49.468,81.913,65.82
2024-09-22,21317953,13.569,23.092,17.957,49.397,78.993,66.52
2024-09-22,21317958,13.376,24.464,17.977,51.218,86.97,70.799
2024-09-22,21317959,13.183,24.743,18.134,50.994,79.03,66.786
2024-09-22,21317960,13.333,22.62,17.616,51.414,82.669,67.626
2024-09-23,21317937,14.062,16.958,15.415,66.035,88.803,77.078
2024-09-23,21317939,14.083,16.915,15.734,61.408,88.084,74.601
2024-09-23,21317940,13.805,17.172,15.73,60.745,86.888,72.578
2024-09-23,21317941,14.083,16.593,15.267,61.871,88.643,75.909
2024-09-23,21317942,13.504,15.821,14.831,69.042,92.239,79.878
2024-09-23,21317943,13.161,15.563,14.276,68.019,91.997,83.191
2024-09-23,21317947,13.826,17.0,15.447,66.552,88.162,76.753
2024-09-23,21317948,14.083,16.679,15.342,65.295,87.964,76.764
2024-09-23,21317949,13.419,16.722,15.436,66.845,94.624,77.607
2024-09-23,21317950,14.191,17.386,15.887,61.143,87.245,73.078
2024-09-23,21317953,13.976,16.571,15.352,61.962,89.946,75.849
2024-09-23,21317958,14.126,16.829,15.491,66.58,91.774,78.466
2024-09-23,21317959,14.234,16.722,15.391,63.471,85.154,74.549
2024-09-23,21317960,13.89,16.636,15.284,62.469,88.504,75.414
2024-09-24,21317937,15.263,22.427,17.774,52.902,83.209,65.618
2024-09-24,21317939,15.606,22.084,17.915,45.129,77.473,61.794
2024-09-24,21317940,15.606,21.033,17.648,47.195,74.847,60.664
2024-09-24,21317941,15.285,22.384,17.825,45.092,81.953,63.684
2024-09-24,21317942,14.941,20.132,17.011,55.238,85.406,68.375
2024-09-24,21317943,13.633,21.483,16.335,54.554,91.562,73.719
2024-09-24,21317947,15.285,21.826,17.831,51.534,78.718,64.064
2024-09-24,21317948,15.563,22.448,17.993,48.367,80.031,63.676
2024-09-24,21317949,15.177,22.577,18.232,49.497,82.138,63.781
2024-09-24,21317950,15.649,21.547,17.912,47.06,78.044,61.158
2024-09-24,21317953,15.478,22.212,17.878,46.091,80.421,62.724
2024-09-24,21317958,15.349,22.126,17.927,50.289,84.129,65.353
2024-09-24,21317959,15.349,22.663,18.044,48.475,80.429,62.91
2024-09-24,21317960,15.263,21.504,17.6,48.219,80.941,62.398
2024-09-25,21317937,13.075,16.722,14.986,68.2,89.516,77.92
2024-09-25,21317939,13.226,16.464,15.01,64.91,89.648,76.422
2024-09-25,21317940,13.011,16.293,14.903,63.069,89.206,74.576
2024-09-25,21317941,12.84,16.271,14.768,69.355,91.467,77.292
2024-09-25,21317942,12.26,16.228,14.476,68.965,92.653,79.588
2024-09-25,21317943,12.067,15.928,14.166,70.723,92.816,81.149
2024-09-25,21317947,12.754,16.057,14.704,66.191,93.993,78.039
2024-09-25,21317948,13.011,16.529,14.951,68.156,89.371,76.654
2024-09-25,21317949,12.175,16.357,14.763,67.344,94.694,77.214
2024-09-25,21317950,13.097,16.421,15.05,64.92,89.444,75.487
2024-09-25,21317953,12.818,16.314,14.828,67.346,93.727,77.144
2024-09-25,21317958,12.968,16.421,14.914,68.553,93.747,79.081
2024-09-25,21317959,13.097,16.679,15.008,66.215,87.842,74.601
2024-09-25,21317960,12.797,16.271,14.782,63.645,89.786,75.604
2024-09-26,21317937,15.006,23.242,17.532,50.211,93.649,77.442
2024-09-26,21317939,14.062,22.856,17.159,42.849,92.235,75.776
2024-09-26,21317940,14.341,22.019,17.129,44.796,91.417,73.859
2024-09-26,21317941,14.577,22.47,17.37,47.089,92.12,75.77
2024-09-26,21317942,14.255,20.754,16.509,56.121,93.906,81.363
2024-09-26,21317943,12.539,21.504,16.307,54.257,93.98,81.733
2024-09-26,21317947,14.277,22.684,16.865,51.598,93.956,78.16
2024-09-26,21317948,13.89,22.706,17.109,49.63,91.864,76.862
2024-09-26,21317949,13.955,21.848,16.839,48.814,95.514,78.553
2024-09-26,21317950,14.512,21.655,17.094,46.407,91.586,76.084
2024-09-26,21317953,14.405,22.577,17.062,47.391,94.241,77.65
2024-09-26,21317958,14.62,15.392,14.989,87.762,94.038,91.504
2024-09-26,21317959,14.534,22.598,17.312,48.301,90.362,74.638
2024-09-26,21317960,14.362,22.041,17.064,45.65,90.95,75.053
2024-09-27,21317937,14.341,22.555,17.726,54.574,86.235,71.618
2024-09-27,21317939,13.697,22.362,17.048,47.01,89.252,70.737
2024-09-27,21317940,13.397,21.183,17.079,50.603,82.715,68.618
2024-09-27,21317941,13.612,21.354,17.44,51.13,82.77,68.879
2024-09-27,21317942,13.397,19.51,16.42,62.141,86.769,75.266
2024-09-27,21317943,12.025,20.411,15.852,60.607,90.52,77.856
2024-09-27,21317947,12.625,21.783,16.614,56.909,87.515,74.087
2024-09-27,21317948,13.569,21.998,17.266,56.611,86.632,71.712
2024-09-27,21317949,12.518,23.328,17.02,52.229,87.105,71.812
2024-09-27,21317950,13.268,20.84,17.112,51.981,82.898,69.308
2024-09-27,21317953,13.483,20.818,16.939,53.35,87.24,71.589
2024-09-27,21317959,13.848,22.084,17.34,54.226,82.626,69.102
2024-09-27,21317960,13.354,22.298,16.797,49.963,82.947,71.276
2024-09-28,21317937,12.003,22.47,16.836,60.107,94.507,79.891
2024-09-28,21317939,12.325,22.791,17.123,56.985,93.756,77.194
2024-09-28,21317940,12.904,21.912,17.013,59.074,94.359,75.704
2024-09-28,21317941,12.025,21.955,16.85,58.862,95.72,77.24
2024-09-28,21317942,12.132,20.325,16.142,65.716,94.652,80.995
2024-09-28,21317943,11.338,20.797,16.056,65.014,94.597,81.342
2024-09-28,21317947,12.689,21.74,16.689,62.878,97.115,79.356
2024-09-28,21317948,12.003,21.826,16.658,61.617,94.887,79.561
2024-09-28,21317949,12.132,22.405,16.809,56.799,95.253,77.48
2024-09-28,21317950,12.389,21.419,16.838,60.214,93.736,76.652
2024-09-28,21317953,12.132,21.419,16.7,61.244,95.869,79.131
2024-09-28,21317959,11.982,22.105,16.669,59.124,94.031,77.959
2024-09-28,21317960,12.067,21.29,16.403,61.81,92.923,78.388
2024-09-29,21317937,12.668,22.405,16.776,61.811,91.63,80.686
2024-09-29,21317939,13.462,23.907,16.968,53.268,88.785,78.076
2024-09-29,21317940,12.861,22.062,16.955,56.112,91.827,76.649
2024-09-29,21317941,12.325,23.885,17.27,52.718,95.399,76.759
2024-09-29,21317942,12.818,20.389,16.079,63.972,93.352,81.854
2024-09-29,21317943,12.325,21.698,15.869,59.435,92.999,82.972
2024-09-29,21317947,12.99,23.478,16.93,56.487,94.644,79.119
2024-09-29,21317948,12.818,22.319,16.576,56.257,91.548,79.638
2024-09-29,21317949,12.711,23.156,17.038,52.924,93.422,76.219
2024-09-29,21317950,13.011,22.277,16.81,55.741,92.557,77.209
2024-09-29,21317953,12.882,22.491,16.769,56.321,93.754,78.928
2024-09-29,21317959,12.732,23.563,17.051,54.0,90.61,76.649
2024-09-29,21317960,12.453,23.778,16.895,53.535,92.519,76.679
2024-09-30,21317937,14.319,23.37,18.349,59.17,85.795,69.495
2024-09-30,21317939,14.963,23.757,18.644,51.127,82.791,63.557
2024-09-30,21317940,14.148,23.113,18.121,51.478,81.573,63.92
2024-09-30,21317941,13.955,22.791,18.048,53.439,80.49,64.739
2024-09-30,21317942,13.955,21.183,17.393,59.911,85.579,68.509
2024-09-30,21317943,12.882,21.848,16.773,58.331,89.754,72.211
2024-09-30,21317947,13.912,22.706,18.062,55.869,86.709,67.35
2024-09-30,21317948,14.126,22.748,18.141,57.859,86.023,67.87
2024-09-30,21317949,13.376,22.577,18.198,46.091,85.965,67.677
2024-09-30,21317950,14.105,22.255,18.001,53.759,82.925,64.572
2024-09-30,21317953,14.126,22.362,18.067,54.775,82.971,65.626
2024-09-30,21317959,14.105,23.37,18.087,55.682,80.072,66.533
2024-09-30,21317960,13.783,22.319,17.678,55.659,83.386,66.37
2024-10-01,21317937,11.531,22.856,17.031,51.859,87.634,72.988
2024-10-01,21317939,12.475,23.521,17.345,44.851,87.46,69.069
2024-10-01,21317940,12.132,23.242,17.236,46.255,84.137,67.147
2024-10-01,21317941,11.531,23.435,16.958,45.515,87.192,70.851
2024-10-01,21317942,11.445,21.397,16.074,54.984,89.627,75.77
2024-10-01,21317943,10.673,21.976,16.041,52.995,90.829,74.821
2024-10-01,21317947,11.81,23.306,17.004,49.969,87.819,71.358
2024-10-01,21317948,11.66,23.671,17.026,46.007,89.85,71.53
2024-10-01,21317949,10.909,23.692,17.13,49.001,89.461,70.093
2024-10-01,21317950,11.874,23.478,17.161,46.662,85.789,69.442
2024-10-01,21317953,11.638,23.006,16.858,45.949,89.364,72.057
2024-10-01,21317959,11.724,23.692,16.974,45.966,88.106,70.709
2024-10-01,21317960,11.424,23.285,16.869,44.869,86.78,69.163
2024-10-02,21317937,14.169,19.617,16.217,64.799,90.739,77.568
2024-10-02,21317939,13.569,20.196,16.083,58.569,90.794,76.279
2024-10-02,21317940,13.204,19.596,15.827,58.972,90.011,75.251
2024-10-02,21317941,13.268,19.982,16.061,63.478,90.253,76.935
2024-10-02,21317942,12.904,18.716,15.671,65.199,92.052,79.046
2024-10-02,21317943,11.81,19.381,15.633,64.648,91.868,78.349
2024-10-02,21317947,12.668,20.046,15.811,62.647,92.436,78.931
2024-10-02,21317948,13.097,20.132,16.084,61.494,90.84,76.672
2024-10-02,21317949,12.582,20.046,15.967,64.068,94.574,78.519
2024-10-02,21317950,12.968,20.303,16.203,62.113,89.728,76.588
2024-10-02,21317953,12.689,19.874,16.017,64.443,92.026,77.723
2024-10-02,21317959,13.44,20.496,16.19,60.089,89.401,74.563
2024-10-02,21317960,13.033,19.274,15.951,61.967,89.517,75.86
2024-10-03,21317937,11.724,21.655,16.594,49.488,95.087,72.14
2024-10-03,21317939,10.823,21.998,15.738,39.306,93.861,72.566
2024-10-03,21317940,10.931,20.668,15.828,46.897,94.006,70.62
2024-10-03,21317941,11.531,21.354,16.109,45.62,93.321,70.705
2024-10-03,21317942,10.587,19.982,15.009,53.832,93.971,76.561
2024-10-03,21317943,9.172,20.175,14.036,53.565,94.675,79.826
2024-10-03,21317947,10.909,21.011,15.813,51.812,95.384,74.037
2024-10-03,21317948,10.008,21.226,16.065,48.704,94.292,71.536
2024-10-03,21317949,10.545,20.689,15.867,49.017,95.064,72.354
2024-10-03,21317950,10.952,20.711,15.757,46.197,92.341,72.211
2024-10-03,21317953,11.145,20.818,15.854,47.953,94.411,72.458
2024-10-03,21317959,10.759,21.74,16.162,47.944,92.193,70.252
2024-10-03,21317960,11.295,21.397,15.737,44.419,92.248,70.566
2024-10-04,21317937,13.075,23.757,17.985,54.281,84.581,68.665
2024-10-04,21317939,11.703,23.542,17.226,47.774,86.6,66.711
2024-10-04,21317940,12.904,23.006,17.535,47.33,81.712,64.458
2024-10-04,21317941,12.882,22.984,17.755,46.494,83.703,66.783
2024-10-04,21317942,12.711,21.226,16.806,56.555,87.19,72.417
2024-10-04,21317943,11.467,22.019,16.229,52.555,91.246,75.26
2024-10-04,21317947,13.097,23.37,17.713,53.4,83.798,68.15
2024-10-04,21317948,12.453,23.263,17.759,49.548,85.78,67.646
2024-10-04,21317949,13.504,23.757,17.865,47.66,81.285,67.854
2024-10-04,21317950,13.183,22.513,17.546,46.979,82.658,65.875
2024-10-04,21317953,12.775,22.899,17.667,49.676,86.679,67.802
2024-10-04,21317959,13.118,23.478,17.888,49.413,80.754,66.105
2024-10-04,21317960,13.826,23.22,17.554,46.0,78.868,65.731
2024-10-05,21317937,12.389,20.925,16.409,32.782,73.286,58.098
2024-10-05,21317939,12.496,20.604,16.272,29.746,69.784,53.364
2024-10-05,21317940,10.845,20.196,15.733,30.169,76.867,54.013
2024-10-05,21317941,11.252,20.196,15.647,30.799,75.019,59.068
2024-10-05,21317942,11.274,18.223,14.812,36.582,77.624,62.774
2024-10-05,21317943,9.322,20.11,14.216,35.367,85.808,66.483
2024-10-05,21317947,10.695,20.368,15.722,32.689,79.289,58.183
2024-10-05,21317948,11.059,21.29,16.047,31.991,76.306,59.981
2024-10-05,21317949,10.845,21.762,16.112,32.696,76.352,57.911
2024-10-05,21317950,11.403,19.274,15.638,31.925,73.86,54.729
2024-10-05,21317953,11.36,20.11,15.564,32.149,75.042,59.029
2024-10-05,21317959,10.866,20.625,15.696,32.563,75.306,59.861
2024-10-05,21317960,11.145,20.346,15.353,31.519,73.959,57.804
2024-10-06,21317937,7.285,19.017,13.454,44.9,91.255,71.494
2024-10-06,21317939,8.571,20.003,13.967,41.839,87.936,69.103
2024-10-06,21317940,8.335,18.888,13.421,39.911,87.208,68.323
2024-10-06,21317941,8.185,19.81,12.96,40.812,89.242,72.491
2024-10-06,21317942,7.907,17.386,12.337,49.158,91.475,75.509
2024-10-06,21317943,6.984,18.673,12.028,45.696,92.232,77.192
2024-10-06,21317947,8.1,19.167,13.391,44.361,90.282,71.53
2024-10-06,21317948,8.057,19.252,13.155,42.521,89.506,71.884
2024-10-06,21317949,7.971,19.102,13.223,45.721,93.686,72.264
2024-10-06,21317950,8.357,18.888,13.223,43.247,87.652,70.682
2024-10-06,21317953,8.293,18.823,13.023,42.109,90.359,72.253
2024-10-06,21317959,7.842,20.153,13.132,40.955,89.122,71.349
2024-10-06,21317960,8.25,18.802,12.77,44.022,88.057,72.314
2024-10-07,21317937,10.309,18.609,14.297,54.102,87.231,75.296
2024-10-07,21317939,9.901,17.601,13.922,49.635,87.597,73.162
2024-10-07,21317940,9.901,16.893,13.664,50.704,86.835,72.395
2024-10-07,21317941,9.558,18.094,13.876,47.413,88.666,74.321
2024-10-07,21317942,9.73,17.0,13.544,57.879,92.107,78.186
2024-10-07,21317943,9.15,17.815,13.504,50.466,91.649,76.756
2024-10-07,21317947,9.15,18.287,13.612,54.046,89.987,76.254
2024-10-07,21317948,9.601,18.823,14.121,49.52,87.597,74.179
2024-10-07,21317949,9.022,18.952,13.884,48.518,88.222,74.539
2024-10-07,21317950,9.837,17.451,13.907,50.44,87.945,72.846
2024-10-07,21317953,9.772,18.48,13.962,45.545,89.36,74.758
2024-10-07,21317959,9.815,18.673,14.124,49.923,85.423,72.499
2024-10-07,21317960,9.472,17.923,13.828,47.144,86.825,72.564
2024-10-08,21317937,7.091,16.443,11.36,51.299,85.94,69.795
2024-10-08,21317939,6.062,15.649,10.618,46.796,88.151,68.884
2024-10-08,21317940,6.319,14.255,10.521,49.868,86.215,67.553
2024-10-08,21317941,6.941,14.834,10.744,45.258,82.293,67.738
2024-10-08,21317942,5.612,13.526,9.776,56.248,90.733,74.507
2024-10-08,21317943,4.41,14.148,9.006,50.958,92.619,77.27
2024-10-08,21317947,5.526,14.448,10.239,54.702,91.237,72.664
2024-10-08,21317948,5.011,15.306,10.522,47.597,90.918,70.099
2024-10-08,21317949,5.204,15.735,10.492,47.5,90.33,69.833
2024-10-08,21317950,6.126,14.47,10.519,46.064,86.505,68.445
2024-10-08,21317953,5.697,14.47,10.279,43.696,89.973,70.497
2024-10-08,21317959,6.276,15.285,10.649,45.721,83.731,68.034
2024-10-08,21317960,5.826,15.092,10.342,44.416,86.043,68.602
2024-10-09,21317937,8.1,14.663,10.756,45.962,81.227,69.383
2024-10-09,21317939,7.563,13.633,10.02,41.816,85.016,68.876
2024-10-09,21317940,7.242,13.054,9.666,42.512,81.724,68.656
2024-10-09,21317941,7.306,13.612,9.944,44.598,82.577,70.716
2024-10-09,21317942,7.542,12.797,9.633,49.264,84.065,73.676
2024-10-09,21317943,6.813,13.826,9.558,47.387,90.048,73.982
2024-10-09,21317947,7.22,13.805,9.907,45.872,86.476,71.934
2024-10-09,21317948,7.735,14.641,10.379,42.689,82.457,69.261
2024-10-09,21317949,7.07,13.998,10.006,46.613,84.889,70.443
2024-10-09,21317950,7.392,13.762,10.025,40.304,83.392,69.399
2024-10-09,21317953,7.392,13.89,10.031,44.227,84.407,70.157
2024-10-09,21317959,7.735,14.212,10.259,43.81,79.734,68.376
2024-10-09,21317960,7.392,13.526,9.845,43.368,81.735,70.287
2024-10-10,21317937,7.756,13.161,9.99,57.169,80.829,69.112
2024-10-10,21317939,7.542,12.175,9.684,51.862,78.849,65.501
2024-10-10,21317940,7.242,12.882,9.517,51.07,78.808,65.295
2024-10-10,21317941,7.156,12.754,9.552,50.654,80.85,67.101
2024-10-10,21317942,7.349,11.81,9.383,59.777,82.38,70.779
2024-10-10,21317943,7.134,12.711,9.553,53.313,80.815,67.513
2024-10-10,21317947,6.898,12.089,9.316,57.929,83.368,70.648
2024-10-10,21317948,7.327,12.99,9.796,54.563,80.041,67.468
2024-10-10,21317949,6.984,13.29,9.634,56.057,81.575,69.41
2024-10-10,21317950,7.285,12.346,9.638,51.145,79.908,65.468
2024-10-10,21317953,7.156,12.346,9.597,51.978,81.524,66.26
2024-10-10,21317959,7.478,13.397,9.816,53.776,77.833,65.945
2024-10-10,21317960,7.091,12.818,9.524,51.47,79.931,65.967
2024-10-11,21317937,9.494,16.293,13.106,56.84,83.331,67.736
2024-10-11,21317939,9.236,16.271,12.696,49.749,83.926,64.804
2024-10-11,21317940,8.872,15.928,12.4,51.173,82.976,65.389
2024-10-11,21317941,8.464,16.507,12.641,52.203,84.024,67.152
2024-10-11,21317942,8.786,15.778,12.372,55.685,88.069,68.75
2024-10-11,21317943,8.486,16.271,12.41,55.277,88.985,68.44
2024-10-11,21317947,8.593,16.228,12.587,53.519,87.343,68.796
2024-10-11,21317948,8.893,17.022,12.961,50.852,85.414,65.867
2024-10-11,21317949,8.443,16.121,12.607,55.561,92.532,68.411
2024-10-11,21317950,8.872,16.357,12.721,47.446,85.281,64.913
2024-10-11,21317953,8.7,16.507,12.686,48.357,87.314,64.729
2024-10-11,21317959,9.043,16.893,12.913,51.002,82.161,64.681
2024-10-11,21317960,8.528,16.336,12.519,52.976,84.637,65.767
2024-10-12,21317937,8.743,16.185,12.047,42.155,79.542,59.244
2024-10-12,21317939,7.006,16.164,11.596,39.207,79.94,57.362
2024-10-12,21317940,7.778,15.842,11.39,38.163,79.152,56.807
2024-10-12,21317941,7.37,15.542,11.256,41.631,82.759,58.024
2024-10-12,21317942,5.719,15.006,10.687,46.136,83.482,64.391
2024-10-12,21317943,3.896,15.306,10.652,44.009,85.35,62.43
2024-10-12,21317947,6.234,15.37,11.181,42.515,83.322,60.978
2024-10-12,21317948,5.933,15.649,11.31,41.366,81.77,59.239
2024-10-12,21317949,6.577,15.671,11.484,42.959,87.172,59.976
2024-10-12,21317950,6.727,15.628,11.252,42.017,83.328,58.26
2024-10-12,21317953,5.719,15.456,11.001,42.145,84.778,59.723
2024-10-12,21317959,6.469,15.735,11.366,41.508,79.698,58.064
2024-10-12,21317960,6.856,15.349,11.102,41.665,81.381,59.536
2024-10-13,21317937,6.469,11.252,8.48,48.342,73.094,60.529
2024-10-13,21317939,6.534,11.724,8.432,45.454,71.415,59.124
2024-10-13,21317940,6.126,10.995,8.105,47.616,69.908,59.861
2024-10-13,21317941,5.29,10.888,7.858,42.113,73.411,61.142
2024-10-13,21317942,5.183,9.88,7.418,48.566,76.739,63.798
2024-10-13,21317943,3.595,10.888,6.999,45.46,82.673,66.645
2024-10-13,21317947,5.612,10.866,7.889,49.259,74.495,61.707
2024-10-13,21317948,5.268,11.531,8.024,45.22,72.892,61.44
2024-10-13,21317949,5.032,11.703,8.014,44.57,75.738,62.578
2024-10-13,21317950,5.89,10.974,8.08,43.656,72.073,59.803
2024-10-13,21317953,5.461,11.081,7.833,46.288,75.88,61.917
2024-10-13,21317959,5.526,12.325,8.083,44.091,71.475,60.806
2024-10-13,21317960,5.032,10.823,7.57,43.084,75.454,62.854
2024-10-14,21317937,5.783,7.735,6.65,65.039,88.888,80.189
2024-10-14,21317939,5.654,7.949,6.697,61.384,89.361,79.08
2024-10-14,21317940,5.569,7.563,6.464,61.315,85.228,77.744
2024-10-14,21317941,5.44,7.263,6.419,69.02,87.387,78.278
2024-10-14,21317942,5.44,7.435,6.218,67.016,92.605,81.148
2024-10-14,21317943,4.561,7.07,6.08,69.102,92.177,81.103
2024-10-14,21317947,4.99,7.456,6.239,62.493,89.924,80.964
2024-10-14,21317948,5.504,7.649,6.604,65.591,89.142,79.56
2024-10-14,21317949,4.797,6.834,5.99,71.157,94.237,82.476
2024-10-14,21317950,5.569,7.799,6.49,62.432,86.737,77.781
2024-10-14,21317953,5.612,7.606,6.473,65.959,92.313,79.785
2024-10-14,21317959,5.976,7.735,6.668,66.081,86.574,77.339
2024-10-14,21317960,5.097,6.898,6.176,69.491,88.499,79.174
2024-10-15,21317937,4.968,11.124,6.828,62.109,84.99,76.109
2024-10-15,21317939,4.175,10.137,6.265,60.749,87.237,76.447
2024-10-15,21317940,4.432,9.472,6.035,61.521,88.106,75.33
2024-10-15,21317941,4.368,10.545,6.133,57.581,84.417,75.521
2024-10-15,21317942,4.175,10.03,5.897,63.307,90.204,81.356
2024-10-15,21317943,3.982,10.888,5.972,58.267,87.698,78.204
2024-10-15,21317947,3.402,10.266,5.804,63.812,89.357,80.29
2024-10-15,21317948,4.024,11.124,6.275,57.557,86.024,76.52
2024-10-15,21317949,3.703,10.995,5.995,57.227,91.731,77.58
2024-10-15,21317950,3.703,10.394,6.206,59.371,86.22,76.205
2024-10-15,21317953,4.067,11.016,6.191,57.465,87.176,77.048
2024-10-15,21317959,4.217,11.038,6.372,55.955,81.772,74.14
2024-10-15,21317960,4.153,10.587,5.971,58.422,85.643,76.761
2024-10-16,21317937,5.097,11.853,8.021,50.517,84.248,67.173
2024-10-16,21317939,4.668,11.317,7.329,46.273,83.262,66.26
2024-10-16,21317940,4.882,10.931,7.279,46.891,80.513,64.844
2024-10-16,21317941,4.539,11.209,7.556,45.803,83.157,64.37
2024-10-16,21317942,4.389,10.18,6.844,55.712,88.615,72.048
2024-10-16,21317943,2.78,11.681,6.754,50.539,87.671,69.7
2024-10-16,21317947,4.368,11.746,7.195,51.466,87.173,69.7
2024-10-16,21317948,4.625,11.96,7.606,47.158,83.983,65.6
2024-10-16,21317949,4.389,12.132,7.565,47.561,84.013,66.92
2024-10-16,21317950,4.775,10.974,7.361,46.975,83.049,66.16
2024-10-16,21317953,4.518,11.167,7.285,45.417,85.272,66.25
2024-10-16,21317959,4.711,11.831,7.643,47.427,81.794,63.96
2024-10-16,21317960,4.475,11.188,7.324,48.818,83.021,66.132
2024-10-17,21317937,3.231,14.041,9.501,47.202,91.347,66.353
2024-10-17,21317939,2.738,14.083,8.456,41.93,88.682,68.124
2024-10-17,21317940,2.695,13.569,8.172,41.164,86.485,64.951
2024-10-17,21317941,2.716,14.148,8.489,41.215,85.139,64.754
2024-10-17,21317942,2.201,13.183,7.985,44.691,89.828,69.304
2024-10-17,21317943,0.829,13.676,6.775,45.811,93.063,74.05
2024-10-17,21317947,1.901,14.277,8.299,39.957,91.392,67.981
2024-10-17,21317948,1.258,14.427,8.647,40.661,90.307,65.011
2024-10-17,21317949,1.665,14.191,8.156,42.626,90.239,67.048
2024-10-17,21317950,2.416,13.547,7.973,41.825,87.089,66.757
2024-10-17,21317953,2.223,13.912,8.312,42.437,89.424,66.12
2024-10-17,21317959,2.48,14.62,8.734,40.008,84.413,63.587
2024-10-17,21317960,2.48,14.341,8.18,39.924,85.29,65.65
2024-10-18,21317937,5.333,17.966,12.026,42.704,92.03,65.209
2024-10-18,21317939,4.689,17.451,10.544,41.23,89.731,67.442
2024-10-18,21317940,4.646,17.043,10.755,42.309,87.03,63.785
2024-10-18,21317941,5.762,17.923,11.357,38.367,83.342,61.036
2024-10-18,21317942,4.325,16.636,10.109,41.743,89.943,68.703
2024-10-18,21317943,2.973,17.301,9.294,39.928,92.72,70.681
2024-10-18,21317947,5.161,17.558,11.074,44.071,87.114,65.665
2024-10-18,21317948,3.51,18.201,11.226,40.328,91.997,63.088
2024-10-18,21317949,4.711,17.751,11.178,41.581,86.047,62.226
2024-10-18,21317950,5.118,16.786,10.431,45.335,85.629,65.462
2024-10-18,21317953,4.947,17.601,10.988,39.083,87.767,63.285
2024-10-18,21317959,4.646,18.287,11.429,38.157,85.109,61.329
2024-10-18,21317960,5.183,18.03,11.073,39.44,83.021,61.595
2024-10-19,21317937,9.086,19.102,13.809,45.531,85.576,65.87
2024-10-19,21317939,6.126,19.081,12.248,38.404,92.264,69.784
2024-10-19,21317940,7.606,18.673,12.7,40.505,87.414,64.779
2024-10-19,21317941,7.713,19.317,13.119,45.441,85.31,64.999
2024-10-19,21317942,8.014,18.116,12.764,46.709,84.846,67.59
2024-10-19,21317943,6.105,19.231,11.807,49.877,91.151,71.439
2024-10-19,21317947,7.628,19.21,12.873,46.787,89.746,67.762
2024-10-19,21317948,8.185,18.974,13.515,44.36,83.754,64.013
2024-10-19,21317949,7.349,19.231,12.921,46.932,86.596,65.809
2024-10-19,21317950,7.306,18.416,12.526,44.643,88.115,66.965
2024-10-19,21317953,7.563,18.523,12.99,46.448,87.118,65.452
2024-10-19,21317959,8.207,19.703,13.484,44.036,81.532,63.432
2024-10-19,21317960,7.671,19.36,12.935,45.391,84.266,64.837
2024-10-20,21317937,9.923,20.775,15.473,44.324,77.517,61.007
2024-10-20,21317939,7.799,20.882,14.685,38.607,85.937,61.335
2024-10-20,21317940,9.644,20.346,14.665,39.12,76.214,58.418
2024-10-20,21317941,9.708,20.861,15.03,41.453,75.595,60.758
2024-10-20,21317942,9.88,20.025,14.858,43.793,76.835,60.982
2024-10-20,21317943,7.821,20.604,14.64,44.643,82.658,61.977
2024-10-20,21317947,9.279,20.368,14.757,44.41,80.078,62.037
2024-10-20,21317948,9.837,20.84,15.356,42.812,75.306,59.33
2024-10-20,21317949,9.086,20.754,14.948,43.761,75.856,61.755
2024-10-20,21317950,8.679,20.132,14.463,44.59,80.499,61.237
2024-10-20,21317953,9.386,20.303,14.958,43.819,77.762,60.482
2024-10-20,21317959,9.837,20.99,15.348,42.983,73.576,58.774
2024-10-20,21317960,9.644,21.033,14.904,41.917,73.443,59.803
2024-10-21,21317937,15.928,23.113,18.994,51.177,67.318,60.283
2024-10-21,21317939,15.285,23.049,18.426,48.969,70.674,61.77
2024-10-21,21317940,15.199,23.006,18.351,49.313,68.518,60.265
2024-10-21,21317941,15.07,23.778,18.733,48.612,72.988,60.203
2024-10-21,21317942,15.049,22.899,18.49,49.963,70.594,60.518
2024-10-21,21317943,14.041,23.435,18.128,49.747,78.405,61.808
2024-10-21,21317947,14.663,23.735,18.4,48.994,72.757,61.581
2024-10-21,21317948,15.306,23.714,19.115,48.013,71.099,58.292
2024-10-21,21317949,14.748,23.864,18.615,49.433,75.7,62.06
2024-10-21,21317950,14.62,23.049,18.315,49.061,71.548,60.977
2024-10-21,21317953,14.92,23.456,18.695,48.287,71.725,59.494
2024-10-21,21317959,15.456,23.928,19.096,47.364,68.495,58.055
2024-10-21,21317960,14.963,24.078,18.61,46.732,72.537,60.24
2024-10-22,21317937,11.596,23.328,16.405,53.185,83.41,70.036
2024-10-22,21317939,12.089,23.864,16.361,45.751,85.589,67.48
2024-10-22,21317940,11.853,22.062,16.965,49.451,80.008,63.796
2024-10-22,21317941,11.617,22.598,16.603,53.68,81.392,68.373
2024-10-22,21317942,11.488,20.475,15.442,57.301,86.535,70.635
2024-10-22,21317943,11.36,21.655,15.188,53.072,90.524,71.975
2024-10-22,21317947,11.681,22.277,16.7,53.233,84.54,68.709
2024-10-22,21317948,11.317,22.706,15.869,52.097,87.649,70.49
2024-10-22,21317949,11.424,22.856,16.473,55.213,82.65,69.371
2024-10-22,21317950,12.067,21.869,16.329,51.64,79.922,66.558
2024-10-22,21317953,11.939,21.869,16.003,51.56,84.759,68.659
2024-10-22,21317959,11.274,23.027,16.071,52.409,82.361,68.914
2024-10-22,21317960,11.596,22.834,16.029,50.825,81.477,67.509
2024-10-23,21317937,14.727,24.057,18.733,39.188,83.488,64.924
2024-10-23,21317939,12.84,24.85,18.279,34.992,87.59,64.674
2024-10-23,21317940,14.748,23.992,19.475,38.373,69.94,56.95
2024-10-23,21317941,14.384,24.314,19.348,37.987,81.578,59.893
2024-10-23,21317942,14.534,24.143,18.868,38.917,84.051,62.228
2024-10-23,21317943,12.389,24.357,18.021,40.127,90.701,65.788
2024-10-23,21317947,14.234,24.85,19.995,40.51,72.052,58.003
2024-10-23,21317948,14.748,24.185,19.142,38.422,80.673,61.694
2024-10-23,21317949,12.797,24.958,19.161,40.4,86.047,61.082
2024-10-23,21317950,14.427,24.035,19.723,36.938,71.516,56.688
2024-10-23,21317953,14.62,24.807,19.413,37.925,77.972,59.649
2024-10-23,21317959,14.899,24.314,19.129,38.955,78.146,61.027
2024-10-23,21317960,14.277,23.928,19.266,39.571,80.513,58.722
2024-10-24,21317937,6.92,15.156,10.508,45.083,74.742,63.505
2024-10-24,21317939,7.134,15.027,10.467,45.158,73.469,62.04
2024-10-24,21317940,6.727,14.555,9.986,45.396,73.103,61.777
2024-10-24,21317941,6.448,14.298,9.91,43.697,76.194,63.78
2024-10-24,21317942,6.405,14.448,9.556,46.882,77.284,64.328
2024-10-24,21317943,4.003,14.362,9.423,43.728,85.333,65.078
2024-10-24,21317947,6.212,14.062,9.87,44.164,78.764,64.456
2024-10-24,21317948,6.469,14.663,10.302,42.309,75.647,62.029
2024-10-24,21317949,5.676,14.019,10.197,45.628,78.827,63.838
2024-10-24,21317950,6.641,14.255,9.782,45.771,74.728,63.577
2024-10-24,21317953,6.62,14.491,9.875,44.46,75.229,63.284
2024-10-24,21317959,6.512,14.748,10.231,42.901,73.703,61.521
2024-10-24,21317960,6.169,14.191,9.772,44.099,76.626,63.453
2024-10-25,21317937,3.896,10.995,8.174,49.711,76.21,61.981
2024-10-25,21317939,4.196,11.917,8.12,45.875,74.128,59.793
2024-10-25,21317940,3.231,11.874,7.639,45.299,74.376,60.423
2024-10-25,21317941,2.823,11.617,7.751,45.492,77.256,61.128
2024-10-25,21317942,2.888,10.802,7.076,48.6,78.187,63.726
2024-10-25,21317943,0.657,12.818,6.392,44.529,87.085,67.143
2024-10-25,21317947,2.738,11.81,7.702,45.806,80.31,61.854
2024-10-25,21317948,2.394,12.346,7.878,42.359,78.84,60.051
2024-10-25,21317949,1.858,11.681,7.755,47.454,82.44,62.518
2024-10-25,21317950,3.317,11.038,7.47,47.657,75.129,61.831
2024-10-25,21317953,2.502,11.767,7.53,44.022,79.377,61.536
2024-10-25,21317959,3.124,12.239,7.9,44.085,75.413,60.027
2024-10-25,21317960,2.073,12.089,7.276,44.43,79.806,61.959
2024-10-26,21317937,4.368,12.582,9.076,35.381,79.152,62.084
2024-10-26,21317939,4.217,12.132,8.671,30.837,79.765,59.222
2024-10-26,21317940,4.132,11.488,8.393,33.133,80.014,59.834
2024-10-26,21317941,3.681,11.553,8.487,33.034,81.231,60.488
2024-10-26,21317942,3.595,11.209,8.267,33.93,81.41,61.687
2024-10-26,21317943,3.402,12.496,8.445,31.71,82.969,61.078
2024-10-26,21317947,3.36,12.368,8.465,33.442,83.951,62.924
2024-10-26,21317948,3.831,12.604,8.865,32.374,80.117,59.389
2024-10-26,21317949,3.402,12.26,8.647,34.429,86.97,62.524
2024-10-26,21317950,3.853,11.338,8.379,33.376,81.106,61.178
2024-10-26,21317953,3.746,11.445,8.434,33.152,82.513,60.823
2024-10-26,21317959,4.11,11.789,8.779,33.674,78.329,58.894
2024-10-26,21317960,3.467,12.732,8.456,32.151,79.158,60.847
2024-10-27,21317937,1.88,9.0,5.058,29.535,69.163,51.769
2024-10-27,21317939,1.15,7.971,4.691,24.662,69.212,50.028
2024-10-27,21317940,1.279,8.014,4.262,24.781,68.284,50.421
2024-10-27,21317941,1.322,8.378,4.363,24.9,67.524,50.458
2024-10-27,21317942,0.185,8.207,4.249,25.502,66.343,51.436
2024-10-27,21317943,-1.96,9.815,4.09,25.055,66.264,52.021
2024-10-27,21317947,0.636,8.743,4.15,27.642,69.136,52.343
2024-10-27,21317948,-0.029,8.85,4.468,25.049,65.298,49.851
2024-10-27,21317949,-0.051,9.193,4.286,27.646,68.557,52.387
2024-10-27,21317950,1.451,8.335,4.458,25.466,66.989,50.731
2024-10-27,21317953,-0.394,8.421,4.32,24.881,66.461,50.48
2024-10-27,21317959,0.057,8.915,4.504,25.026,64.24,49.889
2024-10-27,21317960,-0.673,9.0,4.251,26.41,67.28,51.277
2024-10-28,21317937,-0.051,6.963,3.26,19.649,54.849,39.969
2024-10-28,21317939,-2.303,8.786,2.73,15.171,63.153,40.329
2024-10-28,21317940,-2.11,7.671,2.63,20.385,68.402,41.598
2024-10-28,21317941,-2.174,8.057,2.547,19.567,62.08,41.161
2024-10-28,21317942,-3.311,6.169,1.693,23.929,73.645,44.803
2024-10-28,21317943,-5.649,8.636,-0.042,20.041,78.814,52.879
2024-10-28,21317947,-3.032,7.692,2.293,21.105,69.067,43.273
2024-10-28,21317948,-3.568,7.327,2.002,21.814,67.387,44.149
2024-10-28,21317949,-3.911,8.486,2.307,20.363,74.034,44.904
2024-10-28,21317950,-2.539,6.341,1.947,21.704,71.914,44.295
2024-10-28,21317953,-3.504,7.52,1.659,22.771,72.384,45.744
2024-10-28,21317959,-1.874,7.778,2.341,20.377,59.875,43.181
2024-10-28,21317960,-3.375,7.842,1.748,19.606,73.956,45.728
2024-10-29,21317937,1.386,12.175,7.207,40.195,90.848,61.418
2024-10-29,21317939,1.88,12.646,7.568,39.138,90.014,60.069
2024-10-29,21317940,2.287,12.046,7.603,29.741,88.696,58.477
2024-10-29,21317941,1.301,12.411,6.681,40.104,89.703,62.302
2024-10-29,21317942,0.657,12.196,6.609,43.88,90.578,62.387
2024-10-29,21317943,-1.209,12.84,6.386,48.063,90.22,64.234
2024-10-29,21317947,1.644,12.089,6.959,34.984,90.863,60.431
2024-10-29,21317948,1.086,12.711,6.91,39.985,90.735,61.327
2024-10-29,21317949,1.343,12.882,6.939,40.024,94.337,62.09
2024-10-29,21317950,1.965,12.089,7.069,32.58,88.884,59.029
2024-10-29,21317953,1.258,12.175,6.974,39.786,93.468,61.219
2024-10-29,21317959,0.528,12.797,6.852,45.103,86.989,61.486
2024-10-29,21317960,0.271,12.582,6.614,41.871,89.242,62.026
2024-10-30,21317937,10.287,20.046,14.929,69.052,90.813,80.685
2024-10-30,21317939,9.858,21.183,15.419,63.436,90.935,78.686
2024-10-30,21317940,9.751,22.384,15.612,57.017,89.261,76.738
2024-10-30,21317941,9.858,20.754,15.444,66.265,90.994,78.544
2024-10-30,21317942,9.815,20.904,15.141,65.949,91.856,80.044
2024-10-30,21317943,9.687,20.925,15.136,63.958,91.534,79.583
2024-10-30,21317947,9.665,21.269,15.752,64.767,92.134,78.9
2024-10-30,21317948,10.094,20.861,15.445,64.442,90.468,78.36
2024-10-30,21317949,9.322,22.427,15.888,57.348,95.125,77.833
2024-10-30,21317950,9.858,22.019,15.673,59.413,90.014,77.767
2024-10-30,21317953,9.88,20.582,15.257,67.646,92.58,80.06
2024-10-30,21317959,10.094,20.882,15.435,63.508,88.679,76.84
2024-10-30,21317960,9.73,20.925,15.597,65.055,90.417,77.5
2024-10-31,21317937,19.274,24.915,21.612,50.518,70.686,60.076
2024-10-31,21317939,19.081,25.537,21.663,43.047,69.397,57.695
2024-10-31,21317940,19.059,24.979,21.404,44.314,69.433,56.31
2024-10-31,21317941,19.252,25.215,21.742,47.291,70.301,59.08
2024-10-31,21317942,19.553,24.893,21.744,49.273,69.616,58.986
2024-10-31,21317943,18.287,25.644,21.518,47.843,75.212,60.163
2024-10-31,21317947,18.845,24.936,21.452,49.273,72.284,60.502
2024-10-31,21317948,19.574,25.344,21.962,48.165,69.262,58.45
2024-10-31,21317949,19.145,25.129,21.811,48.585,69.862,59.234
2024-10-31,21317950,18.802,24.314,21.194,47.803,71.53,60.01
2024-10-31,21317953,19.081,25.236,21.707,47.884,70.816,58.982
2024-10-31,21317959,19.703,25.601,21.966,48.344,68.122,58.1
2024-10-31,21317960,19.295,25.279,21.691,46.824,68.687,58.158
2024-11-01,21317937,5.011,22.405,14.521,53.68,84.036,69.056
2024-11-01,21317939,5.204,22.899,14.626,48.511,84.132,65.351
2024-11-01,21317940,4.754,21.933,14.136,50.211,83.514,65.448
2024-11-01,21317941,4.432,21.633,14.026,50.127,85.512,69.528
2024-11-01,21317942,4.453,21.933,14.121,54.148,85.292,68.789
2024-11-01,21317943,4.217,21.376,13.981,53.324,85.327,68.676
2024-11-01,21317947,4.518,21.612,14.101,52.865,85.809,69.624
2024-11-01,21317948,4.646,22.041,14.338,52.476,84.416,67.9
2024-11-01,21317949,4.496,21.783,14.181,50.306,88.927,69.247
2024-11-01,21317950,4.839,21.462,14.233,50.408,84.436,67.917
2024-11-01,21317953,4.582,21.655,14.131,50.411,86.354,69.315
2024-11-01,21317959,4.689,22.062,14.32,52.151,82.403,66.929
2024-11-01,21317960,4.453,21.698,14.05,49.241,84.585,66.69
2024-11-02,21317937,1.794,5.89,4.092,51.862,67.092,60.882
2024-11-02,21317939,1.601,5.955,4.153,44.918,63.865,55.987
2024-11-02,21317940,1.837,5.011,3.812,47.514,62.095,55.615
2024-11-02,21317941,1.065,4.561,3.559,53.002,68.646,60.933
2024-11-02,21317942,0.764,4.882,3.555,52.537,67.541,60.45
2024-11-02,21317943,-0.136,5.526,3.494,50.462,70.283,59.908
2024-11-02,21317947,0.786,5.805,3.63,52.042,68.133,61.374
2024-11-02,21317948,0.636,5.14,3.772,51.73,68.165,58.934
2024-11-02,21317949,0.443,5.333,3.719,53.812,71.621,62.39
2024-11-02,21317950,1.644,5.14,3.919,50.677,65.229,59.244
2024-11-02,21317953,1.129,4.775,3.647,52.329,67.364,60.036
2024-11-02,21317959,1.279,4.968,3.784,51.685,65.394,59.344
2024-11-02,21317960,0.464,4.818,3.528,49.042,66.462,57.315
2024-11-03,21317937,-0.844,6.898,2.792,43.734,73.098,63.517
2024-11-03,21317939,-1.423,6.469,2.36,47.491,74.009,62.953
2024-11-03,21317940,-1.23,6.212,2.396,46.654,71.427,59.296
2024-11-03,21317941,-1.531,6.448,2.178,42.904,75.29,63.092
2024-11-03,21317942,-2.024,6.019,1.413,43.908,75.457,64.466
2024-11-03,21317943,-3.976,7.006,0.606,43.67,83.754,68.152
2024-11-03,21317947,-1.938,6.555,2.063,44.764,79.506,64.78
2024-11-03,21317948,-2.946,7.263,1.902,41.654,79.055,63.392
2024-11-03,21317949,-3.204,6.834,2.028,43.705,80.8,64.399
2024-11-03,21317950,-1.295,5.397,2.026,46.764,74.253,64.122
2024-11-03,21317953,-2.56,5.762,1.587,44.762,80.699,64.661
2024-11-03,21317959,-1.96,7.113,2.147,41.75,74.037,61.665
2024-11-03,21317960,-3.032,6.898,1.423,42.799,80.957,64.175
2024-11-04,21317937,1.472,9.108,5.239,51.099,89.16,68.071
2024-11-04,21317939,1.622,8.807,5.415,50.297,86.629,68.499
2024-11-04,21317940,2.673,8.507,5.375,47.61,83.322,63.606
2024-11-04,21317941,1.772,8.421,4.699,56.986,86.494,71.046
2024-11-04,21317942,1.0,8.507,4.65,56.582,89.195,70.649
2024-11-04,21317943,-0.501,7.864,4.137,54.945,88.83,72.829
2024-11-04,21317947,2.63,8.271,5.151,53.233,92.226,67.992
2024-11-04,21317948,1.751,9.022,4.979,52.641,86.732,69.227
2024-11-04,21317949,2.051,8.486,4.866,57.328,94.081,72.094
2024-11-04,21317950,2.137,8.464,5.289,54.18,85.191,67.68
2024-11-04,21317953,1.322,8.443,4.9,53.814,88.762,70.222
2024-11-04,21317959,1.901,8.979,4.966,53.538,84.202,68.54
2024-11-04,21317960,1.215,8.314,4.725,56.687,86.719,70.086
2024-11-05,21317937,8.057,16.679,12.738,72.792,86.751,79.712
2024-11-05,21317939,7.52,18.952,12.803,64.681,87.936,78.736
2024-11-05,21317940,7.349,17.644,12.927,69.084,86.38,76.658
2024-11-05,21317941,7.456,19.467,12.808,63.258,89.136,78.932
2024-11-05,21317942,7.542,17.966,12.624,68.124,89.731,79.736
2024-11-05,21317943,7.113,18.48,12.268,67.781,90.913,81.573
2024-11-05,21317947,7.392,19.059,13.487,65.554,88.65,77.303
2024-11-05,21317948,7.821,17.172,12.986,70.024,88.437,78.221
2024-11-05,21317949,6.813,18.437,12.907,65.51,92.831,79.154
2024-11-05,21317950,7.478,17.773,13.085,69.369,87.73,77.827
2024-11-05,21317953,7.392,17.601,12.803,69.749,89.989,79.71
2024-11-05,21317959,7.842,17.322,12.941,68.022,86.505,76.783
2024-11-05,21317960,7.392,19.059,12.825,63.384,89.659,78.003
2024-11-06,21317937,12.025,21.955,17.884,53.172,83.281,68.186
2024-11-06,21317939,12.475,21.933,17.711,45.522,88.559,66.275
2024-11-06,21317940,12.26,21.633,18.697,46.04,72.622,61.597
2024-11-06,21317941,11.724,21.869,18.491,51.351,78.013,64.853
2024-11-06,21317942,11.66,22.255,18.413,51.702,79.939,65.117
2024-11-06,21317943,11.724,22.298,18.016,51.029,84.196,66.187
2024-11-06,21317947,12.067,22.041,18.6,51.987,74.655,65.42
2024-11-06,21317948,11.81,22.491,18.145,49.305,79.898,66.116
2024-11-06,21317949,11.767,22.47,18.462,49.555,76.519,65.162
2024-11-06,21317950,12.389,21.848,18.358,49.134,76.876,64.831
2024-11-06,21317953,11.81,22.641,18.629,49.104,75.83,64.404
2024-11-06,21317959,11.703,22.641,18.153,49.227,77.082,65.075
2024-11-06,21317960,11.681,22.212,18.444,47.761,73.581,62.671
2024-11-07,21317937,5.976,12.025,9.324,52.409,91.846,70.248
2024-11-07,21317939,6.234,12.346,9.297,45.968,91.453,67.144
2024-11-07,21317940,6.276,12.046,9.154,47.378,89.799,65.34
2024-11-07,21317941,5.955,11.553,9.049,51.034,91.865,68.078
2024-11-07,21317942,5.933,11.553,8.928,51.603,91.571,69.575
2024-11-07,21317943,6.019,11.896,9.068,49.158,90.057,68.029
2024-11-07,21317947,5.933,11.767,9.063,51.135,92.308,69.752
2024-11-07,21317948,6.041,11.746,9.218,50.523,91.196,68.326
2024-11-07,21317949,5.933,11.703,9.234,51.832,92.77,69.05
2024-11-07,21317950,6.341,12.282,9.189,49.722,90.028,67.701
2024-11-07,21317953,6.083,11.767,9.15,48.85,91.461,68.139
2024-11-07,21317959,6.041,11.746,9.262,49.232,90.17,67.438
2024-11-07,21317960,6.062,11.831,9.083,47.234,89.348,66.869
2024-11-08,21317937,5.268,12.818,9.279,47.524,83.972,66.296
2024-11-08,21317939,5.075,12.196,9.028,45.986,85.176,65.781
2024-11-08,21317940,5.054,11.638,8.727,42.464,82.687,63.033
2024-11-08,21317941,4.646,11.896,8.674,45.185,79.808,65.945
2024-11-08,21317942,4.711,12.368,8.746,46.31,81.062,65.325
2024-11-08,21317943,4.625,12.689,8.712,47.129,80.957,64.901
2024-11-08,21317947,4.561,12.239,8.54,48.046,85.945,67.46
2024-11-08,21317948,4.797,12.625,8.955,43.343,81.747,64.769
2024-11-08,21317949,4.539,12.518,8.649,48.069,92.12,67.402
2024-11-08,21317950,4.99,12.282,8.77,40.534,82.344,65.237
2024-11-08,21317953,4.754,12.518,8.786,45.147,80.008,65.425
2024-11-08,21317959,4.968,12.754,9.016,44.671,79.03,63.483
2024-11-08,21317960,4.496,12.175,8.634,47.257,80.786,64.139
2024-11-09,21317937,2.866,9.687,5.901,32.758,68.214,52.619
2024-11-09,21317939,2.502,9.193,5.298,31.215,67.376,51.79
2024-11-09,21317940,2.351,8.743,5.121,31.838,65.884,50.021
2024-11-09,21317941,1.944,8.636,5.146,32.16,69.097,51.535
2024-11-09,21317942,1.965,8.4,4.916,32.284,68.635,52.173
2024-11-09,21317943,0.636,9.687,4.626,29.683,72.247,53.945
2024-11-09,21317947,1.665,9.236,4.98,32.749,68.852,53.487
2024-11-09,21317948,2.008,9.386,5.375,30.231,68.058,50.478
2024-11-09,21317949,1.794,9.386,5.258,33.22,70.706,53.989
2024-11-09,21317950,2.137,7.928,4.982,33.442,66.659,52.399
2024-11-09,21317953,2.094,8.185,4.859,31.138,67.857,51.974
2024-11-09,21317959,2.008,8.915,5.335,31.153,66.192,50.472
2024-11-09,21317960,1.751,9.472,4.913,32.645,66.085,52.346
2024-11-10,21317937,2.802,9.322,6.338,43.798,85.034,62.844
2024-11-10,21317939,0.55,10.223,5.762,38.212,82.087,60.439
2024-11-10,21317940,2.008,9.344,6.021,36.516,76.475,57.496
2024-11-10,21317941,1.687,10.394,6.203,37.368,81.579,61.178
2024-11-10,21317942,1.536,9.644,5.916,36.429,82.992,61.889
2024-11-10,21317943,-1.295,10.845,4.909,37.23,86.281,65.999
2024-11-10,21317947,2.459,10.995,6.504,32.346,80.604,57.137
2024-11-10,21317948,1.365,10.545,6.06,33.01,79.771,61.557
2024-11-10,21317949,1.794,11.36,6.363,31.798,85.423,59.089
2024-11-10,21317950,1.665,9.837,6.047,34.585,77.166,58.577
2024-11-10,21317953,1.601,10.33,6.006,35.717,81.685,61.515
2024-11-10,21317959,1.858,10.33,6.214,33.735,77.606,60.27
2024-11-10,21317960,1.108,10.888,6.097,32.032,82.09,59.458
2024-11-11,21317937,6.684,13.376,10.35,71.855,94.282,83.593
2024-11-11,21317939,6.427,13.376,10.153,70.521,93.104,82.802
2024-11-11,21317940,6.255,13.033,9.852,68.557,92.607,82.593
2024-11-11,21317941,6.491,12.99,9.692,73.851,94.281,85.458
2024-11-11,21317942,6.534,13.161,9.849,73.973,92.932,85.053
2024-11-11,21317943,6.362,13.226,9.585,73.895,94.208,86.005
2024-11-11,21317947,6.234,12.668,9.763,75.306,94.649,85.839
2024-11-11,21317948,6.663,13.376,10.034,72.856,93.092,84.509
2024-11-11,21317949,6.448,12.882,9.47,74.655,95.184,87.3
2024-11-11,21317950,6.469,12.84,9.849,74.531,93.05,84.596
2024-11-11,21317953,6.512,13.161,9.757,75.267,94.871,86.827
2024-11-11,21317959,6.641,13.226,10.019,71.511,91.481,82.975
2024-11-11,21317960,6.62,12.668,9.62,74.27,92.537,85.041
2024-11-12,21317937,1.15,10.201,4.932,41.07,85.716,62.119
2024-11-12,21317939,1.193,10.03,4.85,38.437,86.143,59.616
2024-11-12,21317940,0.872,9.043,4.411,38.291,85.136,59.375
2024-11-12,21317941,0.7,8.421,4.379,41.151,86.157,61.202
2024-11-12,21317942,0.4,8.679,4.178,41.128,87.695,62.472
2024-11-12,21317943,-1.123,8.357,4.044,40.992,87.631,64.336
2024-11-12,21317947,0.593,8.786,4.371,41.321,88.444,62.862
2024-11-12,21317948,0.679,9.258,4.628,38.518,86.925,60.687
2024-11-12,21317949,0.185,8.55,4.39,42.327,93.141,64.02
2024-11-12,21317950,0.829,8.936,4.444,41.308,86.116,60.307
2024-11-12,21317953,1.0,8.722,4.396,40.529,86.903,60.887
2024-11-12,21317959,0.721,9.086,4.563,40.104,84.637,60.803
2024-11-12,21317960,-0.008,8.25,4.154,41.997,86.206,61.94
2024-11-13,21317937,-1.145,3.96,1.064,46.099,69.099,61.082
2024-11-13,21317939,-1.016,4.132,1.104,42.969,68.75,59.16
2024-11-13,21317940,-1.874,3.789,0.76,47.802,68.797,59.876
2024-11-13,21317941,-1.981,3.595,0.661,48.101,71.611,62.081
2024-11-13,21317942,-2.024,3.016,0.337,51.336,70.541,62.332
2024-11-13,21317943,-2.882,4.153,0.026,49.456,74.943,64.037
2024-11-13,21317947,-1.917,3.274,0.624,50.114,71.96,61.355
2024-11-13,21317948,-1.595,3.874,0.885,48.319,69.209,60.272
2024-11-13,21317949,-2.195,3.638,0.683,50.269,74.055,63.507
2024-11-13,21317950,-1.724,2.973,0.598,49.734,70.513,61.16
2024-11-13,21317953,-1.745,3.36,0.805,49.868,70.292,60.767
2024-11-13,21317959,-1.573,4.11,0.818,48.838,67.784,60.826
2024-11-13,21317960,-2.238,3.167,0.352,49.195,72.866,61.426
2024-11-14,21317937,-2.474,4.925,0.874,40.053,72.605,59.307
2024-11-14,21317939,-1.874,4.754,1.235,38.317,70.289,56.75
2024-11-14,21317940,-2.153,4.153,0.938,41.692,68.275,56.75
2024-11-14,21317941,-2.517,4.153,0.8,41.678,74.743,58.853
2024-11-14,21317942,-2.303,3.831,0.675,42.039,72.573,59.354
2024-11-14,21317943,-2.71,4.41,0.711,42.46,74.423,59.409
2024-11-14,21317947,-2.367,4.282,0.81,41.947,71.923,58.239
2024-11-14,21317948,-2.346,4.754,0.895,39.626,71.15,58.831
2024-11-14,21317949,-3.118,4.175,0.747,43.78,76.448,61.162
2024-11-14,21317950,-2.453,4.067,0.852,41.614,73.588,58.302
2024-11-14,21317953,-2.217,4.325,1.043,40.909,74.014,58.389
2024-11-14,21317959,-2.153,4.711,0.945,41.779,69.607,59.12
2024-11-14,21317960,-2.925,4.046,0.649,41.714,72.604,58.213
2024-11-15,21317937,-0.458,11.36,5.026,36.539,81.318,55.785
2024-11-15,21317939,0.014,10.18,4.401,34.984,75.814,56.514
2024-11-15,21317940,-0.094,10.159,4.029,36.658,78.882,55.862
2024-11-15,21317941,-0.565,10.587,4.41,38.528,81.483,55.52
2024-11-15,21317942,-0.458,10.201,4.29,38.758,81.405,56.01
2024-11-15,21317943,-1.638,10.673,3.881,35.895,83.246,57.548
2024-11-15,21317947,-0.587,10.609,4.317,36.541,81.932,56.822
2024-11-15,21317948,0.035,10.952,4.771,36.219,80.22,55.06
2024-11-15,21317949,-1.252,10.781,4.043,40.259,85.681,59.963
2024-11-15,21317950,-0.673,9.601,3.782,39.026,80.645,58.227
2024-11-15,21317953,-0.308,10.201,4.403,37.356,81.35,55.375
2024-11-15,21317959,-0.179,11.209,4.764,36.873,78.553,54.793
2024-11-15,21317960,-1.037,11.317,3.959,37.272,82.132,57.645
2024-11-16,21317937,3.66,16.1,8.826,23.919,62.37,42.128
2024-11-16,21317939,3.274,15.113,7.604,20.706,67.958,46.227
2024-11-16,21317940,2.373,15.499,7.417,21.03,67.611,44.381
2024-11-16,21317941,2.437,16.421,7.948,19.26,66.497,42.707
2024-11-16,21317942,2.309,15.949,7.65,19.136,65.943,43.713
2024-11-16,21317943,1.665,16.529,7.12,22.039,68.023,45.31
2024-11-16,21317947,2.437,15.306,7.376,21.671,66.915,45.444
2024-11-16,21317948,2.78,16.743,7.768,19.397,64.453,42.859
2024-11-16,21317949,1.858,16.593,7.527,20.587,67.401,46.606
2024-11-16,21317950,1.751,15.499,6.927,18.624,69.688,47.249
2024-11-16,21317953,2.158,15.949,7.554,18.889,66.604,43.942
2024-11-16,21317959,2.802,16.593,7.918,19.544,64.343,42.667
2024-11-16,21317960,2.266,16.636,7.355,20.851,66.873,44.74
2024-11-17,21317937,2.351,9.687,6.125,33.225,76.507,57.436
2024-11-17,21317939,0.185,8.164,5.133,44.942,78.978,60.045
2024-11-17,21317940,1.365,8.035,5.183,42.448,71.029,57.177
2024-11-17,21317941,1.558,9.129,5.749,30.617,69.834,52.715
2024-11-17,21317942,0.721,9.236,5.29,31.093,70.806,53.694
2024-11-17,21317943,-1.488,10.201,4.045,34.672,76.661,58.018
2024-11-17,21317947,1.708,9.086,5.253,36.452,69.415,55.726
2024-11-17,21317948,-0.437,10.244,5.148,33.092,71.841,53.32
2024-11-17,21317949,0.55,8.936,5.046,40.153,72.326,58.049
2024-11-17,21317950,0.614,8.764,4.79,39.988,73.745,58.513
2024-11-17,21317953,0.271,9.772,5.222,29.851,72.972,54.03
2024-11-17,21317959,0.185,9.73,5.56,33.918,68.092,51.983
2024-11-17,21317960,0.207,8.786,5.022,33.158,73.433,55.824
2024-11-18,21317937,4.839,11.896,7.857,58.28,88.844,73.931
2024-11-18,21317939,4.153,11.917,7.431,53.132,86.806,73.215
2024-11-18,21317940,5.311,11.596,7.501,53.959,83.583,71.477
2024-11-18,21317941,4.625,11.36,7.285,54.81,84.324,72.308
2024-11-18,21317942,4.153,11.317,7.231,59.463,88.698,74.433
2024-11-18,21317943,2.437,12.325,6.927,55.406,89.064,74.055
2024-11-18,21317947,5.032,11.403,7.357,49.377,87.228,74.57
2024-11-18,21317948,3.831,11.681,7.418,55.9,88.618,74.573
2024-11-18,21317949,3.81,12.668,7.103,52.027,92.058,74.461
2024-11-18,21317950,5.097,11.059,7.416,56.204,84.562,72.664
2024-11-18,21317953,4.518,11.274,7.291,54.652,87.251,73.818
2024-11-18,21317959,4.518,11.36,7.504,58.328,84.965,72.869
2024-11-18,21317960,4.217,11.703,7.098,57.067,85.232,73.477
2024-11-19,21317937,4.303,11.982,7.513,55.613,82.416,71.4
2024-11-19,21317939,3.789,11.381,7.02,52.853,83.775,71.068
2024-11-19,21317940,4.024,10.952,6.881,54.38,81.834,70.504
2024-11-19,21317941,3.167,11.016,6.938,52.961,84.271,69.979
2024-11-19,21317942,3.252,10.437,6.68,58.149,84.211,72.267
2024-11-19,21317943,1.494,12.432,5.95,50.541,89.689,74.044
2024-11-19,21317947,2.931,11.403,6.679,56.66,88.248,74.637
2024-11-19,21317948,3.252,11.553,7.169,56.213,83.795,70.665
2024-11-19,21317949,3.081,12.089,7.007,49.722,84.761,69.88
2024-11-19,21317950,3.746,10.416,6.589,56.458,82.614,72.107
2024-11-19,21317953,3.252,10.652,6.771,54.711,85.281,71.49
2024-11-19,21317959,3.445,11.681,7.155,55.787,81.428,69.786
2024-11-19,21317960,2.738,11.338,6.533,54.382,84.82,71.557
2024-11-20,21317937,3.424,8.142,5.987,70.713,84.747,77.759
2024-11-20,21317939,3.746,8.078,6.011,69.574,83.789,76.699
2024-11-20,21317940,4.003,7.735,5.946,69.442,82.956,76.065
2024-11-20,21317941,3.96,7.821,5.772,70.188,84.848,78.373
2024-11-20,21317942,3.831,7.864,5.779,70.169,85.039,78.497
2024-11-20,21317943,2.073,8.035,5.627,68.971,89.841,78.592
2024-11-20,21317947,3.789,7.735,5.713,72.738,86.467,80.013
2024-11-20,21317948,4.024,8.357,6.043,68.788,84.61,77.761
2024-11-20,21317949,3.767,7.992,5.818,68.713,84.343,77.818
2024-11-20,21317950,3.917,7.949,5.941,69.03,83.79,77.023
2024-11-20,21317953,4.303,8.293,6.083,69.816,84.851,77.78
2024-11-20,21317959,3.874,8.464,5.943,66.831,83.345,76.799
2024-11-20,21317960,3.724,7.885,5.74,69.848,83.267,77.666
2024-11-21,21317937,4.775,8.443,6.817,71.159,87.675,79.508
2024-11-21,21317939,5.29,8.293,6.898,71.823,87.329,78.592
2024-11-21,21317940,5.311,7.928,6.799,72.723,87.137,78.116
2024-11-21,21317941,5.011,8.057,6.547,72.215,88.684,80.27
2024-11-21,21317942,5.011,8.142,6.593,72.055,89.618,80.302
2024-11-21,21317943,4.732,8.1,6.552,71.356,87.132,79.494
2024-11-21,21317947,4.904,7.821,6.432,75.732,90.817,82.114
2024-11-21,21317948,4.968,8.443,6.817,71.086,87.512,79.627
2024-11-21,21317949,5.075,8.057,6.625,71.588,90.6,79.558
2024-11-21,21317950,5.183,8.035,6.685,72.718,87.919,79.092
2024-11-21,21317953,5.354,8.443,6.832,71.369,88.949,79.909
2024-11-21,21317959,4.904,8.4,6.73,69.763,86.485,78.595
2024-11-21,21317960,5.097,8.035,6.592,71.415,86.972,79.008
2024-11-22,21317937,5.097,8.55,6.231,74.679,88.518,82.182
2024-11-22,21317939,5.247,8.486,6.247,74.055,89.769,81.463
2024-11-22,21317940,4.947,8.078,5.924,76.352,87.993,82.091
2024-11-22,21317941,4.839,7.478,5.897,77.079,89.337,82.45
2024-11-22,21317942,4.689,7.435,5.861,78.485,89.165,83.762
2024-11-22,21317943,4.818,7.692,5.909,76.638,87.286,81.886
2024-11-22,21317947,4.797,7.456,5.733,80.462,91.266,85.148
2024-11-22,21317948,5.032,7.821,6.099,77.459,87.654,82.841
2024-11-22,21317949,4.904,7.799,5.843,77.542,92.399,84.065
2024-11-22,21317950,5.14,7.37,5.964,77.646,88.44,82.453
2024-11-22,21317953,4.775,7.713,6.044,78.044,89.48,83.548
2024-11-22,21317959,4.904,7.971,6.065,75.338,86.595,81.312
2024-11-22,21317960,4.861,7.392,5.912,77.142,87.274,81.442
2024-11-23,21317937,4.26,7.478,5.726,67.893,84.93,77.001
2024-11-23,21317939,4.282,7.22,5.6,65.527,82.994,75.664
2024-11-23,21317940,3.982,7.456,5.315,65.22,83.221,75.993
2024-11-23,21317941,4.003,7.006,5.326,66.773,84.207,76.328
2024-11-23,21317942,4.11,7.006,5.394,67.514,84.005,76.543
2024-11-23,21317943,4.003,7.349,5.499,65.408,83.23,75.148
2024-11-23,21317947,3.96,6.705,5.225,71.02,85.794,79.066
2024-11-23,21317948,4.282,7.199,5.621,67.092,84.164,75.845
2024-11-23,21317949,3.746,7.756,5.491,64.755,85.104,75.797
2024-11-23,21317950,3.982,6.984,5.435,66.886,83.822,75.938
2024-11-23,21317953,4.153,7.091,5.401,67.904,84.645,76.878
2024-11-23,21317959,4.196,7.306,5.578,65.193,82.531,74.194
2024-11-23,21317960,3.939,7.134,5.362,66.719,83.363,75.609
2024-11-24,21317937,1.408,5.933,3.777,54.208,80.751,67.91
2024-11-24,21317939,1.022,5.762,3.458,47.716,81.808,64.272
2024-11-24,21317940,0.979,5.569,3.192,48.179,81.486,64.839
2024-11-24,21317941,1.086,5.29,3.236,51.579,81.752,65.256
2024-11-24,21317942,1.043,5.397,3.283,55.087,81.616,67.143
2024-11-24,21317943,0.957,5.419,3.335,51.287,80.269,65.83
2024-11-24,21317947,0.636,5.268,3.079,54.44,83.981,69.134
2024-11-24,21317948,1.322,5.633,3.506,54.441,80.586,66.171
2024-11-24,21317949,0.872,5.397,3.308,50.431,81.733,65.789
2024-11-24,21317950,1.022,5.547,3.372,48.498,80.864,65.461
2024-11-24,21317953,1.15,5.419,3.308,50.564,82.133,66.297
2024-11-24,21317959,1.279,5.633,3.51,54.725,78.924,65.483
2024-11-24,21317960,0.979,5.311,3.238,51.02,80.713,64.776
2024-11-25,21317937,-0.244,4.496,1.835,66.044,79.092,72.442
2024-11-25,21317939,-0.63,4.453,1.434,61.646,80.188,70.286
2024-11-25,21317940,-1.273,3.853,1.262,63.146,77.147,69.601
2024-11-25,21317941,-0.394,4.99,1.596,58.95,76.97,68.864
2024-11-25,21317942,-0.93,4.153,1.289,62.223,81.959,71.261
2024-11-25,21317943,-2.26,5.118,1.144,62.473,85.599,71.562
2024-11-25,21317947,-1.423,4.325,1.062,65.156,81.936,74.345
2024-11-25,21317948,-1.209,4.882,1.333,63.496,84.15,72.204
2024-11-25,21317949,-0.608,5.054,1.416,65.655,82.376,73.195
2024-11-25,21317950,-1.016,4.325,1.484,65.261,78.099,72.056
2024-11-25,21317953,-0.887,4.496,1.229,65.193,82.051,73.123
2024-11-25,21317959,-0.673,5.376,1.571,61.614,79.24,69.942
2024-11-25,21317960,-0.844,4.839,1.325,63.018,81.592,70.876
2024-11-26,21317937,-1.037,4.904,1.7,78.915,92.186,85.609
2024-11-26,21317939,-0.737,4.518,1.723,77.879,92.195,86.027
2024-11-26,21317940,0.335,4.775,2.077,70.056,91.379,82.518
2024-11-26,21317941,-1.187,3.746,1.007,76.576,93.715,86.416
2024-11-26,21317942,-1.38,4.368,0.973,81.129,93.243,87.464
2024-11-26,21317943,-3.01,3.553,0.525,80.722,93.207,87.751
2024-11-26,21317947,-0.501,4.26,1.364,80.406,94.899,88.045
2024-11-26,21317948,-1.659,4.132,1.114,82.119,92.729,86.856
2024-11-26,21317949,-1.187,3.703,0.94,80.529,94.69,88.326
2024-11-26,21317950,0.014,3.982,1.534,77.421,91.55,85.201
2024-11-26,21317953,-1.059,3.767,1.136,80.526,93.5,87.695
2024-11-26,21317959,-1.295,4.153,1.121,79.133,91.513,85.01
2024-11-26,21317960,-1.38,3.746,0.977,79.696,91.595,85.812
2024-11-27,21317937,2.973,5.783,4.517,57.543,85.515,66.575
2024-11-27,21317939,2.716,5.976,4.266,52.285,85.776,62.48
2024-11-27,21317940,2.201,5.676,4.042,52.898,79.043,62.848
2024-11-27,21317941,2.051,5.676,4.015,53.164,84.118,63.773
2024-11-27,21317942,2.287,5.333,4.125,56.843,82.692,65.545
2024-11-27,21317943,2.158,5.848,4.0,54.601,85.878,64.694
2024-11-27,21317947,2.03,5.161,3.872,58.282,84.324,67.463
2024-11-27,21317948,2.587,5.59,4.323,56.547,82.443,64.787
2024-11-27,21317949,2.201,5.547,4.029,52.569,84.874,63.362
2024-11-27,21317950,2.18,5.504,4.038,53.455,84.266,64.185
2024-11-27,21317953,2.244,5.461,4.047,55.352,86.654,65.657
2024-11-27,21317959,2.502,5.783,4.36,56.245,81.093,64.002
2024-11-27,21317960,2.03,5.547,4.02,52.903,83.516,63.532
2024-11-28,21317937,1.236,3.553,2.474,68.779,91.829,82.583
2024-11-28,21317939,0.486,3.338,2.167,65.779,90.588,81.516
2024-11-28,21317940,0.764,3.102,2.137,63.375,91.041,79.803
2024-11-28,21317941,0.7,3.574,2.031,61.956,92.692,81.486
2024-11-28,21317942,0.7,3.381,2.091,67.84,93.027,82.478
2024-11-28,21317943,-0.608,3.424,1.556,66.014,92.195,83.517
2024-11-28,21317947,0.614,3.338,2.08,62.708,94.629,83.09
2024-11-28,21317948,0.914,3.531,2.229,66.297,92.277,82.206
2024-11-28,21317949,0.593,3.553,1.952,63.093,94.64,82.391
2024-11-28,21317950,0.914,3.338,2.212,63.427,91.209,80.671
2024-11-28,21317953,0.786,3.338,2.165,68.571,93.237,83.224
2024-11-28,21317959,0.979,3.488,2.251,66.091,90.23,80.411
2024-11-28,21317960,0.636,3.595,2.046,62.354,91.751,80.604
2024-11-29,21317937,-0.608,3.638,1.523,68.315,94.043,82.352
2024-11-29,21317939,-1.531,3.467,1.027,66.38,93.86,84.042
2024-11-29,21317940,-0.866,2.952,1.218,67.816,91.687,81.02
2024-11-29,21317941,-0.63,3.102,1.167,70.056,88.54,80.409
2024-11-29,21317942,-1.466,3.016,1.068,69.615,89.982,81.585
2024-11-29,21317943,-3.161,3.081,0.623,70.866,92.354,82.308
2024-11-29,21317947,-0.951,3.574,1.031,70.866,91.722,84.13
2024-11-29,21317948,-1.552,3.402,1.224,69.541,92.18,80.899
2024-11-29,21317949,-1.145,3.016,0.978,70.343,90.559,81.573
2024-11-29,21317950,-1.08,3.381,1.251,70.17,91.247,81.413
2024-11-29,21317953,-1.187,3.188,1.05,71.731,91.16,82.882
2024-11-29,21317959,-0.801,3.724,1.294,67.849,89.256,78.934
2024-11-29,21317960,-0.758,3.016,1.093,69.781,89.36,80.362
2024-11-30,21317937,0.035,2.738,1.183,63.943,82.544,74.803
2024-11-30,21317939,-0.48,2.416,0.728,59.344,83.062,73.696
2024-11-30,21317940,-0.951,2.33,0.658,60.323,83.786,72.819
2024-11-30,21317941,-0.63,2.459,0.527,60.864,80.623,72.61
2024-11-30,21317942,-0.651,1.987,0.658,61.335,81.808,72.828
2024-11-30,21317943,-0.758,2.309,0.538,61.83,80.014,72.36
2024-11-30,21317947,-0.887,1.858,0.489,65.258,85.245,76.011
2024-11-30,21317948,-0.415,2.566,0.85,60.871,80.201,72.131
2024-11-30,21317949,-0.716,2.18,0.538,61.279,81.689,72.609
2024-11-30,21317950,-0.565,2.201,0.703,60.798,82.782,72.585
2024-11-30,21317953,-0.737,2.158,0.549,61.068,82.921,73.81
2024-11-30,21317959,-0.351,2.566,0.873,59.033,78.492,70.254
2024-11-30,21317960,-0.694,1.987,0.562,61.747,80.223,72.111
2024-12-01,21317937,-1.273,1.279,-0.198,66.471,85.475,73.792
2024-12-01,21317939,-1.767,0.571,-0.622,65.35,87.41,72.784
2024-12-01,21317940,-1.895,0.7,-0.686,62.959,84.562,71.723
2024-12-01,21317941,-2.131,0.228,-0.834,63.363,85.177,72.829
2024-12-01,21317942,-2.217,0.486,-0.679,62.464,85.872,72.426
2024-12-01,21317943,-2.346,0.292,-0.758,63.439,84.701,72.121
2024-12-01,21317947,-2.517,0.4,-0.849,66.888,88.399,75.638
2024-12-01,21317948,-2.045,0.657,-0.481,62.475,85.136,71.535
2024-12-01,21317949,-2.26,0.271,-0.831,62.606,89.297,72.984
2024-12-01,21317950,-1.895,0.378,-0.529,63.816,84.454,71.794
2024-12-01,21317953,-2.26,0.271,-0.729,64.012,86.885,73.212
2024-12-01,21317959,-2.346,0.614,-0.474,61.251,84.015,69.871
2024-12-01,21317960,-2.303,0.292,-0.791,62.849,84.839,72.267
2024-12-02,21317937,-3.289,0.443,-1.561,67.9,83.227,76.297
2024-12-02,21317939,-3.847,-0.072,-2.018,67.785,85.18,76.974
2024-12-02,21317940,-4.212,-0.737,-2.275,67.637,84.5,76.795
2024-12-02,21317941,-4.426,0.099,-2.251,63.986,85.809,76.712
2024-12-02,21317942,-4.233,-0.201,-2.249,66.314,86.325,77.379
2024-12-02,21317943,-4.469,0.507,-2.181,62.95,84.715,75.815
2024-12-02,21317947,-4.297,-0.673,-2.441,71.8,88.917,80.736
2024-12-02,21317948,-4.104,0.185,-1.994,64.819,85.08,76.085
2024-12-02,21317949,-4.362,-0.029,-2.222,63.989,86.361,76.765
2024-12-02,21317950,-3.89,-0.265,-2.059,67.369,84.843,76.974
2024-12-02,21317953,-4.233,0.7,-2.161,65.103,87.544,77.574
2024-12-02,21317959,-3.976,0.55,-2.005,61.34,83.51,74.247
2024-12-02,21317960,-4.469,0.271,-2.226,64.808,85.109,76.233
2024-12-03,21317937,-2.732,0.657,-1.17,58.317,84.633,72.803
2024-12-03,21317939,-3.461,0.335,-1.462,51.473,83.786,70.794
2024-12-03,21317940,-3.718,0.057,-1.769,54.478,85.681,71.593
2024-12-03,21317941,-4.019,0.014,-1.967,56.098,85.286,73.634
2024-12-03,21317942,-4.061,0.078,-1.85,58.482,85.292,74.724
2024-12-03,21317943,-4.383,0.7,-1.836,55.247,84.408,72.679
2024-12-03,21317947,-3.933,0.035,-2.023,59.037,88.698,76.765
2024-12-03,21317948,-3.783,0.378,-1.625,55.433,87.297,73.353
2024-12-03,21317949,-4.19,0.7,-1.804,53.011,86.111,73.55
2024-12-03,21317950,-3.504,0.335,-1.688,51.785,85.895,71.978
2024-12-03,21317953,-4.019,0.185,-1.803,54.958,86.352,73.785
2024-12-03,21317959,-3.697,0.464,-1.589,58.198,84.93,72.283
2024-12-03,21317960,-4.061,0.207,-1.876,56.239,84.544,72.905
2024-12-04,21317937,-4.083,0.185,-1.617,65.226,94.456,80.63
2024-12-04,21317939,-5.563,-0.158,-2.146,61.312,87.617,76.03
2024-12-04,21317940,-4.984,-0.201,-2.478,60.204,88.486,74.806
2024-12-04,21317941,-5.22,-0.094,-2.348,61.073,91.334,78.159
2024-12-04,21317942,-5.434,0.014,-2.262,61.518,91.525,79.145
2024-12-04,21317943,-7.579,0.035,-2.746,62.324,90.024,79.788
2024-12-04,21317947,-4.855,-0.523,-2.454,64.511,94.958,79.912
2024-12-04,21317948,-5.906,0.099,-2.295,63.568,92.514,79.87
2024-12-04,21317949,-5.498,-0.051,-2.331,60.914,92.74,78.671
2024-12-04,21317950,-4.984,-0.115,-2.187,59.069,88.412,74.739
2024-12-04,21317953,-5.348,-0.072,-2.396,62.242,95.389,81.334
2024-12-04,21317959,-5.177,0.099,-2.228,62.246,89.905,77.569
2024-12-04,21317960,-5.091,-0.072,-2.329,59.585,91.705,77.5
2024-12-05,21317937,-0.844,2.437,0.38,67.726,95.496,88.101
2024-12-05,21317939,-1.252,1.494,0.282,68.196,91.073,84.677
2024-12-05,21317940,-1.595,1.129,-0.096,67.836,94.423,86.03
2024-12-05,21317941,-1.359,2.609,0.088,67.565,92.94,85.671
2024-12-05,21317942,-1.123,1.837,0.064,67.501,92.992,87.264
2024-12-05,21317943,-1.509,2.416,0.046,67.401,91.8,85.879
2024-12-05,21317947,-1.552,1.815,-0.103,72.929,97.16,89.456
2024-12-05,21317948,-1.187,2.48,0.154,67.478,94.965,88.097
2024-12-05,21317949,-1.423,1.472,-0.124,70.475,94.716,89.863
2024-12-05,21317950,-1.338,2.051,0.132,67.932,91.356,85.195
2024-12-05,21317953,-1.359,1.322,-0.088,69.143,96.822,91.109
2024-12-05,21317959,-1.252,2.373,0.185,66.291,92.346,85.673
2024-12-05,21317960,-1.359,1.708,-0.012,69.017,91.424,86.28
2024-12-06,21317937,-7.686,-0.694,-5.622,56.216,72.532,65.859
2024-12-06,21317939,-7.557,-1.08,-6.057,51.177,70.498,61.628
2024-12-06,21317940,-7.901,-1.402,-6.356,54.849,70.303,61.845
2024-12-06,21317941,-8.458,-1.338,-6.489,54.82,71.525,62.36
2024-12-06,21317942,-8.48,-1.273,-6.468,59.353,74.17,65.95
2024-12-06,21317943,-8.78,-1.38,-6.477,53.713,70.527,62.413
2024-12-06,21317947,-8.265,-1.745,-6.507,57.847,74.879,67.495
2024-12-06,21317948,-8.351,-0.93,-6.231,56.217,71.077,63.297
2024-12-06,21317949,-8.437,-1.638,-6.355,54.643,73.57,64.557
2024-12-06,21317950,-7.922,-1.552,-6.262,54.455,70.152,62.04
2024-12-06,21317953,-8.308,-1.23,-6.389,54.508,72.523,62.696
2024-12-06,21317959,-8.308,-0.93,-6.167,56.327,69.844,63.365
2024-12-06,21317960,-8.458,-1.573,-6.475,52.372,71.049,62.713
2024-12-07,21317937,-7.6,-3.547,-6.628,51.025,88.014,74.918
2024-12-07,21317939,-7.815,-4.083,-6.471,58.454,88.222,74.215
2024-12-07,21317940,-7.665,-4.212,-6.578,54.62,86.125,73.279
2024-12-07,21317941,-8.287,-4.898,-7.023,54.252,87.681,73.001
2024-12-07,21317942,-8.137,-6.099,-7.162,59.911,88.409,74.619
2024-12-07,21317943,-9.187,-4.984,-7.189,55.094,85.763,72.57
2024-12-07,21317947,-7.922,-3.225,-6.657,52.734,89.467,76.6
2024-12-07,21317948,-7.986,-4.619,-6.844,54.014,87.689,73.351
2024-12-07,21317949,-8.179,-4.297,-6.767,53.043,89.612,73.939
2024-12-07,21317950,-7.708,-4.683,-6.473,56.504,86.087,72.781
2024-12-07,21317953,-8.008,-4.641,-6.974,56.774,89.039,73.756
2024-12-07,21317959,-7.858,-4.147,-6.812,54.574,86.233,71.833
2024-12-07,21317960,-8.415,-5.734,-7.074,56.014,86.279,72.692
2024-12-08,21317937,-6.571,4.475,-0.349,65.107,95.857,82.139
2024-12-08,21317939,-5.606,3.424,-0.519,64.247,94.093,81.296
2024-12-08,21317940,-5.456,3.167,-0.886,64.666,95.091,81.967
2024-12-08,21317941,-7.193,2.845,-1.957,65.597,94.58,81.802
2024-12-08,21317942,-6.721,2.008,-1.661,65.982,93.548,82.043
2024-12-08,21317943,-7.086,2.652,-1.811,65.293,92.235,80.506
2024-12-08,21317947,-5.777,2.244,-1.044,69.963,97.746,85.784
2024-12-08,21317948,-6.742,3.124,-1.453,65.467,95.16,81.837
2024-12-08,21317949,-6.614,0.636,-2.055,68.635,95.134,86.6
2024-12-08,21317950,-6.013,2.116,-1.204,64.237,93.201,81.789
2024-12-08,21317953,-6.506,1.837,-1.694,66.687,96.809,84.996
2024-12-08,21317959,-7.107,2.845,-1.568,63.645,93.768,80.682
2024-12-08,21317960,-7.0,1.965,-2.045,67.546,93.466,82.108
2024-12-09,21317937,-7.128,-2.067,-5.427,67.962,89.47,74.118
2024-12-09,21317939,-7.171,-2.217,-5.313,66.479,88.794,73.217
2024-12-09,21317940,-7.279,-2.582,-5.573,65.046,86.459,72.708
2024-12-09,21317941,-7.708,-2.753,-5.968,66.879,88.183,73.917
2024-12-09,21317942,-7.6,-2.56,-5.886,65.678,89.607,74.528
2024-12-09,21317943,-7.472,-2.624,-5.866,65.542,87.718,73.053
2024-12-09,21317947,-7.536,-2.667,-5.885,69.633,90.61,76.93
2024-12-09,21317948,-7.236,-2.238,-5.652,66.2,88.302,73.834
2024-12-09,21317949,-7.407,-2.946,-5.865,67.648,91.348,75.185
2024-12-09,21317950,-7.15,-2.56,-5.544,65.711,87.695,73.217
2024-12-09,21317953,-7.364,-2.56,-5.65,65.669,89.96,74.568
2024-12-09,21317959,-7.45,-2.26,-5.735,64.364,88.396,72.916
2024-12-09,21317960,-7.622,-2.817,-5.914,67.015,87.567,73.932
2024-12-10,21317937,-3.826,1.365,-0.706,88.142,93.96,91.923
2024-12-10,21317939,-3.911,4.797,0.661,80.177,93.825,89.432
2024-12-10,21317940,-4.212,4.689,0.043,77.418,92.108,88.421
2024-12-10,21317941,-4.641,0.421,-1.953,88.115,94.162,91.995
2024-12-10,21317942,-4.405,0.25,-1.674,89.126,94.205,92.428
2024-12-10,21317943,-4.512,0.357,-1.77,87.182,92.525,90.276
2024-12-10,21317947,-4.533,3.746,-1.07,86.119,95.908,93.497
2024-12-10,21317948,-4.061,0.486,-1.352,88.005,93.32,91.388
2024-12-10,21317949,-4.576,0.164,-2.09,91.424,95.229,93.618
2024-12-10,21317950,-4.276,0.936,-1.311,87.279,92.587,90.675
2024-12-10,21317953,-4.147,0.593,-1.493,88.856,94.574,92.778
2024-12-10,21317959,-4.126,0.357,-1.486,87.465,92.175,90.141
2024-12-10,21317960,-4.576,0.443,-2.058,87.483,92.468,90.976
2024-12-11,21317937,0.657,5.869,3.591,89.049,95.463,92.88
2024-12-11,21317939,1.322,5.933,3.933,90.483,93.809,92.519
2024-12-11,21317940,1.086,6.341,4.197,84.875,93.765,90.136
2024-12-11,21317941,0.314,5.376,2.904,91.017,95.628,94.035
2024-12-11,21317942,0.314,5.354,2.962,92.633,95.43,94.566
2024-12-11,21317943,0.271,5.118,2.691,91.879,94.45,93.779
2024-12-11,21317947,0.721,6.148,3.685,90.188,97.203,94.04
2024-12-11,21317948,0.464,5.204,3.06,90.596,95.23,93.478
2024-12-11,21317949,0.164,5.719,2.88,94.789,96.26,95.898
2024-12-11,21317950,0.721,6.319,3.579,89.95,94.098,92.22
2024-12-11,21317953,0.593,5.633,3.296,92.364,95.888,94.681
2024-12-11,21317959,0.4,5.461,3.15,88.583,93.777,91.429
2024-12-11,21317960,0.314,5.419,2.886,92.39,94.507,93.318
2024-12-12,21317937,-5.263,2.502,0.002,44.938,89.859,68.608
2024-12-12,21317939,-5.477,2.287,-0.168,43.009,90.678,67.069
2024-12-12,21317940,-5.756,1.901,-0.629,43.83,92.387,65.538
2024-12-12,21317941,-6.163,2.094,-0.749,47.463,92.122,69.579
2024-12-12,21317942,-6.035,1.88,-0.685,49.676,92.653,69.591
2024-12-12,21317943,-6.163,2.008,-0.706,48.795,92.003,69.018
2024-12-12,21317947,-6.12,1.751,-0.808,49.406,93.912,70.601
2024-12-12,21317948,-5.777,2.266,-0.384,48.283,90.939,67.566
2024-12-12,21317949,-6.142,1.515,-0.853,45.834,96.32,71.46
2024-12-12,21317950,-5.691,1.794,-0.666,47.845,92.021,68.471
2024-12-12,21317953,-6.056,1.751,-0.707,48.225,95.032,70.415
2024-12-12,21317959,-5.842,2.266,-0.402,48.608,89.071,66.848
2024-12-12,21317960,-6.099,1.815,-0.785,44.544,92.616,68.174
2024-12-13,21317937,-6.313,-2.86,-4.965,50.484,76.155,63.012
2024-12-13,21317939,-7.021,-3.718,-5.329,48.521,76.703,61.573
2024-12-13,21317940,-7.322,-3.675,-5.695,45.927,75.395,58.512
2024-12-13,21317941,-7.386,-4.362,-6.037,52.439,78.318,65.203
2024-12-13,21317942,-7.429,-4.49,-6.028,52.499,76.699,64.689
2024-12-13,21317943,-7.472,-4.233,-6.084,51.679,76.693,64.317
2024-12-13,21317947,-7.493,-3.375,-5.904,50.134,79.611,65.055
2024-12-13,21317948,-7.214,-3.74,-5.735,48.077,75.901,62.298
2024-12-13,21317949,-7.472,-3.976,-5.914,53.794,78.499,66.715
2024-12-13,21317950,-7.343,-4.362,-5.767,48.985,76.693,62.906
2024-12-13,21317953,-7.536,-4.276,-5.952,49.322,78.288,64.337
2024-12-13,21317959,-7.193,-3.89,-5.733,48.646,74.183,62.015
2024-12-13,21317960,-7.364,-3.847,-6.028,48.791,76.721,61.545
2024-12-14,21317937,-9.166,-4.126,-7.025,51.73,77.197,66.753
2024-12-14,21317939,-9.466,-4.533,-7.013,51.411,77.94,65.822
2024-12-14,21317940,-9.874,-5.048,-7.385,48.893,75.911,62.607
2024-12-14,21317941,-10.667,-5.37,-8.031,52.902,80.444,68.925
2024-12-14,21317942,-10.882,-6.271,-8.497,56.735,81.946,69.87
2024-12-14,21317943,-12.898,-5.37,-9.42,53.288,86.352,71.945
2024-12-14,21317947,-10.26,-5.348,-7.78,54.549,83.301,69.083
2024-12-14,21317948,-11.332,-3.783,-8.174,47.213,83.299,68.422
2024-12-14,21317949,-10.968,-5.241,-8.1,56.703,84.036,71.178
2024-12-14,21317950,-10.196,-5.97,-7.763,57.36,79.117,68.186
2024-12-14,21317953,-10.324,-5.691,-8.257,53.597,80.472,70.411
2024-12-14,21317959,-10.839,-4.555,-8.046,49.63,79.664,67.123
2024-12-14,21317960,-11.397,-5.67,-8.629,55.572,82.85,69.563
2024-12-15,21317937,-11.761,-5.456,-8.49,63.656,84.32,75.764
2024-12-15,21317939,-10.71,-5.606,-7.78,61.537,81.115,72.814
2024-12-15,21317940,-10.925,-5.863,-8.004,64.268,82.014,72.449
2024-12-15,21317941,-13.842,-6.571,-9.686,66.561,86.802,78.087
2024-12-15,21317942,-13.263,-6.592,-9.598,68.37,89.155,80.193
2024-12-15,21317943,-15.021,-6.571,-10.428,65.574,87.506,78.858
2024-12-15,21317947,-11.718,-6.292,-8.651,67.092,89.282,78.71
2024-12-15,21317948,-12.641,-6.185,-9.148,64.424,88.128,78.416
2024-12-15,21317949,-13.949,-6.313,-9.666,65.669,87.182,77.689
2024-12-15,21317950,-12.297,-5.97,-8.683,66.136,85.83,76.542
2024-12-15,21317953,-13.027,-6.185,-9.159,66.352,88.966,79.713
2024-12-15,21317959,-12.683,-6.099,-9.222,63.23,86.793,77.106
2024-12-15,21317960,-13.992,-6.678,-9.997,66.621,84.797,77.924
2024-12-16,21317937,-6.464,4.775,-1.787,78.859,89.0,84.288
2024-12-16,21317939,-5.606,4.775,-0.886,76.355,89.068,83.62
2024-12-16,21317940,-5.927,4.968,-1.09,73.831,87.832,81.942
2024-12-16,21317941,-7.643,4.475,-3.51,77.288,88.838,83.926
2024-12-16,21317942,-7.557,4.475,-3.197,78.479,89.126,84.749
2024-12-16,21317943,-7.943,4.26,-3.49,76.42,89.685,82.88
2024-12-16,21317947,-6.614,4.625,-2.04,79.968,90.472,85.868
2024-12-16,21317948,-7.107,4.861,-2.833,77.517,89.259,84.431
2024-12-16,21317949,-7.793,4.797,-3.574,76.443,91.557,85.449
2024-12-16,21317950,-6.721,4.582,-2.25,75.839,87.836,82.94
2024-12-16,21317953,-7.429,4.561,-2.893,79.312,91.296,84.951
2024-12-16,21317959,-7.214,5.011,-3.029,76.631,88.545,82.974
2024-12-16,21317960,-7.772,4.282,-3.62,77.079,89.479,83.129
2024-12-17,21317937,3.831,9.558,6.34,65.73,92.999,78.697
2024-12-17,21317939,3.402,8.722,6.184,66.751,91.859,80.104
2024-12-17,21317940,3.102,8.464,6.071,67.195,90.918,79.104
2024-12-17,21317941,2.973,8.057,5.8,69.102,92.596,80.58
2024-12-17,21317942,3.338,8.185,5.849,69.525,92.099,80.958
2024-12-17,21317943,2.909,7.821,5.644,68.962,93.017,80.45
2024-12-17,21317947,2.931,8.314,5.965,70.394,94.594,81.941
2024-12-17,21317948,3.36,9.022,6.156,67.245,92.546,79.376
2024-12-17,21317949,2.952,7.842,5.726,69.529,95.512,82.859
2024-12-17,21317950,2.931,7.864,5.844,69.569,92.52,81.616
2024-12-17,21317953,2.995,8.228,5.848,70.014,94.365,82.454
2024-12-17,21317959,3.488,8.743,6.157,66.59,90.822,78.005
2024-12-17,21317960,3.059,7.735,5.699,69.606,92.689,80.614
2024-12-18,21317937,0.528,4.153,2.778,74.611,93.562,82.225
2024-12-18,21317939,0.571,4.368,2.691,74.267,92.287,82.256
2024-12-18,21317940,0.571,3.703,2.356,76.242,91.795,82.534
2024-12-18,21317941,0.636,3.724,2.42,77.006,91.572,82.886
2024-12-18,21317942,0.55,3.746,2.556,76.464,92.207,82.859
2024-12-18,21317943,0.314,3.81,2.368,76.114,91.859,82.569
2024-12-18,21317947,0.528,3.638,2.248,79.211,94.69,85.449
2024-12-18,21317948,0.679,3.917,2.695,75.656,92.399,82.21
2024-12-18,21317949,0.271,3.746,2.3,77.288,95.293,84.57
2024-12-18,21317950,0.614,3.81,2.406,77.702,92.509,83.887
2024-12-18,21317953,0.679,3.724,2.429,78.137,93.468,84.595
2024-12-18,21317959,0.657,3.939,2.753,74.093,90.271,80.407
2024-12-18,21317960,0.55,3.66,2.392,76.425,91.504,82.426
2024-12-19,21317937,-8.608,1.665,-2.021,53.977,89.593,71.309
2024-12-19,21317939,-8.33,1.279,-2.202,51.995,92.058,69.645
2024-12-19,21317940,-8.759,1.0,-2.578,52.581,91.434,69.647
2024-12-19,21317941,-9.724,0.936,-2.722,49.839,91.31,70.476
2024-12-19,21317942,-9.338,1.0,-2.652,55.2,91.023,71.867
2024-12-19,21317943,-9.595,1.022,-2.657,54.151,90.912,70.912
2024-12-19,21317947,-9.209,0.807,-2.795,58.245,93.733,74.422
2024-12-19,21317948,-9.016,1.236,-2.357,53.799,89.982,69.766
2024-12-19,21317949,-9.381,0.7,-2.602,50.925,95.48,72.889
2024-12-19,21317950,-8.93,1.0,-2.608,51.717,91.896,69.817
2024-12-19,21317953,-9.252,0.829,-2.597,49.903,93.358,71.232
2024-12-19,21317959,-9.08,1.236,-2.346,53.352,88.103,69.446
2024-12-19,21317960,-9.509,0.85,-2.689,50.823,91.237,69.909
2024-12-20,21317937,-10.088,-6.421,-8.379,67.012,85.832,77.177
2024-12-20,21317939,-9.938,-6.335,-8.292,63.111,85.022,75.184
2024-12-20,21317940,-10.196,-6.807,-8.654,64.208,83.845,74.794
2024-12-20,21317941,-10.968,-6.807,-9.013,69.136,85.393,78.079
2024-12-20,21317942,-10.582,-6.85,-8.904,69.58,86.664,77.58
2024-12-20,21317943,-10.882,-6.807,-8.909,68.447,84.257,75.883
2024-12-20,21317947,-10.603,-7.0,-8.918,69.12,86.934,79.5
2024-12-20,21317948,-10.474,-6.399,-8.654,67.808,85.332,76.898
2024-12-20,21317949,-11.053,-7.021,-9.026,70.539,89.076,77.894
2024-12-20,21317950,-10.56,-6.678,-8.668,62.945,83.735,74.733
2024-12-20,21317953,-10.303,-6.614,-8.661,69.015,86.769,78.081
2024-12-20,21317959,-10.56,-6.356,-8.715,67.117,83.862,75.764
2024-12-20,21317960,-10.818,-6.85,-9.053,64.868,85.212,75.42
2024-12-21,21317937,-14.378,-6.549,-9.471,47.758,85.299,67.085
2024-12-21,21317939,-14.528,-6.785,-9.616,49.245,84.985,65.762
2024-12-21,21317940,-14.678,-7.536,-10.07,45.615,83.919,64.244
2024-12-21,21317941,-15.064,-7.879,-10.162,47.875,85.057,65.554
2024-12-21,21317942,-15.086,-7.922,-10.199,48.154,85.922,66.555
2024-12-21,21317943,-15.15,-7.171,-10.062,50.637,83.999,66.256
2024-12-21,21317947,-14.978,-7.257,-10.069,51.424,86.613,68.582
2024-12-21,21317948,-14.871,-7.493,-9.894,46.65,84.614,64.797
2024-12-21,21317949,-14.893,-7.214,-9.971,49.383,89.114,70.324
2024-12-21,21317950,-14.657,-7.665,-9.985,47.445,83.662,65.029
2024-12-21,21317953,-14.957,-7.922,-10.202,49.981,86.481,65.893
2024-12-21,21317959,-14.828,-7.686,-9.972,48.612,82.82,64.799
2024-12-21,21317960,-14.914,-7.772,-10.122,47.669,85.277,64.926
2024-12-22,21317937,-15.493,-9.402,-12.869,54.134,72.152,65.715
2024-12-22,21317939,-15.772,-10.818,-13.618,55.92,69.688,64.969
2024-12-22,21317940,-16.008,-10.903,-13.935,54.144,67.378,62.038
2024-12-22,21317941,-16.458,-10.346,-13.815,55.525,74.984,66.716
2024-12-22,21317942,-16.287,-10.624,-13.884,57.063,74.43,67.338
2024-12-22,21317943,-16.501,-9.809,-13.811,54.865,73.002,66.488
2024-12-22,21317947,-16.265,-10.11,-13.893,56.295,74.659,67.682
2024-12-22,21317948,-16.137,-9.724,-13.471,51.772,72.696,64.375
2024-12-22,21317949,-16.458,-10.174,-13.787,56.831,74.56,67.611
2024-12-22,21317950,-16.072,-10.753,-13.831,59.358,72.21,66.706
2024-12-22,21317953,-16.244,-9.96,-13.834,54.647,73.521,66.199
2024-12-22,21317959,-16.094,-9.595,-13.486,52.747,71.899,64.285
2024-12-22,21317960,-16.394,-10.045,-13.795,52.203,70.672,63.088
2024-12-23,21317937,-14.142,-6.935,-10.467,68.42,89.352,77.944
2024-12-23,21317939,-14.978,-6.7,-10.598,68.985,87.012,77.181
2024-12-23,21317940,-14.635,-6.957,-10.82,62.75,87.657,75.019
2024-12-23,21317941,-14.549,-7.364,-10.845,73.089,88.702,78.889
2024-12-23,21317942,-14.893,-7.107,-10.803,70.118,88.614,77.762
2024-12-23,21317943,-15.922,-7.214,-10.895,67.552,86.526,76.683
2024-12-23,21317947,-14.592,-6.785,-10.885,68.727,88.011,79.401
2024-12-23,21317948,-14.807,-6.85,-10.748,67.808,88.354,76.445
2024-12-23,21317949,-14.807,-7.0,-10.673,62.254,90.024,77.223
2024-12-23,21317950,-14.421,-6.635,-10.561,65.405,86.217,76.625
2024-12-23,21317953,-14.764,-7.021,-10.875,69.711,91.064,78.605
2024-12-23,21317959,-14.249,-6.807,-10.67,68.209,86.215,75.326
2024-12-23,21317960,-14.356,-7.257,-10.682,68.511,86.989,76.117
2024-12-24,21317937,-8.801,-5.627,-6.987,69.905,90.973,84.592
2024-12-24,21317939,-8.651,-5.37,-6.484,71.223,89.435,81.448
2024-12-24,21317940,-8.587,-5.67,-7.083,70.289,88.464,81.404
2024-12-24,21317941,-9.102,-5.134,-7.532,65.94,89.227,81.386
2024-12-24,21317942,-8.93,-6.206,-7.499,71.286,89.104,82.447
2024-12-24,21317943,-11.225,-5.498,-7.847,67.454,87.269,81.286
2024-12-24,21317947,-8.844,-6.142,-7.253,74.67,90.193,83.482
2024-12-24,21317948,-8.694,-5.584,-7.298,68.545,89.241,82.65
2024-12-24,21317949,-9.166,-5.949,-7.752,89.387,90.82,90.056
2024-12-24,21317950,-8.694,-5.97,-7.12,70.39,87.572,80.437
2024-12-24,21317953,-8.801,-5.756,-7.441,72.93,91.682,86.68
2024-12-24,21317959,-8.887,-5.134,-7.3,65.669,88.11,81.431
2024-12-24,21317960,-9.123,-5.82,-7.812,70.605,87.581,82.354
2024-12-25,21317937,-12.276,-2.624,-9.191,61.129,88.853,81.461
2024-12-25,21317939,-12.405,-4.126,-8.809,67.445,88.629,80.446
2024-12-25,21317940,-12.104,-5.477,-8.681,69.612,86.473,78.798
2024-12-25,21317941,-13.606,-2.453,-9.624,60.098,89.067,80.052
2024-12-25,21317942,-13.413,-6.807,-10.27,75.741,89.215,84.006
2024-12-25,21317943,-16.222,-5.713,-11.701,68.342,87.277,82.523
2024-12-25,21317947,-12.383,-4.984,-9.063,70.402,91.699,82.629
2024-12-25,21317948,-14.292,-4.019,-10.424,63.203,90.428,82.79
2024-12-25,21317949,-13.649,-5.198,-9.666,87.25,90.257,88.912
2024-12-25,21317950,-12.169,-6.163,-9.009,72.27,87.32,80.011
2024-12-25,21317953,-13.284,-6.185,-10.006,75.435,89.055,83.569
2024-12-25,21317959,-14.013,-3.375,-10.218,61.779,86.578,80.4
2024-12-25,21317960,-14.678,-6.485,-10.564,74.176,87.323,82.584
2024-12-26,21317937,-12.576,-8.072,-10.188,83.452,89.284,87.819
2024-12-26,21317939,-12.941,-7.686,-10.238,84.063,88.902,87.423
2024-12-26,21317940,-12.233,-7.515,-9.723,78.828,88.936,85.643
2024-12-26,21317941,-14.571,-2.539,-10.455,65.93,89.039,83.547
2024-12-26,21317942,-13.627,-8.029,-10.865,81.318,89.808,86.632
2024-12-26,21317943,-16.63,-6.335,-12.188,72.705,87.428,83.286
2024-12-26,21317947,-12.255,-5.584,-9.595,71.556,93.404,86.975
2024-12-26,21317948,-14.185,-7.236,-10.52,73.881,89.554,85.985
2024-12-26,21317949,-13.885,-5.348,-10.104,79.751,89.316,86.849
2024-12-26,21317950,-12.598,-7.15,-9.679,77.967,89.483,85.31
2024-12-26,21317953,-13.284,-7.75,-10.639,79.89,90.253,86.719
2024-12-26,21317959,-13.799,-6.464,-10.454,73.365,87.732,83.649
2024-12-26,21317960,-14.142,-6.871,-10.752,73.754,87.945,84.129
2024-12-27,21317937,-13.155,-5.649,-9.323,75.637,89.685,85.356
2024-12-27,21317939,-12.255,-5.97,-8.969,77.867,89.319,85.578
2024-12-27,21317940,-12.834,-5.627,-8.463,76.544,86.856,82.843
2024-12-27,21317941,-14.7,-6.914,-10.105,77.409,89.206,85.521
2024-12-27,21317942,-14.292,-7.043,-10.012,80.691,90.304,85.913
2024-12-27,21317943,-16.179,-6.742,-10.428,76.269,87.199,83.445
2024-12-27,21317947,-12.984,-6.013,-8.874,77.115,91.122,86.125
2024-12-27,21317948,-14.206,-6.614,-10.02,77.371,89.847,84.936
2024-12-27,21317949,-14.356,-6.549,-9.634,77.377,90.117,85.938
2024-12-27,21317950,-13.348,-5.67,-8.727,76.118,88.508,83.046
2024-12-27,21317953,-13.97,-6.893,-9.879,81.593,90.845,87.333
2024-12-27,21317959,-14.335,-6.464,-10.04,76.365,86.949,83.261
2024-12-27,21317960,-14.507,-6.957,-10.043,80.122,87.73,84.985
2024-12-28,21317937,-9.616,-2.453,-6.441,76.048,91.632,85.514
2024-12-28,21317939,-9.209,-1.874,-6.017,76.274,91.138,85.243
2024-12-28,21317940,-8.994,-1.638,-6.094,78.282,89.604,84.551
2024-12-28,21317941,-9.423,-3.075,-6.654,76.776,93.004,86.446
2024-12-28,21317942,-9.574,-2.86,-6.613,80.301,92.715,86.947
2024-12-28,21317943,-9.359,-2.903,-6.526,75.993,90.747,84.832
2024-12-28,21317947,-9.402,-2.496,-6.527,78.882,93.683,88.331
2024-12-28,21317948,-9.616,-2.646,-6.508,75.642,92.001,85.625
2024-12-28,21317949,-9.102,-3.01,-6.552,75.097,92.763,86.755
2024-12-28,21317950,-8.973,-2.367,-6.21,78.439,90.858,85.128
2024-12-28,21317953,-9.295,-2.582,-6.37,80.275,93.027,87.271
2024-12-28,21317959,-9.681,-2.732,-6.518,75.013,90.666,84.409
2024-12-28,21317960,-9.273,-3.053,-6.692,78.718,90.742,85.547
2024-12-29,21317937,-2.453,2.673,0.196,91.275,95.219,93.65
2024-12-29,21317939,-2.067,5.461,1.244,89.172,94.969,93.041
2024-12-29,21317940,-2.41,8.807,0.857,89.25,94.743,92.607
2024-12-29,21317941,-3.075,3.059,-0.054,92.776,95.825,94.633
2024-12-29,21317942,-2.839,3.038,-0.03,92.296,95.293,94.117
2024-12-29,21317943,-2.86,3.36,0.028,90.697,94.24,92.691
2024-12-29,21317947,-2.603,3.402,0.121,93.091,97.623,95.96
2024-12-29,21317948,-2.732,2.759,0.023,91.36,95.372,94.022
2024-12-29,21317949,-3.032,2.673,-0.125,92.131,96.043,94.497
2024-12-29,21317950,-2.496,4.11,0.297,89.631,94.855,93.094
2024-12-29,21317953,-2.732,3.467,0.131,92.372,96.812,95.178
2024-12-29,21317959,-2.71,2.802,-0.08,89.85,93.887,92.546
2024-12-29,21317960,-3.053,2.952,-0.134,90.716,94.812,92.929
2024-12-30,21317937,1.687,10.437,6.955,63.175,95.972,83.972
2024-12-30,21317939,4.239,10.437,7.567,64.231,94.072,82.971
2024-12-30,21317940,3.81,11.917,8.625,63.43,92.461,79.906
2024-12-30,21317941,2.673,10.759,6.94,63.143,95.718,84.466
2024-12-30,21317942,2.609,10.223,6.934,63.578,95.219,85.141
2024-12-30,21317943,2.416,9.858,6.35,63.522,94.267,85.782
2024-12-30,21317947,2.802,11.66,8.262,66.128,97.005,82.049
2024-12-30,21317948,2.223,9.837,6.91,62.382,95.421,84.581
2024-12-30,21317949,2.63,11.853,7.392,63.018,96.24,85.488
2024-12-30,21317950,3.381,11.574,8.167,66.05,94.853,82.931
2024-12-30,21317953,2.931,11.102,7.509,65.335,95.311,83.902
2024-12-30,21317959,2.18,10.266,6.98,61.503,93.938,82.796
2024-12-30,21317960,2.502,10.459,7.547,64.002,94.896,87.804
2024-12-31,21317937,2.673,6.191,4.275,60.85,82.934,75.349
2024-12-31,21317939,2.738,7.349,4.408,57.577,82.809,73.955
2024-12-31,21317940,3.081,6.362,4.296,58.505,84.12,73.456
2024-12-31,21317941,2.609,6.298,4.133,55.895,84.407,74.294
2024-12-31,21317942,2.587,6.255,4.205,59.467,83.629,75.038
2024-12-31,21317943,2.459,6.169,4.009,56.886,83.857,74.428
2024-12-31,21317947,2.695,6.598,4.127,61.573,86.064,76.454
2024-12-31,21317948,2.695,6.341,4.293,56.93,83.795,74.686
2024-12-31,21317949,2.952,6.705,4.212,56.689,85.794,74.705
2024-12-31,21317950,3.252,6.319,4.344,59.113,86.047,74.799
2024-12-31,21317953,3.059,6.255,4.311,57.71,85.689,74.734
2024-12-31,21317959,2.201,6.234,4.278,57.333,82.237,73.679
2024-12-31,21317960,2.759,5.826,4.366,58.875,74.527,68.151
2025-01-01,21317939,0.807,2.716,1.863,76.095,91.669,85.959
2025-01-01,21317940,0.679,2.502,1.441,75.906,91.594,86.132
2025-01-01,21317941,0.593,2.073,1.303,77.803,93.491,88.35
2025-01-01,21317942,0.679,1.923,1.226,78.103,93.155,88.145
2025-01-01,21317943,0.7,1.923,1.28,76.963,92.053,86.903
2025-01-01,21317947,0.507,2.008,1.137,79.258,94.675,88.935
2025-01-01,21317948,0.893,2.008,1.379,78.25,92.964,88.235
2025-01-01,21317949,0.571,1.944,1.205,78.126,95.619,89.521
2025-01-01,21317950,0.85,2.266,1.436,76.745,92.323,87.115
2025-01-01,21317953,0.743,2.094,1.408,77.54,93.445,87.902
2025-01-01,21317959,0.829,1.88,1.342,77.638,91.017,86.924
2025-01-01,21317960,0.636,1.923,1.244,76.863,92.406,86.678
2025-01-02,21317939,-2.002,1.708,-0.167,61.503,91.424,76.852
2025-01-02,21317940,-2.281,1.536,-0.384,62.814,91.737,75.784
2025-01-02,21317941,-2.496,2.094,-0.085,59.37,93.242,76.555
2025-01-02,21317942,-2.367,1.386,-0.31,62.64,92.99,77.617
2025-01-02,21317943,-2.346,1.558,-0.218,58.761,91.943,75.742
2025-01-02,21317947,-2.517,1.322,-0.505,67.019,94.35,78.868
2025-01-02,21317948,-2.153,1.794,-0.034,59.916,92.038,75.964
2025-01-02,21317949,-2.41,1.15,-0.33,61.343,95.843,78.274
2025-01-02,21317950,-2.195,1.536,-0.261,63.267,92.364,77.287
2025-01-02,21317953,-2.41,1.365,-0.355,62.414,93.384,78.103
2025-01-02,21317959,-2.195,1.772,-0.081,59.384,90.73,75.46
2025-01-02,21317960,-2.431,1.386,-0.219,60.31,92.386,76.178
2025-01-03,21317939,-6.399,-1.981,-4.387,58.154,71.814,63.654
2025-01-03,21317940,-6.807,-2.26,-4.696,57.227,72.924,63.872
2025-01-03,21317941,-6.893,-1.745,-4.333,54.133,76.709,65.473
2025-01-03,21317942,-6.807,-2.346,-4.48,60.102,74.514,66.29
2025-01-03,21317943,-6.764,-2.303,-4.499,52.815,73.333,63.464
2025-01-03,21317947,-6.935,-2.474,-4.725,60.781,78.183,68.535
2025-01-03,21317948,-6.592,-2.088,-4.308,56.655,73.808,63.826
2025-01-03,21317949,-6.678,-2.346,-4.457,55.108,72.659,63.961
2025-01-03,21317950,-6.571,-2.11,-4.411,55.63,72.688,63.904
2025-01-03,21317953,-6.85,-2.367,-4.498,55.328,72.975,64.177
2025-01-03,21317959,-6.635,-2.174,-4.332,57.92,72.741,65.589
2025-01-03,21317960,-6.7,-2.346,-4.499,54.665,72.338,63.39
2025-01-04,21317939,-12.297,-6.614,-10.185,60.15,80.201,71.161
2025-01-04,21317940,-12.598,-6.764,-10.472,59.028,81.373,70.136
2025-01-04,21317941,-12.812,-6.249,-10.138,62.959,81.939,73.124
2025-01-04,21317942,-12.662,-6.807,-10.421,64.929,84.411,74.383
2025-01-04,21317943,-12.748,-6.828,-10.378,63.938,80.191,72.615
2025-01-04,21317947,-12.791,-6.978,-10.493,64.405,82.536,74.758
2025-01-04,21317948,-12.705,-6.721,-10.284,62.892,84.353,72.827
2025-01-04,21317949,-12.705,-6.893,-10.417,63.317,85.67,73.367
2025-01-04,21317950,-12.34,-6.549,-10.105,60.111,80.284,71.128
2025-01-04,21317953,-12.705,-6.893,-10.503,65.652,83.891,74.65
2025-01-04,21317959,-12.641,-6.742,-10.312,62.123,80.607,71.01
2025-01-04,21317960,-12.769,-6.764,-10.429,64.373,84.096,72.909
2025-01-05,21317939,-12.555,-9.123,-10.925,51.711,85.354,65.874
2025-01-05,21317940,-12.877,-9.359,-11.135,49.461,85.368,64.738
2025-01-05,21317941,-13.713,-8.78,-11.128,47.46,85.332,67.362
2025-01-05,21317942,-13.713,-9.574,-11.514,54.611,85.621,69.665
2025-01-05,21317943,-14.035,-9.574,-11.478,51.324,84.12,69.309
2025-01-05,21317947,-13.005,-9.531,-11.293,49.523,85.026,69.023
2025-01-05,21317948,-13.413,-9.381,-11.36,47.996,86.152,67.75
2025-01-05,21317949,-12.941,-9.595,-11.183,50.864,88.174,73.242
2025-01-05,21317950,-12.769,-9.123,-11.123,51.341,83.587,65.349
2025-01-05,21317953,-13.67,-9.552,-11.558,52.778,85.611,69.446
2025-01-05,21317959,-13.584,-9.466,-11.388,54.199,85.281,68.201
2025-01-05,21317960,-13.541,-9.616,-11.462,49.808,83.555,67.101
2025-01-06,21317939,-14.163,-9.381,-12.081,61.476,74.707,69.554
2025-01-06,21317940,-14.271,-9.295,-12.291,58.323,71.926,66.08
2025-01-06,21317941,-14.271,-8.866,-11.981,60.56,75.938,70.297
2025-01-06,21317942,-14.185,-9.252,-12.271,64.071,74.958,70.34
2025-01-06,21317943,-15.257,-9.252,-12.313,65.075,75.88,70.615
2025-01-06,21317947,-14.549,-9.466,-12.377,65.496,76.327,71.509
2025-01-06,21317948,-14.292,-9.145,-12.144,62.098,72.787,68.379
2025-01-06,21317949,-14.399,-9.209,-12.271,66.43,75.586,71.826
2025-01-06,21317950,-14.056,-8.973,-12.005,58.885,75.366,69.892
2025-01-06,21317953,-14.142,-9.209,-12.238,64.324,73.442,70.219
2025-01-06,21317959,-13.949,-9.016,-12.061,63.769,71.901,68.597
2025-01-06,21317960,-14.549,-9.316,-12.283,61.344,70.741,66.434
2025-01-07,21317939,-10.689,-5.82,-8.588,61.086,82.605,74.706
2025-01-07,21317940,-10.903,-6.078,-8.761,61.331,82.939,72.81
2025-01-07,21317941,-11.053,-5.284,-8.462,61.147,83.928,75.167
2025-01-07,21317942,-11.139,-6.035,-8.777,61.137,85.318,75.55
2025-01-07,21317943,-11.075,-5.842,-8.651,63.679,83.099,75.222
2025-01-07,21317947,-11.075,-6.035,-8.82,65.373,82.811,76.451
2025-01-07,21317948,-10.818,-5.842,-8.545,60.8,83.639,73.69
2025-01-07,21317949,-11.139,-5.82,-8.704,62.745,87.686,76.19
2025-01-07,21317950,-10.732,-5.863,-8.594,62.109,84.12,75.104
2025-01-07,21317953,-11.139,-5.949,-8.819,62.704,86.111,76.496
2025-01-07,21317959,-10.839,-5.82,-8.541,60.29,83.946,72.789
2025-01-07,21317960,-11.075,-5.97,-8.708,62.136,82.745,73.2
2025-01-08,21317939,-13.949,-7.579,-11.882,67.474,83.136,76.195
2025-01-08,21317940,-14.249,-7.536,-12.146,66.658,84.292,76.096
2025-01-08,21317941,-14.12,-7.515,-11.74,65.655,84.617,76.951
2025-01-08,21317942,-13.992,-8.008,-12.055,66.609,84.949,77.481
2025-01-08,21317943,-13.97,-7.858,-11.983,65.966,83.268,76.365
2025-01-08,21317947,-14.271,-7.858,-12.166,70.75,84.862,78.717
2025-01-08,21317948,-13.777,-7.729,-11.815,65.504,83.107,75.08
2025-01-08,21317949,-14.056,-7.922,-12.04,67.025,88.437,80.701
2025-01-08,21317950,-13.927,-7.579,-11.897,68.502,84.498,78.007
2025-01-08,21317953,-13.906,-8.158,-12.075,67.861,85.473,78.352
2025-01-08,21317959,-13.734,-7.686,-11.801,64.483,81.57,73.918
2025-01-08,21317960,-13.992,-7.922,-12.018,65.957,83.973,76.5
2025-01-09,21317939,-11.804,-5.906,-9.667,62.396,81.399,71.518
2025-01-09,21317940,-12.169,-6.142,-9.955,63.403,82.792,71.566
2025-01-09,21317941,-12.104,-5.67,-9.535,62.263,82.628,72.417
2025-01-09,21317942,-12.019,-6.271,-9.878,63.297,84.256,73.034
2025-01-09,21317943,-11.954,-6.099,-9.76,64.282,82.136,73.026
2025-01-09,21317947,-12.104,-6.421,-9.948,63.874,83.241,74.186
2025-01-09,21317948,-11.718,-6.013,-9.621,61.842,81.134,70.872
2025-01-09,21317949,-11.997,-6.185,-9.791,63.098,85.597,72.021
2025-01-09,21317950,-11.976,-6.142,-9.778,65.757,84.038,74.352
2025-01-09,21317953,-12.104,-6.206,-9.9,64.018,84.288,73.767
2025-01-09,21317959,-11.761,-6.12,-9.646,61.453,80.905,70.059
2025-01-09,21317960,-12.019,-6.206,-9.812,63.153,84.234,72.033
2025-01-10,21317939,-10.496,-5.37,-7.766,57.16,76.805,68.802
2025-01-10,21317940,-10.753,-5.305,-8.071,57.379,77.115,68.929
2025-01-10,21317941,-10.196,-4.233,-7.343,58.376,78.9,70.057
2025-01-10,21317942,-10.174,-5.22,-7.871,60.232,78.97,70.194
2025-01-10,21317943,-10.281,-4.726,-7.669,63.16,78.804,72.309
2025-01-10,21317947,-10.517,-4.941,-7.967,63.857,80.902,72.469
2025-01-10,21317948,-9.96,-4.297,-7.42,58.235,77.638,67.993
2025-01-10,21317949,-10.346,-4.984,-7.759,59.48,79.77,69.515
2025-01-10,21317950,-10.324,-5.37,-7.908,61.331,79.472,71.165
2025-01-10,21317953,-10.26,-4.962,-7.774,61.006,79.899,70.745
2025-01-10,21317959,-10.024,-4.405,-7.535,59.106,75.961,68.411
2025-01-10,21317960,-10.174,-4.898,-7.755,59.736,78.277,69.346
2025-01-11,21317939,-7.793,-4.855,-6.261,52.526,85.025,70.795
2025-01-11,21317940,-8.051,-5.391,-6.861,52.724,85.949,72.229
2025-01-11,21317941,-8.608,-4.233,-6.605,56.641,86.262,73.206
2025-01-11,21317942,-8.544,-5.284,-6.868,59.98,86.171,74.385
2025-01-11,21317943,-8.458,-4.405,-6.832,61.567,86.34,74.076
2025-01-11,21317947,-8.33,-5.327,-6.865,59.82,87.46,75.131
2025-01-11,21317948,-8.48,-4.619,-6.642,57.745,86.54,72.919
2025-01-11,21317949,-8.394,-4.984,-6.788,57.87,91.159,77.383
2025-01-11,21317950,-7.858,-5.048,-6.645,57.613,85.447,73.336
2025-01-11,21317953,-8.394,-5.434,-6.951,57.041,89.543,75.329
2025-01-11,21317959,-8.501,-5.091,-6.765,59.049,85.118,73.398
2025-01-11,21317960,-8.48,-5.005,-6.899,57.612,85.246,72.603
2025-01-12,21317939,-8.844,-2.753,-5.372,58.999,84.962,73.752
2025-01-12,21317940,-9.273,-2.86,-5.862,61.659,85.766,74.828
2025-01-12,21317941,-8.93,-1.187,-5.267,56.033,87.131,75.146
2025-01-12,21317942,-8.651,-3.332,-5.771,61.631,87.164,76.248
2025-01-12,21317943,-8.673,-2.582,-5.719,61.202,86.725,76.301
2025-01-12,21317947,-9.531,-2.732,-5.746,61.262,86.865,77.248
2025-01-12,21317948,-8.458,-2.002,-5.415,55.254,87.062,75.476
2025-01-12,21317949,-9.423,-2.732,-5.809,59.136,91.884,77.869
2025-01-12,21317950,-9.209,-3.375,-5.798,65.299,85.176,76.668
2025-01-12,21317953,-8.737,-3.096,-5.745,62.144,87.79,77.749
2025-01-12,21317959,-8.287,-2.346,-5.527,58.671,85.354,75.151
2025-01-12,21317960,-8.952,-2.989,-5.715,59.512,85.24,75.202
2025-01-13,21317939,-5.348,-1.981,-3.813,67.976,90.088,83.208
2025-01-13,21317940,-4.834,-1.016,-3.547,68.344,89.43,81.666
2025-01-13,21317941,-5.799,-2.71,-4.324,68.223,90.243,83.214
2025-01-13,21317942,-5.777,-3.568,-4.493,68.685,89.57,83.005
2025-01-13,21317943,-6.12,-3.697,-4.593,72.334,88.679,82.633
2025-01-13,21317947,-5.413,-2.26,-4.185,72.274,90.303,84.525
2025-01-13,21317948,-5.885,-3.525,-4.457,70.118,89.97,83.351
2025-01-13,21317949,-5.456,-3.547,-4.348,69.198,93.109,86.514
2025-01-13,21317950,-5.069,-2.388,-3.89,69.766,88.354,82.342
2025-01-13,21317953,-5.52,-3.204,-4.372,69.483,92.638,84.494
2025-01-13,21317959,-5.885,-3.547,-4.454,69.149,88.652,82.131
2025-01-13,21317960,-5.606,-3.675,-4.461,67.918,88.307,81.916
2025-01-14,21317939,-5.005,-0.372,-3.259,68.499,92.245,80.786
2025-01-14,21317940,-5.155,-0.887,-3.723,69.468,92.786,80.674
2025-01-14,21317941,-5.027,-0.608,-3.394,67.179,91.479,79.338
2025-01-14,21317942,-4.962,-1.616,-3.739,67.655,91.804,80.906
2025-01-14,21317943,-4.834,-1.659,-3.807,65.721,90.986,80.951
2025-01-14,21317947,-5.091,-1.616,-3.69,70.669,94.011,81.474
2025-01-14,21317948,-4.662,-1.295,-3.426,65.67,91.893,78.59
2025-01-14,21317949,-4.898,-1.831,-3.869,68.417,94.141,81.844
2025-01-14,21317950,-5.027,-1.445,-3.67,71.606,90.391,82.034
2025-01-14,21317953,-5.112,-1.788,-3.764,69.41,93.495,82.361
2025-01-14,21317959,-4.683,-1.466,-3.489,65.563,88.963,77.833
2025-01-14,21317960,-4.812,-1.745,-3.815,67.312,91.398,79.629
2025-01-15,21317939,-8.759,-5.005,-6.788,59.608,85.434,71.086
2025-01-15,21317940,-9.016,-5.112,-7.033,60.203,84.649,70.884
2025-01-15,21317941,-9.187,-3.718,-6.628,54.586,84.448,69.853
2025-01-15,21317942,-9.166,-4.876,-6.894,61.065,84.399,70.485
2025-01-15,21317943,-9.145,-4.319,-6.834,59.12,82.425,69.607
2025-01-15,21317947,-9.359,-4.447,-7.104,61.93,86.262,74.085
2025-01-15,21317948,-8.93,-4.19,-6.649,53.8,84.193,68.576
2025-01-15,21317949,-9.295,-4.04,-6.852,55.795,85.786,71.324
2025-01-15,21317950,-8.909,-4.855,-6.771,62.145,85.327,71.9
2025-01-15,21317953,-9.123,-5.005,-6.88,58.898,85.809,71.1
2025-01-15,21317959,-8.823,-4.233,-6.643,58.985,83.168,68.318
2025-01-15,21317960,-9.252,-4.276,-6.853,57.321,82.902,69.685
2025-01-16,21317939,-9.767,-2.946,-6.578,64.581,80.914,74.31
2025-01-16,21317940,-10.217,-3.525,-6.818,66.268,87.187,74.441
2025-01-16,21317941,-10.088,-3.268,-6.683,66.165,83.003,75.608
2025-01-16,21317942,-9.895,-3.568,-6.842,68.779,82.731,76.106
2025-01-16,21317943,-12.641,-2.968,-7.285,66.319,85.461,76.574
2025-01-16,21317947,-9.981,-3.697,-6.691,69.886,83.474,76.512
2025-01-16,21317948,-9.724,-3.032,-6.799,66.658,82.347,75.201
2025-01-16,21317949,-10.582,-3.439,-6.794,69.708,90.039,77.403
2025-01-16,21317950,-10.303,-3.332,-6.555,68.852,83.891,75.415
2025-01-16,21317953,-10.174,-3.568,-6.838,67.831,89.081,76.953
2025-01-16,21317959,-9.788,-3.439,-6.822,66.319,81.624,74.362
2025-01-16,21317960,-10.303,-3.611,-6.874,68.156,82.109,75.942
2025-01-17,21317939,-6.228,-0.63,-4.086,69.644,85.589,80.034
2025-01-17,21317940,-6.657,-1.145,-4.387,71.46,85.74,80.971
2025-01-17,21317941,-8.115,-0.673,-4.644,71.35,89.696,82.342
2025-01-17,21317942,-7.879,-1.295,-4.826,71.766,88.602,82.363
2025-01-17,21317943,-10.131,-0.716,-5.33,68.321,88.714,82.151
2025-01-17,21317947,-7.15,-1.338,-4.558,74.849,88.518,82.933
2025-01-17,21317948,-8.523,-0.458,-4.797,67.477,89.357,82.084
2025-01-17,21317949,-7.879,-1.509,-4.835,73.716,91.064,83.584
2025-01-17,21317950,-6.657,-1.445,-4.325,75.343,86.664,81.981
2025-01-17,21317953,-7.729,-1.252,-4.73,72.833,88.824,83.004
2025-01-17,21317959,-8.458,-0.587,-4.779,68.122,86.725,80.819
2025-01-17,21317960,-8.694,-1.166,-4.954,70.454,87.89,81.349
2025-01-18,21317939,-2.667,3.381,0.943,60.749,87.602,72.407
2025-01-18,21317940,-2.174,3.016,0.701,60.317,89.21,72.483
2025-01-18,21317941,-3.289,3.209,0.742,62.011,91.594,75.132
2025-01-18,21317942,-3.289,3.188,0.765,61.265,89.909,74.62
2025-01-18,21317943,-4.405,3.209,0.594,62.397,90.372,75.068
2025-01-18,21317947,-2.303,2.823,0.662,64.607,90.277,74.719
2025-01-18,21317948,-3.204,3.274,0.836,62.409,91.287,74.295
2025-01-18,21317949,-2.195,2.973,0.87,61.532,94.835,74.071
2025-01-18,21317950,-2.002,2.952,0.752,63.734,89.95,74.326
2025-01-18,21317953,-2.86,3.145,0.647,63.13,91.855,75.769
2025-01-18,21317959,-2.946,3.209,0.776,61.173,89.754,73.277
2025-01-18,21317960,-2.753,3.102,0.804,61.225,90.245,72.929
2025-01-19,21317939,-9.831,1.901,-5.334,66.206,89.355,76.077
2025-01-19,21317940,-10.238,1.601,-5.713,65.339,89.786,76.137
2025-01-19,21317941,-9.874,1.837,-5.01,65.098,91.759,76.6
2025-01-19,21317942,-9.123,1.644,-5.157,66.728,90.3,76.584
2025-01-19,21317943,-9.359,1.408,-5.131,64.689,90.742,76.308
2025-01-19,21317947,-9.552,1.365,-5.484,67.211,91.521,78.254
2025-01-19,21317948,-9.102,1.665,-4.896,63.737,91.598,75.277
2025-01-19,21317949,-9.466,1.258,-5.419,65.711,95.348,78.838
2025-01-19,21317950,-9.531,1.515,-5.248,65.426,90.661,76.365
2025-01-19,21317953,-9.252,1.386,-5.254,68.637,91.855,78.184
2025-01-19,21317959,-9.273,1.687,-4.961,65.295,90.019,74.659
2025-01-19,21317960,-9.445,1.472,-5.216,64.501,90.304,75.693
2025-01-20,21317939,-14.936,-8.63,-12.305,49.09,72.903,61.868
2025-01-20,21317940,-15.171,-8.759,-12.699,49.291,72.416,61.682
2025-01-20,21317941,-15.171,-8.415,-12.338,50.944,74.6,63.115
2025-01-20,21317942,-15.171,-9.016,-12.817,56.271,73.64,63.548
2025-01-20,21317943,-15.472,-9.037,-12.741,53.251,76.185,65.488
2025-01-20,21317947,-15.064,-9.102,-12.617,54.02,76.146,65.453
2025-01-20,21317948,-15.043,-8.823,-12.458,52.091,72.833,61.183
2025-01-20,21317949,-15.0,-8.952,-12.532,52.631,74.926,63.375
2025-01-20,21317950,-15.343,-8.737,-12.554,52.313,72.496,62.358
2025-01-20,21317953,-15.064,-8.844,-12.672,53.516,74.385,63.037
2025-01-20,21317959,-14.978,-8.608,-12.424,53.732,71.954,62.517
2025-01-20,21317960,-14.957,-9.037,-12.681,53.15,73.686,62.602
2025-01-21,21317939,-15.064,-10.11,-13.03,55.213,78.7,66.178
2025-01-21,21317940,-15.0,-10.217,-13.304,51.122,78.109,61.876
2025-01-21,21317941,-15.558,-9.488,-13.03,51.96,84.041,64.968
2025-01-21,21317942,-15.879,-10.324,-13.485,56.838,78.753,67.601
2025-01-21,21317943,-16.801,-9.809,-13.748,56.574,81.282,67.59
2025-01-21,21317947,-15.429,-10.11,-13.361,56.428,81.985,67.513
2025-01-21,21317948,-16.995,-9.938,-13.314,54.162,81.958,65.151
2025-01-21,21317949,-15.579,-10.324,-13.396,56.87,79.637,68.102
2025-01-21,21317950,-14.85,-10.045,-13.059,52.233,79.327,63.406
2025-01-21,21317953,-15.686,-10.067,-13.376,56.124,81.363,68.196
2025-01-21,21317959,-15.536,-9.938,-13.207,55.865,78.814,65.648
2025-01-21,21317960,-16.029,-10.281,-13.416,56.422,78.63,67.279
2025-01-22,21317939,-15.064,-8.994,-12.2,43.87,73.158,60.888
2025-01-22,21317940,-15.751,-9.209,-12.395,42.849,68.804,57.66
2025-01-22,21317941,-15.751,-8.587,-11.917,45.779,78.535,60.596
2025-01-22,21317942,-15.536,-9.338,-12.88,47.124,78.444,64.643
2025-01-22,21317943,-17.981,-8.265,-14.149,42.872,83.789,67.883
2025-01-22,21317947,-15.6,-9.037,-12.416,50.285,76.988,63.613
2025-01-22,21317948,-16.437,-8.33,-12.66,43.894,83.204,61.759
2025-01-22,21317949,-16.222,-8.93,-12.948,47.12,81.738,65.344
2025-01-22,21317950,-15.386,-9.509,-12.487,49.223,72.457,61.801
2025-01-22,21317953,-15.536,-8.608,-12.793,44.318,79.071,65.08
2025-01-22,21317959,-15.364,-8.372,-12.599,44.117,77.7,62.749
2025-01-22,21317960,-16.244,-8.351,-13.03,44.547,79.391,65.093
2025-01-23,21317939,-10.496,-5.992,-8.61,48.814,82.85,66.883
2025-01-23,21317940,-10.56,-6.421,-8.976,44.897,86.999,64.791
2025-01-23,21317941,-11.053,-5.734,-8.608,47.903,85.132,69.243
2025-01-23,21317942,-11.246,-6.271,-8.743,49.039,83.525,68.485
2025-01-23,21317943,-13.52,-5.327,-9.129,54.954,82.701,70.654
2025-01-23,21317947,-10.646,-6.056,-8.926,48.96,85.547,67.95
2025-01-23,21317948,-11.225,-6.271,-8.743,51.237,84.408,68.576
2025-01-23,21317949,-10.624,-6.378,-8.779,51.612,89.723,69.28
2025-01-23,21317950,-10.496,-6.078,-8.709,50.816,84.645,67.825
2025-01-23,21317953,-10.946,-6.271,-8.747,46.529,85.516,68.324
2025-01-23,21317959,-10.989,-6.313,-8.724,51.347,82.998,68.07
2025-01-23,21317960,-10.925,-6.078,-8.671,48.795,83.867,67.471
2025-01-24,21317939,-12.19,-5.777,-8.757,50.852,87.228,71.789
2025-01-24,21317940,-12.919,-6.163,-9.26,51.818,88.945,73.193
2025-01-24,21317941,-13.434,-5.177,-8.64,45.382,86.659,71.262
2025-01-24,21317942,-12.962,-6.056,-9.306,56.052,86.7,73.533
2025-01-24,21317943,-14.142,-6.078,-9.619,51.469,87.414,74.692
2025-01-24,21317947,-13.477,-6.099,-9.283,51.409,88.202,74.734
2025-01-24,21317948,-13.22,-5.305,-8.821,44.283,86.482,70.753
2025-01-24,21317949,-13.52,-6.206,-9.307,56.806,90.811,75.348
2025-01-24,21317950,-12.834,-5.906,-9.365,54.325,86.761,74.116
2025-01-24,21317953,-12.941,-6.035,-9.319,52.091,87.414,74.916
2025-01-24,21317959,-13.027,-5.777,-8.925,52.166,85.226,71.272
2025-01-24,21317960,-13.499,-6.099,-9.426,55.346,86.27,73.836
2025-01-25,21317939,-14.721,-4.769,-10.489,57.133,85.4,72.022
2025-01-25,21317940,-14.893,-5.155,-10.865,58.17,85.258,71.737
2025-01-25,21317941,-16.115,-4.791,-10.576,56.628,87.75,73.242
2025-01-25,21317942,-16.115,-5.348,-11.037,61.17,86.217,74.916
2025-01-25,21317943,-19.032,-4.748,-11.83,58.488,85.277,75.094
2025-01-25,21317947,-16.63,-5.498,-10.926,59.292,87.749,75.229
2025-01-25,21317948,-17.295,-5.048,-11.049,57.485,86.613,73.6
2025-01-25,21317949,-16.544,-5.112,-11.021,56.313,87.863,73.533
2025-01-25,21317950,-15.214,-5.241,-10.91,58.804,85.693,73.32
2025-01-25,21317953,-16.287,-5.413,-11.141,60.914,84.216,74.467
2025-01-25,21317959,-16.094,-5.112,-10.892,59.635,82.728,72.474
2025-01-25,21317960,-17.059,-5.263,-11.263,56.857,83.479,72.748
2025-01-26,21317939,-5.305,0.207,-2.676,47.048,86.645,67.76
2025-01-26,21317940,-5.434,-0.222,-2.891,43.609,91.019,67.601
2025-01-26,21317941,-5.842,1.172,-2.61,47.03,91.54,69.397
2025-01-26,21317942,-5.734,0.314,-2.81,49.96,88.231,69.587
2025-01-26,21317943,-7.0,1.0,-2.834,48.994,87.146,69.874
2025-01-26,21317947,-5.584,0.679,-2.95,49.665,92.271,71.407
2025-01-26,21317948,-5.627,1.129,-2.599,47.454,90.007,67.644
2025-01-26,21317949,-5.67,0.85,-2.806,47.665,92.319,69.972
2025-01-26,21317950,-5.606,-0.008,-3.051,48.425,89.525,70.093
2025-01-26,21317953,-5.992,0.571,-2.978,49.546,92.615,70.759
2025-01-26,21317959,-5.627,0.786,-2.685,48.962,87.901,68.301
2025-01-26,21317960,-5.713,0.593,-2.824,49.267,88.312,68.298
2025-01-27,21317939,-6.549,2.523,-2.165,37.423,75.816,63.808
2025-01-27,21317940,-5.241,1.965,-2.317,39.937,73.452,60.408
2025-01-27,21317941,-5.82,2.545,-2.116,41.431,76.931,65.053
2025-01-27,21317942,-6.399,2.094,-2.226,40.621,73.817,64.007
2025-01-27,21317943,-8.458,1.987,-2.805,42.475,76.04,66.936
2025-01-27,21317947,-5.67,1.622,-2.516,44.091,77.998,66.162
2025-01-27,21317948,-8.115,2.266,-2.34,40.363,75.187,64.141
2025-01-27,21317949,-5.82,2.051,-2.406,43.478,75.418,65.898
2025-01-27,21317950,-5.992,1.601,-2.497,45.73,75.61,66.661
2025-01-27,21317953,-6.013,1.88,-2.468,41.842,76.822,65.756
2025-01-27,21317959,-7.086,2.287,-2.248,40.835,72.958,63.307
2025-01-27,21317960,-5.777,2.073,-2.385,41.654,74.977,64.274
2025-01-28,21317939,-14.614,2.437,-8.222,38.12,91.55,70.207
2025-01-28,21317940,-14.442,1.837,-8.601,41.738,92.795,71.027
2025-01-28,21317941,-14.271,2.437,-7.96,41.257,93.677,69.613
2025-01-28,21317942,-14.464,2.073,-8.444,41.619,91.376,68.777
2025-01-28,21317943,-14.528,1.923,-8.207,44.036,90.964,70.408
2025-01-28,21317947,-14.614,1.644,-8.428,44.549,94.667,73.873
2025-01-28,21317948,-13.799,2.158,-8.022,41.773,92.953,66.538
2025-01-28,21317949,-14.421,1.944,-8.263,44.91,93.614,76.007
2025-01-28,21317950,-14.635,1.536,-8.455,46.337,91.202,69.684
2025-01-28,21317953,-14.464,1.837,-8.345,42.741,94.218,69.58
2025-01-28,21317959,-14.013,2.244,-8.059,41.819,89.529,67.069
2025-01-28,21317960,-14.185,1.923,-8.35,42.995,92.296,70.267
2025-01-29,21317939,-13.777,-8.222,-11.552,59.71,86.897,80.679
2025-01-29,21317940,-14.206,-8.265,-11.888,52.766,87.855,78.234
2025-01-29,21317941,-14.828,-7.815,-11.982,56.725,88.89,78.536
2025-01-29,21317942,-14.464,-9.166,-12.211,56.011,86.801,78.477
2025-01-29,21317943,-14.592,-9.037,-12.166,60.089,85.872,78.406
2025-01-29,21317947,-14.271,-8.372,-12.002,57.865,88.467,79.179
2025-01-29,21317948,-14.528,-8.994,-12.038,54.876,85.859,76.21
2025-01-29,21317949,-14.914,-8.415,-11.919,58.18,89.741,81.202
2025-01-29,21317950,-14.635,-7.965,-11.699,54.675,84.933,77.128
2025-01-29,21317953,-14.421,-8.716,-12.12,57.929,87.08,79.722
2025-01-29,21317959,-14.421,-8.716,-12.036,55.84,84.678,76.058
2025-01-29,21317960,-15.043,-8.909,-12.188,55.727,85.118,77.222
2025-01-30,21317939,-17.788,-8.244,-13.772,53.478,85.635,62.496
2025-01-30,21317940,-17.938,-8.287,-14.035,55.059,87.279,63.327
2025-01-30,21317941,-18.045,-7.858,-13.674,53.036,88.684,65.608
2025-01-30,21317942,-18.238,-8.737,-14.126,56.229,87.012,65.706
2025-01-30,21317943,-18.303,-8.823,-14.139,53.452,85.487,66.672
2025-01-30,21317947,-18.517,-8.287,-14.069,53.407,85.484,67.004
2025-01-30,21317948,-18.045,-8.673,-13.857,50.718,86.101,63.594
2025-01-30,21317949,-18.303,-8.801,-14.102,53.043,89.561,72.627
2025-01-30,21317950,-18.003,-8.008,-13.906,58.111,79.673,64.707
2025-01-30,21317953,-18.153,-8.651,-14.032,52.77,86.372,65.624
2025-01-30,21317959,-17.895,-8.523,-13.805,54.449,84.862,64.954
2025-01-30,21317960,-18.346,-8.952,-14.176,55.846,85.013,67.001
2025-01-31,21317939,-12.448,-2.496,-7.514,65.513,86.604,78.183
2025-01-31,21317940,-12.383,-3.611,-8.144,70.997,84.074,77.626
2025-01-31,21317941,-13.198,-1.209,-8.788,66.091,86.92,79.467
2025-01-31,21317942,-12.919,-4.019,-9.141,68.774,85.78,79.243
2025-01-31,21317943,-13.177,-3.547,-9.18,64.283,83.912,77.699
2025-01-31,21317947,-12.383,-2.431,-8.181,67.103,86.583,79.454
2025-01-31,21317948,-13.048,-3.225,-8.992,66.65,86.155,78.482
2025-01-31,21317949,-12.448,-2.303,-8.901,67.959,89.059,82.684
2025-01-31,21317950,-12.04,-3.697,-8.306,70.704,84.182,78.052
2025-01-31,21317953,-12.791,-4.19,-9.052,70.988,88.289,81.198
2025-01-31,21317959,-12.834,-3.783,-9.044,66.201,85.153,77.519
2025-01-31,21317960,-12.855,-4.297,-9.234,70.7,84.16,79.457
2025-02-01,21317937,-15.193,-7.836,-12.366,42.968,70.69,57.952
2025-02-01,21317939,-14.893,-5.885,-11.26,47.198,72.755,58.271
2025-02-01,21317940,-15.386,-6.078,-11.823,46.062,73.689,57.937
2025-02-01,21317941,-15.815,-6.485,-11.087,44.887,75.99,61.044
2025-02-01,21317942,-16.072,-6.571,-12.136,48.559,72.724,60.829
2025-02-01,21317943,-16.866,-6.657,-12.066,44.497,74.453,60.896
2025-02-01,21317947,-15.643,-6.464,-11.731,46.694,75.43,61.818
2025-02-01,21317948,-15.665,-6.549,-11.612,42.679,73.336,57.616
2025-02-01,21317949,-15.665,-6.528,-11.49,47.848,72.935,59.544
2025-02-01,21317950,-15.386,-6.142,-11.731,50.857,71.791,59.561
2025-02-01,21317953,-16.115,-6.185,-12.002,48.882,73.205,59.71
2025-02-01,21317959,-16.051,-6.464,-11.842,43.76,71.524,59.997
2025-02-01,21317960,-16.008,-6.635,-12.115,46.374,74.743,62.182
2025-02-02,21317937,-19.74,-11.804,-15.385,50.764,83.291,67.487
2025-02-02,21317939,-18.389,-11.718,-15.059,52.221,82.701,68.232
2025-02-02,21317940,-18.389,-11.397,-15.279,49.189,78.236,63.584
2025-02-02,21317941,-18.903,-12.276,-15.608,56.458,80.978,69.225
2025-02-02,21317942,-18.882,-12.705,-15.68,54.943,82.681,67.811
2025-02-02,21317943,-21.113,-11.675,-16.353,51.858,82.869,69.558
2025-02-02,21317947,-18.667,-12.169,-15.446,55.099,81.479,68.679
2025-02-02,21317948,-20.297,-12.362,-15.95,53.053,82.232,67.692
2025-02-02,21317949,-19.118,-11.804,-15.377,54.936,80.874,68.796
2025-02-02,21317950,-18.153,-11.804,-15.168,55.964,78.36,67.485
2025-02-02,21317953,-18.968,-12.662,-15.664,54.372,82.745,68.244
2025-02-02,21317959,-18.131,-14.335,-16.338,56.4,72.741,65.611
2025-02-02,21317960,-19.954,-12.598,-15.812,55.65,79.945,68.267
2025-02-03,21317937,-13.305,-0.437,-7.511,69.754,94.304,85.037
2025-02-03,21317939,-12.512,-1.402,-7.103,68.457,90.451,84.279
2025-02-03,21317940,-13.134,-1.552,-7.952,65.359,91.836,82.915
2025-02-03,21317941,-13.07,-2.174,-8.555,69.596,91.192,84.585
2025-02-03,21317942,-13.07,-1.638,-8.148,69.354,90.381,83.945
2025-02-03,21317943,-13.048,-1.981,-8.326,68.631,89.488,82.609
2025-02-03,21317947,-13.305,-1.402,-7.989,70.367,94.022,85.182
2025-02-03,21317948,-13.07,-1.316,-7.851,68.28,92.267,83.717
2025-02-03,21317949,-12.962,-2.41,-8.732,70.852,93.509,87.294
2025-02-03,21317950,-12.769,-1.445,-8.033,68.856,89.837,82.986
2025-02-03,21317953,-12.877,-1.659,-8.08,69.447,91.138,84.931
2025-02-03,21317960,-12.984,-2.088,-8.608,68.078,90.661,83.273
2025-02-04,21317937,-8.308,-0.051,-4.534,50.253,94.693,70.469
2025-02-04,21317939,-8.48,-0.501,-4.854,51.51,91.49,69.929
2025-02-04,21317940,-8.608,-0.651,-5.096,48.434,92.52,69.047
2025-02-04,21317941,-8.801,-1.595,-5.363,47.941,91.31,69.138
2025-02-04,21317942,-8.801,-1.23,-5.452,51.679,90.761,71.724
2025-02-04,21317943,-8.887,-1.338,-5.384,51.017,89.563,70.527
2025-02-04,21317947,-9.08,-0.801,-5.385,53.933,94.606,72.595
2025-02-04,21317948,-8.737,-0.844,-5.065,48.614,92.83,67.866
2025-02-04,21317949,-8.973,-1.595,-5.768,55.517,94.241,85.498
2025-02-04,21317950,-8.673,-0.866,-5.265,51.383,90.181,69.689
2025-02-04,21317953,-8.737,-1.252,-5.356,53.254,91.312,71.475
2025-02-04,21317960,-9.08,-1.488,-5.416,52.198,90.651,70.538
2025-02-05,21317937,-16.115,-8.287,-12.577,45.449,75.894,62.319
2025-02-05,21317939,-16.072,-8.544,-13.068,49.001,72.705,61.839
2025-02-05,21317940,-16.544,-8.608,-13.48,48.04,69.808,58.506
2025-02-05,21317941,-16.694,-8.887,-13.267,51.699,77.212,62.883
2025-02-05,21317942,-16.694,-8.93,-13.377,49.66,75.413,61.102
2025-02-05,21317943,-17.595,-8.952,-13.354,45.811,77.011,61.714
2025-02-05,21317947,-16.844,-9.166,-13.475,47.056,77.885,63.36
2025-02-05,21317948,-16.244,-8.801,-12.898,44.558,72.563,58.405
2025-02-05,21317949,-16.844,-9.016,-13.336,48.22,76.603,63.585
2025-02-05,21317950,-16.48,-8.737,-13.394,55.19,73.617,61.817
2025-02-05,21317953,-16.48,-8.78,-13.267,50.26,73.69,62.281
2025-02-05,21317960,-16.887,-9.102,-13.439,48.109,75.503,62.019
2025-02-06,21317937,-16.759,-7.386,-13.644,67.115,88.368,80.286
2025-02-06,21317939,-15.579,-5.348,-13.025,68.289,90.275,81.05
2025-02-06,21317940,-14.742,-7.836,-12.725,64.758,87.741,78.408
2025-02-06,21317941,-16.094,-8.887,-13.512,65.046,88.952,81.001
2025-02-06,21317942,-15.901,-8.501,-13.472,65.051,88.423,80.952
2025-02-06,21317943,-17.445,-8.716,-14.11,64.529,87.205,81.235
2025-02-06,21317947,-15.472,-7.965,-13.088,70.095,88.646,81.338
2025-02-06,21317948,-16.394,-7.901,-13.739,62.713,88.29,79.918
2025-02-06,21317949,-15.879,-9.273,-13.347,67.852,89.245,81.688
2025-02-06,21317950,-14.785,-8.372,-12.876,69.616,87.066,79.71
2025-02-06,21317953,-15.429,-8.137,-13.175,66.589,89.764,81.701
2025-02-06,21317960,-15.986,-9.059,-13.438,64.877,86.423,79.46
2025-02-07,21317937,-7.214,1.301,-2.785,58.676,91.54,73.135
2025-02-07,21317939,-6.099,0.914,-3.393,56.898,91.733,75.56
2025-02-07,21317940,-8.115,0.593,-3.952,58.254,88.852,73.744
2025-02-07,21317941,-9.381,0.335,-4.107,58.587,92.039,75.002
2025-02-07,21317942,-8.801,0.571,-3.934,60.565,90.893,75.971
2025-02-07,21317943,-9.123,0.292,-3.988,60.162,88.766,75.317
2025-02-07,21317947,-8.544,0.207,-3.88,59.477,91.943,75.976
2025-02-07,21317948,-8.372,0.872,-3.563,57.417,91.774,73.111
2025-02-07,21317949,-9.295,-0.523,-4.232,58.543,93.782,76.734
2025-02-07,21317950,-8.673,-0.094,-4.14,62.53,88.579,76.531
2025-02-07,21317953,-8.716,0.099,-4.106,59.692,93.178,76.622
2025-02-07,21317960,-9.445,0.271,-4.117,56.551,89.763,73.704
2025-02-08,21317937,-7.858,-2.86,-5.562,52.29,81.657,66.212
2025-02-08,21317939,-8.952,-4.276,-6.535,54.357,84.138,67.704
2025-02-08,21317940,-9.638,-4.362,-6.874,54.769,85.528,66.872
2025-02-08,21317941,-9.359,-3.096,-6.528,49.285,83.967,65.032
2025-02-08,21317942,-9.145,-3.697,-6.628,53.854,84.193,68.167
2025-02-08,21317943,-10.496,-2.431,-6.466,50.01,85.299,67.714
2025-02-08,21317947,-9.423,-3.289,-6.596,55.227,87.329,69.383
2025-02-08,21317948,-8.909,-2.603,-6.103,49.09,83.072,65.46
2025-02-08,21317949,-9.595,-3.289,-6.451,51.8,86.963,65.343
2025-02-08,21317950,-9.552,-4.233,-6.82,57.681,85.379,68.506
2025-02-08,21317953,-9.316,-3.568,-6.616,51.249,85.145,66.635
2025-02-08,21317960,-9.531,-3.053,-6.578,52.267,84.097,67.196
2025-02-09,21317937,-9.187,-1.38,-5.813,60.871,87.781,74.724
2025-02-09,21317939,-8.394,-1.209,-5.63,56.454,88.861,73.927
2025-02-09,21317940,-8.244,-3.418,-5.834,50.857,85.698,72.912
2025-02-09,21317941,-9.338,-1.445,-6.025,55.863,89.169,73.983
2025-02-09,21317942,-8.909,-2.603,-6.101,59.969,87.164,75.349
2025-02-09,21317943,-9.788,-1.659,-6.292,59.738,86.078,75.384
2025-02-09,21317947,-8.48,-2.388,-5.867,60.383,87.355,75.31
2025-02-09,21317948,-8.887,-0.501,-5.885,54.839,86.902,73.316
2025-02-09,21317949,-9.187,-1.659,-5.595,56.101,89.982,77.19
2025-02-09,21317950,-8.651,-2.517,-5.734,60.182,85.342,74.274
2025-02-09,21317953,-8.716,-2.946,-6.05,60.262,90.12,76.749
2025-02-09,21317960,-9.381,-2.56,-6.106,57.65,84.97,74.497
2025-02-10,21317937,-8.801,-3.933,-6.262,38.46,90.106,63.204
2025-02-10,21317939,-9.381,-4.641,-6.817,43.156,85.24,63.255
2025-02-10,21317940,-9.681,-4.726,-7.155,42.721,88.27,63.424
2025-02-10,21317941,-9.638,-4.641,-7.189,41.779,90.149,63.645
2025-02-10,21317942,-9.809,-4.576,-7.139,39.564,88.632,63.985
2025-02-10,21317943,-9.981,-4.019,-7.164,36.875,88.405,64.292
2025-02-10,21317947,-9.895,-4.834,-7.0,42.374,88.354,64.99
2025-02-10,21317948,-9.316,-4.383,-6.846,35.602,89.79,62.023
2025-02-10,21317949,-9.745,-4.726,-6.837,43.636,90.912,65.676
2025-02-10,21317950,-9.788,-4.619,-7.129,44.813,86.755,65.294
2025-02-10,21317953,-9.616,-4.619,-7.15,41.798,89.178,64.22
2025-02-10,21317960,-9.681,-4.705,-7.117,40.488,86.096,63.304
2025-02-11,21317937,-8.801,-2.217,-5.881,45.106,82.512,66.013
2025-02-11,21317939,-8.844,-3.118,-6.236,44.778,81.935,65.459
2025-02-11,21317940,-8.608,-3.783,-6.616,42.283,84.984,65.434
2025-02-11,21317941,-8.63,-3.311,-6.526,48.605,82.536,67.154
2025-02-11,21317942,-8.587,-3.611,-6.476,46.21,83.569,66.005
2025-02-11,21317943,-9.445,-2.968,-6.624,45.061,80.76,66.944
2025-02-11,21317947,-8.651,-3.01,-6.556,47.066,87.718,67.417
2025-02-11,21317948,-8.994,-2.925,-6.329,44.561,83.758,64.955
2025-02-11,21317949,-8.415,-3.139,-6.503,49.607,85.711,67.265
2025-02-11,21317950,-8.265,-3.611,-6.373,44.97,81.428,67.17
2025-02-11,21317953,-8.78,-3.568,-6.523,47.454,86.551,67.225
2025-02-11,21317960,-8.351,-2.86,-6.477,46.577,84.619,66.344
2025-02-12,21317937,-16.222,-5.541,-11.988,42.805,73.21,56.609
2025-02-12,21317939,-15.579,-5.541,-11.651,43.098,69.775,56.346
2025-02-12,21317940,-16.308,-5.649,-12.234,44.053,68.128,56.7
2025-02-12,21317941,-17.509,-6.185,-12.799,47.889,70.805,60.729
2025-02-12,21317942,-17.23,-6.12,-12.954,46.886,69.235,58.814
2025-02-12,21317943,-18.045,-6.356,-13.235,46.622,73.162,60.489
2025-02-12,21317947,-16.737,-6.185,-12.451,46.229,69.015,58.493
2025-02-12,21317948,-16.823,-6.099,-12.429,44.384,68.635,56.828
2025-02-12,21317949,-17.316,-6.313,-12.411,47.184,69.825,59.152
2025-02-12,21317950,-16.651,-5.82,-12.429,44.305,67.675,58.198
2025-02-12,21317953,-16.887,-5.992,-12.552,46.677,69.41,58.619
2025-02-12,21317960,-17.617,-6.506,-13.014,44.002,68.486,59.072
2025-02-13,21317937,-12.877,-3.075,-7.904,52.052,92.726,81.646
2025-02-13,21317939,-12.212,-2.045,-7.538,52.16,92.537,81.494
2025-02-13,21317940,-12.147,-2.26,-7.803,51.098,92.193,80.953
2025-02-13,21317941,-12.877,-4.447,-8.499,52.564,92.085,82.443
2025-02-13,21317942,-13.091,-4.19,-8.381,50.115,91.196,81.221
2025-02-13,21317943,-12.898,-4.169,-8.332,51.933,90.552,81.131
2025-02-13,21317947,-12.834,-3.868,-8.338,51.836,92.776,82.14
2025-02-13,21317948,-13.241,-3.783,-8.211,52.522,91.759,81.535
2025-02-13,21317949,-12.555,-3.997,-8.304,53.529,92.721,82.848
2025-02-13,21317950,-12.362,-3.868,-8.141,50.832,91.873,81.417
2025-02-13,21317953,-12.683,-4.019,-8.21,49.923,92.766,82.184
2025-02-13,21317960,-12.726,-4.469,-8.414,51.102,90.399,80.597
2025-02-14,21317937,-11.032,-4.834,-7.624,51.853,82.156,65.953
2025-02-14,21317939,-11.547,-5.584,-8.331,49.66,90.602,66.382
2025-02-14,21317940,-11.697,-5.927,-8.709,50.347,84.503,64.904
2025-02-14,21317941,-12.147,-5.691,-8.652,46.886,91.347,68.057
2025-02-14,21317942,-12.083,-5.649,-8.657,52.303,90.17,67.625
2025-02-14,21317943,-12.19,-5.498,-8.62,53.201,89.607,69.742
2025-02-14,21317947,-12.126,-5.541,-8.673,54.206,91.077,69.351
2025-02-14,21317948,-11.911,-5.134,-8.218,49.871,82.09,66.178
2025-02-14,21317949,-12.212,-5.456,-8.523,52.844,91.742,68.633
2025-02-14,21317950,-11.954,-5.992,-8.923,55.95,91.072,73.393
2025-02-14,21317953,-12.104,-5.713,-8.693,54.224,91.786,74.53
2025-02-14,21317960,-12.49,-5.734,-8.913,54.295,88.908,70.759
2025-02-15,21317937,-12.877,-7.128,-9.511,44.906,77.563,60.642
2025-02-15,21317939,-11.461,-7.493,-9.454,45.298,78.306,62.012
2025-02-15,21317940,-11.118,-7.665,-9.436,43.395,66.851,55.776
2025-02-15,21317941,-12.083,-7.45,-9.952,49.299,77.687,63.177
2025-02-15,21317942,-11.911,-8.201,-10.039,46.369,75.802,61.653
2025-02-15,21317943,-13.82,-6.271,-10.554,41.985,78.607,63.573
2025-02-15,21317947,-11.718,-7.214,-9.835,47.895,70.237,60.845
2025-02-15,21317948,-12.791,-7.579,-10.132,46.284,77.183,61.542
2025-02-15,21317949,-12.212,-6.378,-9.727,42.849,75.148,62.623
2025-02-15,21317950,-11.332,-7.343,-9.572,49.07,68.557,59.14
2025-02-15,21317953,-12.04,-8.072,-10.029,48.119,76.223,63.105
2025-02-15,21317960,-12.598,-8.072,-10.258,50.875,77.066,64.633
2025-02-16,21317937,-11.096,-9.316,-10.125,64.456,88.258,84.02
2025-02-16,21317939,-10.839,-9.402,-10.008,63.462,88.284,85.857
2025-02-16,21317940,-11.032,-9.852,-10.391,66.123,87.453,83.685
2025-02-16,21317941,-11.204,-9.895,-10.583,71.579,88.714,84.959
2025-02-16,21317942,-11.311,-9.938,-10.517,67.497,87.892,84.412
2025-02-16,21317943,-11.053,-9.767,-10.466,68.779,87.256,83.027
2025-02-16,21317947,-11.397,-9.96,-10.622,70.138,88.614,84.846
2025-02-16,21317948,-11.268,-9.767,-10.431,66.732,88.165,83.545
2025-02-16,21317949,-11.053,-9.745,-10.361,72.302,89.099,87.474
2025-02-16,21317950,-10.796,-9.767,-10.29,68.415,88.435,84.437
2025-02-16,21317953,-11.032,-9.788,-10.332,68.705,89.387,86.074
2025-02-16,21317960,-11.053,-9.724,-10.468,70.851,87.085,82.606
2025-02-17,21317937,-13.284,-8.716,-10.556,61.151,89.0,77.409
2025-02-17,21317939,-13.927,-9.016,-11.019,54.725,88.595,75.169
2025-02-17,21317940,-14.206,-9.209,-11.42,57.096,87.524,75.04
2025-02-17,21317941,-13.992,-9.488,-11.314,57.229,88.815,75.011
2025-02-17,21317942,-13.927,-9.445,-11.291,61.077,88.344,76.183
2025-02-17,21317943,-13.906,-9.466,-11.242,62.965,87.292,77.389
2025-02-17,21317947,-14.271,-9.316,-11.347,59.962,88.586,76.998
2025-02-17,21317948,-13.713,-9.338,-11.055,59.783,88.38,75.447
2025-02-17,21317949,-13.992,-9.402,-11.23,57.452,89.561,76.442
2025-02-17,21317950,-14.142,-9.273,-11.432,67.518,88.92,81.712
2025-02-17,21317953,-14.056,-9.423,-11.298,59.228,89.7,76.609
2025-02-17,21317960,-14.056,-9.445,-11.351,61.038,87.118,77.162
2025-02-18,21317937,-14.399,-9.102,-12.183,57.603,75.952,66.224
2025-02-18,21317939,-14.785,-9.509,-12.75,52.473,70.335,59.842
2025-02-18,21317940,-15.193,-9.874,-13.184,54.78,75.198,61.276
2025-02-18,21317941,-15.0,-9.917,-13.026,51.373,74.298,61.07
2025-02-18,21317942,-15.086,-9.96,-13.039,55.608,77.153,65.386
2025-02-18,21317943,-14.957,-9.917,-12.925,54.755,76.576,65.041
2025-02-18,21317947,-15.257,-10.238,-13.14,56.181,78.1,65.929
2025-02-18,21317948,-14.936,-9.659,-12.793,53.703,75.972,63.157
2025-02-18,21317949,-15.15,-9.96,-13.017,58.062,82.28,64.978
2025-02-18,21317950,-15.0,-10.131,-13.001,57.754,75.531,64.652
2025-02-18,21317953,-15.107,-9.96,-13.016,53.677,77.934,63.693
2025-02-18,21317960,-15.193,-10.174,-13.014,56.056,75.929,64.519
2025-02-19,21317937,-15.407,-8.48,-12.341,55.315,78.373,69.375
2025-02-19,21317939,-16.394,-9.938,-13.234,58.331,78.842,70.063
2025-02-19,21317940,-16.78,-9.809,-13.583,53.457,76.077,66.903
2025-02-19,21317941,-16.158,-8.587,-12.981,50.773,77.409,65.611
2025-02-19,21317942,-16.437,-9.187,-13.191,54.931,78.26,68.78
2025-02-19,21317943,-16.415,-8.694,-12.998,52.824,78.616,68.45
2025-02-19,21317947,-16.759,-8.823,-13.215,53.887,80.883,70.014
2025-02-19,21317948,-16.158,-8.866,-12.77,53.089,77.102,66.314
2025-02-19,21317949,-16.78,-9.23,-12.983,57.018,78.155,68.894
2025-02-19,21317950,-16.63,-9.938,-13.329,57.745,78.158,69.134
2025-02-19,21317953,-16.587,-9.166,-13.048,56.135,80.127,70.474
2025-02-19,21317960,-16.437,-8.866,-13.009,54.984,78.689,68.843
2025-02-20,21317937,-15.386,-5.305,-10.024,57.096,84.118,69.158
2025-02-20,21317939,-15.386,-6.742,-11.229,61.816,79.065,70.658
2025-02-20,21317940,-16.029,-6.721,-11.801,57.282,77.45,66.801
2025-02-20,21317941,-15.472,-5.885,-10.868,62.264,78.833,70.237
2025-02-20,21317942,-15.579,-6.12,-11.126,61.677,77.549,69.079
2025-02-20,21317943,-17.016,-4.683,-10.987,56.738,79.254,68.597
2025-02-20,21317947,-15.858,-5.434,-11.2,57.53,82.275,69.643
2025-02-20,21317948,-15.622,-4.319,-10.413,51.176,78.323,65.828
2025-02-20,21317949,-16.008,-6.035,-11.006,57.964,78.489,69.148
2025-02-20,21317950,-16.179,-6.013,-11.487,60.468,78.251,68.317
2025-02-20,21317953,-15.708,-5.777,-10.999,60.734,80.79,70.42
2025-02-20,21317960,-15.836,-5.734,-11.134,60.148,78.808,69.375
2025-02-21,21317937,-9.767,-5.348,-7.495,57.787,81.926,69.872
2025-02-21,21317939,-10.56,-6.721,-8.194,55.97,81.822,68.579
2025-02-21,21317940,-10.818,-6.85,-8.563,57.781,80.558,68.266
2025-02-21,21317941,-10.431,-6.335,-8.08,57.234,81.46,68.305
2025-02-21,21317942,-10.389,-6.528,-8.092,61.151,81.807,69.305
2025-02-21,21317943,-10.303,-5.263,-7.957,56.225,80.819,68.946
2025-02-21,21317947,-11.011,-5.22,-8.311,57.847,84.175,71.917
2025-02-21,21317948,-10.024,-5.842,-7.782,56.698,81.491,67.1
2025-02-21,21317949,-10.667,-5.863,-8.069,57.05,86.377,69.763
2025-02-21,21317950,-10.86,-6.592,-8.166,60.493,81.454,69.857
2025-02-21,21317953,-10.41,-6.421,-8.072,57.278,82.75,69.458
2025-02-21,21317960,-10.517,-5.756,-8.003,57.823,80.223,69.185
2025-02-22,21317937,-11.718,-2.775,-7.268,54.647,78.178,68.938
2025-02-22,21317939,-12.662,-2.496,-7.868,49.712,79.783,68.011
2025-02-22,21317940,-13.198,-2.303,-8.422,56.89,77.49,67.414
2025-02-22,21317941,-12.769,-2.195,-8.08,55.229,75.665,66.934
2025-02-22,21317942,-12.383,-2.281,-7.975,56.939,76.226,69.903
2025-02-22,21317943,-14.078,-2.689,-8.042,55.283,78.561,70.187
2025-02-22,21317947,-13.134,-2.303,-8.085,53.7,81.524,71.352
2025-02-22,21317948,-11.933,-2.903,-7.557,52.757,75.235,67.566
2025-02-22,21317949,-13.391,-2.324,-7.911,57.928,77.801,69.965
2025-02-22,21317950,-13.52,-2.56,-8.188,59.535,78.511,69.148
2025-02-22,21317953,-12.705,-2.453,-7.872,50.713,77.267,67.854
2025-02-22,21317960,-13.091,-2.367,-8.118,57.568,77.957,70.895
2025-02-23,21317937,-3.354,0.571,-1.897,64.291,84.514,74.276
2025-02-23,21317939,-3.783,0.486,-2.314,61.811,87.292,75.528
2025-02-23,21317940,-4.061,-0.501,-2.54,63.737,87.81,74.914
2025-02-23,21317941,-3.89,-0.523,-2.426,65.327,87.456,75.455
2025-02-23,21317942,-3.783,-0.394,-2.316,64.744,86.311,75.046
2025-02-23,21317943,-4.104,0.228,-2.25,63.398,86.128,74.806
2025-02-23,21317947,-3.933,-0.308,-2.342,66.671,89.883,76.95
2025-02-23,21317948,-3.504,-0.029,-2.152,63.687,86.865,73.602
2025-02-23,21317949,-3.89,0.057,-2.228,64.918,90.509,76.072
2025-02-23,21317950,-3.847,-0.029,-2.284,65.73,86.233,75.918
2025-02-23,21317953,-3.89,-0.158,-2.389,65.78,87.567,76.339
2025-02-23,21317960,-3.89,-0.094,-2.193,64.314,86.368,74.836
2025-02-24,21317937,-5.241,4.368,-1.396,63.595,84.967,76.201
2025-02-24,21317939,-4.126,4.689,-0.764,57.845,83.203,73.131
2025-02-24,21317940,-3.611,4.453,-0.793,59.159,80.838,71.882
2025-02-24,21317941,-5.734,4.089,-2.19,61.897,85.223,76.448
2025-02-24,21317942,-5.606,4.303,-2.001,60.525,85.132,76.026
2025-02-24,21317943,-8.265,3.939,-2.545,63.487,89.215,76.891
2025-02-24,21317947,-4.254,4.389,-1.056,64.556,83.401,75.673
2025-02-24,21317948,-7.493,4.518,-2.262,59.58,88.994,76.41
2025-02-24,21317949,-5.949,4.089,-1.942,61.532,91.264,77.131
2025-02-24,21317950,-4.126,3.853,-1.133,64.091,81.927,74.862
2025-02-24,21317953,-5.391,4.089,-1.924,61.906,85.212,76.76
2025-02-24,21317960,-5.949,4.024,-2.167,61.004,83.607,75.503
2025-02-25,21317937,2.566,7.563,5.109,59.617,91.279,71.913
2025-02-25,21317939,3.896,7.885,5.245,51.157,86.761,68.632
2025-02-25,21317940,3.724,6.813,4.98,52.54,87.337,69.226
2025-02-25,21317941,3.81,6.941,5.179,52.976,87.434,69.473
2025-02-25,21317942,3.252,7.242,5.311,57.218,88.624,70.659
2025-02-25,21317943,2.866,7.713,5.191,59.408,89.691,72.122
2025-02-25,21317947,3.445,6.684,4.995,59.477,90.088,73.721
2025-02-25,21317948,3.252,8.078,5.342,55.187,88.917,68.279
2025-02-25,21317949,3.081,7.177,5.243,52.848,93.127,70.263
2025-02-25,21317950,3.188,6.984,4.818,58.703,89.332,71.856
2025-02-25,21317953,3.338,7.006,5.091,55.058,89.387,70.541
2025-02-25,21317960,3.746,6.941,5.253,52.496,87.503,69.55
2025-02-26,21317937,0.7,5.204,2.505,43.12,92.221,74.603
2025-02-26,21317939,0.271,3.96,2.133,46.516,90.996,75.725
2025-02-26,21317940,0.185,3.831,1.791,39.779,90.88,75.033
2025-02-26,21317941,0.421,3.939,2.007,39.283,90.666,74.905
2025-02-26,21317942,0.571,3.703,2.048,39.132,90.495,74.415
2025-02-26,21317943,-0.179,4.496,2.301,39.168,90.213,73.995
2025-02-26,21317947,0.035,4.196,1.926,44.854,92.927,76.936
2025-02-26,21317948,0.593,4.689,2.513,38.126,89.792,72.932
2025-02-26,21317949,0.121,4.904,2.1,40.218,94.305,76.729
2025-02-26,21317950,0.014,3.531,1.841,45.418,90.632,76.377
2025-02-26,21317953,0.099,3.724,1.992,38.77,91.202,75.324
2025-02-26,21317960,0.25,4.26,2.005,38.202,90.016,74.414
2025-02-27,21317937,-4.383,0.872,-1.626,54.778,90.149,78.474
2025-02-27,21317939,-4.941,0.85,-1.535,58.079,89.554,78.628
2025-02-27,21317940,-2.088,0.378,-0.955,58.181,91.301,75.808
2025-02-27,21317941,-3.675,0.443,-1.973,57.586,91.394,79.019
2025-02-27,21317942,-3.568,0.571,-1.856,55.682,89.641,76.984
2025-02-27,21317943,-6.335,0.057,-3.007,58.587,88.542,80.263
2025-02-27,21317947,-1.745,0.078,-0.969,51.835,96.022,78.754
2025-02-27,21317948,-4.19,0.443,-2.019,56.304,90.985,77.677
2025-02-27,21317949,-2.732,0.228,-1.669,59.805,94.498,79.921
2025-02-27,21317950,-2.453,0.335,-1.195,63.528,89.554,77.859
2025-02-27,21317953,-3.397,-0.029,-1.784,57.275,92.987,78.627
2025-02-27,21317960,-3.504,0.271,-1.841,57.632,88.806,76.562
2025-02-28,21317937,-8.008,2.287,-3.532,45.998,90.431,69.356
2025-02-28,21317939,-8.544,1.815,-4.154,45.771,90.849,69.629
2025-02-28,21317940,-9.338,1.772,-4.588,42.901,92.958,69.153
2025-02-28,21317941,-8.137,1.837,-4.039,45.023,91.243,69.046
2025-02-28,21317942,-8.458,1.923,-4.042,44.561,90.08,68.27
2025-02-28,21317943,-8.866,1.923,-3.867,41.082,89.435,68.379
2025-02-28,21317947,-8.372,1.73,-4.205,47.669,96.063,71.537
2025-02-28,21317948,-7.836,2.137,-3.611,39.907,90.198,67.032
2025-02-28,21317949,-7.986,1.343,-3.936,46.552,95.503,71.106
2025-02-28,21317950,-8.587,1.601,-4.187,50.832,90.101,71.587
2025-02-28,21317953,-8.265,1.665,-4.03,46.0,91.305,70.015
2025-02-28,21317960,-7.986,1.665,-3.94,45.144,89.59,68.302
2025-03-01,21317937,-9.145,2.909,-5.579,53.37,92.757,79.482
2025-03-01,21317939,-9.123,3.896,-4.983,52.609,91.083,78.778
2025-03-01,21317940,-9.145,0.914,-5.91,44.013,88.418,78.272
2025-03-01,21317941,-9.509,-0.973,-6.712,52.638,90.661,80.738
2025-03-01,21317942,-9.381,-0.973,-6.534,50.48,89.677,79.08
2025-03-01,21317943,-9.381,-0.458,-6.541,52.114,89.378,79.204
2025-03-01,21317947,-9.531,-0.265,-6.29,50.755,89.764,79.468
2025-03-01,21317948,-9.102,-0.673,-6.216,50.8,89.924,78.199
2025-03-01,21317949,-9.488,-2.002,-6.802,53.69,93.608,84.217
2025-03-01,21317950,-9.145,-0.994,-6.28,50.871,89.027,79.612
2025-03-01,21317953,-9.295,-0.93,-6.533,50.527,91.571,81.047
2025-03-01,21317960,-9.423,-1.295,-6.811,50.924,88.023,79.178
2025-03-02,21317937,-17.96,-8.351,-13.396,53.301,77.655,65.994
2025-03-02,21317939,-18.603,-8.801,-14.107,53.516,73.616,62.178
2025-03-02,21317940,-18.968,-9.08,-14.594,51.112,74.87,61.935
2025-03-02,21317941,-18.989,-8.716,-14.155,52.119,79.519,62.137
2025-03-02,21317942,-18.732,-8.587,-14.206,52.125,79.913,64.446
2025-03-02,21317943,-18.989,-8.587,-14.081,51.551,79.963,64.214
2025-03-02,21317947,-19.118,-9.338,-14.362,53.274,79.01,64.966
2025-03-02,21317948,-18.539,-8.372,-13.873,49.964,80.124,61.745
2025-03-02,21317949,-18.989,-8.909,-14.08,50.306,88.49,64.561
2025-03-02,21317950,-18.603,-8.973,-14.177,53.648,78.965,64.778
2025-03-02,21317953,-18.839,-8.651,-14.152,53.24,79.646,64.078
2025-03-02,21317960,-18.925,-8.844,-14.131,52.816,79.725,63.118
2025-03-03,21317937,-16.094,-3.933,-10.631,44.81,81.122,63.15
2025-03-03,21317939,-15.729,-4.49,-11.534,44.305,78.979,64.254
2025-03-03,21317940,-16.094,-4.984,-11.822,41.892,75.23,59.89
2025-03-03,21317941,-17.509,-4.019,-11.459,44.288,80.572,63.735
2025-03-03,21317942,-18.045,-4.447,-11.531,43.146,79.747,62.421
2025-03-03,21317943,-20.641,-3.675,-12.45,42.203,82.567,64.778
2025-03-03,21317947,-16.866,-4.447,-11.384,44.41,79.147,63.081
2025-03-03,21317948,-18.968,-4.061,-11.759,43.568,83.079,63.171
2025-03-03,21317949,-18.732,-4.533,-11.608,46.351,81.662,63.921
2025-03-03,21317950,-16.394,-4.426,-11.606,47.57,77.015,63.716
2025-03-03,21317953,-17.488,-4.426,-11.413,45.515,80.595,63.516
2025-03-03,21317960,-18.56,-4.233,-11.868,44.314,79.034,63.498
2025-03-04,21317937,-6.206,2.394,-2.321,59.559,94.51,72.424
2025-03-04,21317939,-6.356,3.939,-2.224,51.089,89.357,70.587
2025-03-04,21317940,-6.228,3.295,-2.373,47.538,93.829,69.578
2025-03-04,21317941,-6.163,3.617,-2.344,53.571,92.232,72.45
2025-03-04,21317942,-6.228,3.209,-2.216,54.815,89.659,71.467
2025-03-04,21317943,-8.415,4.882,-2.251,49.044,90.152,71.998
2025-03-04,21317947,-6.185,4.046,-1.745,49.949,95.0,71.589
2025-03-04,21317948,-6.163,3.038,-2.377,53.762,90.661,69.166
2025-03-04,21317949,-6.506,3.831,-1.938,51.804,95.198,70.981
2025-03-04,21317950,-6.292,3.789,-1.991,55.009,89.021,71.325
2025-03-04,21317953,-6.592,3.209,-2.341,53.584,94.894,72.405
2025-03-04,21317960,-6.271,3.531,-2.039,51.205,89.923,70.574
2025-03-05,21317937,-0.48,5.161,1.655,79.409,94.818,90.395
2025-03-05,21317939,-0.222,7.306,2.294,77.842,92.889,86.423
2025-03-05,21317940,-0.201,8.142,2.394,81.268,93.944,87.231
2025-03-05,21317941,-0.029,4.496,1.384,84.723,94.725,91.379
2025-03-05,21317942,-0.008,3.982,1.389,82.054,93.979,90.139
2025-03-05,21317943,-0.115,4.217,1.439,80.604,93.704,89.828
2025-03-05,21317947,0.571,7.52,1.954,82.051,94.624,88.714
2025-03-05,21317948,0.357,3.317,1.53,81.985,93.655,90.053
2025-03-05,21317949,0.014,5.311,1.574,80.98,96.208,93.83
2025-03-05,21317950,0.7,7.628,2.131,80.801,93.686,88.452
2025-03-05,21317953,-0.287,4.432,1.663,83.079,95.198,90.617
2025-03-05,21317960,0.443,3.853,1.512,83.294,91.836,89.549
2025-03-06,21317937,1.022,8.743,5.633,64.54,94.473,80.949
2025-03-06,21317939,0.786,9.193,5.757,62.89,90.069,79.66
2025-03-06,21317940,0.378,9.944,5.864,64.686,89.813,78.946
2025-03-06,21317941,0.872,7.885,4.65,64.579,94.652,83.645
2025-03-06,21317942,0.872,8.486,4.842,62.48,94.153,82.506
2025-03-06,21317943,0.893,7.285,4.362,63.5,94.171,83.401
2025-03-06,21317947,0.314,9.322,5.94,65.815,90.19,79.656
2025-03-06,21317948,1.086,7.692,4.268,61.573,94.185,82.303
2025-03-06,21317949,0.657,8.764,5.499,65.293,96.173,83.843
2025-03-06,21317950,0.85,9.129,5.844,65.522,90.533,80.712
2025-03-06,21317953,0.807,8.335,5.422,63.828,93.979,81.998
2025-03-06,21317960,0.807,7.735,4.815,64.355,92.589,82.497
2025-03-07,21317937,-7.515,2.008,-3.275,43.357,81.946,66.161
2025-03-07,21317939,-7.686,1.579,-3.706,42.278,85.757,65.633
2025-03-07,21317940,-7.965,0.486,-4.159,41.042,87.456,66.002
2025-03-07,21317941,-8.222,1.15,-3.921,42.969,86.276,66.684
2025-03-07,21317942,-8.008,1.429,-3.764,40.914,84.814,66.281
2025-03-07,21317943,-8.115,1.644,-3.579,40.418,83.397,64.954
2025-03-07,21317947,-8.287,1.408,-3.97,42.013,89.288,68.135
2025-03-07,21317948,-7.922,1.215,-3.498,39.864,82.371,64.29
2025-03-07,21317949,-8.072,1.901,-3.672,45.499,88.899,67.677
2025-03-07,21317950,-8.008,0.7,-3.821,43.467,87.082,68.035
2025-03-07,21317953,-8.201,1.043,-3.828,42.116,85.991,66.841
2025-03-07,21317960,-8.115,1.494,-3.709,41.665,88.396,66.353
2025-03-08,21317937,-6.571,-1.08,-3.726,46.604,72.343,58.062
2025-03-08,21317939,-6.657,-1.338,-4.042,44.744,71.313,54.513
2025-03-08,21317940,-7.021,-1.423,-4.328,44.886,67.477,54.476
2025-03-08,21317941,-7.021,-1.209,-4.342,40.891,74.206,57.113
2025-03-08,21317942,-6.957,-1.595,-4.308,42.29,73.475,57.12
2025-03-08,21317943,-6.721,-1.295,-4.075,41.251,69.96,55.872
2025-03-08,21317947,-7.128,-2.002,-4.394,45.382,72.764,58.588
2025-03-08,21317948,-6.807,-1.166,-4.044,41.147,72.024,55.012
2025-03-08,21317949,-7.3,-1.059,-4.064,46.458,78.778,58.765
2025-03-08,21317950,-7.128,-1.38,-4.191,45.55,73.689,57.184
2025-03-08,21317953,-7.043,-1.552,-4.316,42.928,75.125,56.488
2025-03-08,21317960,-6.614,-1.466,-4.203,42.821,69.332,55.884
2025-03-09,21317937,-4.362,3.038,-1.376,47.001,91.131,62.757
2025-03-09,21317939,-4.898,3.059,-1.674,43.696,87.62,61.437
2025-03-09,21317940,-5.498,2.201,-2.024,41.523,90.17,60.367
2025-03-09,21317941,-5.305,2.716,-2.136,42.167,87.538,61.529
2025-03-09,21317942,-5.069,2.823,-2.018,44.428,87.044,61.419
2025-03-09,21317943,-7.171,3.574,-1.862,42.89,86.349,60.824
2025-03-09,21317947,-5.52,2.866,-2.102,48.713,90.944,63.768
2025-03-09,21317948,-5.284,3.317,-1.764,40.67,88.513,59.755
2025-03-09,21317949,-5.606,3.016,-1.993,47.863,91.264,62.948
2025-03-09,21317950,-5.67,2.909,-1.8,45.84,84.82,61.223
2025-03-09,21317953,-5.67,2.738,-2.071,43.709,87.694,61.27
2025-03-09,21317960,-5.391,3.317,-2.042,44.311,87.222,60.025
2025-03-10,21317937,-4.984,4.518,-1.211,49.578,90.005,75.03
2025-03-10,21317939,-4.705,3.595,-1.332,52.866,90.181,75.694
2025-03-10,21317940,-4.898,2.716,-1.526,45.217,86.926,74.101
2025-03-10,21317941,-5.263,3.016,-1.869,45.788,91.618,75.92
2025-03-10,21317942,-5.112,2.437,-1.776,46.676,89.508,74.491
2025-03-10,21317943,-5.027,2.973,-1.739,49.322,88.733,74.001
2025-03-10,21317947,-5.134,2.416,-1.703,53.538,88.217,75.319
2025-03-10,21317948,-4.984,2.973,-1.63,46.952,88.524,73.761
2025-03-10,21317949,-5.027,2.866,-1.691,52.326,92.354,79.292
2025-03-10,21317950,-4.619,2.845,-1.37,52.23,86.5,74.301
2025-03-10,21317953,-5.091,2.48,-1.789,49.204,91.577,76.865
2025-03-10,21317960,-5.155,2.909,-1.776,44.681,87.913,73.593
2025-03-11,21317937,-3.311,14.341,3.792,42.821,88.27,71.282
2025-03-11,21317939,-0.673,14.126,4.777,42.203,82.214,67.64
2025-03-11,21317940,-1.037,13.998,5.222,41.1,80.714,64.261
2025-03-11,21317941,-2.775,14.598,4.001,43.162,87.538,70.823
2025-03-11,21317942,-2.71,14.577,4.146,41.1,87.245,69.324
2025-03-11,21317943,-3.933,15.263,3.885,40.546,89.041,70.167
2025-03-11,21317947,-1.295,14.405,5.011,42.414,83.047,67.034
2025-03-11,21317948,-2.624,15.456,4.088,39.498,87.391,69.506
2025-03-11,21317949,-3.139,14.534,4.523,43.587,88.55,69.43
2025-03-11,21317950,-1.702,14.191,4.702,43.807,83.674,67.775
2025-03-11,21317953,-2.388,14.941,4.404,40.818,86.27,69.052
2025-03-11,21317960,-3.118,14.341,3.924,42.919,85.544,68.848
2025-03-12,21317937,-6.807,5.183,-2.511,39.997,66.987,53.557
2025-03-12,21317939,-6.485,5.933,-2.344,32.554,69.561,50.008
2025-03-12,21317940,-6.442,5.397,-2.768,38.016,66.838,50.382
2025-03-12,21317941,-6.871,4.732,-3.141,40.291,68.453,55.057
2025-03-12,21317942,-7.15,5.032,-3.106,41.45,65.743,53.018
2025-03-12,21317943,-8.351,4.389,-3.075,40.162,67.707,54.309
2025-03-12,21317947,-7.0,4.646,-2.871,42.255,68.04,53.281
2025-03-12,21317948,-7.107,5.161,-2.846,43.079,65.321,52.966
2025-03-12,21317949,-7.364,4.689,-2.31,33.248,64.378,52.584
2025-03-12,21317950,-6.528,5.161,-2.693,40.034,63.377,51.197
2025-03-12,21317953,-6.85,5.118,-2.964,40.487,65.126,52.722
2025-03-12,21317960,-7.493,4.582,-3.208,41.038,63.389,53.632
2025-03-13,21317937,-8.158,5.44,-2.737,43.734,74.884,62.681
2025-03-13,21317939,-6.742,6.77,-1.772,39.855,75.851,59.532
2025-03-13,21317940,-7.043,6.212,-1.775,39.564,71.478,57.772
2025-03-13,21317941,-9.059,5.397,-3.079,43.496,77.395,64.068
2025-03-13,21317942,-8.458,4.432,-3.212,43.279,75.846,62.319
2025-03-13,21317943,-9.381,5.697,-3.594,44.036,78.247,63.409
2025-03-13,21317947,-7.686,6.684,-2.114,43.297,76.016,59.792
2025-03-13,21317948,-8.265,4.153,-3.236,44.231,76.869,62.935
2025-03-13,21317949,-9.209,6.512,-2.41,46.332,74.929,60.46
2025-03-13,21317950,-8.222,6.384,-2.181,45.698,75.349,59.517
2025-03-13,21317953,-8.394,4.882,-2.952,45.202,76.223,62.05
2025-03-13,21317960,-9.08,5.633,-3.22,46.307,75.944,62.699
2025-03-14,21317937,-4.233,12.282,2.604,44.181,87.227,67.034
2025-03-14,21317939,-2.86,12.604,3.619,41.041,82.856,63.012
2025-03-14,21317940,-1.895,11.209,4.026,40.711,73.446,59.895
2025-03-14,21317941,-3.997,12.089,3.079,43.606,78.1,62.509
2025-03-14,21317942,-4.405,10.866,2.71,43.4,80.708,62.334
2025-03-14,21317943,-6.485,12.797,2.034,38.424,87.149,64.492
2025-03-14,21317947,-2.667,12.218,4.105,39.239,79.464,60.614
2025-03-14,21317948,-5.691,12.132,2.519,41.729,85.803,63.551
2025-03-14,21317949,-4.49,12.668,3.724,38.907,81.149,60.455
2025-03-14,21317950,-2.775,11.338,3.578,41.994,76.258,60.994
2025-03-14,21317953,-4.34,11.403,2.891,41.468,80.314,62.585
2025-03-14,21317960,-4.834,11.982,2.599,40.575,78.041,62.225
2025-03-15,21317937,0.014,15.606,6.988,52.166,85.917,68.984
2025-03-15,21317939,3.724,17.172,9.556,47.481,76.883,61.393
2025-03-15,21317940,2.545,16.378,9.734,44.877,74.934,58.527
2025-03-15,21317941,0.807,16.25,7.877,51.241,79.657,64.686
2025-03-15,21317942,0.571,15.628,7.717,51.292,80.058,64.413
2025-03-15,21317943,-1.166,16.722,6.958,47.895,85.171,66.803
2025-03-15,21317947,2.523,16.464,9.447,49.245,77.137,61.346
2025-03-15,21317948,0.4,16.378,7.747,48.806,82.156,64.796
2025-03-15,21317949,0.335,17.687,8.718,40.166,79.504,61.959
2025-03-15,21317950,1.365,16.571,8.363,48.608,76.439,62.763
2025-03-15,21317953,1.258,15.671,8.143,51.772,80.229,63.503
2025-03-15,21317960,-0.458,16.271,7.464,49.999,80.388,64.981
2025-03-16,21317937,6.813,14.705,9.665,63.871,87.181,78.498
2025-03-16,21317939,8.1,17.258,11.664,56.295,82.635,73.467
2025-03-16,21317940,9.108,17.043,12.298,54.948,79.895,71.009
2025-03-16,21317941,8.679,17.022,11.663,57.063,82.997,74.887
2025-03-16,21317942,8.207,16.85,11.42,55.328,82.774,74.506
2025-03-16,21317943,7.199,15.821,10.608,59.251,86.485,76.479
2025-03-16,21317947,9.065,17.301,12.176,54.954,83.209,72.819
2025-03-16,21317948,8.121,17.322,11.75,57.275,82.824,74.06
2025-03-16,21317949,8.979,17.344,12.26,56.435,93.906,73.698
2025-03-16,21317950,9.043,16.55,12.06,56.199,83.323,72.914
2025-03-16,21317953,8.507,16.743,11.574,56.28,84.756,74.893
2025-03-16,21317960,8.421,16.958,11.788,55.581,82.843,73.264
2025-03-17,21317937,1.536,14.705,6.879,56.028,87.872,72.668
2025-03-17,21317939,1.622,15.606,6.927,50.929,82.692,71.06
2025-03-17,21317940,1.472,16.378,6.647,52.207,82.589,70.545
2025-03-17,21317941,1.815,16.507,7.236,50.1,83.322,70.689
2025-03-17,21317942,1.322,15.649,7.02,54.865,83.761,71.736
2025-03-17,21317943,0.335,14.405,6.822,54.336,88.922,72.436
2025-03-17,21317947,1.494,16.486,6.791,58.5,83.438,72.399
2025-03-17,21317948,1.687,15.864,7.433,52.645,82.728,70.595
2025-03-17,21317949,1.193,14.298,7.016,53.768,94.185,72.35
2025-03-17,21317950,2.073,15.521,6.937,51.061,85.919,71.264
2025-03-17,21317953,1.73,15.692,7.158,53.291,84.187,71.582
2025-03-17,21317960,0.872,16.464,7.052,55.27,84.115,70.711
2025-03-18,21317937,-3.161,8.035,1.691,36.706,80.732,59.519
2025-03-18,21317939,-3.246,8.464,1.915,34.214,74.275,56.13
2025-03-18,21317940,-2.753,6.984,1.641,32.956,72.248,54.318
2025-03-18,21317941,-3.675,8.915,1.589,34.682,77.893,59.21
2025-03-18,21317942,-3.74,6.813,1.326,34.566,78.407,58.432
2025-03-18,21317943,-6.271,8.829,0.877,33.994,86.476,60.399
2025-03-18,21317947,-3.611,7.563,1.655,34.943,78.663,57.392
2025-03-18,21317948,-4.705,7.542,1.204,36.992,79.922,59.296
2025-03-18,21317949,-4.726,8.679,1.912,31.867,85.405,58.415
2025-03-18,21317950,-3.397,7.349,1.617,35.958,77.632,55.482
2025-03-18,21317953,-4.19,7.392,1.281,34.607,80.275,58.544
2025-03-18,21317960,-4.061,7.263,1.115,34.893,80.572,59.298
2025-03-19,21317937,-0.737,17.837,5.426,36.971,78.131,62.062
2025-03-19,21317939,0.057,20.089,7.178,29.993,74.839,54.085
2025-03-19,21317940,-0.287,18.781,6.944,31.998,72.384,53.165
2025-03-19,21317941,-0.844,17.58,5.048,37.543,77.427,61.146
2025-03-19,21317942,-0.673,17.0,5.153,37.464,74.453,59.32
2025-03-19,21317943,-0.909,16.593,5.133,39.861,74.592,59.212
2025-03-19,21317947,-0.565,18.802,6.434,33.436,75.467,56.01
2025-03-19,21317948,-0.565,17.88,4.984,36.023,76.397,61.841
2025-03-19,21317949,-0.951,19.445,5.96,34.589,74.084,57.62
2025-03-19,21317950,-0.372,18.609,6.326,32.856,73.846,55.325
2025-03-19,21317953,-0.523,17.794,5.694,34.914,74.601,57.98
2025-03-19,21317960,-0.844,17.88,5.054,35.529,74.527,59.509
2025-03-20,21317937,9.129,19.403,12.402,41.39,66.47,49.758
2025-03-20,21317939,10.823,20.647,13.957,34.52,65.275,43.829
2025-03-20,21317940,11.038,19.017,14.187,35.615,65.341,42.698
2025-03-20,21317941,6.105,19.853,13.32,37.23,69.992,47.099
2025-03-20,21317942,6.834,19.317,13.433,36.98,68.728,45.828
2025-03-20,21317943,4.196,19.917,12.706,36.677,71.859,48.58
2025-03-20,21317947,11.445,19.36,14.224,36.358,67.582,43.539
2025-03-20,21317948,5.612,20.046,13.284,35.138,68.843,46.397
2025-03-20,21317949,7.113,20.368,13.95,37.299,66.581,46.544
2025-03-20,21317950,11.059,19.102,14.207,36.243,66.328,43.092
2025-03-20,21317953,7.52,19.746,13.759,35.875,65.957,44.454
2025-03-20,21317960,5.848,19.767,13.477,36.504,68.379,45.941
2025-03-21,21317937,-0.351,11.853,4.98,28.631,83.532,60.572
2025-03-21,21317939,-0.909,12.239,4.785,25.278,83.79,57.71
2025-03-21,21317940,-1.166,11.853,4.42,25.943,83.978,57.611
2025-03-21,21317941,-0.501,12.067,4.924,27.713,84.427,58.911
2025-03-21,21317942,-0.351,11.96,4.97,26.404,84.736,59.048
2025-03-21,21317943,-0.287,12.089,5.2,26.484,84.518,59.009
2025-03-21,21317947,-0.844,11.746,4.794,26.702,84.952,59.569
2025-03-21,21317948,-0.136,12.518,5.367,26.601,84.111,58.563
2025-03-21,21317949,-0.265,11.96,5.32,27.408,92.326,59.131
2025-03-21,21317950,-0.63,12.046,4.77,26.79,82.889,58.283
2025-03-21,21317953,-0.287,12.132,5.051,25.467,84.829,58.636
2025-03-21,21317960,-0.287,12.046,5.193,26.514,84.216,58.039
2025-03-22,21317937,-1.252,10.781,4.202,39.078,83.043,60.64
2025-03-22,21317939,-1.573,12.368,4.432,37.668,82.965,58.96
2025-03-22,21317940,-2.067,11.681,4.458,37.502,82.951,56.659
2025-03-22,21317941,-1.681,11.274,4.289,39.603,83.905,59.269
2025-03-22,21317942,-1.788,11.874,4.307,38.729,86.709,58.658
2025-03-22,21317943,-2.86,12.604,4.096,39.219,84.077,59.626
2025-03-22,21317947,-1.702,12.475,4.755,38.836,84.526,56.718
2025-03-22,21317948,-1.123,11.96,4.516,37.227,87.041,57.56
2025-03-22,21317949,-1.595,13.333,5.002,34.525,90.748,57.747
2025-03-22,21317950,-1.831,12.132,4.783,37.25,83.996,56.583
2025-03-22,21317953,-1.981,11.896,4.36,37.845,85.251,58.218
2025-03-22,21317960,-1.745,12.389,4.486,37.221,86.11,57.977
2025-03-23,21317937,-9.145,-0.351,-4.832,39.741,85.814,55.495
2025-03-23,21317939,-9.359,-1.059,-5.133,36.454,84.137,51.969
2025-03-23,21317940,-9.552,-1.595,-5.607,38.488,83.214,52.829
2025-03-23,21317941,-9.938,-0.758,-5.536,40.038,85.928,53.757
2025-03-23,21317942,-9.745,-1.423,-5.413,39.351,89.676,54.172
2025-03-23,21317943,-9.831,-0.008,-5.115,37.658,85.73,53.791
2025-03-23,21317947,-9.724,-1.102,-5.323,39.294,87.414,54.502
2025-03-23,21317948,-9.638,-0.994,-5.16,38.299,91.196,52.974
2025-03-23,21317949,-9.788,0.914,-4.606,30.3,89.644,53.107
2025-03-23,21317950,-9.574,-0.93,-5.323,39.01,84.54,52.499
2025-03-23,21317953,-9.809,-0.801,-5.415,37.104,87.091,52.455
2025-03-23,21317960,-9.638,-0.544,-5.211,38.012,86.325,53.152
2025-03-24,21317937,-4.834,3.982,-1.236,50.159,91.85,70.947
2025-03-24,21317939,-4.791,4.839,-1.098,49.461,92.065,70.113
2025-03-24,21317940,-3.868,4.003,-0.956,44.984,90.231,65.793
2025-03-24,21317941,-5.027,3.789,-1.827,45.148,93.133,71.498
2025-03-24,21317942,-4.898,4.453,-1.709,44.947,92.433,71.113
2025-03-24,21317943,-6.442,4.861,-2.027,45.705,90.056,71.365
2025-03-24,21317947,-4.662,4.303,-1.357,47.848,91.722,68.717
2025-03-24,21317948,-4.834,4.41,-1.544,45.133,89.892,70.378
2025-03-24,21317949,-4.683,4.646,-1.691,48.197,93.953,72.781
2025-03-24,21317950,-4.319,4.046,-1.219,46.442,89.815,67.999
2025-03-24,21317953,-4.619,3.724,-1.657,45.27,93.397,71.35
2025-03-24,21317960,-4.748,4.067,-1.744,44.996,88.382,69.54
2025-03-25,21317937,1.665,4.925,3.019,68.53,89.613,78.108
2025-03-25,21317939,1.429,4.132,2.949,70.837,87.333,77.844
2025-03-25,21317940,1.536,4.41,2.678,67.976,86.715,78.784
2025-03-25,21317941,-0.201,5.011,2.679,65.446,91.545,79.465
2025-03-25,21317942,0.035,4.539,2.783,66.914,91.032,78.569
2025-03-25,21317943,-0.287,5.333,2.697,63.239,91.662,79.277
2025-03-25,21317947,1.772,4.861,2.708,69.001,87.086,79.518
2025-03-25,21317948,0.335,5.183,3.012,65.922,91.086,78.127
2025-03-25,21317949,-0.158,5.676,2.576,59.376,95.051,81.49
2025-03-25,21317950,0.807,5.955,3.208,65.541,89.969,78.665
2025-03-25,21317953,0.357,4.797,2.801,67.071,91.302,79.575
2025-03-25,21317960,-0.115,5.14,2.618,64.251,90.161,78.594
2025-03-26,21317937,0.421,5.226,2.316,50.855,86.975,74.941
2025-03-26,21317939,0.271,5.268,2.084,51.035,87.659,75.8
2025-03-26,21317940,0.164,4.325,1.571,50.143,88.501,76.243
2025-03-26,21317941,0.185,4.99,2.087,51.093,86.806,73.521
2025-03-26,21317942,0.078,4.646,2.076,51.443,85.739,73.334
2025-03-26,21317943,-0.072,5.762,2.252,49.625,86.632,72.658
2025-03-26,21317947,-0.029,5.054,1.811,52.18,88.998,76.142
2025-03-26,21317948,0.486,5.161,2.357,49.895,84.947,72.223
2025-03-26,21317949,0.035,6.663,2.131,51.127,88.641,74.435
2025-03-26,21317950,0.035,5.097,2.086,48.956,87.716,74.704
2025-03-26,21317953,-0.051,5.526,2.147,49.537,87.073,73.48
2025-03-26,21317960,0.078,5.697,2.147,49.326,85.858,72.42
2025-03-27,21317937,-0.565,7.735,2.908,28.144,84.448,57.084
2025-03-27,21317939,-0.909,7.649,2.48,29.299,86.801,57.01
2025-03-27,21317940,-1.102,7.006,2.085,26.821,85.501,55.377
2025-03-27,21317941,-1.08,7.671,2.476,26.551,84.997,55.958
2025-03-27,21317942,-1.166,7.392,2.483,26.592,85.901,56.232
2025-03-27,21317943,-1.252,7.992,2.79,25.548,84.175,54.808
2025-03-27,21317947,-1.466,7.864,2.415,27.994,86.49,57.323
2025-03-27,21317948,-0.758,7.649,2.815,25.786,85.185,54.218
2025-03-27,21317949,-1.423,9.172,3.107,23.737,91.557,56.526
2025-03-27,21317950,-1.166,7.649,2.543,27.889,85.167,56.145
2025-03-27,21317953,-1.037,7.735,2.605,24.326,86.207,55.289
2025-03-27,21317960,-1.295,7.949,2.667,26.03,84.079,55.125
2025-03-28,21317937,-3.504,5.461,1.389,38.28,74.0,53.976
2025-03-28,21317939,-3.783,5.483,1.126,33.303,74.304,50.994
2025-03-28,21317940,-4.233,4.99,0.666,33.591,72.714,52.246
2025-03-28,21317941,-4.297,5.44,0.73,38.309,73.428,52.999
2025-03-28,21317942,-4.319,5.333,0.897,36.168,72.317,51.818
2025-03-28,21317943,-4.212,5.161,0.995,36.761,71.63,51.566
2025-03-28,21317947,-4.297,4.861,0.823,37.552,75.86,53.998
2025-03-28,21317948,-3.997,5.59,1.159,36.294,71.972,50.801
2025-03-28,21317949,-4.147,5.226,1.234,37.792,72.915,52.802
2025-03-28,21317950,-4.083,5.097,0.995,35.538,73.748,52.754
2025-03-28,21317953,-4.276,5.226,0.936,35.857,73.045,51.39
2025-03-28,21317960,-4.233,5.311,0.959,36.301,73.265,51.814
2025-03-29,21317937,-4.619,2.266,-1.316,38.729,90.321,60.764
2025-03-29,21317939,-5.048,2.48,-1.479,38.253,91.337,61.29
2025-03-29,21317940,-5.134,1.322,-1.865,37.855,88.83,60.525
2025-03-29,21317941,-5.284,1.665,-1.84,37.337,91.273,58.607
2025-03-29,21317942,-5.134,1.193,-1.846,36.242,90.811,58.449
2025-03-29,21317943,-5.048,1.965,-1.639,36.69,88.151,57.949
2025-03-29,21317947,-5.22,1.665,-1.946,37.406,89.062,61.326
2025-03-29,21317948,-4.898,1.858,-1.438,35.447,87.474,57.654
2025-03-29,21317949,-5.263,2.223,-1.646,38.163,91.934,60.536
2025-03-29,21317950,-4.962,1.601,-1.647,37.763,85.411,58.262
2025-03-29,21317953,-5.027,1.837,-1.574,36.202,91.731,57.971
2025-03-29,21317960,-5.284,1.279,-1.862,35.587,86.279,57.277
2025-03-30,21317937,-1.724,1.687,-0.083,38.926,92.57,68.382
2025-03-30,21317939,-1.724,1.944,0.016,36.526,92.772,66.731
2025-03-30,21317940,-2.002,1.301,-0.253,34.795,91.315,65.675
2025-03-30,21317941,-1.573,0.743,-0.518,36.541,93.371,68.163
2025-03-30,21317942,-1.788,0.85,-0.559,36.307,93.091,67.917
2025-03-30,21317943,-1.531,0.829,-0.511,36.054,92.317,67.5
2025-03-30,21317947,-2.088,1.0,-0.564,37.194,93.092,68.019
2025-03-30,21317948,-1.616,1.065,-0.399,39.191,93.086,68.452
2025-03-30,21317949,-1.488,0.786,-0.493,37.957,95.439,69.726
2025-03-30,21317950,-1.595,1.086,-0.256,36.66,91.449,66.275
2025-03-30,21317953,-1.488,1.15,-0.255,36.228,92.921,67.324
2025-03-30,21317960,-1.509,0.893,-0.439,35.46,91.092,66.825
2025-03-31,21317937,1.601,13.955,5.974,77.087,95.024,90.698
2025-03-31,21317939,1.644,15.263,7.006,77.865,93.384,89.539
2025-03-31,21317940,1.279,14.941,6.439,77.101,93.791,88.912
2025-03-31,21317941,0.721,14.534,4.936,76.927,95.105,91.511
2025-03-31,21317942,0.829,14.813,5.338,77.311,94.763,91.098
2025-03-31,21317943,0.807,14.319,5.037,75.81,94.789,91.281
2025-03-31,21317947,0.979,15.134,6.053,78.941,95.407,90.339
2025-03-31,21317948,0.979,14.899,5.528,75.665,95.01,90.875
2025-03-31,21317949,0.743,14.555,4.716,77.098,96.617,93.626
2025-03-31,21317950,1.086,14.92,5.459,79.413,93.445,90.41
2025-03-31,21317953,1.043,14.727,5.633,77.656,94.365,91.043
2025-03-31,21317960,0.85,14.105,4.795,76.379,93.928,90.486
2025-04-01,21317937,3.145,8.035,5.57,71.954,79.648,76.767
2025-04-01,21317938,-0.758,3.724,1.521,34.568,77.371,56.411
2025-04-01,21317939,-0.651,7.713,1.896,29.751,79.852,57.338
2025-04-01,21317940,-1.187,7.435,1.452,31.252,79.129,57.405
2025-04-01,21317941,-0.994,7.864,1.481,33.831,80.586,58.169
2025-04-01,21317942,-1.037,7.885,1.662,33.834,81.266,58.689
2025-04-01,21317943,-0.909,7.885,1.994,33.298,78.997,57.711
2025-04-01,21317947,-1.209,7.37,1.819,32.973,80.717,58.933
2025-04-01,21317948,-0.737,8.357,1.997,33.156,79.73,57.972
2025-04-01,21317949,-0.951,7.799,2.548,32.686,81.968,56.969
2025-04-01,21317950,-1.08,7.692,1.545,31.806,80.163,57.545
2025-04-01,21317953,-0.973,7.928,1.712,32.645,81.125,57.58
2025-04-01,21317960,-0.973,7.756,1.927,33.323,79.986,57.204
2025-04-02,21317938,-5.777,1.88,-2.101,33.277,53.606,43.827
2025-04-02,21317939,-5.67,2.03,-2.039,28.992,49.969,40.939
2025-04-02,21317940,-5.992,1.73,-2.312,30.803,52.705,41.661
2025-04-02,21317941,-6.421,1.708,-2.652,34.406,56.825,45.08
2025-04-02,21317942,-6.399,1.429,-2.685,33.024,55.933,43.754
2025-04-02,21317943,-7.021,2.18,-2.647,32.506,61.994,45.927
2025-04-02,21317947,-6.206,1.558,-2.44,31.986,54.888,43.253
2025-04-02,21317948,-6.206,1.858,-2.286,33.066,54.253,43.251
2025-04-02,21317949,-6.614,3.209,-1.914,30.364,59.329,44.534
2025-04-02,21317950,-6.12,1.751,-2.373,32.59,53.107,42.26
2025-04-02,21317953,-6.249,1.687,-2.452,32.383,54.263,42.657
2025-04-02,21317960,-6.313,1.579,-2.707,33.661,57.783,45.105
2025-04-03,21317938,-0.351,17.88,5.756,43.098,93.77,80.726
2025-04-03,21317939,-0.329,18.781,6.405,40.4,93.06,79.107
2025-04-03,21317940,-0.673,18.545,6.401,39.98,90.55,77.881
2025-04-03,21317941,-0.394,19.403,6.185,51.281,91.724,79.329
2025-04-03,21317942,-0.415,19.038,6.059,51.466,91.376,79.505
2025-04-03,21317943,-0.287,19.553,6.248,51.255,91.562,79.047
2025-04-03,21317947,-0.458,18.373,6.584,44.208,91.797,78.255
2025-04-03,21317948,-0.244,19.081,6.24,48.875,90.724,78.993
2025-04-03,21317949,-0.587,19.403,6.37,50.916,96.391,82.439
2025-04-03,21317950,-0.244,18.545,6.549,44.332,90.06,78.254
2025-04-03,21317953,-0.351,19.167,6.149,50.576,93.696,80.36
2025-04-03,21317960,-0.501,18.652,6.264,46.136,89.841,78.435
2025-04-04,21317938,4.518,15.177,8.617,39.123,67.721,54.397
2025-04-04,21317939,4.282,15.092,8.466,37.359,66.755,52.396
2025-04-04,21317940,4.024,14.877,8.074,38.259,66.273,52.859
2025-04-04,21317941,3.982,14.941,8.242,37.09,69.218,53.892
2025-04-04,21317942,4.067,14.727,8.261,37.589,68.22,53.747
2025-04-04,21317943,3.917,14.877,8.692,34.772,67.08,52.371
2025-04-04,21317947,3.96,14.384,8.369,37.282,68.074,53.973
2025-04-04,21317948,4.475,15.392,8.683,36.672,66.072,52.1
2025-04-04,21317949,4.089,14.555,9.026,34.813,68.132,53.487
2025-04-04,21317950,4.132,14.577,8.217,38.408,66.864,53.14
2025-04-04,21317953,4.11,14.899,8.365,35.836,67.642,52.494
2025-04-04,21317960,3.96,14.641,8.469,36.553,63.532,50.239
2025-04-05,21317938,1.494,8.979,4.778,48.435,88.125,67.487
2025-04-05,21317939,1.73,9.472,5.074,45.55,87.118,64.933
2025-04-05,21317940,1.558,9.472,4.989,45.67,87.475,63.886
2025-04-05,21317941,1.086,9.708,4.441,44.329,88.65,68.213
2025-04-05,21317942,1.065,9.301,4.397,45.904,88.069,67.751
2025-04-05,21317943,1.236,9.494,4.234,44.558,88.728,68.437
2025-04-05,21317947,1.258,9.022,4.559,48.484,87.173,66.859
2025-04-05,21317948,1.129,9.687,4.552,43.83,88.902,67.98
2025-04-05,21317949,1.494,9.065,4.422,47.309,95.331,70.238
2025-04-05,21317950,1.687,9.451,4.88,45.046,88.551,65.496
2025-04-05,21317953,1.258,9.472,4.637,44.804,90.185,67.302
2025-04-05,21317960,1.193,9.043,3.789,46.246,66.032,58.675
2025-04-06,21317938,4.668,9.322,6.091,35.601,93.512,74.31
2025-04-06,21317939,4.346,9.15,6.049,32.842,91.69,73.5
2025-04-06,21317940,4.067,8.228,5.752,33.394,92.367,73.724
2025-04-06,21317941,3.424,8.1,5.814,33.863,93.079,75.015
2025-04-06,21317942,4.175,8.764,5.904,33.889,91.568,74.447
2025-04-06,21317943,4.132,9.215,5.998,33.413,92.534,74.803
2025-04-06,21317947,4.11,9.408,5.893,34.801,93.141,74.186
2025-04-06,21317948,4.368,8.786,6.103,33.051,93.202,73.996
2025-04-06,21317949,4.067,10.394,6.21,35.41,96.452,76.462
2025-04-06,21317950,4.282,8.636,6.021,32.621,92.355,73.885
2025-04-06,21317953,3.896,8.614,5.877,31.798,93.619,75.091
2025-04-06,21317960,4.196,9.301,7.077,35.244,84.646,53.065
2025-04-07,21317938,-1.123,9.043,4.025,28.388,69.02,45.507
2025-04-07,21317939,-0.158,9.472,4.351,25.834,61.288,41.81
2025-04-07,21317940,0.164,8.1,3.982,26.438,55.97,40.929
2025-04-07,21317941,-0.801,9.408,3.931,26.821,65.156,45.0
2025-04-07,21317942,-0.887,7.563,3.603,26.296,66.452,44.596
2025-04-07,21317943,-2.71,9.301,3.486,25.827,71.987,47.563
2025-04-07,21317947,-0.115,8.55,4.078,26.914,59.484,42.504
2025-04-07,21317948,-0.801,8.807,3.917,27.179,66.589,44.492
2025-04-07,21317949,-1.488,12.368,4.616,26.084,67.193,44.328
2025-04-07,21317950,-0.158,8.121,3.97,27.704,62.182,42.425
2025-04-07,21317953,-0.523,8.378,3.961,26.038,64.533,43.189
2025-04-07,21317960,-1.252,8.014,3.631,28.185,64.758,44.892
2025-04-08,21317938,-3.74,5.869,0.972,42.951,91.266,70.714
2025-04-08,21317939,-4.405,6.255,1.079,40.681,89.776,71.294
2025-04-08,21317940,-4.641,6.083,0.807,40.525,91.545,70.928
2025-04-08,21317941,-4.104,5.311,0.422,43.856,94.405,71.485
2025-04-08,21317942,-4.233,5.183,0.332,42.727,91.389,71.343
2025-04-08,21317943,-4.233,5.268,0.559,43.101,90.593,70.27
2025-04-08,21317947,-4.512,5.676,0.422,42.547,94.214,72.27
2025-04-08,21317948,-3.997,5.504,0.512,44.717,93.498,71.127
2025-04-08,21317949,-4.233,5.44,0.325,42.473,95.029,78.379
2025-04-08,21317950,-4.254,5.955,0.707,40.049,90.089,71.253
2025-04-08,21317953,-4.276,5.59,0.367,42.574,93.452,72.589
2025-04-08,21317960,-4.083,5.354,0.346,41.642,90.922,70.367
2025-04-09,21317938,-5.906,2.48,-2.254,41.907,86.595,63.662
2025-04-09,21317939,-6.056,2.201,-2.64,37.993,87.346,60.701
2025-04-09,21317940,-6.142,1.365,-2.985,38.817,85.791,58.834
2025-04-09,21317941,-7.064,2.201,-2.931,41.933,86.78,60.457
2025-04-09,21317942,-7.043,1.88,-2.982,42.626,88.144,61.128
2025-04-09,21317943,-7.364,2.437,-2.798,41.912,86.513,61.361
2025-04-09,21317947,-6.957,2.137,-2.898,43.188,87.227,62.569
2025-04-09,21317948,-6.893,1.815,-2.713,41.343,90.198,61.259
2025-04-09,21317949,-7.364,2.716,-2.701,41.993,91.484,64.378
2025-04-09,21317950,-6.442,2.223,-2.631,42.029,87.034,61.132
2025-04-09,21317953,-7.043,2.287,-2.801,40.436,87.382,61.052
2025-04-09,21317960,-7.236,2.523,-2.78,41.553,84.99,60.433
2025-04-10,21317938,-0.372,7.392,2.899,34.614,70.393,53.735
2025-04-10,21317939,-2.41,8.293,2.421,32.557,73.021,53.737
2025-04-10,21317940,-1.509,7.242,2.183,33.021,69.099,52.909
2025-04-10,21317941,-1.788,8.271,2.516,34.704,80.755,53.983
2025-04-10,21317942,-1.573,7.542,2.419,34.607,72.1,52.927
2025-04-10,21317943,-4.126,8.486,1.988,33.674,77.128,55.412
2025-04-10,21317947,-1.745,7.842,2.474,33.794,72.67,53.441
2025-04-10,21317948,-1.788,8.078,2.699,32.27,69.798,51.034
2025-04-10,21317949,-2.174,10.459,2.986,28.228,71.937,53.489
2025-04-10,21317950,-2.238,7.971,2.454,35.332,73.878,54.045
2025-04-10,21317953,-2.045,8.207,2.59,32.497,72.197,52.143
2025-04-10,21317960,-1.917,8.078,2.491,34.467,68.521,51.966
2025-04-11,21317938,2.802,7.499,5.339,42.109,84.292,72.264
2025-04-11,21317939,2.866,7.907,5.454,41.833,83.285,71.359
2025-04-11,21317940,2.695,7.242,5.227,39.425,83.157,71.002
2025-04-11,21317941,1.987,7.949,4.807,42.551,88.252,73.983
2025-04-11,21317942,2.073,7.156,4.803,41.334,87.776,73.418
2025-04-11,21317943,2.094,7.456,4.748,43.719,87.526,74.013
2025-04-11,21317947,2.309,7.049,4.924,42.313,86.384,73.067
2025-04-11,21317948,2.416,7.413,5.069,41.7,86.659,73.467
2025-04-11,21317949,2.116,7.885,4.982,44.323,90.546,74.047
2025-04-11,21317950,2.416,7.327,5.189,41.773,85.937,72.321
2025-04-11,21317953,2.373,7.349,5.118,40.296,86.88,72.712
2025-04-11,21317960,2.116,7.306,4.852,41.628,86.542,72.602
2025-04-12,21317938,3.295,10.587,6.244,58.479,85.148,76.726
2025-04-12,21317939,4.217,11.445,6.832,54.043,80.969,72.347
2025-04-12,21317940,3.317,10.545,6.537,50.269,81.337,71.486
2025-04-12,21317941,3.081,10.545,6.323,50.315,84.477,73.868
2025-04-12,21317942,3.124,10.437,6.262,57.366,84.463,74.003
2025-04-12,21317943,2.673,10.931,6.292,54.463,85.035,73.588
2025-04-12,21317947,2.973,10.373,6.344,57.264,82.846,73.879
2025-04-12,21317948,3.445,10.266,6.237,57.943,84.649,75.718
2025-04-12,21317949,2.459,11.81,6.633,50.594,85.022,73.304
2025-04-12,21317950,2.802,10.738,6.594,50.793,82.58,71.589
2025-04-12,21317953,3.295,11.016,6.55,55.149,85.177,73.532
2025-04-12,21317960,2.695,10.673,6.276,52.297,83.226,72.069
2025-04-13,21317938,5.097,15.714,8.419,37.598,84.949,68.738
2025-04-13,21317939,5.333,16.293,8.719,35.003,83.58,64.794
2025-04-13,21317940,5.29,14.427,8.496,37.873,80.653,63.987
2025-04-13,21317941,4.968,16.078,8.613,37.92,85.232,66.337
2025-04-13,21317942,5.097,14.362,8.288,39.435,84.628,66.145
2025-04-13,21317943,4.818,15.799,8.639,36.985,85.855,65.626
2025-04-13,21317947,5.14,14.877,8.37,38.163,81.349,65.69
2025-04-13,21317948,5.075,16.035,8.529,36.449,84.933,67.145
2025-04-13,21317949,4.947,17.043,9.039,37.324,83.647,65.817
2025-04-13,21317950,5.226,15.156,8.527,39.246,81.056,64.965
2025-04-13,21317953,5.204,15.606,8.602,37.525,85.127,65.514
2025-04-13,21317960,4.925,15.049,8.389,38.225,82.388,65.759
2025-04-14,21317938,2.738,16.293,9.051,31.655,69.483,52.955
2025-04-14,21317939,3.638,17.537,10.454,28.301,59.225,45.227
2025-04-14,21317940,4.003,15.928,10.046,29.448,62.493,45.056
2025-04-14,21317941,2.738,17.301,9.83,28.237,65.678,46.474
2025-04-14,21317942,2.051,16.614,9.914,27.297,69.152,45.472
2025-04-14,21317943,-0.608,17.58,9.368,27.82,73.996,48.136
2025-04-14,21317947,4.26,16.657,10.411,26.903,61.44,44.503
2025-04-14,21317948,2.03,17.279,9.919,27.059,71.035,46.592
2025-04-14,21317949,2.309,18.995,10.287,24.877,69.363,48.037
2025-04-14,21317950,4.003,16.636,10.523,26.987,60.395,43.964
2025-04-14,21317953,1.837,17.0,10.184,27.07,70.637,44.928
2025-04-14,21317960,1.644,16.915,9.599,28.688,66.838,46.864
2025-04-15,21317938,7.585,14.984,11.008,31.92,88.774,64.323
2025-04-15,21317939,8.378,14.877,11.551,31.348,86.134,59.911
2025-04-15,21317940,6.963,14.512,11.488,30.855,81.195,59.552
2025-04-15,21317941,7.606,14.856,11.466,29.961,84.681,59.861
2025-04-15,21317942,7.499,14.663,11.334,29.732,86.638,60.141
2025-04-15,21317943,7.006,15.563,10.995,32.804,89.035,61.275
2025-04-15,21317947,7.606,15.049,11.725,30.915,85.231,60.267
2025-04-15,21317948,7.606,15.327,11.506,30.213,85.077,60.245
2025-04-15,21317949,6.512,15.842,11.294,32.525,95.294,63.535
2025-04-15,21317950,7.928,15.606,12.02,30.018,84.743,58.547
2025-04-15,21317953,7.907,15.563,11.85,28.905,84.884,58.285
2025-04-15,21317960,7.242,15.177,11.058,34.568,85.64,62.145
2025-04-16,21317938,0.721,8.979,3.494,67.973,82.637,76.693
2025-04-16,21317939,-0.029,7.478,3.121,66.348,86.801,77.304
2025-04-16,21317940,0.014,6.898,2.82,65.348,87.121,76.527
2025-04-16,21317941,0.486,8.786,3.321,63.073,84.599,75.475
2025-04-16,21317942,0.486,8.271,3.3,65.771,84.623,76.442
2025-04-16,21317943,0.679,8.335,3.369,64.15,83.062,74.895
2025-04-16,21317947,0.164,7.113,2.837,69.79,90.367,78.477
2025-04-16,21317948,0.614,9.279,3.517,64.263,83.766,75.314
2025-04-16,21317949,0.636,7.113,3.116,67.271,89.493,77.694
2025-04-16,21317950,0.486,7.585,3.356,66.653,86.368,77.106
2025-04-16,21317953,0.314,8.55,3.293,66.136,86.638,77.128
2025-04-16,21317960,0.721,8.014,3.295,64.187,84.746,74.993
2025-04-17,21317938,0.743,10.459,4.404,23.558,69.41,53.084
2025-04-17,21317939,0.464,10.223,4.118,20.702,66.806,49.461
2025-04-17,21317940,0.228,9.687,3.702,21.146,66.433,49.511
2025-04-17,21317941,0.314,10.523,4.03,18.18,66.236,48.296
2025-04-17,21317942,0.4,10.051,4.138,18.956,67.916,49.197
2025-04-17,21317943,0.378,11.081,4.46,17.409,66.636,47.861
2025-04-17,21317947,0.078,10.116,4.043,23.156,70.005,51.772
2025-04-17,21317948,0.636,10.866,4.34,17.484,66.429,48.678
2025-04-17,21317949,0.357,11.209,4.786,20.139,67.863,48.934
2025-04-17,21317950,0.443,10.223,4.226,19.342,67.028,49.116
2025-04-17,21317953,0.421,10.502,4.21,18.582,67.088,48.509
2025-04-17,21317960,0.357,10.995,4.347,19.21,66.046,48.24
2025-04-18,21317938,1.772,14.598,8.294,28.418,71.901,48.221
2025-04-18,21317939,1.429,15.799,8.554,23.471,73.159,44.546
2025-04-18,21317940,2.266,15.756,8.643,22.107,67.533,41.662
2025-04-18,21317941,1.301,15.971,8.684,23.096,71.237,41.41
2025-04-18,21317942,1.386,15.735,8.367,22.618,70.938,42.116
2025-04-18,21317943,-0.244,15.006,7.561,22.747,73.974,44.946
2025-04-18,21317947,2.373,15.992,8.884,26.326,63.769,41.292
2025-04-18,21317948,0.614,15.285,8.332,23.072,72.082,42.097
2025-04-18,21317949,1.494,15.671,9.164,25.348,69.56,42.35
2025-04-18,21317950,2.051,15.349,8.85,23.726,68.209,41.625
2025-04-18,21317953,1.644,15.563,8.259,22.22,71.592,42.379
2025-04-18,21317960,1.301,15.928,8.406,24.211,69.468,42.492
2025-04-19,21317938,7.113,19.66,13.908,47.753,91.948,74.497
2025-04-19,21317939,10.609,19.96,14.648,40.974,89.256,73.232
2025-04-19,21317940,11.403,19.746,15.232,39.907,88.927,70.462
2025-04-19,21317941,8.743,20.754,14.658,39.059,90.307,70.958
2025-04-19,21317942,8.528,21.033,14.728,40.168,89.664,71.107
2025-04-19,21317943,8.571,21.269,14.37,43.642,91.998,71.929
2025-04-19,21317947,10.931,20.303,15.518,41.64,89.943,71.141
2025-04-19,21317948,7.713,20.99,14.66,39.438,89.31,70.126
2025-04-19,21317949,8.4,21.161,14.436,42.452,96.066,74.994
2025-04-19,21317950,11.081,21.097,15.353,41.553,90.021,71.313
2025-04-19,21317953,9.129,20.99,14.901,39.431,90.488,71.316
2025-04-19,21317960,8.979,20.84,14.325,39.896,88.881,71.715
2025-04-20,21317938,3.231,17.086,8.769,29.02,69.488,51.971
2025-04-20,21317939,3.081,17.622,8.722,25.786,69.676,48.215
2025-04-20,21317940,2.973,17.408,8.211,26.703,67.707,47.543
2025-04-20,21317941,2.973,17.193,8.306,25.576,66.897,48.606
2025-04-20,21317942,2.931,17.236,8.423,25.653,66.937,49.003
2025-04-20,21317943,3.016,17.236,8.777,24.057,66.728,48.03
2025-04-20,21317947,2.759,16.958,8.58,27.028,67.514,49.666
2025-04-20,21317948,3.145,17.558,8.687,24.756,66.337,48.763
2025-04-20,21317949,3.059,17.129,9.322,27.44,67.62,47.769
2025-04-20,21317950,3.059,17.279,8.4,26.854,65.853,47.4
2025-04-20,21317953,2.973,17.408,8.326,25.017,66.975,48.671
2025-04-20,21317960,2.995,17.022,8.578,26.328,66.992,48.384
2025-04-21,21317938,2.416,14.298,7.957,23.342,77.613,41.517
2025-04-21,21317939,3.338,14.491,8.239,21.863,76.786,37.889
2025-04-21,21317940,3.831,13.697,8.052,21.118,75.253,37.106
2025-04-21,21317941,2.18,14.941,7.939,20.385,79.797,38.91
2025-04-21,21317942,1.236,14.298,7.626,20.542,79.554,38.939
2025-04-21,21317943,-0.823,15.242,7.143,20.381,82.905,42.321
2025-04-21,21317947,3.381,14.319,8.019,21.263,75.563,38.813
2025-04-21,21317948,1.129,14.727,7.827,20.732,78.076,41.272
2025-04-21,21317949,1.429,16.057,8.111,21.251,93.054,42.261
2025-04-21,21317950,3.145,14.427,8.055,21.163,76.231,38.011
2025-04-21,21317953,1.429,14.491,7.771,20.97,77.221,39.393
2025-04-21,21317960,0.85,14.191,7.18,21.956,77.714,42.259
2025-04-22,21317938,8.335,11.488,10.049,54.412,85.441,71.264
2025-04-22,21317939,8.035,11.617,10.076,53.085,84.788,69.898
2025-04-22,21317940,8.057,11.102,9.964,48.261,83.917,68.015
2025-04-22,21317941,8.25,11.638,9.998,51.633,85.534,70.286
2025-04-22,21317942,7.907,11.703,9.985,54.473,85.524,70.549
2025-04-22,21317943,7.756,11.617,9.855,54.179,87.333,71.666
2025-04-22,21317947,8.057,11.167,9.994,54.524,84.526,69.981
2025-04-22,21317948,8.335,11.703,10.203,50.083,86.284,68.779
2025-04-22,21317949,7.349,11.767,9.92,52.1,95.024,73.317
2025-04-22,21317950,8.378,11.66,10.276,49.322,83.919,68.008
2025-04-22,21317953,8.207,11.703,10.12,53.613,84.265,69.862
2025-04-22,21317960,7.928,11.553,9.963,51.707,84.773,69.792
2025-04-23,21317938,6.276,15.499,10.127,41.852,72.711,58.151
2025-04-23,21317939,5.268,15.349,9.96,39.228,74.137,56.383
2025-04-23,21317940,4.947,14.577,9.531,39.356,72.641,54.058
2025-04-23,21317941,5.805,15.092,9.889,40.076,74.002,58.244
2025-04-23,21317942,5.783,15.306,9.942,39.545,72.267,57.03
2025-04-23,21317943,5.697,15.521,10.149,39.11,72.467,56.394
2025-04-23,21317947,5.633,14.727,9.836,41.92,73.526,57.598
2025-04-23,21317948,6.041,15.006,10.187,39.141,71.839,55.699
2025-04-23,21317949,5.762,15.756,10.459,41.013,73.201,57.509
2025-04-23,21317950,5.805,15.628,10.169,39.493,72.979,56.092
2025-04-23,21317953,5.826,15.499,10.066,38.271,72.486,56.287
2025-04-23,21317960,5.676,15.864,10.103,40.223,71.209,56.216
2025-04-24,21317938,4.153,18.545,11.003,35.996,81.523,55.852
2025-04-24,21317939,4.046,19.51,11.494,31.98,72.879,51.88
2025-04-24,21317940,5.569,18.201,11.3,34.687,67.088,51.211
2025-04-24,21317941,4.282,19.081,10.958,35.122,72.673,54.532
2025-04-24,21317942,3.102,18.008,10.68,35.264,74.334,54.189
2025-04-24,21317943,1.536,18.952,10.134,35.19,79.66,56.389
2025-04-24,21317947,4.496,18.416,11.255,34.966,72.023,52.687
2025-04-24,21317948,3.317,18.588,10.575,35.286,76.886,55.258
2025-04-24,21317949,3.317,18.802,11.197,36.063,77.385,54.897
2025-04-24,21317950,5.097,18.823,11.288,34.202,69.876,52.028
2025-04-24,21317953,3.724,18.545,10.815,34.607,73.773,54.003
2025-04-24,21317960,3.188,18.051,10.519,36.674,73.703,54.868
2025-04-25,21317938,7.585,17.429,11.88,44.41,72.189,58.718
2025-04-25,21317939,8.55,17.622,12.796,42.036,65.422,52.39
2025-04-25,21317940,8.164,16.958,12.27,42.333,65.673,53.343
2025-04-25,21317941,7.242,16.679,11.731,45.167,71.699,57.391
2025-04-25,21317942,7.392,16.421,11.665,44.356,70.072,56.1
2025-04-25,21317943,5.912,16.636,11.505,44.86,73.956,56.965
2025-04-25,21317947,7.949,17.537,12.15,43.244,67.953,54.828
2025-04-25,21317948,7.327,16.164,11.659,44.892,68.8,56.651
2025-04-25,21317949,7.22,17.858,12.422,43.247,71.377,55.802
2025-04-25,21317950,7.992,16.85,12.341,43.444,68.664,53.763
2025-04-25,21317953,7.649,16.829,12.094,42.858,68.933,54.839
2025-04-25,21317960,7.134,16.121,11.618,44.938,69.223,56.292
2025-04-26,21317938,8.271,13.504,9.612,52.7,91.028,80.204
2025-04-26,21317939,8.507,14.083,10.288,47.61,89.786,77.133
2025-04-26,21317940,8.057,13.89,9.842,47.308,89.989,77.168
2025-04-26,21317941,8.142,13.161,9.702,50.324,91.649,79.008
2025-04-26,21317942,7.971,13.333,9.523,49.075,91.456,79.083
2025-04-26,21317943,7.971,13.14,9.621,49.854,90.776,78.3
2025-04-26,21317947,7.971,13.547,9.628,49.822,90.6,78.804
2025-04-26,21317948,8.142,12.99,9.528,52.48,91.653,79.9
2025-04-26,21317949,7.671,13.376,9.576,50.655,96.164,81.159
2025-04-26,21317950,8.228,13.848,9.891,47.481,90.074,77.713
2025-04-26,21317953,8.142,13.59,9.78,48.394,90.925,78.427
2025-04-26,21317960,7.992,13.333,9.669,48.71,90.088,77.193
2025-04-27,21317938,1.601,14.941,7.416,56.684,91.978,82.692
2025-04-27,21317939,1.665,18.437,7.888,34.287,91.516,79.419
2025-04-27,21317940,1.708,17.708,7.628,26.212,90.335,76.958
2025-04-27,21317941,2.201,18.609,7.995,31.684,92.519,78.135
2025-04-27,21317942,1.965,17.601,7.669,29.957,91.557,78.812
2025-04-27,21317943,2.116,18.738,7.957,29.519,91.315,78.003
2025-04-27,21317947,1.772,17.408,7.701,28.96,91.421,77.712
2025-04-27,21317948,2.244,17.837,7.897,32.59,92.399,79.516
2025-04-27,21317949,1.923,18.008,7.683,30.35,96.913,83.286
2025-04-27,21317950,2.33,17.966,7.938,26.775,90.488,76.35
2025-04-27,21317953,2.008,18.523,7.84,28.104,91.859,78.134
2025-04-27,21317960,2.094,18.073,7.857,28.341,90.39,76.655
2025-04-28,21317938,9.73,20.925,15.019,25.866,70.507,43.633
2025-04-28,21317939,9.665,21.504,15.685,21.929,59.178,36.773
2025-04-28,21317940,6.148,21.097,14.458,23.49,68.594,42.078
2025-04-28,21317941,9.236,22.748,15.632,23.85,52.535,38.45
2025-04-28,21317942,9.065,21.912,15.643,24.172,52.294,37.407
2025-04-28,21317943,5.44,23.22,14.663,21.704,65.006,42.271
2025-04-28,21317947,7.156,21.698,14.801,25.183,64.73,42.112
2025-04-28,21317948,8.55,22.169,15.865,24.793,65.803,37.888
2025-04-28,21317949,6.663,25.022,15.57,23.943,64.987,41.343
2025-04-28,21317950,6.834,22.062,15.304,23.433,65.811,40.563
2025-04-28,21317953,7.327,22.641,15.754,23.433,61.947,37.632
2025-04-28,21317960,6.834,22.255,14.858,23.177,62.223,40.572
2025-04-29,21317938,10.502,23.842,16.047,30.405,68.067,54.348
2025-04-29,21317939,9.751,25.472,17.37,29.738,65.321,48.35
2025-04-29,21317940,13.397,24.336,18.341,27.404,72.468,43.399
2025-04-29,21317941,11.724,24.464,17.765,26.345,73.507,47.335
2025-04-29,21317942,11.531,24.55,17.447,26.088,70.207,47.046
2025-04-29,21317943,8.593,24.228,16.492,28.286,75.636,52.085
2025-04-29,21317947,13.805,24.1,18.8,28.489,77.137,42.993
2025-04-29,21317948,10.931,24.657,17.27,27.219,71.36,48.209
2025-04-29,21317949,11.746,26.566,18.647,27.887,90.066,46.053
2025-04-29,21317950,13.097,24.1,18.446,26.708,83.972,44.901
2025-04-29,21317953,11.724,24.314,17.589,26.862,71.524,46.536
2025-04-29,21317960,11.724,24.636,17.973,26.253,75.239,45.935
2025-04-30,21317938,2.802,21.419,9.765,38.254,75.357,58.082
2025-04-30,21317939,2.545,21.29,9.609,34.484,71.107,55.484
2025-04-30,21317940,1.923,20.861,9.04,36.773,72.088,55.657
2025-04-30,21317941,2.03,21.483,9.48,36.394,80.764,54.347
2025-04-30,21317942,2.158,21.354,9.535,36.667,80.209,56.407
2025-04-30,21317943,2.116,20.496,9.72,35.978,83.351,55.69
2025-04-30,21317947,2.051,20.775,9.289,39.559,79.107,57.672
2025-04-30,21317948,2.373,22.084,9.79,36.974,90.843,55.639
2025-04-30,21317949,2.309,21.247,9.972,37.006,92.992,54.877
2025-04-30,21317950,2.244,20.003,9.447,35.822,83.006,54.509
2025-04-30,21317953,2.244,20.775,9.582,34.838,87.483,55.718
2025-04-30,21317960,2.244,21.226,9.71,35.537,78.618,53.441
2025-05-01,21317937,2.952,17.365,9.771,29.05,64.462,46.436
2025-05-01,21317938,8.25,9.944,9.23,43.839,49.406,46.586
2025-05-01,21317939,3.681,17.644,10.105,25.856,60.511,41.93
2025-05-01,21317940,3.767,16.357,9.766,25.394,57.426,41.606
2025-05-01,21317941,3.038,16.936,9.461,27.248,62.47,44.844
2025-05-01,21317942,2.973,16.486,9.363,26.899,62.013,44.03
2025-05-01,21317943,2.244,17.236,9.379,28.035,64.654,45.886
2025-05-01,21317947,3.317,17.086,9.767,25.237,60.652,43.3
2025-05-01,21317948,3.059,17.129,9.577,26.699,62.956,44.703
2025-05-01,21317949,3.124,20.475,10.548,24.66,63.114,43.768
2025-05-01,21317950,3.467,16.893,9.85,25.38,59.934,42.148
2025-05-01,21317953,3.51,16.936,9.67,26.209,60.209,43.025
2025-05-01,21317960,3.145,16.85,9.344,27.784,61.18,45.091
2025-05-02,21317937,9.687,21.976,14.514,35.322,88.931,70.389
2025-05-02,21317939,10.266,22.019,14.995,34.534,86.888,67.76
2025-05-02,21317940,10.695,21.74,14.97,33.913,86.285,65.551
2025-05-02,21317941,10.094,22.148,14.717,35.093,87.341,69.524
2025-05-02,21317942,9.901,22.298,14.565,35.843,87.327,69.582
2025-05-02,21317943,9.858,22.47,14.588,36.237,88.469,70.488
2025-05-02,21317947,9.944,21.912,14.91,35.225,86.412,68.824
2025-05-02,21317948,10.18,22.47,14.732,37.392,87.277,69.57
2025-05-02,21317949,10.094,22.041,14.821,37.034,94.726,71.816
2025-05-02,21317950,10.201,22.491,15.15,34.444,86.7,68.06
2025-05-02,21317953,10.223,23.156,14.819,34.92,88.382,69.121
2025-05-02,21317960,10.159,22.148,14.777,35.83,86.137,68.333
2025-05-03,21317937,10.373,19.424,13.359,51.781,72.377,65.045
2025-05-03,21317939,10.051,19.853,13.506,50.448,72.711,63.343
2025-05-03,21317940,9.815,19.317,13.091,49.245,68.568,59.616
2025-05-03,21317941,9.923,19.789,13.152,53.265,73.675,64.935
2025-05-03,21317942,10.008,19.596,12.978,54.647,73.089,64.644
2025-05-03,21317943,9.966,19.381,13.195,53.085,71.374,63.195
2025-05-03,21317947,9.73,19.167,12.985,53.574,73.574,64.937
2025-05-03,21317948,10.244,19.789,13.262,52.404,71.617,63.443
2025-05-03,21317949,9.837,19.488,13.495,51.743,73.313,64.43
2025-05-03,21317950,10.008,19.295,13.305,52.226,72.541,63.468
2025-05-03,21317953,10.03,19.424,13.107,52.038,72.75,64.102
2025-05-03,21317960,9.923,19.66,13.029,54.701,70.536,62.926
2025-05-04,21317937,9.494,20.153,14.135,35.427,85.264,63.427
2025-05-04,21317939,10.587,21.097,15.04,29.522,78.099,57.701
2025-05-04,21317940,9.837,19.767,14.796,33.217,75.921,56.203
2025-05-04,21317941,8.464,21.719,14.664,31.604,78.808,58.651
2025-05-04,21317942,8.786,20.218,14.271,34.238,80.182,59.876
2025-05-04,21317943,7.756,22.405,14.044,29.97,83.432,61.064
2025-05-04,21317947,9.751,20.754,14.887,35.236,77.345,59.067
2025-05-04,21317948,9.0,21.033,14.313,31.861,81.877,59.256
2025-05-04,21317949,8.443,21.848,15.414,34.461,79.263,57.436
2025-05-04,21317950,9.344,20.947,14.954,34.028,76.242,58.069
2025-05-04,21317953,9.043,21.333,14.507,33.767,79.831,59.639
2025-05-04,21317960,8.293,20.947,14.337,31.838,78.192,58.574
2025-05-05,21317937,9.472,24.207,15.919,32.818,68.865,47.883
2025-05-05,21317939,9.644,24.614,16.374,32.036,64.964,43.999
2025-05-05,21317940,9.708,23.628,16.305,32.284,61.482,42.325
2025-05-05,21317941,9.386,23.306,16.052,34.008,59.278,42.162
2025-05-05,21317942,9.236,22.47,15.684,33.491,63.917,42.825
2025-05-05,21317943,9.086,22.748,15.492,33.968,67.102,43.291
2025-05-05,21317947,9.515,23.842,16.245,32.662,62.036,43.139
2025-05-05,21317948,9.408,22.212,15.724,34.58,62.803,45.447
2025-05-05,21317949,9.15,24.014,16.696,30.991,62.162,41.687
2025-05-05,21317950,9.601,23.349,16.318,32.746,58.662,41.244
2025-05-05,21317953,9.301,23.649,16.139,31.907,61.344,41.795
2025-05-05,21317960,9.086,22.191,15.712,34.511,62.379,41.77
2025-05-06,21317937,12.646,22.791,16.851,59.266,92.07,77.706
2025-05-06,21317939,13.719,23.413,17.538,55.305,89.453,74.323
2025-05-06,21317940,13.826,22.427,17.557,56.043,87.716,71.869
2025-05-06,21317941,12.947,23.799,17.679,53.881,90.056,73.371
2025-05-06,21317942,12.882,23.542,17.437,58.747,91.067,75.193
2025-05-06,21317943,12.84,24.765,17.432,55.219,90.765,75.249
2025-05-06,21317947,13.118,22.791,17.452,58.111,90.019,74.267
2025-05-06,21317948,13.054,23.542,17.603,58.431,90.217,74.446
2025-05-06,21317949,12.411,23.928,17.691,57.206,95.581,75.807
2025-05-06,21317950,13.29,23.285,17.862,55.05,89.378,72.561
2025-05-06,21317953,13.311,23.778,17.695,57.433,89.781,74.079
2025-05-06,21317960,12.968,23.413,17.566,56.001,89.369,72.617
2025-05-07,21317937,14.813,21.097,17.415,54.888,82.805,71.208
2025-05-07,21317939,15.006,20.861,17.435,53.196,83.772,70.485
2025-05-07,21317940,15.413,20.175,17.406,51.717,77.093,68.191
2025-05-07,21317941,14.47,21.547,17.963,53.268,77.111,68.179
2025-05-07,21317942,14.191,20.904,17.698,53.663,78.961,69.793
2025-05-07,21317943,14.191,22.598,17.593,50.44,83.423,70.589
2025-05-07,21317947,15.37,20.904,17.71,54.066,78.231,69.869
2025-05-07,21317948,14.319,21.633,17.844,46.996,78.686,68.538
2025-05-07,21317949,14.963,22.555,18.098,51.214,77.298,69.667
2025-05-07,21317950,15.671,21.848,18.21,51.359,76.794,66.82
2025-05-07,21317953,14.341,21.955,18.104,50.71,77.916,68.571
2025-05-07,21317960,14.641,21.504,17.812,52.92,76.817,67.462
2025-05-08,21317937,7.091,14.813,9.836,60.995,80.426,70.376
2025-05-08,21317939,7.306,15.949,10.033,57.71,78.714,68.73
2025-05-08,21317940,6.577,15.563,9.551,57.119,79.771,67.15
2025-05-08,21317941,6.856,14.341,9.805,55.708,80.635,69.099
2025-05-08,21317942,6.083,14.126,9.365,59.376,85.013,70.289
2025-05-08,21317943,6.276,14.019,9.544,59.745,82.965,69.823
2025-05-08,21317947,6.319,15.22,9.486,59.673,83.062,70.815
2025-05-08,21317948,6.469,14.105,9.718,58.172,82.406,68.504
2025-05-08,21317949,6.234,14.641,9.763,56.637,84.732,68.909
2025-05-08,21317950,6.705,15.392,9.734,55.712,81.505,67.946
2025-05-08,21317953,6.384,14.319,9.549,58.231,83.346,69.601
2025-05-08,21317960,6.341,14.341,9.444,57.426,81.584,67.58
2025-05-09,21317937,5.805,8.893,7.291,76.004,90.738,83.949
2025-05-09,21317939,6.062,9.108,7.441,73.086,89.201,82.719
2025-05-09,21317940,6.169,9.065,7.219,69.129,88.986,82.163
2025-05-09,21317941,5.976,9.429,7.336,73.919,90.491,82.453
2025-05-09,21317942,5.74,8.593,7.102,74.459,91.38,83.258
2025-05-09,21317943,5.998,8.893,7.203,72.132,90.689,82.83
2025-05-09,21317947,5.912,8.764,7.035,74.023,90.298,83.427
2025-05-09,21317948,5.976,8.936,7.377,72.988,91.545,82.854
2025-05-09,21317949,5.504,8.893,6.978,70.866,95.013,86.105
2025-05-09,21317950,5.89,9.236,7.177,69.18,89.808,83.394
2025-05-09,21317953,6.105,8.893,7.358,73.548,90.903,82.8
2025-05-09,21317960,5.612,8.807,7.046,69.61,89.924,83.143
2025-05-10,21317937,7.285,18.823,10.45,57.6,93.046,85.202
2025-05-10,21317939,7.327,19.51,10.686,53.185,92.181,83.141
2025-05-10,21317940,6.898,18.459,10.187,49.506,92.387,83.227
2025-05-10,21317941,6.92,19.681,10.454,54.995,92.807,83.786
2025-05-10,21317942,6.92,18.523,10.278,58.202,93.26,85.131
2025-05-10,21317943,6.941,19.145,10.449,57.411,93.736,84.5
2025-05-10,21317947,6.834,18.18,10.205,56.428,93.257,84.707
2025-05-10,21317948,7.113,19.081,10.578,56.016,93.193,84.446
2025-05-10,21317949,6.727,18.523,10.284,55.013,96.497,87.32
2025-05-10,21317950,7.006,18.952,10.461,53.191,92.12,83.57
2025-05-10,21317953,6.984,20.26,10.532,55.833,93.101,84.354
2025-05-10,21317960,6.813,18.695,10.3,51.867,92.081,83.68
2025-05-11,21317937,4.668,19.381,11.899,18.367,75.659,46.964
2025-05-11,21317939,4.475,18.416,11.793,18.395,71.322,44.213
2025-05-11,21317940,4.089,18.588,11.447,18.631,63.307,43.081
2025-05-11,21317941,4.153,20.046,11.974,16.878,66.822,43.888
2025-05-11,21317942,4.003,17.773,11.636,17.354,70.637,44.4
2025-05-11,21317943,3.338,18.866,11.698,16.989,69.693,45.856
2025-05-11,21317947,4.089,18.287,11.725,18.354,65.829,44.567
2025-05-11,21317948,4.175,18.952,11.937,16.805,67.546,43.457
2025-05-11,21317949,3.982,19.874,12.79,18.178,68.164,43.601
2025-05-11,21317950,4.132,18.159,11.764,16.846,63.262,42.452
2025-05-11,21317953,4.089,18.673,11.611,16.365,69.168,42.917
2025-05-11,21317960,4.046,18.759,11.664,17.763,63.709,43.231
2025-05-12,21317937,9.966,21.076,14.826,22.446,66.009,44.072
2025-05-12,21317939,10.523,21.376,15.132,24.358,62.621,40.037
2025-05-12,21317940,11.231,20.025,14.992,21.9,51.006,38.669
2025-05-12,21317941,11.66,20.26,15.643,19.844,52.276,37.432
2025-05-12,21317942,11.038,19.553,15.066,21.352,57.536,38.636
2025-05-12,21317943,9.987,19.896,14.535,25.264,60.908,42.581
2025-05-12,21317947,11.36,19.681,15.042,22.135,50.257,39.418
2025-05-12,21317948,11.295,20.175,15.339,19.867,54.51,38.187
2025-05-12,21317949,11.295,20.797,15.42,23.609,53.896,40.43
2025-05-12,21317950,11.424,20.153,15.449,21.956,50.265,38.318
2025-05-12,21317953,11.059,19.939,15.287,18.943,57.122,37.681
2025-05-12,21317960,11.445,19.51,15.113,22.547,50.567,38.604
2025-05-13,21317937,10.952,26.652,18.32,30.388,72.079,50.108
2025-05-13,21317939,11.467,27.746,19.291,27.491,70.736,43.498
2025-05-13,21317940,12.389,26.523,19.038,27.779,62.319,42.145
2025-05-13,21317941,12.196,28.475,19.111,27.906,58.39,42.646
2025-05-13,21317942,11.96,26.759,18.667,28.194,62.489,43.484
2025-05-13,21317943,10.051,28.003,18.428,28.812,66.101,46.222
2025-05-13,21317947,12.196,27.403,18.999,29.1,66.815,43.771
2025-05-13,21317948,11.724,27.446,18.731,28.455,64.237,44.484
2025-05-13,21317949,11.874,28.325,19.821,28.095,61.238,43.223
2025-05-13,21317950,12.368,27.381,19.171,29.439,61.083,42.325
2025-05-13,21317953,12.218,28.389,19.128,27.61,62.104,42.684
2025-05-13,21317960,12.003,27.617,18.61,28.739,62.606,44.311
2025-05-14,21317937,15.006,26.824,20.707,38.45,72.28,56.892
2025-05-14,21317939,14.512,28.282,21.876,36.019,73.333,52.224
2025-05-14,21317940,16.142,28.582,22.017,35.666,66.398,50.627
2025-05-14,21317941,13.74,28.089,21.363,37.176,67.327,51.946
2025-05-14,21317942,13.805,27.381,21.229,36.275,73.181,53.479
2025-05-14,21317943,11.209,28.539,20.163,39.458,79.908,57.138
2025-05-14,21317947,15.928,27.853,22.545,36.138,71.437,51.288
2025-05-14,21317948,15.306,27.853,21.367,37.607,70.745,52.774
2025-05-14,21317949,13.097,32.1,22.354,35.207,69.047,51.08
2025-05-14,21317950,15.542,28.003,22.499,34.754,71.629,50.816
2025-05-14,21317953,14.963,28.068,21.862,34.755,72.757,51.704
2025-05-14,21317960,12.646,27.553,20.83,36.699,68.673,53.103
2025-05-15,21317937,17.644,26.759,21.79,52.715,79.307,64.51
2025-05-15,21317939,18.673,28.346,22.929,46.941,72.303,60.291
2025-05-15,21317940,19.252,26.952,22.809,48.493,68.219,58.926
2025-05-15,21317941,18.416,28.196,23.217,48.402,75.61,60.459
2025-05-15,21317942,18.137,26.974,22.613,50.358,75.055,61.714
2025-05-15,21317943,16.679,28.089,22.361,51.308,81.866,63.363
2025-05-15,21317947,18.866,27.145,22.758,50.823,73.059,61.727
2025-05-15,21317948,18.48,27.596,22.906,50.178,74.298,60.411
2025-05-15,21317949,18.995,30.706,23.62,44.231,72.761,60.151
2025-05-15,21317950,19.553,27.51,23.289,49.395,70.242,59.414
2025-05-15,21317953,18.738,28.518,23.275,46.937,73.08,59.326
2025-05-15,21317960,18.759,27.853,23.079,49.532,70.842,59.011
2025-05-16,21317937,15.499,29.569,21.504,43.4,88.339,71.501
2025-05-16,21317939,17.451,30.984,23.107,37.221,89.618,65.805
2025-05-16,21317940,18.888,28.711,23.08,40.781,90.721,63.627
2025-05-16,21317941,18.652,29.805,23.601,42.959,87.533,64.164
2025-05-16,21317942,18.051,28.711,22.503,44.373,90.358,68.275
2025-05-16,21317943,16.636,29.44,21.884,47.056,90.863,71.966
2025-05-16,21317947,17.987,29.419,22.953,41.37,91.577,66.541
2025-05-16,21317948,17.301,29.762,22.881,42.267,87.324,66.476
2025-05-16,21317949,18.073,30.62,23.747,43.522,95.677,65.72
2025-05-16,21317950,18.609,29.44,23.549,41.363,86.545,64.044
2025-05-16,21317953,17.794,30.362,23.116,40.214,89.104,66.274
2025-05-16,21317960,17.901,28.925,22.667,41.334,87.906,65.91
2025-05-17,21317937,14.555,21.183,17.343,76.764,94.876,90.288
2025-05-17,21317939,15.306,21.955,18.406,73.634,92.859,86.79
2025-05-17,21317940,15.907,22.641,18.705,67.9,91.174,81.865
2025-05-17,21317941,14.512,23.456,17.695,69.047,95.573,88.969
2025-05-17,21317942,14.448,21.226,17.263,75.738,95.221,90.893
2025-05-17,21317943,14.684,19.724,16.974,89.229,94.42,92.404
2025-05-17,21317947,15.07,22.877,18.401,62.1,93.397,83.498
2025-05-17,21317948,14.041,22.813,17.42,65.913,95.59,89.767
2025-05-17,21317949,14.856,23.585,17.82,66.703,96.341,90.126
2025-05-17,21317950,15.542,23.649,18.573,66.841,92.268,84.053
2025-05-17,21317953,14.577,22.341,17.719,73.645,96.103,89.283
2025-05-17,21317960,14.791,22.427,17.603,64.686,92.982,87.908
2025-05-18,21317937,10.094,18.373,14.421,72.398,91.243,82.06
2025-05-18,21317939,10.137,18.244,14.248,71.539,89.618,82.341
2025-05-18,21317940,9.794,18.695,13.959,70.051,88.005,81.365
2025-05-18,21317941,9.558,18.502,14.204,73.178,90.932,82.94
2025-05-18,21317942,9.451,17.794,13.953,74.057,92.136,85.218
2025-05-18,21317943,9.429,17.494,13.852,76.553,92.566,86.182
2025-05-18,21317947,9.708,17.858,13.905,74.041,89.282,83.585
2025-05-18,21317948,9.772,18.395,14.41,73.013,90.285,82.706
2025-05-18,21317949,9.086,18.33,13.887,73.347,96.114,86.888
2025-05-18,21317950,9.751,18.309,14.292,73.552,88.551,82.498
2025-05-18,21317953,9.751,17.966,14.136,75.54,90.816,83.974
2025-05-18,21317960,9.472,18.33,14.053,72.801,89.259,82.732
2025-05-19,21317937,8.035,11.381,9.17,63.601,89.813,76.753
2025-05-19,21317939,7.992,11.167,9.103,60.314,90.134,75.218
2025-05-19,21317940,7.821,10.759,8.877,56.313,89.11,73.05
2025-05-19,21317941,7.907,11.617,8.953,55.154,91.472,73.915
2025-05-19,21317942,7.478,10.866,8.683,60.31,92.889,78.422
2025-05-19,21317943,7.628,11.145,8.854,60.684,92.502,77.154
2025-05-19,21317947,7.756,11.059,8.791,59.596,90.971,76.44
2025-05-19,21317948,8.014,11.488,9.124,59.449,91.064,75.165
2025-05-19,21317949,7.113,11.553,8.918,56.249,96.814,78.538
2025-05-19,21317950,7.949,11.188,9.04,54.476,90.016,72.88
2025-05-19,21317953,7.907,10.952,8.873,57.942,91.426,74.945
2025-05-19,21317960,7.563,10.931,8.757,57.873,90.538,75.727
2025-05-20,21317937,6.898,12.925,9.115,62.533,79.792,70.801
2025-05-20,21317939,6.898,12.99,9.08,63.853,77.601,70.5
2025-05-20,21317940,6.663,12.196,8.774,60.305,73.104,67.719
2025-05-20,21317941,6.641,13.376,9.025,63.835,75.361,71.065
2025-05-20,21317942,6.448,12.368,8.672,61.303,80.119,70.689
2025-05-20,21317943,6.341,13.183,8.913,60.301,83.212,71.721
2025-05-20,21317947,6.534,12.325,8.744,65.208,77.939,72.579
2025-05-20,21317948,6.748,12.904,9.107,59.591,80.008,69.35
2025-05-20,21317949,6.577,14.041,9.307,56.368,84.315,68.59
2025-05-20,21317950,6.791,12.689,9.007,58.497,73.172,67.645
2025-05-20,21317953,6.684,13.097,9.003,62.823,76.286,70.081
2025-05-20,21317960,6.598,12.175,8.78,60.903,75.019,68.824
2025-05-21,21317937,9.386,17.622,12.444,45.332,85.063,69.855
2025-05-21,21317939,9.537,18.437,12.697,42.406,84.582,68.167
2025-05-21,21317940,9.022,17.043,12.224,40.104,86.371,67.302
2025-05-21,21317941,8.528,18.159,12.155,43.949,86.5,69.567
2025-05-21,21317942,8.679,17.558,11.999,44.689,86.404,69.72
2025-05-21,21317943,8.507,18.18,12.023,45.936,87.845,71.128
2025-05-21,21317947,8.807,17.472,12.16,44.913,87.707,70.243
2025-05-21,21317948,8.979,17.558,12.337,44.698,85.94,69.016
2025-05-21,21317949,8.4,18.588,12.28,45.35,92.145,71.265
2025-05-21,21317950,9.043,17.987,12.357,42.512,86.226,68.639
2025-05-21,21317953,9.065,18.008,12.302,41.839,85.455,68.861
2025-05-21,21317960,8.657,17.129,11.941,44.831,85.766,69.069
2025-05-22,21317937,9.129,15.37,11.491,52.12,80.407,67.19
2025-05-22,21317939,8.957,15.692,11.393,49.592,81.433,67.648
2025-05-22,21317940,8.657,15.478,11.177,45.212,80.021,65.153
2025-05-22,21317941,9.022,15.37,11.483,51.157,79.895,67.72
2025-05-22,21317942,8.85,15.199,11.262,50.095,81.427,67.522
2025-05-22,21317943,8.614,14.748,10.957,54.409,83.455,70.787
2025-05-22,21317947,8.722,15.22,11.216,50.889,80.42,67.55
2025-05-22,21317948,9.322,15.585,11.585,50.303,79.783,66.253
2025-05-22,21317949,8.764,15.413,11.515,52.59,83.166,68.115
2025-05-22,21317950,8.829,15.499,11.456,49.548,80.536,66.622
2025-05-22,21317953,9.193,15.435,11.503,49.438,80.064,66.47
2025-05-22,21317960,8.936,15.199,11.307,50.156,77.995,67.152
2025-05-23,21317937,8.164,10.394,9.025,69.241,89.09,79.307
2025-05-23,21317939,8.035,10.673,9.005,69.784,87.398,78.969
2025-05-23,21317940,7.842,10.159,8.776,69.042,86.485,78.289
2025-05-23,21317941,7.864,9.858,8.67,70.037,89.458,80.605
2025-05-23,21317942,7.585,9.815,8.624,68.356,91.077,80.932
2025-05-23,21317943,7.563,10.159,8.609,72.193,90.436,81.916
2025-05-23,21317947,7.649,10.159,8.587,70.704,88.353,80.58
2025-05-23,21317948,8.1,10.437,9.056,68.699,89.836,79.866
2025-05-23,21317949,7.542,10.545,8.716,70.054,95.166,81.798
2025-05-23,21317950,7.971,10.223,8.857,69.628,87.21,79.404
2025-05-23,21317953,8.142,10.223,8.954,68.385,89.265,80.018
2025-05-23,21317960,7.628,9.923,8.635,70.065,89.021,79.901
2025-05-24,21317937,6.963,12.067,8.943,69.294,90.904,83.363
2025-05-24,21317939,7.006,12.453,9.002,65.513,89.767,82.496
2025-05-24,21317940,6.641,11.746,8.431,68.498,90.222,83.292
2025-05-24,21317941,6.62,12.668,8.722,67.822,92.255,83.118
2025-05-24,21317942,6.512,10.759,8.341,74.742,92.779,86.283
2025-05-24,21317943,6.319,11.102,8.369,76.136,91.96,87.391
2025-05-24,21317947,6.512,11.574,8.573,70.594,91.511,84.284
2025-05-24,21317948,6.856,11.724,8.825,71.061,92.175,83.582
2025-05-24,21317949,6.041,13.054,8.564,66.458,96.529,88.716
2025-05-24,21317950,6.748,11.746,8.675,68.595,90.661,83.648
2025-05-24,21317953,6.748,11.295,8.595,72.377,91.937,84.029
2025-05-24,21317960,6.448,11.403,8.455,73.832,91.014,84.86
2025-05-25,21317937,8.571,18.63,12.613,50.884,89.087,73.31
2025-05-25,21317939,8.528,18.888,12.422,47.733,89.316,73.217
2025-05-25,21317940,8.1,19.381,11.977,42.301,87.936,72.202
2025-05-25,21317941,8.014,18.051,12.35,50.489,89.044,73.911
2025-05-25,21317942,7.756,17.344,11.81,52.01,93.233,77.642
2025-05-25,21317943,7.07,17.944,11.911,51.086,92.442,77.68
2025-05-25,21317947,7.542,18.652,12.086,51.148,90.706,75.162
2025-05-25,21317948,8.078,18.63,12.649,47.202,90.646,72.916
2025-05-25,21317949,7.07,24.507,13.016,37.244,96.295,75.912
2025-05-25,21317950,7.992,18.995,12.299,48.453,88.212,73.426
2025-05-25,21317953,7.756,19.017,12.302,47.147,90.401,73.861
2025-05-25,21317960,7.285,17.515,11.89,52.61,90.564,75.701
2025-05-26,21317937,9.494,23.435,14.728,33.509,91.838,71.783
2025-05-26,21317939,10.459,23.864,15.532,27.054,90.011,68.785
2025-05-26,21317940,9.88,23.37,14.941,29.509,89.598,68.636
2025-05-26,21317941,10.695,23.821,15.242,37.733,88.966,69.321
2025-05-26,21317942,9.794,22.663,15.254,33.623,90.9,69.795
2025-05-26,21317943,8.293,23.971,15.029,36.42,91.788,71.693
2025-05-26,21317947,9.901,23.799,15.472,31.4,91.534,69.548
2025-05-26,21317948,9.108,24.207,15.991,29.335,92.337,66.681
2025-05-26,21317949,9.579,25.322,15.748,36.367,93.993,70.168
2025-05-26,21317950,9.558,23.714,15.678,29.606,90.692,68.421
2025-05-26,21317953,9.901,24.55,15.985,29.274,92.116,66.913
2025-05-26,21317960,10.073,23.113,15.242,31.4,89.374,68.707
2025-05-27,21317937,12.99,26.931,19.679,26.537,75.741,53.106
2025-05-27,21317939,12.475,27.403,18.829,20.235,76.136,55.076
2025-05-27,21317940,12.153,26.716,18.407,23.641,75.837,55.614
2025-05-27,21317941,12.196,27.789,20.078,18.558,76.635,51.046
2025-05-27,21317942,12.26,25.708,18.501,24.762,77.272,56.198
2025-05-27,21317943,10.781,27.253,18.146,24.309,84.205,59.887
2025-05-27,21317947,11.917,27.403,18.977,24.994,77.899,55.46
2025-05-27,21317948,12.067,27.724,19.224,22.275,76.69,53.882
2025-05-27,21317949,11.789,28.947,19.509,21.506,79.243,54.664
2025-05-27,21317950,11.789,28.132,19.127,21.598,78.279,54.529
2025-05-27,21317953,12.003,28.282,19.496,20.751,78.172,52.526
2025-05-27,21317960,12.089,27.531,19.567,19.924,76.309,51.577
2025-05-28,21317937,13.376,28.561,21.835,22.408,72.688,44.061
2025-05-28,21317939,14.448,29.762,22.002,18.866,67.065,42.16
2025-05-28,21317940,14.384,28.582,21.403,19.318,64.735,41.709
2025-05-28,21317941,14.77,29.376,22.58,19.75,66.452,39.458
2025-05-28,21317942,14.083,27.145,21.139,21.273,70.072,43.887
2025-05-28,21317943,11.617,28.325,19.871,21.48,78.364,50.663
2025-05-28,21317947,13.633,28.968,21.95,21.073,70.564,41.544
2025-05-28,21317948,13.826,29.333,22.03,19.818,67.875,40.444
2025-05-28,21317949,13.504,30.749,22.496,21.044,70.169,41.832
2025-05-28,21317950,13.633,29.483,22.152,19.528,70.906,40.738
2025-05-28,21317953,13.998,29.59,22.431,17.91,66.842,39.129
2025-05-28,21317960,14.126,28.475,21.905,20.203,66.307,40.125
2025-05-29,21317937,16.378,21.719,18.547,41.701,76.736,64.113
2025-05-29,21317939,16.679,25.236,18.825,27.72,78.242,61.434
2025-05-29,21317940,16.507,26.202,19.129,26.488,75.325,58.394
2025-05-29,21317941,17.108,25.472,19.339,27.594,74.546,60.278
2025-05-29,21317942,16.636,24.357,18.667,28.196,79.124,61.049
2025-05-29,21317943,14.984,22.813,17.665,35.056,80.671,65.738
2025-05-29,21317947,16.357,25.665,19.024,27.837,76.645,61.384
2025-05-29,21317948,17.193,26.309,19.199,24.749,74.023,59.49
2025-05-29,21317949,16.743,26.395,19.186,27.306,85.689,61.377
2025-05-29,21317950,16.7,27.295,19.474,24.66,74.739,59.599
2025-05-29,21317953,16.936,27.167,19.422,25.754,73.872,58.242
2025-05-29,21317960,16.915,26.373,18.95,24.981,75.592,59.719
2025-05-30,21317937,15.37,22.877,18.23,51.67,80.266,69.95
2025-05-30,21317939,15.199,22.706,17.958,51.496,80.137,69.774
2025-05-30,21317940,14.941,21.74,17.669,46.824,80.214,68.17
2025-05-30,21317941,15.22,23.306,18.197,49.598,80.397,68.974
2025-05-30,21317942,15.263,21.676,17.884,50.784,80.319,70.145
2025-05-30,21317943,15.006,22.598,18.003,54.128,82.747,71.087
2025-05-30,21317947,14.834,22.663,17.905,50.408,81.825,70.227
2025-05-30,21317948,15.521,22.941,18.573,49.763,79.821,68.116
2025-05-30,21317949,15.156,23.07,18.102,53.968,81.5,70.58
2025-05-30,21317950,15.306,23.606,18.538,47.161,79.843,67.748
2025-05-30,21317953,15.263,23.778,18.449,46.764,80.955,68.488
2025-05-30,21317960,15.22,23.092,18.005,50.915,79.538,68.666
2025-05-31,21317937,10.716,20.196,15.329,60.864,88.284,76.889
2025-05-31,21317939,10.952,20.561,15.718,60.88,88.945,74.297
2025-05-31,21317940,10.866,20.368,15.548,54.638,83.081,70.938
2025-05-31,21317941,10.845,21.14,15.653,59.074,86.151,73.019
2025-05-31,21317942,10.051,20.475,15.102,60.034,90.372,76.016
2025-05-31,21317943,10.116,20.132,14.595,61.068,91.026,79.258
2025-05-31,21317947,10.716,20.26,15.295,60.935,87.269,74.972
2025-05-31,21317948,10.48,21.011,15.641,58.463,89.076,74.05
2025-05-31,21317949,10.287,20.754,15.431,60.978,94.809,76.103
2025-05-31,21317950,11.124,21.14,15.812,57.795,84.686,72.046
2025-05-31,21317953,10.652,20.947,15.548,58.428,86.403,73.599
2025-05-31,21317960,10.587,20.797,15.338,59.44,88.344,73.662
2025-06-01,21317937,8.915,13.612,10.864,61.563,86.564,72.892
2025-06-01,21317939,8.357,13.419,10.557,58.117,86.313,72.753
2025-06-01,21317940,7.864,13.14,10.363,57.911,83.397,70.445
2025-06-01,21317941,8.4,13.033,10.54,58.752,82.251,70.021
2025-06-01,21317942,8.4,12.732,10.15,62.918,91.456,76.491
2025-06-01,21317943,8.271,12.947,10.274,61.956,89.329,74.542
2025-06-01,21317947,8.121,13.14,10.2,61.494,88.629,74.616
2025-06-01,21317948,8.614,13.29,10.619,61.553,87.594,72.325
2025-06-01,21317949,8.4,13.247,10.478,59.699,94.891,73.267
2025-06-01,21317950,8.636,13.719,10.744,57.612,85.061,72.015
2025-06-01,21317953,8.464,13.247,10.572,59.438,85.386,72.233
2025-06-01,21317960,8.421,13.011,10.429,59.495,85.592,70.903
2025-06-02,21317937,10.373,21.526,14.696,27.352,78.604,59.515
2025-06-02,21317939,10.116,21.29,14.46,29.425,79.693,58.535
2025-06-02,21317940,9.494,20.303,13.9,26.799,79.944,57.616
2025-06-02,21317941,9.665,21.354,14.368,24.532,79.5,57.117
2025-06-02,21317942,9.815,19.96,13.954,29.628,79.408,60.528
2025-06-02,21317943,9.472,20.968,14.26,26.369,81.369,59.02
2025-06-02,21317947,9.386,20.861,14.235,29.578,80.946,59.47
2025-06-02,21317948,9.944,21.633,14.803,25.777,78.787,57.305
2025-06-02,21317949,9.386,22.212,14.996,27.861,82.0,57.529
2025-06-02,21317950,9.537,22.427,14.846,24.976,80.018,56.711
2025-06-02,21317953,9.644,21.633,14.631,24.076,80.394,57.311
2025-06-02,21317960,9.622,21.14,14.317,26.537,78.915,57.003
2025-06-03,21317937,10.909,26.03,18.294,33.135,78.882,53.924
2025-06-03,21317939,9.386,27.21,18.361,27.72,80.037,51.466
2025-06-03,21317940,10.652,25.901,18.311,30.182,71.514,49.184
2025-06-03,21317941,12.325,27.231,19.214,27.601,66.918,46.902
2025-06-03,21317942,10.995,25.258,18.223,31.046,71.095,50.296
2025-06-03,21317943,9.258,25.236,16.858,32.708,81.454,58.101
2025-06-03,21317947,11.66,26.781,18.94,30.451,69.679,49.211
2025-06-03,21317948,10.759,27.145,18.952,29.014,75.595,48.742
2025-06-03,21317949,11.617,27.038,19.222,30.268,70.7,49.738
2025-06-03,21317950,11.188,27.789,19.096,28.244,72.532,48.613
2025-06-03,21317953,11.36,27.853,19.244,27.224,69.044,46.871
2025-06-03,21317960,12.132,26.695,18.696,28.135,65.693,47.788
2025-06-04,21317937,16.185,31.585,22.725,43.174,72.48,57.754
2025-06-04,21317939,14.255,32.25,23.316,38.676,77.144,55.713
2025-06-04,21317940,17.365,31.435,24.075,38.488,63.505,50.286
2025-06-04,21317941,16.464,32.636,24.346,39.132,69.459,51.534
2025-06-04,21317942,16.164,31.006,22.957,42.287,70.44,55.997
2025-06-04,21317943,13.483,30.706,21.819,46.543,80.566,62.096
2025-06-04,21317947,19.167,32.357,25.386,38.349,57.804,47.393
2025-06-04,21317948,16.507,32.4,23.802,40.246,69.218,52.864
2025-06-04,21317949,16.035,32.357,25.155,37.469,70.21,50.335
2025-06-04,21317950,18.244,33.665,25.126,37.099,61.796,48.182
2025-06-04,21317953,16.636,32.636,24.176,38.822,68.609,52.105
2025-06-04,21317960,15.499,32.486,24.045,39.85,70.797,51.053
2025-06-05,21317937,21.762,28.732,24.765,46.85,72.285,63.265
2025-06-05,21317939,21.59,28.883,25.032,43.194,72.082,61.903
2025-06-05,21317940,21.719,28.968,24.635,45.016,71.255,60.72
2025-06-05,21317941,22.341,30.148,25.527,43.687,71.551,60.249
2025-06-05,21317942,22.384,29.354,24.813,48.655,71.841,62.496
2025-06-05,21317943,19.853,28.518,23.76,47.739,80.218,65.805
2025-06-05,21317947,21.998,28.754,24.846,49.999,73.071,63.482
2025-06-05,21317948,22.727,29.826,25.775,44.057,70.961,59.365
2025-06-05,21317949,22.191,29.676,25.552,46.58,73.672,62.12
2025-06-05,21317950,22.298,29.998,25.536,44.121,71.061,60.123
2025-06-05,21317953,22.555,29.783,25.545,43.272,70.924,59.469
2025-06-05,21317960,22.234,29.74,25.273,45.441,70.704,60.1
2025-06-06,21317937,16.357,26.223,21.24,48.939,79.959,63.859
2025-06-06,21317939,17.751,26.48,22.163,44.831,73.805,58.859
2025-06-06,21317940,17.236,25.451,21.636,45.971,74.289,58.698
2025-06-06,21317941,16.7,26.202,21.507,45.002,75.869,60.72
2025-06-06,21317942,16.207,24.915,20.744,47.999,79.089,62.811
2025-06-06,21317943,14.92,24.614,20.028,50.857,84.106,66.846
2025-06-06,21317947,16.571,25.387,21.456,47.35,78.137,60.84
2025-06-06,21317948,15.971,25.816,21.291,47.524,80.957,61.436
2025-06-06,21317949,15.821,30.191,21.962,40.397,83.18,61.418
2025-06-06,21317950,17.365,26.244,21.924,44.616,74.299,58.394
2025-06-06,21317953,16.464,26.33,21.537,44.251,78.35,59.715
2025-06-06,21317960,15.756,25.365,20.854,48.974,79.739,62.277
2025-06-07,21317937,17.537,26.459,20.468,37.955,87.95,66.915
2025-06-07,21317939,18.63,26.352,21.211,35.702,75.494,60.358
2025-06-07,21317940,18.545,25.558,21.525,34.572,73.489,56.746
2025-06-07,21317941,18.673,26.695,21.763,34.218,76.091,58.079
2025-06-07,21317942,17.901,25.086,20.622,35.52,81.845,61.551
2025-06-07,21317943,16.722,25.215,20.089,36.934,84.262,64.997
2025-06-07,21317947,18.437,26.137,21.326,35.642,74.867,59.098
2025-06-07,21317948,18.201,25.966,20.952,37.678,82.448,63.489
2025-06-07,21317949,18.502,27.574,21.897,37.002,74.725,58.786
2025-06-07,21317950,18.845,26.695,21.779,33.556,71.899,56.635
2025-06-07,21317953,18.244,26.802,21.161,34.733,81.779,60.491
2025-06-07,21317960,18.352,26.03,21.285,35.36,73.904,57.849
2025-06-08,21317937,13.268,26.373,19.957,33.28,70.632,49.308
2025-06-08,21317939,14.856,26.588,20.903,30.176,64.213,42.718
2025-06-08,21317940,13.89,25.537,20.03,31.527,61.921,43.947
2025-06-08,21317941,13.655,26.395,20.074,32.488,61.004,45.523
2025-06-08,21317942,12.925,24.55,19.37,34.778,67.378,47.757
2025-06-08,21317943,10.866,24.378,18.368,39.809,71.525,53.686
2025-06-08,21317947,13.504,25.515,20.182,33.06,65.4,45.007
2025-06-08,21317948,13.075,25.751,19.906,32.905,64.576,47.416
2025-06-08,21317949,12.561,28.175,20.473,32.055,66.923,47.013
2025-06-08,21317950,14.083,25.966,20.325,31.473,59.742,43.181
2025-06-08,21317953,13.054,25.858,20.049,32.325,64.15,45.166
2025-06-08,21317960,12.561,24.829,19.356,35.373,66.287,47.827
2025-06-09,21317937,15.821,24.035,19.422,38.346,84.303,64.033
2025-06-09,21317939,16.078,24.357,19.642,36.229,84.422,62.548
2025-06-09,21317940,15.413,23.907,19.62,36.362,81.776,60.334
2025-06-09,21317941,16.078,22.984,19.617,41.741,83.409,61.332
2025-06-09,21317942,15.885,22.706,19.006,41.92,84.215,63.981
2025-06-09,21317943,15.37,21.397,18.058,48.504,83.369,67.463
2025-06-09,21317947,15.971,23.799,19.651,37.221,84.623,62.982
2025-06-09,21317948,16.142,22.298,19.582,45.313,84.234,61.755
2025-06-09,21317949,16.057,23.199,19.884,42.882,88.455,63.137
2025-06-09,21317950,16.314,24.143,19.986,35.386,83.708,60.982
2025-06-09,21317953,16.121,23.349,19.625,40.253,85.327,61.646
2025-06-09,21317960,15.864,22.899,19.44,42.049,82.42,61.289
2025-06-10,21317937,16.7,19.252,17.856,69.621,90.504,79.681
2025-06-10,21317939,16.829,19.703,17.815,66.415,90.272,79.693
2025-06-10,21317940,16.764,24.657,19.67,39.701,88.82,71.257
2025-06-10,21317941,16.764,25.194,19.989,37.777,90.82,71.281
2025-06-10,21317942,16.336,23.542,19.192,38.939,92.592,75.682
2025-06-10,21317943,16.271,24.636,19.245,44.956,92.946,76.819
2025-06-10,21317947,16.657,25.258,19.739,40.986,90.605,72.879
2025-06-10,21317948,16.872,25.622,20.076,36.878,90.904,71.658
2025-06-10,21317949,16.1,27.681,20.051,39.699,96.333,75.125
2025-06-10,21317950,16.915,25.644,20.129,36.078,90.13,71.308
2025-06-10,21317953,16.722,25.065,19.869,36.562,92.285,73.428
2025-06-10,21317960,16.722,25.0,19.873,37.74,90.277,71.379
2025-06-11,21317940,15.542,23.885,19.439,44.625,76.292,61.045
2025-06-11,21317941,15.756,25.086,20.012,45.028,74.861,61.581
2025-06-11,21317942,15.907,24.035,19.614,49.194,74.852,63.038
2025-06-11,21317943,15.499,24.55,19.391,47.848,76.634,63.83
2025-06-11,21317947,15.413,24.529,19.614,47.218,78.173,63.244
2025-06-11,21317948,15.928,25.387,20.332,43.024,73.136,60.327
2025-06-11,21317949,15.521,24.722,20.089,47.991,76.608,62.933
2025-06-11,21317950,15.799,26.159,20.371,43.304,74.943,60.242
2025-06-11,21317953,15.756,25.816,20.134,42.57,75.531,60.58
2025-06-11,21317960,15.671,25.644,19.901,44.186,74.18,60.697
2025-06-12,21317940,16.764,22.298,18.756,42.864,80.873,62.35
2025-06-12,21317941,16.357,22.856,19.026,42.708,83.543,62.961
2025-06-12,21317942,15.992,22.663,18.386,47.41,89.772,67.467
2025-06-12,21317943,15.628,22.362,18.49,44.19,90.108,66.254
2025-06-12,21317947,16.1,22.298,18.872,45.064,85.759,65.396
2025-06-12,21317948,16.614,23.07,19.496,42.553,88.524,62.675
2025-06-12,21317949,15.992,24.679,19.396,43.861,95.5,65.507
2025-06-12,21317950,16.764,23.156,19.269,42.185,83.175,62.164
2025-06-12,21317953,16.336,22.899,19.0,42.016,88.011,63.483
2025-06-12,21317960,16.228,22.77,18.945,42.437,85.185,63.489
2025-06-13,21317940,10.051,18.823,14.339,38.822,65.803,53.248
2025-06-13,21317941,10.33,20.282,14.47,37.162,69.355,54.398
2025-06-13,21317942,10.159,18.18,14.035,40.497,71.273,57.171
2025-06-13,21317943,8.7,19.21,14.019,41.993,74.568,58.653
2025-06-13,21317947,9.837,19.574,14.516,40.331,70.622,55.845
2025-06-13,21317948,10.352,20.797,15.219,34.82,67.935,52.298
2025-06-13,21317949,9.515,22.62,15.409,35.702,72.403,54.188
2025-06-13,21317950,10.266,20.432,14.833,34.124,69.139,52.711
2025-06-13,21317953,10.309,20.604,14.598,34.838,67.79,52.839
2025-06-13,21317960,9.966,20.132,14.341,35.218,67.463,54.615
2025-06-14,21317940,11.252,21.976,17.193,30.858,68.829,46.418
2025-06-14,21317941,10.073,22.405,17.212,28.24,75.66,47.747
2025-06-14,21317942,10.159,20.775,16.299,30.913,75.862,50.329
2025-06-14,21317943,8.786,21.354,15.76,32.909,83.56,54.985
2025-06-14,21317947,11.231,22.491,17.075,31.107,71.958,48.888
2025-06-14,21317948,10.566,22.084,17.299,30.716,74.174,47.924
2025-06-14,21317949,9.88,26.051,17.641,30.709,77.354,49.254
2025-06-14,21317950,10.781,22.598,17.477,29.526,72.963,45.877
2025-06-14,21317953,10.394,22.791,17.009,29.242,76.584,48.432
2025-06-14,21317960,9.987,21.59,16.393,29.679,75.572,50.698
2025-06-15,21317940,12.625,25.73,19.16,26.226,60.415,39.386
2025-06-15,21317941,11.853,26.266,19.108,26.276,66.772,42.609
2025-06-15,21317942,10.609,23.714,18.032,28.827,71.679,46.181
2025-06-15,21317943,8.872,24.636,16.97,30.126,80.644,53.289
2025-06-15,21317947,12.26,25.901,19.042,26.844,63.839,42.829
2025-06-15,21317948,10.587,25.301,18.709,26.345,71.061,45.182
2025-06-15,21317949,10.845,30.362,19.753,24.451,72.599,43.993
2025-06-15,21317950,12.389,26.631,19.467,24.396,64.346,40.84
2025-06-15,21317953,10.738,26.437,18.75,25.676,70.729,43.915
2025-06-15,21317960,10.33,26.094,17.732,25.815,74.858,47.282
2025-06-16,21317940,15.349,27.188,21.888,27.596,63.572,46.771
2025-06-16,21317941,14.191,28.261,22.397,27.979,69.612,45.551
2025-06-16,21317942,13.719,26.116,20.728,32.923,71.434,51.762
2025-06-16,21317943,11.596,26.545,19.59,35.154,83.13,57.055
2025-06-16,21317947,15.027,28.153,22.066,29.787,71.075,47.838
2025-06-16,21317948,13.483,28.582,21.656,28.727,72.349,49.935
2025-06-16,21317949,14.126,30.513,22.842,27.234,69.978,46.863
2025-06-16,21317950,15.263,29.247,22.508,27.33,70.365,45.417
2025-06-16,21317953,13.483,28.561,21.676,29.334,72.97,48.336
2025-06-16,21317960,13.74,27.853,21.547,28.745,72.573,48.093
2025-06-17,21317940,20.561,26.073,23.322,54.403,72.938,63.832
2025-06-17,21317941,21.033,27.102,23.79,53.181,72.924,64.356
2025-06-17,21317942,20.411,25.172,22.694,56.367,75.106,67.254
2025-06-17,21317943,19.145,26.416,22.281,56.358,80.801,68.618
2025-06-17,21317947,20.625,26.673,23.495,56.555,75.303,66.298
2025-06-17,21317948,20.754,27.017,23.818,53.913,72.696,63.154
2025-06-17,21317949,20.925,29.269,24.114,50.539,76.382,65.094
2025-06-17,21317950,20.925,27.853,24.111,51.835,72.761,63.494
2025-06-17,21317953,20.797,27.253,23.658,53.036,73.817,63.938
2025-06-17,21317959,23.628,27.274,25.88,54.908,67.575,60.952
2025-06-17,21317960,20.99,26.673,23.608,54.679,73.185,65.078
2025-06-18,21317940,20.003,29.011,23.664,52.352,81.671,70.824
2025-06-18,21317941,20.282,29.783,24.014,54.638,81.973,71.108
2025-06-18,21317942,19.874,28.11,23.213,56.541,83.882,74.306
2025-06-18,21317943,19.445,28.625,23.184,55.521,85.57,74.476
2025-06-18,21317947,20.11,28.69,23.906,59.745,82.187,72.696
2025-06-18,21317948,20.26,29.869,23.961,50.855,83.044,71.886
2025-06-18,21317949,20.561,30.084,24.262,55.75,82.832,72.618
2025-06-18,21317950,20.496,30.362,24.446,52.844,80.357,69.441
2025-06-18,21317953,20.26,30.062,24.042,54.24,83.423,71.985
2025-06-18,21317959,20.239,30.062,24.022,54.45,81.566,71.275
2025-06-18,21317960,20.475,29.462,23.911,52.663,80.305,70.795
2025-06-19,21317940,22.47,28.904,25.297,49.648,83.323,70.939
2025-06-19,21317941,23.22,29.912,25.888,53.457,82.594,70.122
2025-06-19,21317942,22.041,28.625,24.675,55.154,86.693,75.44
2025-06-19,21317943,21.354,29.312,24.068,55.164,90.419,78.217
2025-06-19,21317947,22.212,29.376,25.274,53.8,85.537,73.253
2025-06-19,21317948,22.448,30.041,25.321,51.565,86.513,73.374
2025-06-19,21317949,22.856,30.191,25.83,51.965,87.915,72.057
2025-06-19,21317950,23.07,30.92,26.059,48.971,82.806,70.03
2025-06-19,21317953,22.62,30.341,25.518,50.408,86.102,73.016
2025-06-19,21317959,22.706,30.448,25.598,50.166,84.015,71.52
2025-06-19,21317960,22.727,30.105,25.396,47.89,81.607,70.24
2025-06-20,21317940,15.606,23.456,19.953,36.719,89.609,68.656
2025-06-20,21317941,15.671,24.443,20.367,38.378,91.099,69.388
2025-06-20,21317942,15.413,23.521,19.416,45.615,92.743,75.56
2025-06-20,21317943,15.435,23.328,19.544,40.79,92.052,74.661
2025-06-20,21317947,15.478,23.799,19.874,39.997,92.154,72.394
2025-06-20,21317948,15.885,24.464,20.55,39.544,90.95,70.452
2025-06-20,21317949,15.07,25.279,20.384,41.372,97.11,73.375
2025-06-20,21317950,15.756,24.572,20.472,35.596,89.613,68.729
2025-06-20,21317953,15.714,24.4,20.279,37.646,91.891,70.913
2025-06-20,21317959,16.057,24.293,20.605,38.131,89.268,68.662
2025-06-20,21317960,15.585,24.293,20.232,40.42,90.193,69.717
2025-06-21,21317940,14.062,26.909,20.719,32.531,71.441,48.958
2025-06-21,21317941,14.877,27.96,21.186,27.376,67.99,46.231
2025-06-21,21317942,14.791,25.408,20.029,31.92,70.079,51.942
2025-06-21,21317943,11.789,26.244,18.963,33.921,82.882,58.802
2025-06-21,21317947,14.512,27.531,20.886,29.274,70.741,50.353
2025-06-21,21317948,13.933,27.681,21.523,25.795,68.974,45.409
2025-06-21,21317949,13.869,31.564,21.551,25.255,76.26,49.718
2025-06-21,21317950,13.976,28.732,21.555,26.804,72.551,47.405
2025-06-21,21317953,14.941,28.132,21.131,27.134,68.925,46.679
2025-06-21,21317959,14.963,27.939,21.399,27.031,65.673,45.209
2025-06-21,21317960,14.448,27.596,20.602,28.922,71.281,48.633
2025-06-22,21317940,20.668,30.105,24.992,45.231,86.677,64.619
2025-06-22,21317941,20.711,31.027,25.442,44.97,87.636,65.931
2025-06-22,21317942,20.432,28.775,24.181,48.502,89.915,71.487
2025-06-22,21317943,20.089,30.534,24.225,52.892,91.774,71.529
2025-06-22,21317947,20.475,30.234,25.064,46.992,89.429,67.756
2025-06-22,21317948,20.861,31.778,25.511,44.215,88.46,66.086
2025-06-22,21317949,20.582,32.915,25.923,47.605,91.797,67.579
2025-06-22,21317950,20.968,31.049,25.555,44.224,87.778,65.856
2025-06-22,21317953,20.732,31.328,25.281,44.411,89.352,66.858
2025-06-22,21317959,21.076,31.263,25.509,43.986,85.199,65.151
2025-06-22,21317960,20.647,31.499,25.386,45.293,87.274,66.072
2025-06-23,21317940,23.285,34.716,28.225,44.311,73.274,61.027
2025-06-23,21317941,22.92,36.046,28.793,48.145,75.315,63.498
2025-06-23,21317942,22.448,34.416,27.603,52.796,77.917,66.682
2025-06-23,21317943,20.99,34.738,26.929,52.413,84.567,70.182
2025-06-23,21317947,22.319,35.682,28.321,48.507,77.89,64.87
2025-06-23,21317948,22.706,36.068,28.707,47.424,77.043,62.958
2025-06-23,21317949,22.577,36.368,29.035,50.024,80.005,64.304
2025-06-23,21317950,23.499,36.454,29.34,47.225,74.313,61.728
2025-06-23,21317953,22.362,36.604,28.849,46.827,79.559,62.898
2025-06-23,21317959,22.513,36.239,28.848,48.334,74.835,62.61
2025-06-23,21317960,22.427,36.089,28.273,47.025,77.18,63.542
2025-06-24,21317940,25.751,35.167,29.999,39.124,66.993,57.55
2025-06-24,21317941,26.266,36.582,31.04,37.198,69.102,58.475
2025-06-24,21317942,26.266,34.009,30.191,42.368,69.386,61.059
2025-06-24,21317943,25.751,35.06,30.338,40.006,69.923,59.991
2025-06-24,21317947,25.858,35.767,30.428,42.515,70.344,61.096
2025-06-24,21317948,26.781,36.454,31.48,38.216,66.664,56.876
2025-06-24,21317949,26.03,37.44,31.374,39.463,71.757,60.083
2025-06-24,21317950,26.416,37.119,31.346,38.029,68.495,57.706
2025-06-24,21317953,26.352,36.582,31.159,35.871,67.953,57.332
2025-06-24,21317959,26.652,36.368,31.278,37.281,67.788,57.336
2025-06-24,21317960,26.073,37.033,30.991,36.513,67.738,57.703
2025-06-25,21317940,23.07,29.44,25.832,23.49,80.705,54.474
2025-06-25,21317941,22.834,32.078,26.394,23.246,76.208,55.404
2025-06-25,21317942,22.105,30.169,25.437,26.635,77.926,57.88
2025-06-25,21317943,20.797,31.499,25.426,26.088,81.802,59.778
2025-06-25,21317947,22.684,29.998,25.843,25.64,81.161,57.25
2025-06-25,21317948,22.92,31.07,26.3,23.593,76.703,55.396
2025-06-25,21317949,22.877,31.757,26.788,27.388,82.577,57.266
2025-06-25,21317950,23.649,30.62,26.555,21.128,75.65,54.136
2025-06-25,21317953,23.07,30.641,26.396,22.353,77.472,54.329
2025-06-25,21317959,22.77,31.092,26.494,22.986,75.531,55.328
2025-06-25,21317960,22.277,30.877,26.021,25.495,76.141,55.993
2025-06-26,21317940,17.043,26.566,19.889,26.345,57.415,44.128
2025-06-26,21317941,16.915,27.274,19.972,25.801,59.525,45.01
2025-06-26,21317942,16.571,26.33,19.301,25.283,63.011,46.955
2025-06-26,21317943,16.529,25.108,18.966,31.51,61.843,50.095
2025-06-26,21317947,16.893,25.837,19.638,29.815,59.246,45.953
2025-06-26,21317948,16.743,27.059,19.946,24.916,61.353,46.132
2025-06-26,21317949,17.0,26.309,19.927,31.481,60.653,47.537
2025-06-26,21317950,17.322,26.974,20.211,26.088,55.772,43.097
2025-06-26,21317953,17.065,26.974,20.063,23.989,59.765,44.442
2025-06-26,21317959,16.722,27.381,20.042,25.731,60.963,46.654
2025-06-26,21317960,16.893,26.437,19.555,28.685,60.658,45.819
2025-06-27,21317940,16.443,20.389,17.924,33.225,60.78,48.192
2025-06-27,21317941,15.756,21.504,17.705,35.637,68.74,52.064
2025-06-27,21317942,15.156,19.746,16.504,39.196,70.571,57.049
2025-06-27,21317943,13.655,17.537,14.573,52.871,77.586,66.093
2025-06-27,21317947,15.992,20.153,17.053,35.72,62.196,52.762
2025-06-27,21317948,15.563,20.711,17.047,34.389,67.285,55.365
2025-06-27,21317949,15.478,20.346,17.381,39.037,70.425,54.42
2025-06-27,21317950,16.443,21.569,18.028,33.275,61.038,48.752
2025-06-27,21317953,15.542,21.076,16.753,35.167,68.383,55.695
2025-06-27,21317959,15.199,21.74,17.114,34.179,69.683,55.824
2025-06-27,21317960,15.478,20.282,16.981,37.58,67.959,54.525
2025-07-01,21317940,21.462,28.818,24.997,51.35,89.05,71.533
2025-07-01,21317941,22.169,29.805,25.737,57.165,87.483,70.311
2025-07-01,21317942,21.676,28.325,24.673,59.008,91.182,74.559
2025-07-01,21317943,21.419,29.161,24.322,57.255,91.379,75.972
2025-07-01,21317947,21.612,29.226,25.241,57.653,90.199,73.534
2025-07-01,21317948,21.698,29.934,25.608,57.252,90.881,71.575
2025-07-01,21317949,21.783,29.869,25.782,58.987,92.708,72.653
2025-07-01,21317950,22.062,31.049,25.954,53.352,88.666,71.188
2025-07-01,21317953,21.933,30.448,25.695,55.128,91.411,71.79
2025-07-01,21317959,21.762,30.212,25.746,56.822,89.355,70.463
2025-07-01,21317960,22.062,30.234,25.58,51.171,86.583,69.822
2025-07-02,21317940,20.496,28.003,23.474,50.811,84.054,70.146
2025-07-02,21317941,20.411,29.44,24.354,47.074,86.72,68.422
2025-07-02,21317942,20.303,28.11,23.818,49.688,86.513,70.595
2025-07-02,21317943,19.596,28.346,23.755,51.093,86.528,71.167
2025-07-02,21317947,20.26,29.397,24.052,48.38,87.233,70.508
2025-07-02,21317948,20.239,29.547,24.819,46.522,86.329,67.166
2025-07-02,21317949,20.067,29.633,24.499,49.575,91.154,71.366
2025-07-02,21317950,20.518,30.727,24.759,42.716,85.798,67.747
2025-07-02,21317953,20.518,30.169,24.614,44.982,87.858,68.368
2025-07-02,21317959,20.582,29.955,24.691,45.354,84.646,66.844
2025-07-02,21317960,20.389,29.312,24.076,45.737,85.946,68.083
2025-07-03,21317940,19.596,25.129,21.705,46.444,77.881,68.789
2025-07-03,21317941,19.295,24.829,21.794,51.464,81.266,70.882
2025-07-03,21317942,18.416,24.722,21.218,57.845,86.107,73.92
2025-07-03,21317943,17.601,23.671,20.541,56.001,90.253,78.078
2025-07-03,21317947,19.381,24.829,21.582,55.933,81.694,72.429
2025-07-03,21317948,19.51,25.687,22.077,51.807,81.907,70.294
2025-07-03,21317949,18.523,24.765,21.861,54.803,93.202,74.953
2025-07-03,21317950,19.874,25.065,22.083,50.37,79.89,69.832
2025-07-03,21317953,19.167,24.936,21.882,50.732,82.118,71.049
2025-07-03,21317959,19.81,25.236,22.173,50.848,79.6,69.008
2025-07-03,21317960,18.802,24.421,21.577,50.068,80.916,70.945
2025-07-04,21317940,14.598,24.85,19.589,41.526,71.034,56.314
2025-07-04,21317941,14.191,25.944,19.953,40.2,74.199,57.162
2025-07-04,21317942,13.912,23.606,19.196,46.227,76.41,60.638
2025-07-04,21317943,12.646,24.893,19.33,43.963,81.253,59.972
2025-07-04,21317947,13.955,25.429,19.789,42.382,75.805,58.94
2025-07-04,21317948,14.105,26.781,20.607,39.086,74.592,55.118
2025-07-04,21317949,13.419,28.475,20.672,39.458,80.678,57.913
2025-07-04,21317950,14.512,26.502,20.114,39.091,72.242,55.637
2025-07-04,21317953,14.277,26.244,19.916,39.649,73.703,56.229
2025-07-04,21317959,14.598,26.459,20.242,39.846,72.151,55.775
2025-07-04,21317960,13.697,26.073,19.641,40.359,75.174,57.577
2025-07-05,21317940,17.558,26.352,22.109,42.606,72.86,58.741
2025-07-05,21317941,17.73,27.017,22.556,42.213,74.24,58.223
2025-07-05,21317942,17.708,25.236,21.691,48.124,72.862,60.993
2025-07-05,21317943,16.657,25.494,21.115,49.015,79.527,63.901
2025-07-05,21317947,17.301,26.759,22.201,47.163,75.7,60.691
2025-07-05,21317948,17.901,26.802,22.686,43.018,73.519,56.955
2025-07-05,21317949,17.322,27.767,22.642,47.065,79.527,60.997
2025-07-05,21317950,17.58,28.196,23.04,41.317,73.437,56.894
2025-07-05,21317953,17.601,27.124,22.54,42.112,73.547,57.643
2025-07-05,21317959,18.094,26.695,22.715,41.617,72.137,56.996
2025-07-05,21317960,17.601,27.231,22.19,44.819,73.15,57.819
2025-07-06,21317940,22.62,32.936,25.84,49.866,82.614,63.727
2025-07-06,21317941,23.478,34.245,26.528,47.55,85.537,64.063
2025-07-06,21317942,22.77,32.636,25.627,50.825,90.391,67.026
2025-07-06,21317943,21.14,33.194,24.742,50.242,90.172,69.873
2025-07-06,21317947,23.199,34.116,26.283,49.207,84.627,65.572
2025-07-06,21317948,22.405,33.858,26.039,48.957,88.185,65.085
2025-07-06,21317949,22.384,33.816,26.398,50.806,97.591,68.041
2025-07-06,21317950,23.328,34.759,26.751,46.435,80.104,63.175
2025-07-06,21317953,23.177,34.716,26.459,45.336,87.883,63.821
2025-07-06,21317959,22.427,34.266,26.245,47.396,89.305,64.172
2025-07-06,21317960,23.37,33.708,26.234,47.543,85.017,63.638
2025-07-07,21317940,16.164,24.443,19.469,76.799,92.74,85.454
2025-07-07,21317941,15.478,24.121,18.913,83.685,94.395,87.555
2025-07-07,21317942,15.692,23.456,18.805,84.862,94.02,88.817
2025-07-07,21317943,15.542,22.877,18.646,84.668,94.379,89.303
2025-07-07,21317947,15.885,24.228,19.115,80.023,92.708,87.489
2025-07-07,21317948,16.057,24.057,19.122,83.653,93.884,88.251
2025-07-07,21317949,15.413,23.821,18.911,84.907,100.0,92.03
2025-07-07,21317950,16.035,24.807,19.447,76.997,91.571,85.433
2025-07-07,21317953,15.864,24.271,19.202,82.847,93.376,87.755
2025-07-07,21317959,16.014,24.143,19.077,82.454,93.39,87.005
2025-07-07,21317960,15.628,23.885,18.859,82.76,92.267,86.886
2025-07-08,21317940,15.907,25.794,19.715,40.565,91.095,73.911
2025-07-08,21317941,15.735,27.21,19.848,43.18,94.054,74.749
2025-07-08,21317942,15.435,24.636,18.913,44.579,94.031,78.704
2025-07-08,21317943,14.748,24.743,18.77,48.774,94.849,81.762
2025-07-08,21317947,15.799,26.18,19.877,42.061,92.926,75.082
2025-07-08,21317948,15.692,26.009,19.933,40.529,93.477,74.563
2025-07-08,21317949,15.285,28.132,20.414,46.137,100.0,76.536
2025-07-08,21317950,15.949,27.145,19.943,38.509,91.22,73.796
2025-07-08,21317953,15.692,27.488,19.789,39.261,93.294,75.477
2025-07-08,21317959,15.842,27.36,20.174,40.308,92.699,73.279
2025-07-08,21317960,15.327,25.73,19.318,44.37,92.587,76.423
2025-07-09,21317940,19.36,28.389,23.67,42.832,81.23,63.504
2025-07-09,21317941,19.21,29.097,24.138,44.942,84.486,63.897
2025-07-09,21317942,18.545,26.244,22.522,50.869,88.217,70.309
2025-07-09,21317943,17.494,27.124,21.781,56.272,91.237,75.015
2025-07-09,21317947,18.845,28.883,23.533,47.243,83.996,66.694
2025-07-09,21317948,19.167,28.239,23.867,43.989,84.97,64.751
2025-07-09,21317949,18.974,31.671,24.634,45.509,86.052,65.037
2025-07-09,21317950,19.574,28.389,23.984,44.242,81.138,63.494
2025-07-09,21317953,18.48,29.74,23.793,43.033,89.158,66.07
2025-07-09,21317959,19.252,29.612,24.132,41.146,82.93,63.257
2025-07-09,21317960,18.866,28.282,23.301,46.557,86.711,65.834
2025-07-10,21317940,20.947,29.848,25.185,42.451,79.84,60.35
2025-07-10,21317941,20.175,29.226,24.839,47.625,82.518,64.16
2025-07-10,21317942,20.11,27.059,23.781,52.605,81.474,67.57
2025-07-10,21317943,18.952,27.274,23.002,56.628,87.173,71.716
2025-07-10,21317947,20.604,30.491,24.768,44.874,81.852,64.246
2025-07-10,21317948,20.711,29.526,24.841,49.158,79.234,64.592
2025-07-10,21317949,20.368,34.352,25.592,43.659,84.276,64.527
2025-07-10,21317950,20.775,30.749,25.285,42.8,80.786,61.306
2025-07-10,21317953,20.539,29.998,24.846,49.761,81.859,64.127
2025-07-10,21317959,20.668,30.749,24.975,47.944,79.139,64.213
2025-07-10,21317960,19.917,29.269,24.477,49.3,82.159,63.244
2025-07-11,21317940,20.153,31.285,25.785,41.92,84.189,63.71
2025-07-11,21317941,19.338,31.928,25.138,41.99,87.155,67.721
2025-07-11,21317942,19.467,28.99,23.851,49.483,88.254,72.996
2025-07-11,21317943,18.695,29.204,23.315,51.246,90.459,76.253
2025-07-11,21317947,19.874,31.885,25.742,42.635,86.12,66.067
2025-07-11,21317948,19.746,31.799,24.886,41.514,87.256,70.218
2025-07-11,21317949,19.317,34.03,26.111,42.544,90.275,67.103
2025-07-11,21317950,19.939,32.786,26.276,37.305,85.512,62.974
2025-07-11,21317953,19.574,32.035,25.2,39.557,88.487,68.011
2025-07-11,21317959,19.703,31.95,24.947,41.729,86.18,69.375
2025-07-11,21317960,19.338,32.293,24.816,40.615,86.258,67.731
2025-07-12,21317940,23.435,33.129,28.196,35.958,77.871,56.358
2025-07-12,21317941,21.976,34.051,27.606,40.681,85.548,64.087
2025-07-12,21317942,21.869,30.899,26.151,44.924,87.649,68.953
2025-07-12,21317943,20.754,29.934,25.097,52.802,90.314,73.956
2025-07-12,21317947,22.77,33.494,27.606,37.436,82.155,61.253
2025-07-12,21317948,22.148,33.001,27.211,42.104,88.721,67.02
2025-07-12,21317949,21.698,36.561,28.307,43.755,88.989,64.303
2025-07-12,21317950,23.156,34.245,28.331,35.236,80.621,58.631
2025-07-12,21317953,22.191,33.901,27.366,38.213,87.323,64.927
2025-07-12,21317959,21.891,34.03,27.284,40.951,88.423,66.865
2025-07-12,21317960,21.805,32.4,26.858,43.105,85.411,65.103
2025-07-13,21317940,21.891,31.113,26.388,52.869,91.046,72.448
2025-07-13,21317941,20.882,31.413,26.527,49.056,93.892,73.303
2025-07-13,21317942,21.612,29.29,25.416,56.121,94.058,77.99
2025-07-13,21317943,21.333,30.084,25.017,62.643,93.994,79.798
2025-07-13,21317947,22.234,31.07,26.466,53.075,92.007,74.101
2025-07-13,21317948,21.676,31.263,26.483,48.878,93.655,74.298
2025-07-13,21317949,21.676,33.794,26.895,53.581,95.601,75.684
2025-07-13,21317950,22.212,31.735,26.956,50.384,92.726,72.769
2025-07-13,21317953,21.483,31.263,26.272,49.232,94.324,75.235
2025-07-13,21317959,21.354,31.842,26.52,47.858,93.056,72.945
2025-07-13,21317960,21.118,30.749,26.264,50.079,91.591,73.307
2025-07-14,21317940,23.22,29.462,25.512,36.042,86.673,69.665
2025-07-14,21317941,23.113,29.934,25.768,36.536,90.011,71.356
2025-07-14,21317942,21.976,28.025,24.539,45.87,94.163,77.493
2025-07-14,21317943,21.483,28.475,24.295,46.181,94.314,78.731
2025-07-14,21317947,22.727,30.47,25.495,39.722,89.79,72.132
2025-07-14,21317948,22.727,30.32,25.602,37.884,91.632,73.058
2025-07-14,21317949,22.813,31.006,25.696,38.788,95.293,72.708
2025-07-14,21317950,23.113,30.856,26.059,36.413,88.743,70.267
2025-07-14,21317953,22.856,31.113,25.761,35.891,91.962,72.337
2025-07-14,21317959,23.049,30.834,25.921,37.099,88.309,70.111
2025-07-14,21317960,23.135,29.891,25.419,37.212,89.708,71.469
2025-07-15,21317940,21.226,30.963,25.711,48.38,75.192,62.888
2025-07-15,21317941,21.419,32.078,26.398,48.028,74.015,62.221
2025-07-15,21317942,21.462,29.676,25.292,54.797,75.096,66.226
2025-07-15,21317943,19.767,30.234,24.405,54.765,85.995,70.262
2025-07-15,21317947,21.097,31.199,25.895,51.466,76.872,64.744
2025-07-15,21317948,21.762,31.799,26.66,46.947,73.318,61.16
2025-07-15,21317949,20.99,32.808,26.571,44.84,79.193,62.616
2025-07-15,21317950,21.333,32.293,26.65,47.218,74.028,61.441
2025-07-15,21317953,21.44,32.271,26.539,45.994,74.313,61.28
2025-07-15,21317959,21.869,32.014,26.748,48.429,71.905,60.221
2025-07-15,21317960,21.14,31.928,25.995,48.302,73.96,61.281
2025-07-16,21317940,23.435,33.494,28.34,39.567,69.593,56.998
2025-07-16,21317941,24.293,35.403,29.164,32.451,70.097,56.797
2025-07-16,21317942,22.877,31.928,27.347,45.006,73.04,62.692
2025-07-16,21317943,21.161,32.228,26.11,45.194,82.852,67.959
2025-07-16,21317947,23.521,34.566,28.454,41.324,72.631,59.781
2025-07-16,21317948,23.992,34.051,28.999,40.945,70.93,57.133
2025-07-16,21317949,23.542,35.789,29.172,35.328,75.647,57.283
2025-07-16,21317950,23.456,35.639,29.344,32.68,71.131,55.754
2025-07-16,21317953,23.757,35.167,28.974,38.161,70.614,57.207
2025-07-16,21317959,24.293,35.06,29.248,38.079,69.177,56.633
2025-07-16,21317960,23.864,34.673,28.599,32.79,69.107,56.317
2025-07-17,21317940,23.328,31.628,26.675,52.023,90.282,73.756
2025-07-17,21317941,23.177,32.143,27.142,53.471,90.364,73.621
2025-07-17,21317942,22.92,29.998,25.401,60.23,92.193,81.666
2025-07-17,21317943,22.169,29.869,24.828,63.317,93.747,85.441
2025-07-17,21317947,23.263,31.649,26.473,54.733,90.903,76.699
2025-07-17,21317948,23.671,31.757,26.836,53.727,89.934,75.909
2025-07-17,21317949,22.641,33.215,26.821,54.444,95.599,77.412
2025-07-17,21317950,23.285,32.464,27.06,51.153,91.316,75.061
2025-07-17,21317953,23.113,32.314,26.619,54.124,92.241,77.526
2025-07-17,21317959,23.842,32.057,27.13,52.888,86.86,73.35
2025-07-17,21317960,23.092,31.392,26.483,52.981,90.66,75.7
2025-07-18,21317940,15.628,25.043,20.384,41.592,77.682,59.986
2025-07-18,21317941,15.714,28.239,20.925,39.33,85.104,59.368
2025-07-18,21317942,15.692,24.057,20.119,46.731,89.096,65.311
2025-07-18,21317943,15.413,24.593,20.284,48.333,88.281,64.095
2025-07-18,21317947,15.521,25.429,20.71,45.093,78.639,62.199
2025-07-18,21317948,15.778,25.837,21.453,42.542,85.606,59.056
2025-07-18,21317949,15.37,31.285,21.802,34.374,81.349,60.304
2025-07-18,21317950,15.907,26.759,21.21,38.932,77.162,58.57
2025-07-18,21317953,15.756,26.244,21.056,40.594,84.949,59.487
2025-07-18,21317959,16.057,26.223,21.231,40.255,84.315,58.015
2025-07-18,21317960,15.606,26.159,20.661,42.626,84.411,60.401
2025-07-19,21317940,18.094,26.116,22.097,38.747,71.221,56.409
2025-07-19,21317941,18.416,27.188,22.674,36.896,70.942,55.583
2025-07-19,21317942,18.523,25.258,21.862,41.404,70.907,58.989
2025-07-19,21317943,17.301,25.472,21.116,46.833,77.311,63.143
2025-07-19,21317947,18.18,26.909,22.374,42.15,73.597,58.654
2025-07-19,21317948,18.952,26.673,22.875,39.997,69.258,55.172
2025-07-19,21317949,18.201,29.483,22.793,40.775,75.683,58.419
2025-07-19,21317950,18.545,27.724,23.098,36.953,70.985,54.826
2025-07-19,21317953,18.545,27.446,22.786,38.177,70.732,54.934
2025-07-19,21317959,18.995,27.188,22.954,39.014,68.392,54.275
2025-07-19,21317960,18.244,26.566,22.328,38.025,70.17,55.3
2025-07-20,21317940,18.995,25.644,21.687,45.231,78.085,67.156
2025-07-20,21317941,18.63,26.824,22.189,40.607,82.692,66.352
2025-07-20,21317942,17.515,24.979,20.934,47.417,89.415,73.314
2025-07-20,21317943,17.065,25.065,20.377,52.12,91.156,76.749
2025-07-20,21317947,18.03,25.858,21.595,46.719,84.361,70.394
2025-07-20,21317948,18.266,26.437,21.988,42.158,84.93,68.664
2025-07-20,21317949,17.537,26.588,21.834,46.128,94.066,71.629
2025-07-20,21317950,18.673,27.338,22.386,44.584,81.811,66.502
2025-07-20,21317953,17.987,26.931,21.965,44.584,87.959,69.559
2025-07-20,21317959,18.673,27.102,22.297,42.855,82.045,66.093
2025-07-20,21317960,17.901,26.287,21.659,41.262,84.926,68.19
2025-07-21,21317940,14.963,24.936,19.353,41.967,66.767,54.311
2025-07-21,21317941,14.899,24.743,19.453,40.15,71.53,56.255
2025-07-21,21317942,14.984,23.735,18.95,44.462,70.901,58.141
2025-07-21,21317943,13.526,23.542,18.499,48.042,78.499,61.861
2025-07-21,21317947,14.705,24.293,19.604,42.963,70.571,56.744
2025-07-21,21317948,15.07,24.872,20.109,40.546,68.435,53.603
2025-07-21,21317949,14.277,27.231,20.321,37.694,73.455,55.529
2025-07-21,21317950,15.027,25.043,19.728,41.37,70.01,54.206
2025-07-21,21317953,14.963,24.936,19.508,40.529,68.957,54.701
2025-07-21,21317959,15.092,25.194,19.867,40.58,68.115,54.645
2025-07-21,21317960,14.727,24.1,19.186,42.922,69.625,55.27
2025-07-22,21317937,22.191,24.85,23.515,40.262,51.949,46.931
2025-07-22,21317939,22.062,24.464,23.44,38.556,47.486,43.565
2025-07-22,21317940,13.097,23.606,18.057,40.194,72.033,55.587
2025-07-22,21317941,13.354,24.357,18.583,38.708,73.759,55.759
2025-07-22,21317942,12.775,22.706,17.649,43.638,76.201,59.529
2025-07-22,21317943,10.995,22.92,16.868,47.84,85.29,65.18
2025-07-22,21317947,12.325,25.0,18.453,41.361,77.098,57.096
2025-07-22,21317948,12.475,25.022,18.798,39.692,74.437,55.064
2025-07-22,21317949,12.368,24.164,18.868,42.832,80.998,57.313
2025-07-22,21317950,13.075,24.743,18.832,38.09,74.395,54.091
2025-07-22,21317953,12.325,25.58,18.761,36.054,77.522,54.351
2025-07-22,21317959,13.462,25.172,19.028,38.18,69.891,54.223
2025-07-22,21317960,12.646,24.25,18.042,41.302,75.966,56.612
2025-07-23,21317937,15.606,28.325,22.024,39.518,76.887,57.952
2025-07-23,21317939,14.727,27.832,21.685,38.404,76.135,55.865
2025-07-23,21317940,15.37,26.695,21.409,37.395,74.583,54.346
2025-07-23,21317941,15.992,28.11,22.233,37.282,74.725,53.538
2025-07-23,21317942,15.242,26.373,20.639,41.668,77.948,59.003
2025-07-23,21317943,13.762,26.652,19.639,43.931,86.993,65.196
2025-07-23,21317947,15.134,27.51,21.61,39.825,77.096,56.733
2025-07-23,21317948,15.242,27.939,21.866,37.427,76.567,55.523
2025-07-23,21317949,15.392,27.253,21.97,40.835,83.066,56.273
2025-07-23,21317950,15.606,28.797,22.235,35.698,75.769,53.6
2025-07-23,21317953,14.512,28.539,21.806,35.908,80.133,54.433
2025-07-23,21317959,15.864,28.604,22.14,36.306,74.101,54.212
2025-07-23,21317960,15.263,28.003,21.601,37.015,77.652,54.248
2025-07-24,21317937,20.368,33.623,26.58,47.465,73.785,60.812
2025-07-24,21317939,18.652,33.365,26.046,46.0,75.445,59.72
2025-07-24,21317940,20.11,32.336,26.034,44.036,67.674,56.802
2025-07-24,21317941,20.153,33.966,26.953,45.705,72.293,56.45
2025-07-24,21317942,19.639,32.464,25.64,47.408,74.339,60.616
2025-07-24,21317943,17.408,32.421,24.376,51.873,83.638,65.101
2025-07-24,21317947,20.368,32.786,26.592,49.276,68.713,57.357
2025-07-24,21317948,20.132,33.451,26.742,45.623,72.572,57.983
2025-07-24,21317949,20.411,33.043,26.646,47.9,69.409,57.72
2025-07-24,21317950,20.346,34.137,26.982,43.198,68.896,55.512
2025-07-24,21317953,19.617,33.966,26.711,44.584,74.83,56.794
2025-07-24,21317959,20.218,34.245,26.805,44.984,71.955,58.321
2025-07-24,21317960,19.746,33.515,26.519,46.032,70.022,55.563
2025-07-25,21317937,22.941,31.22,26.963,39.612,84.39,64.034
2025-07-25,21317939,23.092,31.092,26.842,35.926,86.967,62.873
2025-07-25,21317940,22.427,30.598,26.207,38.291,86.638,63.786
2025-07-25,21317941,22.706,31.199,26.522,37.778,86.284,63.942
2025-07-25,21317942,22.555,30.877,26.066,39.229,86.139,64.751
2025-07-25,21317943,21.955,30.041,25.432,44.782,86.903,69.06
2025-07-25,21317947,22.706,30.534,26.184,40.13,87.471,65.483
2025-07-25,21317948,22.791,31.263,26.816,37.9,85.763,62.529
2025-07-25,21317949,22.706,31.006,26.398,42.713,91.365,68.009
2025-07-25,21317950,22.941,31.135,26.567,36.033,86.038,62.429
2025-07-25,21317953,22.963,31.07,26.592,36.077,86.203,63.244
2025-07-25,21317959,22.748,31.456,26.918,37.765,84.912,62.366
2025-07-25,21317960,22.491,31.049,26.234,40.031,84.976,63.472
2025-07-26,21317937,18.395,29.676,23.929,40.143,81.239,58.382
2025-07-26,21317939,17.193,31.435,24.518,36.741,75.99,54.305
2025-07-26,21317940,18.716,29.998,24.521,35.383,68.612,50.104
2025-07-26,21317941,18.352,30.834,24.649,36.457,76.979,53.962
2025-07-26,21317942,17.558,28.303,23.205,41.958,80.117,58.887
2025-07-26,21317943,16.207,27.617,21.98,47.01,87.337,66.043
2025-07-26,21317947,17.751,30.427,24.502,35.894,73.292,52.411
2025-07-26,21317948,17.322,29.805,23.926,39.161,77.929,56.622
2025-07-26,21317949,17.966,30.234,24.428,39.919,83.12,56.486
2025-07-26,21317950,18.931,30.877,25.113,33.696,72.358,50.274
2025-07-26,21317953,17.279,30.813,24.082,36.175,81.401,55.331
2025-07-26,21317959,17.472,30.362,23.959,38.378,78.387,56.205
2025-07-26,21317960,17.108,30.062,23.84,37.594,81.904,55.799
2025-07-27,21317937,21.633,31.671,24.863,51.96,85.232,69.434
2025-07-27,21317939,19.789,30.813,24.784,48.704,82.017,66.294
2025-07-27,21317940,21.397,29.44,24.859,45.792,80.98,63.715
2025-07-27,21317941,21.333,32.743,25.509,47.266,81.678,63.849
2025-07-27,21317942,20.818,29.118,24.284,50.559,83.415,68.377
2025-07-27,21317943,18.566,29.226,23.404,56.162,84.953,72.12
2025-07-27,21317947,20.797,30.105,25.17,47.854,83.999,64.765
2025-07-27,21317948,21.311,30.534,25.106,46.444,82.731,65.758
2025-07-27,21317949,21.569,30.127,25.419,48.479,85.37,66.254
2025-07-27,21317950,21.311,30.62,25.545,45.487,82.168,62.538
2025-07-27,21317953,21.033,31.113,25.215,48.183,85.553,65.324
2025-07-27,21317959,21.333,31.263,25.287,46.195,81.459,64.694
2025-07-27,21317960,21.076,30.555,25.284,46.728,79.742,62.45
2025-07-28,21317937,21.762,33.451,27.338,36.471,85.835,63.726
2025-07-28,21317939,22.298,33.258,27.648,36.558,83.436,60.719
2025-07-28,21317940,22.341,31.864,27.196,40.186,77.897,60.959
2025-07-28,21317941,22.62,33.022,27.851,31.958,74.693,59.326
2025-07-28,21317942,21.976,31.242,26.653,38.019,79.889,62.366
2025-07-28,21317943,19.681,31.135,25.534,38.441,86.065,68.705
2025-07-28,21317947,20.99,32.936,27.336,37.731,79.657,61.853
2025-07-28,21317948,21.29,32.808,27.348,35.61,83.537,61.198
2025-07-28,21317949,21.462,31.992,27.512,36.686,85.022,63.792
2025-07-28,21317950,21.976,33.365,27.988,33.909,78.132,58.009
2025-07-28,21317953,20.775,33.537,27.644,34.339,82.376,59.518
2025-07-28,21317959,21.762,33.344,27.576,33.651,81.309,59.942
2025-07-28,21317960,21.118,32.722,27.012,34.191,80.246,60.449
2025-07-29,21317937,24.185,32.786,28.439,42.176,74.166,59.201
2025-07-29,21317939,23.907,32.1,27.963,42.29,74.588,58.358
2025-07-29,21317940,23.885,30.534,27.322,42.148,73.172,58.711
2025-07-29,21317941,23.885,31.714,27.765,42.849,73.748,59.167
2025-07-29,21317942,23.714,30.384,27.012,48.183,74.304,61.487
2025-07-29,21317943,22.598,29.483,26.508,49.52,77.858,63.499
2025-07-29,21317947,23.22,31.349,27.495,45.476,75.711,61.034
2025-07-29,21317948,23.757,31.499,28.338,42.116,73.846,57.464
2025-07-29,21317949,23.714,31.177,27.933,47.01,78.114,61.017
2025-07-29,21317950,24.25,31.478,27.873,42.644,71.803,58.413
2025-07-29,21317953,23.992,32.271,27.834,41.019,73.021,57.973
2025-07-29,21317959,23.95,32.357,28.178,40.473,72.216,57.649
2025-07-29,21317960,23.649,31.371,27.456,43.906,72.682,57.705
2025-07-30,21317937,21.354,30.62,26.343,47.831,74.421,60.123
2025-07-30,21317939,22.212,29.354,25.956,43.99,71.171,59.415
2025-07-30,21317940,21.912,28.861,25.417,45.943,70.466,59.305
2025-07-30,21317941,21.719,29.118,25.799,47.167,72.7,59.808
2025-07-30,21317942,20.775,28.239,24.882,49.168,74.986,62.471
2025-07-30,21317943,19.102,28.325,24.083,50.875,81.976,65.397
2025-07-30,21317947,21.011,29.226,25.202,47.985,75.18,62.991
2025-07-30,21317948,21.161,29.676,26.155,45.815,73.068,58.111
2025-07-30,21317949,21.29,29.29,25.636,49.281,78.36,62.517
2025-07-30,21317950,22.041,29.719,26.033,44.927,71.608,59.256
2025-07-30,21317953,20.861,29.74,25.825,45.779,74.922,58.608
2025-07-30,21317959,21.676,29.934,26.0,45.531,70.701,58.312
2025-07-30,21317960,21.183,28.904,25.183,48.644,72.56,59.452
2025-07-31,21317937,17.858,25.687,21.262,42.089,63.362,53.003
2025-07-31,21317939,18.352,25.837,21.36,35.413,59.315,49.433
2025-07-31,21317940,17.644,25.494,20.875,41.953,58.401,49.939
2025-07-31,21317941,16.936,25.365,20.741,46.236,62.397,53.383
2025-07-31,21317942,16.829,24.829,20.101,45.719,64.131,55.45
2025-07-31,21317943,16.207,25.151,19.72,50.216,68.804,59.15
2025-07-31,21317947,17.344,25.022,20.767,42.686,61.146,52.409
2025-07-31,21317948,17.451,25.708,20.85,45.776,61.93,52.907
2025-07-31,21317949,17.108,25.344,20.759,48.371,63.171,55.124
2025-07-31,21317950,17.537,25.751,21.043,42.199,59.187,50.16
2025-07-31,21317953,17.172,25.644,20.827,44.282,60.937,52.156
2025-07-31,21317959,17.408,25.708,20.957,46.667,63.033,53.353
2025-07-31,21317960,17.043,25.022,20.39,46.137,60.58,53.565
2025-08-01,21317937,14.748,25.022,19.981,34.498,69.885,53.797
2025-08-01,21317939,15.478,25.279,19.952,31.922,67.234,51.234
2025-08-01,21317940,14.427,24.271,19.487,32.461,66.571,49.651
2025-08-01,21317941,14.212,25.086,19.731,32.515,71.31,50.857
2025-08-01,21317942,14.062,22.856,18.78,36.068,69.763,53.851
2025-08-01,21317943,12.925,23.328,18.414,38.108,73.259,56.671
2025-08-01,21317947,14.341,24.121,19.542,32.818,70.994,51.488
2025-08-01,21317948,14.705,23.971,19.783,35.222,67.584,52.13
2025-08-01,21317949,13.697,23.907,19.567,36.87,73.639,53.105
2025-08-01,21317950,14.298,24.014,19.479,31.757,69.882,49.948
2025-08-01,21317953,14.191,24.979,19.574,31.774,68.98,50.894
2025-08-01,21317958,13.933,25.129,19.453,27.842,69.598,45.091
2025-08-01,21317959,14.598,24.829,19.769,35.477,68.154,53.006
2025-08-01,21317960,13.869,24.078,19.091,33.385,69.857,51.156
2025-08-02,21317937,15.928,29.183,22.491,37.392,73.324,51.26
2025-08-02,21317939,16.55,27.66,21.467,37.507,72.409,51.723
2025-08-02,21317940,16.1,26.866,21.308,34.925,65.057,49.828
2025-08-02,21317941,16.164,27.617,21.756,35.441,72.013,49.919
2025-08-02,21317942,15.971,26.631,20.931,38.419,70.727,52.385
2025-08-02,21317943,13.14,27.145,19.964,40.244,81.344,57.07
2025-08-02,21317947,15.499,27.574,21.389,38.117,70.024,51.809
2025-08-02,21317948,15.628,28.261,21.922,36.77,68.925,49.582
2025-08-02,21317949,15.649,27.145,21.385,40.612,75.421,53.122
2025-08-02,21317950,15.735,27.982,21.916,34.726,70.333,49.375
2025-08-02,21317953,15.907,27.703,21.616,35.935,69.802,49.841
2025-08-02,21317958,15.971,27.896,21.795,31.563,69.305,45.098
2025-08-02,21317959,16.164,27.639,21.842,37.086,68.635,49.571
2025-08-02,21317960,15.735,27.488,21.332,37.795,69.729,49.931
2025-08-03,21317937,19.531,28.132,23.214,45.652,81.34,64.371
2025-08-03,21317939,19.017,27.51,22.939,45.371,69.743,61.544
2025-08-03,21317940,18.609,26.824,22.656,41.944,72.114,60.519
2025-08-03,21317941,18.416,27.853,22.458,45.528,77.111,63.035
2025-08-03,21317942,17.494,27.081,21.985,46.049,88.687,65.397
2025-08-03,21317943,16.121,27.059,21.28,46.773,90.655,67.835
2025-08-03,21317947,18.395,27.446,22.598,45.82,74.064,63.137
2025-08-03,21317948,18.823,27.767,22.633,44.785,87.581,62.218
2025-08-03,21317949,18.373,27.553,22.401,48.058,79.989,64.667
2025-08-03,21317950,18.588,28.303,23.179,43.203,71.377,60.03
2025-08-03,21317953,18.609,28.261,22.66,44.25,85.203,62.181
2025-08-03,21317958,18.502,28.389,22.595,40.372,82.741,58.602
2025-08-03,21317959,18.952,28.196,22.751,44.654,79.849,62.114
2025-08-03,21317960,18.244,27.746,22.148,45.092,83.882,61.248
2025-08-04,21317937,19.553,25.73,22.577,59.93,77.174,68.515
2025-08-04,21317939,19.403,25.322,22.308,56.82,77.261,66.915
2025-08-04,21317940,18.759,25.129,21.811,57.296,77.372,66.802
2025-08-04,21317941,18.888,25.494,21.852,57.307,79.046,67.93
2025-08-04,21317942,19.017,25.451,21.497,60.372,78.817,69.097
2025-08-04,21317943,17.365,25.215,21.255,60.322,85.566,70.062
2025-08-04,21317947,18.502,24.958,21.648,59.113,79.277,68.952
2025-08-04,21317948,19.017,25.622,22.052,57.824,77.884,66.65
2025-08-04,21317949,18.523,25.322,21.751,61.976,84.485,72.126
2025-08-04,21317950,18.931,25.601,22.05,56.829,77.295,66.438
2025-08-04,21317953,18.866,25.601,21.907,56.913,79.271,67.237
2025-08-04,21317958,18.802,25.622,22.034,53.741,80.15,65.697
2025-08-04,21317959,19.21,25.901,22.225,56.564,75.659,65.917
2025-08-04,21317960,18.716,25.429,21.594,55.856,78.727,67.444
2025-08-05,21317937,15.521,25.301,20.194,42.171,76.352,62.857
2025-08-05,21317939,16.078,26.459,20.732,34.768,70.179,56.728
2025-08-05,21317940,15.134,25.215,20.406,34.549,71.434,56.538
2025-08-05,21317941,14.577,24.979,19.969,37.589,73.75,61.094
2025-08-05,21317942,14.62,23.07,19.35,45.231,73.521,61.735
2025-08-05,21317943,13.719,23.649,18.778,45.368,81.364,65.653
2025-08-05,21317947,14.813,24.765,20.205,38.19,73.933,59.483
2025-08-05,21317948,14.963,24.55,20.027,43.633,72.966,60.25
2025-08-05,21317949,14.319,24.765,20.017,41.581,78.094,63.023
2025-08-05,21317950,14.813,24.657,20.307,38.766,71.157,56.272
2025-08-05,21317953,14.813,24.915,20.086,36.132,72.757,58.597
2025-08-05,21317958,14.555,26.18,20.152,32.435,73.823,56.359
2025-08-05,21317959,14.984,25.043,19.962,40.78,72.862,61.574
2025-08-05,21317960,14.512,24.057,19.618,40.244,73.433,59.561
2025-08-06,21317937,16.014,29.783,22.218,34.205,79.501,60.066
2025-08-06,21317939,17.129,30.298,23.089,34.685,72.546,54.617
2025-08-06,21317940,15.864,29.097,22.168,31.958,73.53,55.679
2025-08-06,21317941,15.349,28.84,21.974,38.959,75.155,59.063
2025-08-06,21317942,15.027,27.124,21.306,42.341,76.02,60.716
2025-08-06,21317943,14.105,27.767,20.651,43.771,80.475,63.538
2025-08-06,21317947,15.585,28.99,22.113,38.84,75.59,57.855
2025-08-06,21317948,15.306,28.968,22.032,40.043,76.735,59.446
2025-08-06,21317949,14.92,28.196,21.727,42.446,80.087,61.544
2025-08-06,21317950,15.413,28.389,22.061,38.921,74.197,57.34
2025-08-06,21317953,15.306,29.033,22.108,38.062,75.435,58.224
2025-08-06,21317958,15.07,29.312,21.939,33.944,75.935,55.315
2025-08-06,21317959,15.435,29.547,21.943,39.66,75.082,60.419
2025-08-06,21317960,15.027,27.96,21.348,40.484,74.821,58.897
2025-08-07,21317937,17.151,31.714,23.841,34.618,78.318,57.926
2025-08-07,21317939,18.137,32.443,24.752,31.037,73.025,53.187
2025-08-07,21317940,17.515,30.663,23.944,35.587,73.274,53.425
2025-08-07,21317941,16.722,30.749,23.601,35.923,73.561,55.417
2025-08-07,21317942,16.271,28.518,22.705,40.015,74.592,58.008
2025-08-07,21317943,14.941,29.011,21.901,41.07,79.541,61.046
2025-08-07,21317947,17.151,31.242,23.887,34.975,74.719,55.024
2025-08-07,21317948,16.764,30.041,23.358,35.813,75.856,57.117
2025-08-07,21317949,16.443,30.277,23.538,38.523,77.101,57.526
2025-08-07,21317950,17.365,30.641,23.82,34.655,73.178,53.894
2025-08-07,21317953,16.743,30.77,23.546,35.415,74.563,55.302
2025-08-07,21317958,16.571,31.306,23.672,30.535,72.523,51.051
2025-08-07,21317959,16.7,30.942,23.301,34.873,75.526,58.547
2025-08-07,21317960,16.486,29.74,22.994,35.721,71.666,55.985
2025-08-08,21317937,20.282,32.035,25.258,43.111,82.692,63.135
2025-08-08,21317939,19.188,32.1,25.874,40.011,80.87,57.489
2025-08-08,21317940,20.496,30.813,25.672,40.359,74.504,56.441
2025-08-08,21317941,20.668,31.499,26.051,38.129,76.272,57.251
2025-08-08,21317942,19.724,29.912,24.84,41.756,83.182,60.983
2025-08-08,21317943,18.137,30.534,23.845,42.29,85.547,65.12
2025-08-08,21317947,19.939,31.199,25.836,40.108,75.29,57.668
2025-08-08,21317948,19.853,31.521,25.491,39.658,81.488,59.939
2025-08-08,21317949,20.604,30.856,25.969,42.155,78.306,59.083
2025-08-08,21317950,20.861,31.821,26.311,38.328,73.448,55.681
2025-08-08,21317953,19.36,32.035,25.639,37.548,85.016,58.505
2025-08-08,21317958,20.368,31.564,26.251,33.637,75.439,52.311
2025-08-08,21317959,20.218,31.649,25.596,38.671,79.12,59.505
2025-08-08,21317960,19.703,31.371,25.487,37.974,77.226,57.091
2025-08-09,21317937,20.904,34.137,26.588,38.289,79.554,60.798
2025-08-09,21317939,19.574,32.808,25.958,37.678,81.852,59.219
2025-08-09,21317940,21.269,31.992,25.878,39.379,72.308,57.631
2025-08-09,21317941,20.797,33.236,26.715,36.718,77.372,57.361
2025-08-09,21317942,20.303,31.478,25.568,40.456,80.003,60.82
2025-08-09,21317943,19.059,32.336,24.847,38.694,85.049,63.948
2025-08-09,21317947,21.054,32.786,26.421,39.06,75.856,58.544
2025-08-09,21317948,20.432,32.893,26.52,38.756,79.094,58.692
2025-08-09,21317949,21.118,32.7,26.414,40.566,79.908,60.832
2025-08-09,21317950,21.011,33.408,26.801,37.02,74.144,57.044
2025-08-09,21317953,20.089,33.344,26.473,37.162,82.065,58.244
2025-08-09,21317958,21.676,33.601,26.8,30.895,73.178,53.577
2025-08-09,21317959,20.582,33.236,26.518,37.655,76.913,58.254
2025-08-09,21317960,21.097,33.301,26.358,36.159,74.105,56.87
2025-08-10,21317937,22.856,35.36,28.431,40.941,75.65,58.351
2025-08-10,21317939,22.92,34.266,28.317,39.413,71.768,55.722
2025-08-10,21317940,23.671,33.172,28.034,40.969,67.561,54.068
2025-08-10,21317941,25.151,34.352,29.134,39.503,65.061,52.763
2025-08-10,21317942,24.228,32.85,28.102,41.193,69.277,55.229
2025-08-10,21317943,22.727,33.387,27.108,43.604,73.42,59.866
2025-08-10,21317947,24.143,34.051,28.386,40.516,68.983,55.268
2025-08-10,21317948,23.649,34.223,28.837,38.337,70.956,53.459
2025-08-10,21317949,24.807,33.837,28.656,42.992,67.973,55.709
2025-08-10,21317950,24.55,34.459,28.918,39.019,68.695,53.189
2025-08-10,21317953,24.443,34.502,28.928,38.396,67.726,52.61
2025-08-10,21317958,25.022,34.824,29.031,34.269,61.166,48.439
2025-08-10,21317959,23.714,34.588,29.076,38.418,70.44,53.038
2025-08-10,21317960,24.85,34.33,28.713,39.283,62.002,52.016
2025-08-11,21317937,23.199,36.153,29.687,33.294,77.069,52.217
2025-08-11,21317939,22.298,36.668,29.581,29.345,74.975,50.329
2025-08-11,21317940,23.628,34.673,29.137,31.604,70.347,49.554
2025-08-11,21317941,24.765,35.982,30.153,30.579,66.74,48.545
2025-08-11,21317942,23.37,33.794,28.937,33.161,70.114,51.507
2025-08-11,21317943,21.719,34.974,27.949,32.557,74.72,56.602
2025-08-11,21317947,24.014,35.553,29.522,32.169,68.838,50.769
2025-08-11,21317948,23.692,35.338,30.012,31.192,71.853,49.113
2025-08-11,21317949,24.164,35.017,29.724,34.751,70.164,51.384
2025-08-11,21317950,24.1,35.403,29.957,30.671,69.186,49.029
2025-08-11,21317953,23.885,36.261,30.046,29.325,68.11,48.555
2025-08-11,21317958,24.614,36.153,30.12,26.432,62.849,44.2
2025-08-11,21317959,23.735,35.875,30.15,30.451,71.328,49.068
2025-08-11,21317960,24.529,35.574,29.716,30.172,64.997,48.796
2025-08-12,21317937,22.813,36.089,29.43,32.68,71.13,51.99
2025-08-12,21317939,22.427,36.968,29.847,29.628,68.269,47.527
2025-08-12,21317940,23.95,34.545,29.436,36.617,61.056,47.016
2025-08-12,21317941,24.378,35.767,30.301,34.415,61.422,46.273
2025-08-12,21317942,23.263,33.129,28.82,36.544,66.9,50.157
2025-08-12,21317943,21.29,34.588,27.712,37.916,72.839,55.767
2025-08-12,21317947,23.006,35.338,29.759,36.512,63.455,48.215
2025-08-12,21317948,23.328,35.231,29.761,35.035,65.518,47.84
2025-08-12,21317949,24.057,34.759,29.887,39.173,64.877,50.031
2025-08-12,21317950,23.735,35.467,30.02,36.114,63.647,46.94
2025-08-12,21317953,22.877,35.66,29.98,33.107,68.339,47.102
2025-08-12,21317958,24.7,35.767,30.292,31.098,56.052,41.856
2025-08-12,21317959,23.778,35.574,29.959,33.57,65.501,47.853
2025-08-12,21317960,24.293,35.338,29.839,35.891,60.635,46.884
2025-08-13,21317937,22.663,31.027,26.559,46.58,87.164,67.262
2025-08-13,21317939,22.448,31.864,26.875,37.644,88.157,63.766
2025-08-13,21317940,22.384,32.636,27.103,35.726,86.67,61.519
2025-08-13,21317941,22.212,32.979,27.773,36.294,91.232,61.713
2025-08-13,21317942,21.569,31.757,26.165,37.507,92.331,68.076
2025-08-13,21317943,21.483,30.084,25.228,45.222,92.084,72.692
2025-08-13,21317947,21.655,32.207,27.27,37.464,92.248,63.629
2025-08-13,21317948,22.191,32.55,26.918,37.914,91.695,63.931
2025-08-13,21317949,21.848,32.808,27.626,38.701,96.805,66.576
2025-08-13,21317950,22.513,33.022,27.682,35.949,88.792,61.681
2025-08-13,21317953,22.191,32.228,27.147,37.212,92.335,64.394
2025-08-13,21317958,22.212,33.086,27.888,31.345,92.699,59.318
2025-08-13,21317959,22.148,32.743,27.216,38.477,90.46,62.537
2025-08-13,21317960,21.676,32.657,27.464,35.756,88.817,62.333
2025-08-14,21317937,21.311,27.724,24.547,43.174,78.47,63.747
2025-08-14,21317939,21.74,28.346,24.663,41.184,78.621,60.633
2025-08-14,21317940,20.947,27.488,24.206,41.967,77.33,61.222
2025-08-14,21317941,20.604,27.553,24.239,39.544,72.491,61.772
2025-08-14,21317942,20.496,25.751,23.454,42.789,80.951,64.52
2025-08-14,21317943,19.896,26.287,22.889,44.8,87.141,69.443
2025-08-14,21317947,20.818,26.888,24.03,43.217,79.733,63.695
2025-08-14,21317948,20.99,27.253,24.388,43.627,75.164,62.032
2025-08-14,21317949,20.689,28.003,24.218,43.229,79.792,67.716
2025-08-14,21317950,21.054,26.974,24.27,38.033,73.712,59.772
2025-08-14,21317953,20.925,26.888,24.201,42.649,77.102,62.402
2025-08-14,21317958,20.732,28.84,24.447,34.186,73.489,60.163
2025-08-14,21317959,20.861,27.66,24.427,44.501,72.421,61.684
2025-08-14,21317960,20.475,26.974,23.859,39.174,73.04,62.219
2025-08-15,21317937,15.885,29.118,21.821,31.435,72.395,56.444
2025-08-15,21317939,17.043,28.99,22.577,27.248,68.659,50.127
2025-08-15,21317940,15.563,28.003,21.923,29.335,65.949,49.94
2025-08-15,21317941,15.156,28.025,21.744,31.258,68.692,52.462
2025-08-15,21317942,15.113,25.365,20.721,34.989,70.581,55.658
2025-08-15,21317943,13.89,25.923,20.034,35.328,76.529,58.767
2025-08-15,21317947,15.606,27.381,21.837,31.188,70.06,52.261
2025-08-15,21317948,15.478,26.738,21.592,33.925,70.704,54.242
2025-08-15,21317949,15.156,27.145,21.672,35.628,72.377,54.815
2025-08-15,21317950,15.756,27.038,21.832,31.148,63.56,48.348
2025-08-15,21317953,15.37,27.424,21.658,31.536,69.291,52.45
2025-08-15,21317958,15.113,28.732,21.78,26.378,65.409,47.871
2025-08-15,21317959,15.542,28.261,21.489,32.447,71.633,55.543
2025-08-15,21317960,14.963,26.631,21.167,33.666,67.932,52.411
2025-08-16,21317937,16.936,32.421,24.096,35.515,81.479,57.269
2025-08-16,21317939,17.408,31.392,24.121,31.76,78.785,53.638
2025-08-16,21317940,17.944,30.491,24.217,32.833,72.37,50.657
2025-08-16,21317941,16.185,31.778,24.062,35.016,78.547,53.54
2025-08-16,21317942,16.057,29.74,22.892,38.354,80.992,57.409
2025-08-16,21317943,14.362,30.641,21.657,38.868,86.871,62.968
2025-08-16,21317947,17.794,31.371,24.339,34.163,77.183,52.858
2025-08-16,21317948,16.679,31.542,23.856,35.93,81.088,54.503
2025-08-16,21317949,16.336,31.285,24.086,38.149,83.262,56.589
2025-08-16,21317950,17.665,31.499,24.514,34.421,74.829,51.493
2025-08-16,21317953,16.185,32.336,23.755,33.107,81.12,54.713
2025-08-16,21317958,16.336,32.228,24.209,31.194,77.743,50.076
2025-08-16,21317959,16.035,31.95,23.802,34.855,81.593,54.337
2025-08-16,21317960,15.907,32.1,23.546,36.356,77.472,54.371
2025-08-17,21317937,15.027,29.419,21.575,43.395,90.417,67.849
2025-08-17,21317939,15.027,29.483,21.41,39.243,90.925,65.902
2025-08-17,21317940,14.941,29.247,21.431,41.444,89.545,64.142
2025-08-17,21317941,14.856,29.633,21.796,40.8,91.324,64.272
2025-08-17,21317942,14.512,28.218,20.935,44.195,91.875,67.962
2025-08-17,21317943,14.663,25.622,20.21,53.529,90.945,70.297
2025-08-17,21317947,14.748,28.883,21.318,42.667,90.016,66.557
2025-08-17,21317948,14.92,29.269,21.603,41.407,89.815,65.471
2025-08-17,21317949,14.727,29.247,21.488,44.433,98.714,69.222
2025-08-17,21317950,15.092,29.526,21.618,40.07,88.121,63.766
2025-08-17,21317953,14.984,29.14,21.536,41.485,90.024,65.442
2025-08-17,21317958,14.856,29.44,21.835,37.346,93.481,61.813
2025-08-17,21317959,15.049,29.676,21.803,40.995,89.938,65.159
2025-08-17,21317960,14.62,29.14,21.482,41.453,89.183,63.819
2025-08-18,21317937,11.66,22.255,16.645,38.999,76.46,59.36
2025-08-18,21317939,11.681,22.813,17.019,36.283,70.896,54.32
2025-08-18,21317940,11.209,21.354,16.469,37.937,70.59,54.426
2025-08-18,21317941,11.252,22.555,16.512,39.425,74.586,57.988
2025-08-18,21317942,10.974,19.746,15.621,44.883,76.075,59.69
2025-08-18,21317943,9.022,20.861,15.102,45.376,83.075,65.642
2025-08-18,21317947,10.63,21.547,16.466,40.594,75.453,57.847
2025-08-18,21317948,10.995,21.569,16.639,40.304,72.5,56.863
2025-08-18,21317949,10.888,21.955,16.516,42.805,81.83,61.365
2025-08-18,21317950,11.424,21.655,16.537,39.145,70.965,53.74
2025-08-18,21317953,11.231,22.448,16.534,38.918,74.916,56.724
2025-08-18,21317958,10.652,23.027,16.553,34.582,78.169,54.333
2025-08-18,21317959,11.467,23.113,16.617,40.107,73.666,57.648
2025-08-18,21317960,10.33,21.569,16.096,41.614,78.37,58.904
2025-08-19,21317937,13.419,24.786,18.388,40.264,78.589,59.749
2025-08-19,21317939,13.848,24.593,18.239,29.924,76.364,57.837
2025-08-19,21317940,14.405,23.649,18.552,34.051,74.069,55.316
2025-08-19,21317941,13.44,23.37,18.04,43.911,79.918,60.035
2025-08-19,21317942,13.247,21.676,17.134,48.426,81.904,63.504
2025-08-19,21317943,12.26,22.405,16.609,49.328,84.697,66.335
2025-08-19,21317947,14.019,23.992,18.035,39.379,78.64,59.224
2025-08-19,21317948,13.633,23.413,17.963,39.937,79.023,60.674
2025-08-19,21317949,12.861,22.941,17.996,43.011,86.412,63.647
2025-08-19,21317950,13.805,23.542,18.291,38.468,78.457,57.199
2025-08-19,21317953,13.569,23.478,17.741,41.445,81.601,61.461
2025-08-19,21317958,13.054,23.628,18.205,38.738,81.552,56.001
2025-08-19,21317959,13.633,23.885,18.055,42.773,79.861,60.947
2025-08-19,21317960,13.118,22.212,17.575,46.508,79.11,60.973
2025-08-20,21317937,14.77,25.515,19.713,48.127,75.898,64.613
2025-08-20,21317939,15.756,26.416,20.352,43.7,72.349,60.546
2025-08-20,21317940,15.199,24.357,19.674,45.801,72.902,60.25
2025-08-20,21317941,14.234,25.451,19.426,44.787,76.205,63.742
2025-08-20,21317942,14.598,23.242,18.773,50.997,77.913,65.828
2025-08-20,21317943,14.019,25.129,18.669,51.827,77.647,66.324
2025-08-20,21317947,14.813,24.915,19.624,44.479,75.917,62.904
2025-08-20,21317948,14.705,24.722,19.484,45.106,76.677,63.419
2025-08-20,21317949,14.148,25.022,19.372,45.389,81.547,66.715
2025-08-20,21317950,14.748,25.129,19.819,41.961,73.886,61.561
2025-08-20,21317953,14.748,25.258,19.575,43.482,77.742,62.664
2025-08-20,21317958,14.234,25.258,19.415,38.518,76.947,60.442
2025-08-20,21317959,14.834,25.022,19.468,44.414,75.901,63.363
2025-08-20,21317960,14.234,24.679,19.031,45.005,75.056,63.997
2025-08-21,21317937,15.563,27.145,21.319,40.134,78.744,59.77
2025-08-21,21317939,15.306,28.132,21.045,33.19,74.35,57.183
2025-08-21,21317940,16.057,27.231,21.069,31.815,72.306,55.107
2025-08-21,21317941,15.735,27.145,21.443,39.261,76.104,57.674
2025-08-21,21317942,14.705,24.786,19.985,38.303,81.688,61.811
2025-08-21,21317943,13.633,25.858,19.425,43.423,85.863,64.922
2025-08-21,21317947,15.327,26.673,20.866,35.465,77.23,58.23
2025-08-21,21317948,15.006,26.416,21.072,39.915,81.038,59.657
2025-08-21,21317949,15.456,26.523,21.053,40.432,83.919,61.51
2025-08-21,21317950,15.799,26.073,21.017,34.63,74.0,57.19
2025-08-21,21317953,14.191,26.437,20.512,36.324,84.092,59.766
2025-08-21,21317958,15.134,27.639,21.259,33.982,79.973,54.659
2025-08-21,21317959,15.413,27.038,21.143,39.527,77.391,59.126
2025-08-21,21317960,14.748,25.558,20.514,40.835,79.94,59.673
2025-08-22,21317937,16.614,30.684,23.237,36.741,82.399,58.822
2025-08-22,21317939,16.207,30.577,23.283,33.532,76.814,54.642
2025-08-22,21317940,17.0,29.526,22.99,35.071,72.848,53.907
2025-08-22,21317941,16.486,30.77,23.352,33.675,76.013,55.495
2025-08-22,21317942,15.714,28.389,22.033,36.645,79.257,59.155
2025-08-22,21317943,14.277,29.676,21.288,36.683,85.908,62.761
2025-08-22,21317947,16.271,29.762,22.826,38.038,77.096,57.402
2025-08-22,21317948,15.778,30.277,23.366,35.172,82.237,56.068
2025-08-22,21317949,15.864,29.805,22.951,38.332,84.129,59.803
2025-08-22,21317950,16.743,29.698,23.212,36.013,73.826,54.718
2025-08-22,21317953,15.22,30.448,22.763,32.902,83.706,56.804
2025-08-22,21317958,15.971,30.684,23.005,30.634,80.787,53.566
2025-08-22,21317959,16.164,30.727,23.092,34.316,78.805,56.718
2025-08-22,21317960,15.435,30.191,22.372,35.734,81.527,57.721
2025-08-23,21317937,20.132,30.277,24.925,41.697,68.861,56.199
2025-08-23,21317939,19.274,30.277,25.026,38.569,65.272,51.652
2025-08-23,21317940,20.368,29.226,24.695,40.795,63.874,52.256
2025-08-23,21317941,20.754,29.826,25.331,38.561,65.101,51.832
2025-08-23,21317942,20.475,28.904,24.335,42.603,67.73,55.375
2025-08-23,21317943,19.167,29.376,23.486,44.691,73.231,59.748
2025-08-23,21317947,20.325,30.32,24.897,39.773,68.035,53.986
2025-08-23,21317948,20.582,29.762,25.198,42.025,64.535,52.952
2025-08-23,21317949,20.239,29.547,24.973,42.2,69.616,55.544
2025-08-23,21317950,20.368,30.341,25.225,38.404,68.255,52.693
2025-08-23,21317953,20.346,30.384,25.176,39.548,66.52,52.259
2025-08-23,21317958,20.561,30.169,25.237,35.131,62.585,47.886
2025-08-23,21317959,20.84,30.32,25.285,42.24,65.467,52.922
2025-08-23,21317960,20.496,29.655,24.909,40.011,65.206,52.537
2025-08-24,21317937,19.21,27.081,22.596,54.345,86.098,73.434
2025-08-24,21317939,18.759,27.188,22.611,49.706,87.185,71.376
2025-08-24,21317940,18.823,27.81,22.839,45.212,84.88,68.668
2025-08-24,21317941,19.274,28.068,23.191,45.789,85.507,68.982
2025-08-24,21317942,18.995,26.888,22.303,48.399,90.985,72.931
2025-08-24,21317943,18.309,26.974,21.898,53.494,90.716,75.213
2025-08-24,21317947,18.995,27.553,22.99,47.144,89.145,70.383
2025-08-24,21317948,19.21,27.853,23.04,48.479,88.234,69.788
2025-08-24,21317949,19.274,27.982,23.248,48.408,94.731,73.899
2025-08-24,21317950,19.059,28.389,23.514,45.766,87.639,67.738
2025-08-24,21317953,19.038,27.896,23.098,45.509,89.897,70.095
2025-08-24,21317958,19.531,28.132,23.32,40.977,89.598,68.033
2025-08-24,21317959,19.252,28.561,23.124,48.823,85.058,68.765
2025-08-24,21317960,19.403,27.875,22.972,45.307,87.604,68.312
2025-08-25,21317937,18.952,26.309,22.517,41.678,81.735,67.314
2025-08-25,21317939,18.566,26.116,22.089,40.232,82.481,66.239
2025-08-25,21317940,18.866,25.429,21.932,40.433,83.648,65.233
2025-08-25,21317941,19.51,26.309,22.445,40.171,85.039,65.41
2025-08-25,21317942,19.167,25.022,21.607,42.681,90.665,69.851
2025-08-25,21317943,17.601,25.901,21.168,41.778,91.673,73.324
2025-08-25,21317947,18.845,26.18,22.348,42.992,86.641,65.874
2025-08-25,21317948,19.252,26.352,22.782,40.163,82.626,64.758
2025-08-25,21317949,19.188,26.03,22.163,43.981,94.752,71.542
2025-08-25,21317950,19.081,26.502,22.502,37.09,87.929,64.628
2025-08-25,21317953,19.295,26.33,22.429,40.328,88.899,66.137
2025-08-25,21317958,19.51,26.995,22.53,35.328,89.062,64.529
2025-08-25,21317959,19.295,26.33,22.655,40.42,79.719,64.225
2025-08-25,21317960,19.403,26.416,22.121,40.378,87.9,65.813
2025-08-26,21317937,16.314,23.006,19.073,50.225,74.582,63.641
2025-08-26,21317939,16.271,22.77,18.774,51.199,71.862,62.303
2025-08-26,21317940,15.649,22.362,18.222,51.162,73.118,61.924
2025-08-26,21317941,15.864,21.612,18.688,50.925,73.384,63.012
2025-08-26,21317942,15.949,22.47,18.385,53.159,76.832,63.802
2025-08-26,21317943,15.885,21.976,18.44,52.27,74.366,62.948
2025-08-26,21317947,15.456,22.148,18.437,52.221,76.913,64.292
2025-08-26,21317948,15.971,22.813,18.895,48.891,76.565,61.064
2025-08-26,21317949,15.799,21.033,18.521,53.703,77.591,66.819
2025-08-26,21317950,16.057,21.719,18.977,49.017,73.922,62.145
2025-08-26,21317953,15.799,22.427,18.695,49.67,77.54,61.99
2025-08-26,21317958,15.799,21.44,18.743,45.469,72.068,59.262
2025-08-26,21317959,16.228,22.92,18.902,49.351,74.684,61.719
2025-08-26,21317960,15.799,21.676,18.551,50.976,70.956,61.723
2025-08-27,21317937,13.762,23.049,18.325,36.938,81.144,59.785
2025-08-27,21317939,13.483,22.727,17.995,36.109,79.371,57.925
2025-08-27,21317940,13.033,21.59,17.489,37.691,79.492,58.402
2025-08-27,21317941,12.925,22.727,17.648,38.103,81.163,59.748
2025-08-27,21317942,13.011,21.183,17.253,39.811,82.289,61.343
2025-08-27,21317943,11.982,22.019,17.271,37.011,86.178,60.764
2025-08-27,21317947,12.432,22.491,17.456,37.136,84.828,61.647
2025-08-27,21317948,12.968,23.092,18.119,35.145,81.926,58.032
2025-08-27,21317949,12.646,22.298,17.751,40.566,88.449,63.863
2025-08-27,21317950,13.247,22.384,17.772,37.731,80.063,58.74
2025-08-27,21317953,12.968,22.641,17.682,35.816,82.765,59.066
2025-08-27,21317958,12.775,23.135,17.781,32.782,83.226,57.094
2025-08-27,21317959,13.204,22.877,17.957,36.065,78.808,58.02
2025-08-27,21317960,12.775,22.47,17.557,37.527,80.557,59.243
2025-08-28,21317937,14.255,23.413,17.669,47.456,87.659,68.412
2025-08-28,21317939,13.976,24.228,17.496,43.642,86.505,66.655
2025-08-28,21317940,14.427,24.293,17.474,43.084,84.453,66.249
2025-08-28,21317941,14.856,23.971,17.433,45.788,85.924,69.466
2025-08-28,21317942,13.89,23.177,16.764,46.223,91.44,72.273
2025-08-28,21317943,12.99,23.413,16.066,46.767,89.79,74.726
2025-08-28,21317947,14.534,24.464,17.31,49.603,88.382,69.601
2025-08-28,21317948,14.319,24.765,17.378,45.556,89.131,68.281
2025-08-28,21317949,14.77,23.757,17.353,49.25,95.888,74.245
2025-08-28,21317950,14.963,24.657,17.625,45.158,86.766,68.144
2025-08-28,21317953,14.598,24.25,17.253,45.373,90.24,69.607
2025-08-28,21317958,15.049,24.336,17.502,41.508,90.303,67.723
2025-08-28,21317959,14.555,24.55,17.559,45.133,85.91,67.438
2025-08-28,21317960,14.684,23.757,17.283,45.486,88.28,68.491
2025-08-29,21317937,14.791,22.212,17.371,51.789,92.067,77.733
2025-08-29,21317939,14.448,21.118,16.85,50.521,92.601,78.267
2025-08-29,21317940,14.255,20.925,16.676,50.829,92.619,76.594
2025-08-29,21317941,14.362,21.805,17.087,50.587,92.245,77.386
2025-08-29,21317942,14.191,20.239,16.305,56.02,94.228,83.022
2025-08-29,21317943,14.041,21.311,16.428,53.707,93.994,81.542
2025-08-29,21317947,14.126,21.419,16.672,53.423,92.747,79.298
2025-08-29,21317948,14.598,21.933,17.318,51.299,92.305,77.477
2025-08-29,21317949,14.169,21.419,16.832,53.936,100.0,84.203
2025-08-29,21317950,14.384,21.805,17.097,45.769,92.148,77.076
2025-08-29,21317953,14.362,21.719,17.042,50.28,94.075,79.127
2025-08-29,21317958,14.362,22.212,17.187,43.862,95.01,77.472
2025-08-29,21317959,14.748,21.848,17.288,50.269,90.561,75.993
2025-08-29,21317960,14.169,21.698,16.758,48.865,92.085,77.913
2025-08-30,21317937,12.84,19.51,15.079,61.769,87.805,78.274
2025-08-30,21317939,12.411,18.33,14.645,60.958,92.702,79.518
2025-08-30,21317940,11.982,17.515,14.479,61.976,87.341,77.65
2025-08-30,21317941,12.325,19.167,14.765,60.223,87.84,77.387
2025-08-30,21317942,12.11,17.258,14.311,64.233,90.204,79.676
2025-08-30,21317943,12.175,17.494,14.382,62.004,90.005,79.201
2025-08-30,21317947,11.831,17.687,14.163,66.534,90.41,80.963
2025-08-30,21317948,12.604,18.287,14.8,60.955,88.133,77.301
2025-08-30,21317949,12.067,18.845,14.48,64.86,96.269,85.23
2025-08-30,21317950,12.432,17.815,14.696,62.219,89.305,78.132
2025-08-30,21317953,12.239,18.137,14.665,57.841,90.062,78.028
2025-08-30,21317958,12.282,19.639,14.766,54.052,91.795,78.441
2025-08-30,21317959,12.625,19.338,14.998,59.315,86.802,75.732
2025-08-30,21317960,12.025,18.33,14.558,59.036,88.093,76.935
2025-08-31,21317937,13.74,25.537,18.661,51.102,90.822,72.529
2025-08-31,21317939,13.118,26.866,18.417,45.359,91.16,71.954
2025-08-31,21317940,12.089,25.344,18.007,47.094,91.009,71.488
2025-08-31,21317941,12.646,26.502,18.706,43.014,90.747,69.551
2025-08-31,21317942,12.754,23.392,17.367,51.081,91.037,74.772
2025-08-31,21317943,11.638,25.108,16.93,48.873,92.157,76.561
2025-08-31,21317947,12.389,24.979,18.027,47.213,93.783,73.555
2025-08-31,21317948,12.904,25.816,18.599,44.558,91.026,70.374
2025-08-31,21317949,12.303,25.73,18.298,46.339,99.87,76.584
2025-08-31,21317950,12.368,25.794,18.027,44.685,91.733,71.326
2025-08-31,21317953,12.711,25.923,18.123,44.501,92.953,72.052
2025-08-31,21317958,12.411,27.059,18.65,38.285,94.926,69.394
2025-08-31,21317959,12.968,26.073,18.558,44.141,89.14,69.155
2025-08-31,21317960,12.561,25.88,18.18,44.897,89.442,69.909
2025-09-01,21317937,14.019,27.81,20.761,43.258,88.858,67.296
2025-09-01,21317939,14.191,28.454,20.733,37.746,89.342,64.083
2025-09-01,21317940,14.877,27.896,20.835,38.067,82.58,61.811
2025-09-01,21317941,14.663,28.175,21.687,35.406,84.681,60.249
2025-09-01,21317942,14.169,25.429,19.971,44.732,87.485,66.266
2025-09-01,21317943,13.333,26.094,19.176,42.753,90.295,69.948
2025-09-01,21317947,13.955,27.295,20.878,37.928,85.42,62.929
2025-09-01,21317948,13.912,26.995,20.632,40.111,87.887,63.977
2025-09-01,21317949,14.534,27.424,21.007,39.805,92.836,67.302
2025-09-01,21317950,14.598,27.188,20.908,37.787,84.398,62.327
2025-09-01,21317953,13.762,27.488,20.863,38.376,90.213,63.09
2025-09-01,21317958,14.598,28.454,21.493,32.86,88.334,59.19
2025-09-01,21317959,13.869,28.325,20.999,38.788,85.226,62.482
2025-09-01,21317960,14.47,26.931,20.806,39.449,86.073,62.166
2025-09-02,21317937,16.893,27.295,21.634,38.843,78.328,62.127
2025-09-02,21317939,16.25,28.711,21.52,34.531,79.117,58.272
2025-09-02,21317940,17.601,27.295,22.041,32.096,73.693,53.4
2025-09-02,21317941,17.472,30.255,22.571,31.029,76.657,56.41
2025-09-02,21317942,16.636,26.009,20.993,35.276,80.623,61.222
2025-09-02,21317943,15.478,26.523,20.312,37.626,84.578,65.876
2025-09-02,21317947,17.644,28.175,21.927,33.541,71.057,56.215
2025-09-02,21317948,16.872,27.789,21.895,35.207,77.084,58.756
2025-09-02,21317949,17.043,27.488,22.089,35.914,78.186,59.485
2025-09-02,21317950,17.751,27.596,22.238,32.663,70.958,54.852
2025-09-02,21317953,16.443,28.068,21.741,30.988,81.582,58.974
2025-09-02,21317958,17.322,28.775,22.601,27.292,71.191,51.397
2025-09-02,21317959,17.193,28.539,22.21,33.565,74.188,57.343
2025-09-02,21317960,16.593,27.96,21.744,32.723,73.611,56.027
2025-09-03,21317937,15.992,26.952,21.253,40.507,83.413,63.63
2025-09-03,21317939,15.242,28.861,21.333,35.671,85.158,60.528
2025-09-03,21317940,16.872,27.102,21.634,33.147,76.703,55.542
2025-09-03,21317941,16.293,28.046,22.439,30.929,80.792,55.486
2025-09-03,21317942,15.885,25.987,20.898,35.619,83.246,61.387
2025-09-03,21317943,14.384,26.673,20.144,37.264,89.282,65.422
2025-09-03,21317947,15.413,27.982,21.699,34.337,80.165,57.463
2025-09-03,21317948,15.778,27.424,21.704,35.666,83.781,58.909
2025-09-03,21317949,16.228,27.338,21.94,34.923,84.166,60.175
2025-09-03,21317950,16.014,27.317,21.894,33.492,78.039,55.81
2025-09-03,21317953,15.242,28.11,21.76,32.21,86.358,58.632
2025-09-03,21317958,16.507,28.389,22.462,27.59,77.444,52.022
2025-09-03,21317959,16.142,28.089,21.971,32.966,79.995,57.754
2025-09-03,21317960,16.121,27.767,21.764,31.643,78.892,56.07
2025-09-04,21317937,17.687,27.724,21.486,43.789,85.725,64.659
2025-09-04,21317939,16.571,29.161,21.515,38.538,89.654,62.577
2025-09-04,21317940,17.451,27.96,21.793,40.378,87.805,58.112
2025-09-04,21317941,17.966,28.754,22.04,39.66,88.043,60.416
2025-09-04,21317942,17.193,27.381,21.134,42.164,91.621,63.606
2025-09-04,21317943,15.499,27.939,20.43,42.443,91.44,65.316
2025-09-04,21317947,17.966,28.69,22.182,40.642,90.207,58.591
2025-09-04,21317948,17.365,28.496,21.897,39.559,88.473,60.68
2025-09-04,21317949,18.116,28.411,22.162,43.317,98.297,62.483
2025-09-04,21317950,18.287,28.496,22.271,39.654,88.792,57.768
2025-09-04,21317953,17.601,28.668,21.813,39.944,90.23,61.167
2025-09-04,21317958,18.18,29.269,22.125,35.038,91.856,56.428
2025-09-04,21317959,17.429,29.226,22.004,38.601,85.867,60.346
2025-09-04,21317960,17.901,28.475,21.727,40.447,88.904,59.72
2025-09-05,21317937,12.625,24.378,18.551,50.631,90.904,71.715
2025-09-05,21317939,12.282,26.373,18.706,46.215,91.389,71.455
2025-09-05,21317940,12.668,24.915,18.35,43.481,89.525,68.781
2025-09-05,21317941,12.561,25.0,18.61,46.03,89.874,70.245
2025-09-05,21317942,11.66,23.478,17.41,50.178,93.243,76.268
2025-09-05,21317943,10.823,23.328,17.205,57.275,93.211,78.348
2025-09-05,21317947,11.66,24.357,18.37,45.753,92.016,71.764
2025-09-05,21317948,11.424,24.786,18.562,46.444,90.977,71.432
2025-09-05,21317949,11.831,24.807,18.296,47.276,99.858,76.907
2025-09-05,21317950,12.239,25.129,18.617,44.265,90.698,69.854
2025-09-05,21317953,11.488,24.593,18.412,47.079,92.511,72.925
2025-09-05,21317958,12.346,25.194,18.501,40.217,94.075,69.934
2025-09-05,21317959,12.196,25.194,18.629,46.145,89.018,70.154
2025-09-05,21317960,12.089,24.572,18.148,44.755,90.335,70.56
2025-09-06,21317937,15.113,22.92,17.284,59.159,83.944,72.784
2025-09-06,21317939,13.805,22.77,16.798,56.995,85.223,73.028
2025-09-06,21317940,14.277,23.242,16.931,52.459,84.161,69.453
2025-09-06,21317941,14.512,23.585,17.081,53.411,80.467,70.317
2025-09-06,21317942,13.504,22.791,16.525,57.11,90.112,73.3
2025-09-06,21317943,12.646,21.976,15.846,58.621,89.407,77.061
2025-09-06,21317947,13.933,23.199,16.714,53.625,86.476,71.799
2025-09-06,21317948,14.234,23.177,17.089,55.814,85.544,70.635
2025-09-06,21317949,14.062,23.606,16.823,54.057,88.121,76.383
2025-09-06,21317950,14.705,23.456,17.156,51.749,82.751,70.389
2025-09-06,21317953,14.234,23.177,16.937,54.582,86.435,71.001
2025-09-06,21317958,14.405,23.799,17.087,46.438,83.557,69.193
2025-09-06,21317959,14.598,23.392,17.292,55.52,82.008,69.155
2025-09-06,21317960,13.912,23.649,16.836,51.603,81.006,68.987
2025-09-07,21317937,13.268,20.368,16.495,47.881,87.306,71.558
2025-09-07,21317939,11.445,20.218,15.645,43.409,88.025,72.689
2025-09-07,21317940,13.033,19.531,16.008,42.571,82.516,69.433
2025-09-07,21317941,13.462,21.29,16.642,47.486,86.334,69.017
2025-09-07,21317942,12.689,19.21,15.656,50.311,89.764,74.564
2025-09-07,21317943,11.381,20.025,15.19,48.975,90.79,76.556
2025-09-07,21317947,12.99,20.604,16.231,49.085,83.07,70.516
2025-09-07,21317948,12.711,21.419,16.436,46.769,85.908,70.14
2025-09-07,21317949,13.462,19.789,16.271,49.209,87.947,75.136
2025-09-07,21317950,13.075,21.419,16.418,45.304,82.933,69.064
2025-09-07,21317953,12.861,20.754,16.347,46.117,88.838,70.581
2025-09-07,21317958,13.719,20.539,16.565,42.702,82.1,67.818
2025-09-07,21317959,12.732,20.668,16.485,46.31,84.056,68.828
2025-09-07,21317960,13.719,19.832,16.282,45.789,80.325,67.89
2025-09-08,21317937,11.96,20.303,16.177,44.036,77.986,60.613
2025-09-08,21317939,11.638,20.561,15.68,40.858,77.24,60.007
2025-09-08,21317940,10.716,19.295,15.252,43.308,76.762,59.152
2025-09-08,21317941,11.038,20.282,15.694,43.76,77.545,59.945
2025-09-08,21317942,10.909,18.866,14.969,46.32,78.682,63.022
2025-09-08,21317943,9.172,19.467,14.552,46.552,87.364,65.26
2025-09-08,21317947,10.416,19.896,15.404,45.844,79.231,61.527
2025-09-08,21317948,10.845,19.917,15.924,44.164,77.922,58.042
2025-09-08,21317949,10.394,19.789,15.302,46.947,86.133,64.519
2025-09-08,21317950,10.416,20.325,15.85,42.414,78.552,58.36
2025-09-08,21317953,10.545,20.046,15.51,43.253,79.565,59.654
2025-09-08,21317958,10.673,20.303,15.617,38.534,80.041,56.77
2025-09-08,21317959,11.059,20.368,15.82,42.643,75.554,58.474
2025-09-08,21317960,10.759,19.789,15.285,44.053,76.828,58.931
2025-09-09,21317937,10.437,22.234,15.979,33.135,88.751,65.408
2025-09-09,21317939,9.858,22.663,15.686,32.959,90.565,65.711
2025-09-09,21317940,10.459,21.333,15.899,34.733,80.847,60.749
2025-09-09,21317941,9.966,22.491,16.138,36.558,84.074,61.55
2025-09-09,21317942,9.794,20.389,14.836,39.219,86.16,67.629
2025-09-09,21317943,8.614,20.797,14.069,40.029,88.403,71.409
2025-09-09,21317947,9.515,21.783,15.455,36.603,86.471,64.871
2025-09-09,21317948,9.451,22.019,15.365,35.019,86.665,64.569
2025-09-09,21317949,9.408,21.869,15.458,42.419,94.491,69.196
2025-09-09,21317950,10.394,21.762,15.913,36.289,83.104,61.982
2025-09-09,21317953,9.73,21.912,15.239,33.776,86.963,65.423
2025-09-09,21317958,9.429,22.899,15.818,32.062,88.751,60.933
2025-09-09,21317959,9.987,22.834,15.778,33.88,83.433,62.48
2025-09-09,21317960,9.472,21.612,15.264,37.877,85.075,63.586
2025-09-10,21317937,13.097,24.572,17.897,39.397,84.189,64.693
2025-09-10,21317939,11.381,25.215,17.669,34.499,87.819,63.643
2025-09-10,21317940,13.204,24.143,18.241,40.269,77.197,58.917
2025-09-10,21317941,11.403,25.236,18.168,38.698,84.669,62.025
2025-09-10,21317942,11.124,22.663,16.612,45.423,88.185,68.856
2025-09-10,21317943,9.966,23.22,15.885,44.045,90.071,72.024
2025-09-10,21317947,11.36,24.378,17.682,42.347,87.439,63.94
2025-09-10,21317948,11.188,24.7,17.651,39.957,88.862,64.694
2025-09-10,21317949,10.695,24.164,17.621,44.691,95.151,68.705
2025-09-10,21317950,11.874,23.95,17.927,41.297,83.941,61.627
2025-09-10,21317953,10.845,25.172,17.474,37.71,89.609,64.749
2025-09-10,21317958,10.587,25.086,17.794,33.367,89.732,61.502
2025-09-10,21317959,11.445,24.915,17.731,38.651,85.69,63.774
2025-09-10,21317960,10.673,24.464,17.211,39.571,85.743,63.426
2025-09-11,21317937,15.027,23.842,18.904,46.882,83.648,64.973
2025-09-11,21317939,15.327,25.086,19.222,41.678,78.581,61.298
2025-09-11,21317940,14.512,23.735,18.712,41.732,78.071,61.229
2025-09-11,21317941,15.07,24.657,19.4,40.122,76.094,60.787
2025-09-11,21317942,14.663,22.92,18.288,43.725,78.343,63.636
2025-09-11,21317943,13.075,23.585,17.601,44.121,84.48,67.319
2025-09-11,21317947,13.89,24.143,18.479,40.432,81.01,63.333
2025-09-11,21317948,14.598,24.443,18.819,44.453,77.613,61.709
2025-09-11,21317949,13.89,23.563,18.75,44.355,86.633,67.113
2025-09-11,21317950,14.277,24.336,18.742,36.316,79.167,61.096
2025-09-11,21317953,14.191,24.035,18.596,41.915,79.422,62.209
2025-09-11,21317958,14.341,25.558,19.091,35.946,78.064,59.112
2025-09-11,21317959,14.941,25.172,19.183,42.974,74.817,61.436
2025-09-11,21317960,14.212,23.842,18.433,42.318,78.283,62.437
2025-09-12,21317937,10.781,20.647,16.223,40.021,78.888,60.175
2025-09-12,21317939,12.282,22.47,16.879,36.175,73.393,55.814
2025-09-12,21317940,10.587,21.097,16.268,38.401,74.798,55.24
2025-09-12,21317941,10.523,21.59,16.041,39.623,76.081,57.855
2025-09-12,21317942,9.772,19.295,15.209,44.158,77.748,60.012
2025-09-12,21317943,8.829,20.239,14.541,44.32,80.206,63.56
2025-09-12,21317947,10.587,21.569,16.212,40.533,76.489,57.433
2025-09-12,21317948,10.394,20.496,16.04,41.445,76.268,58.544
2025-09-12,21317949,10.008,21.462,15.887,42.086,81.891,61.384
2025-09-12,21317950,10.738,21.14,16.181,38.697,74.025,55.971
2025-09-12,21317953,10.502,20.904,16.032,38.52,75.782,57.37
2025-09-12,21317958,10.073,22.362,16.011,33.194,76.73,54.545
2025-09-12,21317959,10.545,21.805,15.978,39.422,76.04,59.875
2025-09-12,21317960,10.094,20.84,15.522,39.324,76.387,58.047
2025-09-13,21317937,12.775,23.714,17.409,43.647,79.506,64.546
2025-09-13,21317939,13.247,23.821,17.506,42.643,79.399,63.058
2025-09-13,21317940,13.912,23.027,17.925,44.448,74.134,58.676
2025-09-13,21317941,12.646,24.207,17.869,41.26,77.696,60.51
2025-09-13,21317942,12.754,22.427,17.047,45.733,77.952,62.946
2025-09-13,21317943,11.295,23.092,16.082,45.437,83.793,67.389
2025-09-13,21317947,13.826,23.907,17.881,44.497,75.97,60.422
2025-09-13,21317948,12.84,23.864,17.636,42.387,78.254,60.73
2025-09-13,21317949,13.226,23.542,17.968,45.167,81.147,63.244
2025-09-13,21317950,14.148,23.22,18.07,43.542,74.046,58.885
2025-09-13,21317953,13.097,23.95,17.618,42.405,76.803,60.738
2025-09-13,21317958,13.333,24.593,18.136,37.006,75.363,56.217
2025-09-13,21317959,12.754,24.057,17.712,41.43,77.531,60.756
2025-09-13,21317960,13.097,23.907,17.577,41.938,74.623,59.743
2025-09-14,21317937,15.971,24.336,20.389,47.14,87.7,65.531
2025-09-14,21317939,15.992,25.387,20.139,45.913,87.146,64.941
2025-09-14,21317940,15.649,24.807,19.863,47.474,85.342,63.559
2025-09-14,21317941,15.714,24.336,20.018,51.359,84.974,63.258
2025-09-14,21317942,15.885,22.62,19.297,54.478,84.407,65.458
2025-09-14,21317943,14.062,23.649,18.512,53.42,88.646,68.461
2025-09-14,21317947,15.349,23.735,19.715,51.455,87.758,65.546
2025-09-14,21317948,15.799,24.035,20.29,50.544,84.196,62.559
2025-09-14,21317949,15.392,23.907,19.831,54.783,93.622,68.087
2025-09-14,21317950,15.735,23.692,19.827,48.869,84.971,63.249
2025-09-14,21317953,15.628,23.799,19.844,50.037,86.16,63.305
2025-09-14,21317958,15.563,24.786,20.078,45.464,88.006,60.576
2025-09-14,21317959,15.885,24.4,20.128,50.074,82.541,62.658
2025-09-14,21317960,15.628,23.606,19.623,49.509,83.615,62.314
2025-09-15,21317937,13.011,23.413,17.971,45.515,80.163,64.523
2025-09-15,21317939,13.676,24.271,18.57,43.005,73.548,60.837
2025-09-15,21317940,12.797,23.778,18.024,43.514,74.963,60.472
2025-09-15,21317941,12.453,23.649,17.852,46.036,77.636,63.0
2025-09-15,21317942,12.432,21.054,17.103,49.638,77.412,64.924
2025-09-15,21317943,11.403,22.126,16.731,49.766,82.861,66.427
2025-09-15,21317947,12.711,23.306,18.059,44.822,76.338,62.413
2025-09-15,21317948,12.539,22.169,17.735,47.121,76.327,63.047
2025-09-15,21317949,12.218,22.941,17.796,48.055,85.473,66.552
2025-09-15,21317950,12.797,22.555,17.861,44.593,74.258,61.412
2025-09-15,21317953,12.668,22.534,17.818,47.491,76.132,62.615
2025-09-15,21317958,12.368,24.4,17.954,37.868,79.602,59.676
2025-09-15,21317959,12.561,23.349,17.74,47.042,76.287,63.693
2025-09-15,21317960,12.368,23.306,17.483,46.252,77.867,62.004
2025-09-16,21317937,12.625,25.172,18.683,47.628,90.179,69.778
2025-09-16,21317939,12.818,26.244,18.88,42.519,90.085,65.941
2025-09-16,21317940,13.419,25.365,19.108,42.094,83.276,61.895
2025-09-16,21317941,13.226,25.279,18.915,41.495,81.926,63.994
2025-09-16,21317942,12.346,23.092,17.687,48.252,86.084,68.429
2025-09-16,21317943,11.188,23.992,17.005,45.208,89.104,71.045
2025-09-16,21317947,12.518,24.743,18.683,43.706,87.832,65.072
2025-09-16,21317948,12.282,24.378,18.316,44.993,87.085,67.67
2025-09-16,21317949,12.625,24.829,18.676,45.226,90.913,68.564
2025-09-16,21317950,13.354,24.486,18.794,43.931,80.951,62.316
2025-09-16,21317953,12.003,24.657,18.26,44.997,87.556,66.397
2025-09-16,21317958,12.196,26.287,18.712,35.463,87.456,62.989
2025-09-16,21317959,12.518,25.451,18.388,42.167,84.224,67.218
2025-09-16,21317960,12.132,24.464,17.956,42.48,84.984,65.383
2025-09-17,21317937,13.247,26.009,19.08,43.601,90.327,70.279
2025-09-17,21317939,14.941,27.424,20.207,36.677,84.755,64.34
2025-09-17,21317940,14.663,25.537,19.982,33.922,82.829,62.837
2025-09-17,21317941,13.998,26.502,19.953,37.391,84.256,64.807
2025-09-17,21317942,13.462,24.25,18.75,40.208,88.064,69.598
2025-09-17,21317943,12.26,25.429,17.965,46.7,89.801,73.031
2025-09-17,21317947,14.47,25.944,20.102,37.478,85.493,64.777
2025-09-17,21317948,13.805,25.472,19.5,40.317,88.386,67.528
2025-09-17,21317949,13.526,26.373,19.635,39.461,90.463,70.051
2025-09-17,21317950,14.448,25.901,20.02,34.604,83.777,63.726
2025-09-17,21317953,13.547,26.909,19.605,38.729,87.057,66.772
2025-09-17,21317958,13.526,27.081,19.812,33.304,86.015,63.582
2025-09-17,21317959,13.826,26.094,19.279,40.006,88.028,68.239
2025-09-17,21317960,13.462,25.751,19.275,37.749,82.736,65.346
2025-09-18,21317937,15.907,27.145,20.848,45.203,83.336,65.612
2025-09-18,21317939,14.405,27.317,20.083,44.176,83.134,64.359
2025-09-18,21317940,15.563,26.609,20.586,43.203,81.671,61.505
2025-09-18,21317941,15.971,26.974,21.067,40.076,80.333,61.529
2025-09-18,21317942,15.027,26.202,20.236,43.02,85.566,65.241
2025-09-18,21317943,13.912,26.866,19.489,46.352,88.125,66.736
2025-09-18,21317947,15.199,27.274,20.869,41.688,83.867,62.807
2025-09-18,21317948,14.963,27.703,20.997,44.283,85.127,64.061
2025-09-18,21317949,16.078,26.995,20.821,40.349,88.478,66.154
2025-09-18,21317950,15.971,27.081,20.847,40.346,84.202,61.678
2025-09-18,21317953,14.984,27.488,20.815,41.582,87.004,63.346
2025-09-18,21317958,15.842,27.467,21.004,33.948,82.008,58.962
2025-09-18,21317959,15.242,27.639,20.876,43.38,82.454,63.853
2025-09-18,21317960,15.456,26.866,20.54,38.473,78.997,60.983
2025-09-19,21317937,12.475,22.727,17.751,30.19,71.487,56.155
2025-09-19,21317939,12.411,22.663,17.605,28.487,71.113,55.17
2025-09-19,21317940,12.089,22.255,16.876,30.397,69.996,55.477
2025-09-19,21317941,11.703,22.405,16.915,29.201,73.286,57.193
2025-09-19,21317942,11.853,22.212,16.538,30.503,72.532,57.806
2025-09-19,21317943,10.03,22.555,16.318,30.951,78.03,58.752
2025-09-19,21317947,11.531,22.019,16.964,32.178,73.233,58.035
2025-09-19,21317948,12.003,22.877,17.633,29.32,69.635,53.977
2025-09-19,21317949,11.445,22.341,17.099,33.057,77.897,60.157
2025-09-19,21317950,12.11,22.448,16.951,29.656,72.142,56.477
2025-09-19,21317953,12.003,22.598,16.887,29.848,71.035,55.98
2025-09-19,21317958,11.51,22.319,17.027,25.348,71.853,53.595
2025-09-19,21317959,12.132,22.791,17.275,29.252,70.448,55.53
2025-09-19,21317960,11.467,22.084,16.698,30.796,71.933,56.355
2025-09-20,21317937,7.778,17.73,13.07,32.264,67.451,48.829
2025-09-20,21317939,7.864,19.081,13.232,28.688,63.395,44.725
2025-09-20,21317940,7.478,19.081,12.7,26.749,65.602,46.283
2025-09-20,21317941,6.77,19.295,12.754,26.537,70.825,47.822
2025-09-20,21317942,6.448,17.193,11.915,29.16,71.731,49.792
2025-09-20,21317943,4.625,17.73,11.314,29.949,77.865,53.968
2025-09-20,21317947,6.298,18.266,12.55,27.654,73.21,48.656
2025-09-20,21317948,5.697,18.652,12.989,27.384,71.89,47.245
2025-09-20,21317949,6.169,18.652,12.683,30.416,78.071,51.271
2025-09-20,21317950,6.984,17.708,12.537,28.043,72.161,47.226
2025-09-20,21317953,6.212,18.137,12.449,26.674,73.103,47.844
2025-09-20,21317958,6.041,19.874,12.696,23.018,70.686,44.519
2025-09-20,21317959,6.148,19.102,12.762,27.024,71.873,48.045
2025-09-20,21317960,5.912,18.673,12.174,28.631,72.174,49.522
2025-09-21,21317937,6.92,23.971,14.795,34.887,79.199,56.435
2025-09-21,21317939,7.949,24.636,14.406,34.124,76.245,57.4
2025-09-21,21317940,8.293,22.706,15.231,34.31,69.477,49.927
2025-09-21,21317941,6.148,23.757,14.403,34.365,84.331,56.553
2025-09-21,21317942,6.041,21.183,12.975,38.953,86.363,61.214
2025-09-21,21317943,4.561,22.427,12.481,38.679,88.508,63.594
2025-09-21,21317947,8.035,22.813,14.462,36.481,79.826,54.322
2025-09-21,21317948,6.148,23.049,14.136,36.072,85.141,57.23
2025-09-21,21317949,6.062,23.199,14.285,38.946,89.726,59.794
2025-09-21,21317950,7.585,22.62,14.317,37.099,78.924,53.749
2025-09-21,21317953,6.083,22.856,13.819,34.801,87.098,58.256
2025-09-21,21317958,5.89,23.521,14.23,31.432,86.073,54.419
2025-09-21,21317959,6.062,24.357,14.105,34.392,88.367,58.204
2025-09-21,21317960,5.805,22.663,13.613,36.571,82.701,57.993
2025-09-22,21317937,15.263,22.941,18.163,53.851,88.614,66.971
2025-09-22,21317939,14.663,22.727,18.055,53.135,85.667,65.054
2025-09-22,21317940,14.791,21.655,17.982,50.365,87.301,62.602
2025-09-22,21317941,15.199,21.698,17.862,53.57,90.501,66.92
2025-09-22,21317942,15.113,20.797,17.447,56.623,90.184,68.13
2025-09-22,21317943,13.44,21.183,16.636,56.481,89.618,69.284
2025-09-22,21317947,14.984,22.298,18.146,52.247,89.43,64.43
2025-09-22,21317948,15.092,22.126,18.152,53.315,88.968,64.719
2025-09-22,21317949,15.027,21.59,18.006,54.069,99.028,69.652
2025-09-22,21317950,15.177,22.148,18.18,51.383,88.078,64.182
2025-09-22,21317953,15.07,22.255,17.986,54.116,89.833,65.573
2025-09-22,21317958,15.263,21.569,18.041,47.936,93.791,63.036
2025-09-22,21317959,15.242,22.277,18.132,52.755,89.16,65.383
2025-09-22,21317960,14.963,20.925,17.703,53.574,89.25,64.561
2025-09-23,21317937,16.571,23.349,18.328,66.888,92.995,86.827
2025-09-23,21317939,16.829,22.47,18.51,68.566,91.128,84.514
2025-09-23,21317940,16.786,21.633,18.352,70.613,91.511,84.087
2025-09-23,21317941,16.293,22.384,18.072,69.368,92.898,85.981
2025-09-23,21317942,16.1,20.239,17.436,75.019,93.668,88.984
2025-09-23,21317943,15.521,20.84,17.303,73.068,93.109,88.634
2025-09-23,21317947,16.271,21.719,18.009,70.486,93.422,86.625
2025-09-23,21317948,16.357,21.59,18.059,70.48,92.694,86.366
2025-09-23,21317949,16.185,21.633,18.019,77.249,100.0,93.202
2025-09-23,21317950,16.636,21.612,18.342,69.644,91.435,84.52
2025-09-23,21317953,16.078,21.504,17.977,70.484,94.072,87.238
2025-09-23,21317958,16.357,22.856,18.208,67.596,96.544,88.115
2025-09-23,21317959,16.25,22.984,18.192,65.779,92.171,84.742
2025-09-23,21317960,16.057,21.333,17.789,70.367,92.341,86.45
2025-09-24,21317937,13.848,22.706,17.194,60.171,93.532,84.714
2025-09-24,21317939,13.933,22.577,17.311,57.841,92.9,82.588
2025-09-24,21317940,13.719,21.698,17.457,58.582,91.366,80.502
2025-09-24,21317941,13.118,22.856,17.251,59.356,94.267,82.29
2025-09-24,21317942,13.354,21.397,16.634,60.296,94.15,84.509
2025-09-24,21317943,13.419,21.848,16.66,60.102,92.258,83.315
2025-09-24,21317947,13.333,21.869,16.941,59.77,94.112,83.812
2025-09-24,21317948,13.483,22.663,17.002,59.316,93.692,84.042
2025-09-24,21317949,13.333,21.976,17.108,66.426,100.0,89.168
2025-09-24,21317950,13.762,22.191,17.334,56.82,91.319,80.916
2025-09-24,21317953,13.526,22.47,17.008,57.461,93.855,83.836
2025-09-24,21317958,13.204,23.242,17.286,56.561,97.409,83.827
2025-09-24,21317959,13.419,23.263,17.217,57.557,93.573,82.475
2025-09-24,21317960,13.354,21.933,16.941,59.348,91.406,81.693
2025-09-25,21317937,15.799,18.995,17.423,68.852,93.201,84.201
2025-09-25,21317939,16.357,19.553,17.729,62.901,91.823,82.019
2025-09-25,21317940,16.014,19.317,17.606,61.266,90.181,80.522
2025-09-25,21317941,15.413,19.188,17.155,66.764,92.519,84.505
2025-09-25,21317942,15.628,18.952,17.073,63.458,93.802,84.771
2025-09-25,21317943,15.478,18.716,17.033,64.063,92.734,84.126
2025-09-25,21317947,15.563,19.059,17.223,63.583,92.657,83.499
2025-09-25,21317948,15.563,19.017,17.257,67.378,92.836,84.066
2025-09-25,21317949,15.263,18.952,17.14,71.098,100.0,90.494
2025-09-25,21317950,15.992,19.403,17.544,61.147,91.069,81.64
2025-09-25,21317953,15.756,19.145,17.39,63.12,93.545,84.18
2025-09-25,21317958,15.392,19.188,17.28,64.819,95.865,85.853
2025-09-25,21317959,15.585,18.974,17.259,68.791,92.299,83.628
2025-09-25,21317960,15.306,18.974,17.162,64.08,91.806,82.727
2025-09-26,21317937,16.464,22.362,18.241,67.57,93.938,83.428
2025-09-26,21317939,16.228,21.933,18.054,67.643,92.422,83.679
2025-09-26,21317940,15.992,21.74,17.811,65.707,92.396,83.019
2025-09-26,21317941,15.821,22.212,17.861,63.56,93.783,82.733
2025-09-26,21317942,15.456,21.805,17.439,67.239,94.464,86.497
2025-09-26,21317943,15.521,21.869,17.665,64.265,93.237,83.694
2025-09-26,21317947,15.649,22.319,17.628,67.028,94.748,85.344
2025-09-26,21317948,15.714,22.47,17.969,64.659,93.724,83.33
2025-09-26,21317949,15.542,22.448,17.729,70.802,100.0,90.561
2025-09-26,21317950,15.756,22.534,17.988,64.576,92.863,82.832
2025-09-26,21317953,15.585,22.856,17.873,64.141,94.736,84.444
2025-09-26,21317958,15.756,22.92,17.91,64.778,97.642,85.65
2025-09-26,21317959,15.992,22.362,18.077,62.441,93.765,81.409
2025-09-26,21317960,15.606,22.126,17.665,64.611,92.93,83.11
2025-09-27,21317937,11.145,21.44,16.802,40.154,79.95,64.518
2025-09-27,21317939,10.759,22.62,16.649,41.646,81.534,64.296
2025-09-27,21317940,10.459,21.805,16.241,40.255,83.392,64.888
2025-09-27,21317941,10.094,21.891,16.238,41.28,81.477,64.261
2025-09-27,21317942,9.858,19.832,15.331,45.743,85.438,69.597
2025-09-27,21317943,8.335,20.732,14.67,45.139,89.557,72.548
2025-09-27,21317947,9.429,21.848,15.852,42.565,88.441,68.251
2025-09-27,21317948,8.872,22.105,16.001,40.281,88.27,66.294
2025-09-27,21317949,9.236,21.547,15.851,44.636,93.576,71.684
2025-09-27,21317950,9.837,21.397,16.026,42.741,86.069,66.227
2025-09-27,21317953,9.0,21.762,15.813,38.836,89.297,67.486
2025-09-27,21317958,9.258,21.976,16.002,36.289,89.778,65.155
2025-09-27,21317959,9.344,22.126,16.318,40.058,85.052,64.166
2025-09-27,21317960,9.301,21.054,15.528,44.233,85.936,66.93
2025-09-28,21317937,17.236,26.094,20.472,30.219,83.571,65.362
2025-09-28,21317939,15.113,25.858,19.635,27.376,89.206,66.129
2025-09-28,21317940,17.151,25.129,20.111,28.832,81.779,62.524
2025-09-28,21317941,17.108,25.344,20.393,29.503,81.726,62.224
2025-09-28,21317942,16.507,23.757,19.333,32.529,85.338,66.974
2025-09-28,21317943,14.984,25.065,19.116,29.848,89.374,67.05
2025-09-28,21317947,17.022,25.494,20.425,31.945,83.363,63.406
2025-09-28,21317948,17.043,25.687,20.437,29.642,83.931,63.376
2025-09-28,21317949,16.936,25.537,20.336,33.167,89.815,67.683
2025-09-28,21317950,16.679,24.679,20.081,29.39,83.812,63.027
2025-09-28,21317953,16.936,25.279,20.136,29.65,83.607,63.525
2025-09-28,21317958,16.679,25.773,20.571,25.768,84.939,61.523
2025-09-28,21317959,16.636,25.73,20.392,29.358,84.082,62.651
2025-09-28,21317960,16.486,25.665,20.11,29.636,82.454,62.321
2025-09-29,21317937,15.628,25.644,20.23,42.034,71.749,54.444
2025-09-29,21317939,14.341,25.687,19.061,38.877,76.109,58.888
2025-09-29,21317940,14.341,24.786,19.169,37.436,75.257,55.54
2025-09-29,21317941,14.212,26.266,19.779,36.637,70.727,52.898
2025-09-29,21317942,14.427,24.829,18.98,41.787,69.981,56.366
2025-09-29,21317943,12.303,25.987,17.834,36.75,76.995,59.801
2025-09-29,21317947,14.062,25.322,19.15,44.343,75.448,56.863
2025-09-29,21317948,14.427,25.816,19.836,40.369,67.634,52.058
2025-09-29,21317949,13.655,26.223,19.103,39.884,76.73,58.525
2025-09-29,21317950,13.998,25.387,19.127,40.079,72.624,55.507
2025-09-29,21317953,14.277,25.58,19.302,42.332,69.821,54.048
2025-09-29,21317958,13.976,26.609,19.592,31.212,69.305,49.752
2025-09-29,21317959,14.705,26.352,19.815,37.572,67.341,52.287
2025-09-29,21317960,13.955,25.966,19.129,35.639,68.206,53.15
2025-09-30,21317937,13.612,23.306,18.07,39.214,72.691,54.714
2025-09-30,21317939,15.263,22.298,18.276,34.197,67.889,51.595
2025-09-30,21317940,14.384,22.598,17.721,35.218,66.525,51.139
2025-09-30,21317941,14.212,23.306,17.848,36.431,69.299,52.882
2025-09-30,21317942,14.105,23.092,17.296,37.978,70.1,54.115
2025-09-30,21317943,12.025,22.963,16.973,37.008,73.388,56.442
2025-09-30,21317947,14.319,22.191,17.75,36.541,70.472,52.78
2025-09-30,21317948,13.912,23.456,18.086,35.9,70.335,52.595
2025-09-30,21317949,13.912,23.027,17.71,39.883,75.399,56.784
2025-09-30,21317950,14.384,22.877,17.749,35.756,69.944,51.768
2025-09-30,21317953,14.448,23.156,17.72,36.71,68.161,52.341
2025-09-30,21317958,13.783,23.306,17.763,32.062,69.857,49.622
2025-09-30,21317959,14.019,23.606,17.861,36.699,70.8,54.071
2025-09-30,21317960,13.462,23.092,17.343,37.336,70.53,53.327
2025-10-01,21317937,7.671,16.936,12.269,36.201,70.594,57.001
2025-10-01,21317939,8.185,17.815,12.592,33.519,66.52,53.215
2025-10-01,21317940,7.413,17.322,12.021,33.519,67.153,53.301
2025-10-01,21317941,7.22,16.979,11.933,35.447,70.999,55.935
2025-10-01,21317942,7.156,15.392,11.396,37.076,71.286,57.403
2025-10-01,21317943,6.319,16.529,11.071,36.924,73.922,59.891
2025-10-01,21317947,7.327,16.314,12.043,34.522,70.399,55.164
2025-10-01,21317948,7.327,16.507,12.158,37.208,69.065,55.393
2025-10-01,21317949,7.177,16.958,12.085,37.928,75.395,58.295
2025-10-01,21317950,7.671,16.271,12.027,34.238,69.058,53.985
2025-10-01,21317953,7.392,16.293,11.941,35.537,69.891,55.361
2025-10-01,21317958,6.963,17.408,12.018,30.684,69.432,51.815
2025-10-01,21317959,7.478,17.537,12.098,36.164,69.346,56.493
2025-10-01,21317960,7.091,16.571,11.669,35.834,69.012,55.13
2025-10-02,21317937,6.362,18.437,12.015,35.807,81.669,57.863
2025-10-02,21317939,7.349,20.282,12.84,30.748,76.306,53.929
2025-10-02,21317940,6.212,18.931,12.151,32.256,75.413,52.832
2025-10-02,21317941,5.547,19.188,12.024,32.444,77.583,55.38
2025-10-02,21317942,5.097,16.936,11.05,39.718,78.392,58.528
2025-10-02,21317943,3.703,18.33,10.349,36.425,83.291,61.882
2025-10-02,21317947,6.105,18.63,12.224,33.426,77.064,54.937
2025-10-02,21317948,5.547,18.309,11.956,34.128,78.538,55.105
2025-10-02,21317949,5.118,19.681,11.907,34.136,81.483,58.198
2025-10-02,21317950,5.848,17.944,11.835,31.341,74.285,54.244
2025-10-02,21317953,4.925,18.416,11.878,34.9,79.117,55.454
2025-10-02,21317958,4.968,20.025,11.94,26.679,77.151,51.852
2025-10-02,21317959,5.44,19.145,11.895,32.865,77.688,56.262
2025-10-02,21317960,5.118,19.874,11.486,30.809,75.682,55.696
2025-10-03,21317937,9.966,23.092,15.904,39.408,76.223,59.839
2025-10-03,21317939,7.07,23.135,14.417,34.394,83.593,59.825
2025-10-03,21317940,9.73,22.555,15.464,39.98,67.628,54.262
2025-10-03,21317941,8.057,23.306,15.33,40.789,78.993,58.398
2025-10-03,21317942,7.671,22.255,14.353,41.843,83.038,62.484
2025-10-03,21317943,6.148,22.684,13.439,43.848,88.025,65.668
2025-10-03,21317947,8.571,22.748,15.728,42.475,80.85,57.701
2025-10-03,21317948,7.671,23.135,15.243,40.276,84.471,60.54
2025-10-03,21317949,8.786,23.263,15.392,43.536,81.776,61.11
2025-10-03,21317950,8.807,22.877,15.229,41.16,74.688,57.572
2025-10-03,21317953,7.542,22.899,14.895,41.463,84.669,60.577
2025-10-03,21317958,8.271,23.328,15.635,37.319,84.993,54.519
2025-10-03,21317959,8.293,23.456,15.197,40.031,80.14,59.95
2025-10-03,21317960,8.185,23.349,14.986,40.795,81.729,59.224
2025-10-04,21317937,16.121,26.159,20.274,47.868,72.491,60.085
2025-10-04,21317939,16.121,27.145,20.203,45.158,71.093,58.102
2025-10-04,21317940,15.649,26.48,20.002,46.407,69.711,57.725
2025-10-04,21317941,15.585,27.36,20.656,43.394,73.89,56.27
2025-10-04,21317942,15.134,24.872,19.656,45.817,74.002,59.053
2025-10-04,21317943,13.526,25.966,19.234,44.517,80.916,60.862
2025-10-04,21317947,15.413,26.223,20.054,47.584,73.245,59.701
2025-10-04,21317948,15.156,26.502,20.643,43.894,72.952,55.706
2025-10-04,21317949,15.392,27.102,20.51,46.03,78.964,60.475
2025-10-04,21317950,15.478,25.944,19.935,44.778,72.615,58.565
2025-10-04,21317953,15.177,26.009,20.223,43.949,73.455,56.685
2025-10-04,21317958,15.542,27.102,20.693,37.237,73.407,52.843
2025-10-04,21317959,15.671,27.253,20.79,42.066,70.939,55.474
2025-10-04,21317960,15.349,27.167,20.234,44.302,73.057,57.321
2025-10-05,21317937,15.714,30.663,21.798,32.05,82.928,62.752
2025-10-05,21317939,14.47,30.491,21.403,30.237,84.862,61.576
2025-10-05,21317940,16.636,30.598,22.576,32.018,72.544,54.989
2025-10-05,21317941,16.722,30.641,22.944,32.493,78.264,56.137
2025-10-05,21317942,15.435,29.505,21.797,33.863,81.959,60.015
2025-10-05,21317943,14.577,30.32,20.764,33.948,85.789,63.761
2025-10-05,21317947,18.073,30.062,23.161,34.878,70.091,55.091
2025-10-05,21317948,14.748,30.448,21.969,32.442,85.164,60.028
2025-10-05,21317949,17.043,30.92,22.964,35.166,79.414,59.726
2025-10-05,21317950,16.571,29.698,22.41,33.565,74.066,57.02
2025-10-05,21317953,15.756,30.062,22.546,33.591,83.896,56.582
2025-10-05,21317958,17.644,31.07,23.325,28.025,70.207,51.842
2025-10-05,21317959,15.478,30.813,22.056,32.586,81.227,59.557
2025-10-05,21317960,17.665,30.877,22.851,31.165,72.193,56.31
2025-10-06,21317937,15.199,29.44,22.448,34.517,82.431,57.053
2025-10-06,21317939,14.319,29.354,21.751,32.717,83.575,56.532
2025-10-06,21317940,16.893,28.818,22.664,31.907,65.481,50.846
2025-10-06,21317941,15.327,29.312,22.906,32.311,78.025,52.819
2025-10-06,21317942,15.456,28.518,22.347,33.106,78.824,53.849
2025-10-06,21317943,13.268,29.097,20.829,32.787,87.332,59.787
2025-10-06,21317947,16.421,28.99,22.904,34.067,71.638,51.998
2025-10-06,21317948,14.941,29.783,22.823,32.607,80.172,52.705
2025-10-06,21317949,16.1,29.354,22.617,34.324,79.716,56.483
2025-10-06,21317950,16.228,28.668,22.168,32.721,73.071,53.828
2025-10-06,21317953,14.877,29.118,22.646,32.511,81.259,52.999
2025-10-06,21317958,16.1,29.762,22.973,28.583,74.73,48.922
2025-10-06,21317959,15.22,29.762,22.908,32.392,77.501,52.395
2025-10-06,21317960,15.714,29.118,22.578,32.081,75.097,52.753
2025-10-07,21317937,17.558,25.258,20.055,45.33,89.366,70.881
2025-10-07,21317939,15.478,24.722,19.414,44.86,89.836,71.005
2025-10-07,21317940,17.58,24.4,20.253,46.255,88.057,66.629
2025-10-07,21317941,17.279,25.558,20.601,42.104,86.134,67.72
2025-10-07,21317942,16.7,25.365,19.926,41.599,91.041,70.634
2025-10-07,21317943,14.684,23.499,18.82,49.639,91.202,73.917
2025-10-07,21317947,17.837,24.336,20.614,48.22,89.805,67.489
2025-10-07,21317948,17.279,25.344,20.392,42.112,88.125,68.19
2025-10-07,21317949,17.601,25.322,20.656,45.4,96.698,71.564
2025-10-07,21317950,17.88,24.593,20.336,44.007,88.476,68.006
2025-10-07,21317953,17.258,24.872,20.21,42.762,89.841,69.403
2025-10-07,21317958,17.858,25.537,20.869,38.459,89.961,64.65
2025-10-07,21317959,17.344,25.665,20.426,41.798,86.006,67.702
2025-10-07,21317960,17.58,25.387,20.63,41.816,87.538,66.627
2025-10-08,21317937,10.502,19.96,14.195,45.092,90.871,72.465
2025-10-08,21317939,10.416,19.832,14.21,45.541,90.144,70.772
2025-10-08,21317940,10.159,20.003,13.807,44.57,90.17,69.841
2025-10-08,21317941,9.966,20.067,13.858,43.416,91.751,71.181
2025-10-08,21317942,9.966,19.703,13.244,46.004,92.972,75.228
2025-10-08,21317943,9.386,19.038,13.246,47.012,92.296,77.041
2025-10-08,21317947,10.073,19.81,13.76,46.941,91.833,72.681
2025-10-08,21317948,10.159,20.025,14.056,43.018,92.152,71.293
2025-10-08,21317949,10.116,19.724,13.849,46.818,100.0,76.604
2025-10-08,21317950,10.287,19.853,13.869,44.581,90.248,70.095
2025-10-08,21317953,10.159,19.832,13.809,43.427,92.818,71.506
2025-10-08,21317958,10.244,19.917,13.817,39.257,95.105,72.351
2025-10-08,21317959,10.223,20.368,14.038,43.99,92.374,70.453
2025-10-08,21317960,10.073,19.874,13.461,45.747,89.744,73.33
2025-10-09,21317937,4.282,13.976,8.76,38.001,71.853,55.416
2025-10-09,21317939,4.217,12.84,8.456,36.12,68.626,52.645
2025-10-09,21317940,3.703,12.604,7.973,36.989,67.936,53.091
2025-10-09,21317941,3.66,12.947,8.077,34.792,71.69,55.123
2025-10-09,21317942,3.767,12.025,7.663,40.578,73.443,58.18
2025-10-09,21317943,2.888,12.882,7.393,35.282,75.138,59.954
2025-10-09,21317947,3.252,12.732,7.95,37.765,73.571,56.304
2025-10-09,21317948,3.531,13.333,8.54,34.932,71.008,53.694
2025-10-09,21317949,3.36,13.29,8.203,39.823,75.16,57.185
2025-10-09,21317950,3.746,12.175,7.893,38.167,70.452,54.507
2025-10-09,21317953,3.724,12.26,7.951,37.447,71.098,54.668
2025-10-09,21317958,3.231,13.912,8.16,28.629,71.043,51.22
2025-10-09,21317959,3.939,13.44,8.358,35.28,69.505,54.529
2025-10-09,21317960,3.252,13.333,7.912,33.147,72.889,56.159
2025-10-10,21317937,4.217,15.327,9.831,39.037,81.726,58.04
2025-10-10,21317939,2.201,16.486,9.018,35.166,81.456,58.014
2025-10-10,21317940,4.046,15.456,9.177,34.928,80.33,56.472
2025-10-10,21317941,2.995,15.521,9.436,36.555,83.885,56.583
2025-10-10,21317942,2.909,13.676,8.279,41.047,87.185,63.249
2025-10-10,21317943,1.236,15.134,7.395,37.906,89.992,66.158
2025-10-10,21317947,3.016,14.877,8.977,37.191,88.202,60.381
2025-10-10,21317948,2.116,14.899,8.857,37.208,88.865,58.842
2025-10-10,21317949,3.638,15.242,9.21,39.207,86.604,60.933
2025-10-10,21317950,3.274,14.641,8.894,37.118,82.444,58.939
2025-10-10,21317953,2.609,14.791,8.908,36.796,88.65,59.323
2025-10-10,21317958,3.467,15.392,9.382,32.149,83.941,54.208
2025-10-10,21317959,3.102,15.37,9.04,37.527,83.153,57.602
2025-10-10,21317960,3.574,14.941,9.052,36.632,82.26,58.055
2025-10-11,21317937,9.258,19.531,13.262,49.374,78.506,63.067
2025-10-11,21317939,5.89,20.432,12.073,43.624,82.866,63.546
2025-10-11,21317940,6.748,20.025,12.752,44.492,75.363,56.522
2025-10-11,21317941,5.075,19.724,12.492,46.906,78.332,60.968
2025-10-11,21317942,5.676,17.601,11.669,52.384,79.867,64.88
2025-10-11,21317943,3.595,19.295,10.455,48.609,86.235,68.412
2025-10-11,21317947,6.341,19.017,12.674,48.513,78.41,58.847
2025-10-11,21317948,6.705,19.617,12.873,45.682,82.371,62.069
2025-10-11,21317949,4.861,19.467,12.143,49.255,87.402,64.595
2025-10-11,21317950,5.933,18.201,12.347,48.843,77.18,59.021
2025-10-11,21317953,5.783,18.781,12.315,48.26,80.04,61.869
2025-10-11,21317958,4.432,19.789,12.46,42.223,82.957,57.415
2025-10-11,21317959,6.362,19.982,12.797,46.448,80.41,62.661
2025-10-11,21317960,4.496,18.502,11.841,49.291,79.989,62.466
2025-10-12,21317937,8.571,20.775,13.776,40.937,84.462,66.477
2025-10-12,21317939,9.344,21.118,13.898,38.381,82.87,63.384
2025-10-12,21317940,8.722,20.861,13.962,39.216,79.588,61.596
2025-10-12,21317941,7.864,20.668,13.583,40.464,84.646,65.703
2025-10-12,21317942,8.164,19.531,13.054,41.688,84.718,67.423
2025-10-12,21317943,6.856,20.711,12.618,40.378,88.244,69.054
2025-10-12,21317947,8.443,20.153,13.499,41.064,82.956,65.723
2025-10-12,21317948,8.164,20.904,13.56,39.184,85.544,66.322
2025-10-12,21317949,7.413,20.132,13.182,43.743,93.301,71.724
2025-10-12,21317950,8.057,19.874,13.312,40.685,83.13,65.081
2025-10-12,21317953,8.25,20.067,13.389,40.571,85.04,66.486
2025-10-12,21317958,7.585,20.968,13.198,36.086,88.975,66.383
2025-10-12,21317959,8.014,21.955,13.521,38.486,84.503,66.952
2025-10-12,21317960,7.628,20.003,12.929,41.476,84.907,67.195
2025-10-13,21317937,7.499,17.279,12.029,44.984,81.431,66.286
2025-10-13,21317939,8.55,17.0,12.569,45.161,74.476,63.483
2025-10-13,21317940,7.971,16.228,12.178,47.332,75.311,62.946
2025-10-13,21317941,7.778,16.314,11.564,48.289,78.003,67.139
2025-10-13,21317942,7.499,15.821,11.283,49.992,78.465,67.559
2025-10-13,21317943,7.585,16.314,11.318,48.516,79.829,66.622
2025-10-13,21317947,7.628,16.207,11.646,49.374,78.114,67.044
2025-10-13,21317948,7.199,17.0,11.657,47.34,79.487,67.17
2025-10-13,21317949,7.263,16.014,11.616,53.704,88.199,70.905
2025-10-13,21317950,8.057,16.271,11.856,47.715,75.288,65.464
2025-10-13,21317953,7.692,16.571,11.657,47.967,78.384,66.817
2025-10-13,21317958,7.349,16.4,11.585,44.887,82.994,65.18
2025-10-13,21317959,7.285,16.893,11.537,49.9,78.457,67.651
2025-10-13,21317960,7.349,15.928,11.459,49.538,80.133,66.376
2025-10-14,21317937,9.451,18.416,12.756,57.232,91.351,76.771
2025-10-14,21317939,9.665,18.416,12.858,52.908,92.166,76.256
2025-10-14,21317940,9.687,17.301,12.768,54.089,89.584,74.342
2025-10-14,21317941,9.386,18.823,13.126,52.897,89.31,72.141
2025-10-14,21317942,9.365,16.657,12.413,58.921,89.339,74.599
2025-10-14,21317943,9.15,18.781,12.691,54.527,89.735,73.526
2025-10-14,21317947,9.365,17.73,12.775,59.683,90.101,75.741
2025-10-14,21317948,9.558,18.309,12.95,56.687,88.234,72.794
2025-10-14,21317949,9.665,18.845,13.315,56.172,95.792,76.674
2025-10-14,21317950,9.858,17.408,12.931,55.433,87.041,72.99
2025-10-14,21317953,9.622,18.137,12.903,53.649,88.725,73.663
2025-10-14,21317958,9.601,19.467,13.353,46.896,92.131,71.157
2025-10-14,21317959,9.429,18.716,13.047,55.7,88.473,72.746
2025-10-14,21317960,9.429,18.395,13.031,53.851,88.051,72.257
2025-10-15,21317937,8.335,14.791,11.884,44.845,81.207,60.434
2025-10-15,21317939,8.357,14.277,11.646,43.359,84.038,59.655
2025-10-15,21317940,8.035,14.555,11.334,44.082,82.225,59.043
2025-10-15,21317941,7.778,15.327,11.467,43.697,81.794,60.161
2025-10-15,21317942,7.756,14.491,11.163,46.247,83.235,61.013
2025-10-15,21317943,6.384,14.169,10.878,43.082,85.077,62.771
2025-10-15,21317947,7.735,14.234,11.267,44.883,86.4,62.214
2025-10-15,21317948,8.035,14.941,11.811,42.885,82.04,58.607
2025-10-15,21317949,7.864,14.941,11.6,44.355,89.444,63.814
2025-10-15,21317950,8.121,14.727,11.307,44.402,84.042,58.836
2025-10-15,21317953,7.928,14.534,11.324,45.028,83.447,60.242
2025-10-15,21317958,7.778,15.156,11.572,38.552,84.251,57.628
2025-10-15,21317959,7.992,15.177,11.679,45.106,78.503,59.148
2025-10-15,21317960,7.821,15.177,11.218,45.756,81.259,60.951
2025-10-16,21317937,4.775,14.941,9.258,30.137,69.14,52.846
2025-10-16,21317939,4.754,15.199,9.091,27.907,66.233,50.753
2025-10-16,21317940,4.239,14.856,8.582,28.04,66.416,51.575
2025-10-16,21317941,4.089,14.405,8.632,30.355,69.5,52.986
2025-10-16,21317942,3.982,13.311,8.223,30.593,70.55,53.919
2025-10-16,21317943,2.287,14.298,7.759,30.149,75.146,56.214
2025-10-16,21317947,3.767,13.655,8.535,30.745,72.413,53.874
2025-10-16,21317948,4.153,14.427,9.033,28.722,67.733,50.996
2025-10-16,21317949,3.767,14.405,8.782,31.203,73.599,55.303
2025-10-16,21317950,4.26,13.697,8.554,28.73,68.627,51.979
2025-10-16,21317953,4.089,13.504,8.572,29.729,69.3,52.114
2025-10-16,21317958,3.638,14.555,8.674,26.378,68.234,49.38
2025-10-16,21317959,4.303,14.705,8.924,30.031,68.037,51.992
2025-10-16,21317960,3.51,13.526,8.319,31.135,69.561,53.868
2025-10-17,21317937,3.96,15.156,9.51,40.772,71.218,53.875
2025-10-17,21317939,3.789,14.362,9.179,39.797,71.144,52.149
2025-10-17,21317940,3.402,14.062,8.545,39.557,69.625,52.842
2025-10-17,21317941,3.703,14.362,8.654,38.566,70.297,54.095
2025-10-17,21317942,3.445,14.148,8.033,39.957,73.474,56.461
2025-10-17,21317943,0.7,14.47,6.895,40.459,81.715,60.371
2025-10-17,21317947,2.566,13.547,8.249,42.15,75.512,56.396
2025-10-17,21317948,2.394,14.705,8.668,38.154,75.07,53.659
2025-10-17,21317949,2.652,13.933,8.522,41.051,78.311,57.556
2025-10-17,21317950,2.909,13.14,8.243,39.782,74.936,54.709
2025-10-17,21317953,1.815,13.783,8.149,38.756,78.778,55.398
2025-10-17,21317958,2.673,14.47,8.481,34.681,74.115,51.216
2025-10-17,21317959,3.574,14.641,8.759,38.286,70.22,53.872
2025-10-17,21317960,2.63,14.148,8.038,37.859,74.54,56.301
2025-10-18,21317937,5.569,15.392,10.157,51.402,78.465,68.29
2025-10-18,21317939,5.032,16.507,9.647,45.826,76.973,66.696
2025-10-18,21317940,6.577,15.22,10.145,48.737,75.111,63.545
2025-10-18,21317941,6.384,15.413,10.108,49.381,78.52,64.829
2025-10-18,21317942,5.097,8.915,6.718,55.332,80.667,71.844
2025-10-18,21317943,4.217,15.392,8.829,50.367,81.862,69.082
2025-10-18,21317947,6.234,15.049,10.119,50.704,81.611,65.896
2025-10-18,21317948,4.775,15.628,9.227,49.424,83.516,66.479
2025-10-18,21317949,6.663,15.499,10.281,51.203,82.544,67.919
2025-10-18,21317950,5.933,14.984,10.186,45.789,80.54,63.377
2025-10-18,21317953,5.311,15.006,9.54,50.887,81.657,66.457
2025-10-18,21317958,7.07,15.413,10.226,44.73,76.759,62.126
2025-10-18,21317959,5.14,16.057,9.654,49.204,79.554,64.309
2025-10-18,21317960,6.834,14.963,10.004,50.681,75.773,64.194
2025-10-19,21317937,8.571,22.448,15.245,47.515,80.76,62.493
2025-10-19,21317939,10.18,22.941,15.56,44.245,77.313,60.961
2025-10-19,21317940,9.687,22.405,15.843,44.236,76.277,57.893
2025-10-19,21317941,8.25,22.877,14.986,43.581,81.665,61.452
2025-10-19,21317942,19.081,22.427,21.114,44.585,56.403,48.58
2025-10-19,21317943,6.534,23.135,13.872,42.13,88.707,65.545
2025-10-19,21317947,8.764,22.084,15.309,45.611,80.278,61.249
2025-10-19,21317948,8.443,23.177,15.28,42.309,82.887,60.634
2025-10-19,21317949,7.671,22.748,14.687,48.014,91.603,66.86
2025-10-19,21317950,8.314,22.319,14.851,45.016,81.639,61.581
2025-10-19,21317953,8.55,22.534,15.177,43.835,82.554,60.745
2025-10-19,21317958,7.413,22.834,14.644,40.793,88.519,61.038
2025-10-19,21317959,8.335,23.542,15.244,42.452,82.397,61.062
2025-10-19,21317960,7.413,22.47,14.425,45.808,84.692,63.079
2025-10-20,21317937,15.092,21.676,18.453,57.43,90.909,69.982
2025-10-20,21317939,15.049,21.333,18.317,55.753,92.415,69.913
2025-10-20,21317940,14.941,20.818,18.114,54.826,92.657,69.82
2025-10-20,21317941,14.856,21.633,18.412,55.901,91.781,69.522
2025-10-20,21317942,17.601,21.74,18.818,55.492,72.834,63.331
2025-10-20,21317943,14.791,22.084,18.242,57.351,90.712,69.008
2025-10-20,21317947,14.748,20.882,18.04,57.021,92.126,71.188
2025-10-20,21317948,15.07,22.084,18.664,53.817,89.86,67.375
2025-10-20,21317949,14.77,21.976,18.309,58.024,99.298,74.429
2025-10-20,21317950,15.027,21.14,18.159,55.906,90.579,70.931
2025-10-20,21317953,15.092,21.762,18.439,55.334,91.028,68.945
2025-10-20,21317958,14.877,21.74,18.457,51.644,93.768,67.34
2025-10-20,21317959,14.941,22.298,18.747,54.299,90.198,67.183
2025-10-20,21317960,14.856,21.676,18.289,56.179,89.63,68.57
2025-10-21,21317937,9.751,15.177,12.225,59.696,91.115,81.865
2025-10-21,21317939,9.408,15.177,12.24,55.959,91.379,80.418
2025-10-21,21317940,8.743,14.984,12.066,55.877,91.662,79.49
2025-10-21,21317941,9.301,14.899,12.154,60.044,91.339,81.17
2025-10-21,21317942,11.274,13.44,12.431,59.065,77.499,67.049
2025-10-21,21317943,9.451,14.941,11.909,56.716,91.678,81.905
2025-10-21,21317947,8.764,14.813,11.944,60.958,93.568,82.272
2025-10-21,21317948,9.73,15.07,12.315,57.856,90.422,79.981
2025-10-21,21317949,8.915,14.877,12.047,65.55,100.0,88.089
2025-10-21,21317950,9.365,15.092,12.363,55.705,91.836,79.713
2025-10-21,21317953,9.472,15.049,12.203,56.861,92.914,81.206
2025-10-21,21317958,9.129,14.941,12.249,57.65,95.206,82.534
2025-10-21,21317959,9.708,14.984,12.321,58.738,89.978,79.291
2025-10-21,21317960,9.193,14.877,12.037,59.472,91.086,81.335
2025-10-22,21317937,9.579,13.333,11.473,67.472,90.637,80.841
2025-10-22,21317939,9.108,13.59,11.422,67.836,90.074,79.238
2025-10-22,21317940,10.137,13.354,11.707,64.723,89.137,74.432
2025-10-22,21317941,8.872,13.075,10.938,67.752,92.85,80.744
2025-10-22,21317942,8.764,12.025,10.136,71.666,92.456,84.551
2025-10-22,21317943,7.349,12.84,10.091,69.899,91.919,84.931
2025-10-22,21317947,9.772,13.912,11.348,67.985,91.077,78.859
2025-10-22,21317948,9.022,13.354,11.103,67.321,91.695,80.966
2025-10-22,21317949,8.679,13.161,10.856,73.922,99.771,87.656
2025-10-22,21317950,9.515,13.226,11.343,66.236,90.007,78.471
2025-10-22,21317953,9.172,13.161,11.07,68.985,92.308,81.563
2025-10-22,21317958,8.7,13.183,10.973,68.64,95.148,82.706
2025-10-22,21317959,9.022,13.504,11.123,66.535,91.118,79.798
2025-10-22,21317960,8.679,12.925,10.777,67.161,90.518,80.819
2025-10-23,21317937,8.357,13.826,10.288,62.855,87.025,76.51
2025-10-23,21317939,7.928,12.797,9.871,59.39,88.124,76.21
2025-10-23,21317940,7.735,13.054,9.816,59.814,87.59,75.769
2025-10-23,21317941,8.078,12.561,9.893,61.727,89.105,77.557
2025-10-23,21317942,9.279,12.561,10.567,61.54,87.671,77.447
2025-10-23,21317943,7.07,12.861,9.163,63.027,90.28,82.515
2025-10-23,21317947,7.692,13.504,9.661,61.5,89.517,78.792
2025-10-23,21317948,8.185,13.311,9.974,59.997,87.723,77.034
2025-10-23,21317949,7.821,12.453,9.663,68.971,99.423,85.781
2025-10-23,21317950,8.164,13.44,9.994,58.976,87.703,77.463
2025-10-23,21317953,8.1,13.097,9.752,59.847,89.946,79.544
2025-10-23,21317958,8.078,12.646,9.824,62.374,92.345,80.364
2025-10-23,21317959,8.293,13.333,10.01,63.989,85.809,76.174
2025-10-23,21317960,7.907,12.389,9.67,61.884,89.094,78.127
2025-10-24,21317937,7.649,12.689,9.25,57.525,83.484,73.303
2025-10-24,21317939,6.255,11.51,8.732,53.442,86.363,73.941
2025-10-24,21317940,6.791,10.781,8.523,56.101,85.283,72.532
2025-10-24,21317941,6.641,10.974,8.411,58.758,85.286,74.904
2025-10-24,21317942,5.612,10.63,8.423,60.304,89.778,76.486
2025-10-24,21317943,3.982,11.36,7.896,54.437,92.212,77.053
2025-10-24,21317947,5.419,11.403,8.245,58.216,88.29,77.059
2025-10-24,21317948,5.226,11.617,8.516,55.206,89.165,74.553
2025-10-24,21317949,6.105,11.338,8.328,62.567,95.061,81.217
2025-10-24,21317950,6.191,10.888,8.503,55.782,86.833,73.921
2025-10-24,21317953,5.719,11.145,8.276,56.078,89.708,76.519
2025-10-24,21317958,6.062,11.917,8.416,53.547,91.131,75.684
2025-10-24,21317959,5.826,11.36,8.55,57.527,85.657,73.703
2025-10-24,21317960,6.083,11.553,8.28,57.855,86.65,74.643
2025-10-25,21317937,7.242,12.689,8.619,50.82,79.048,69.772
2025-10-25,21317939,6.92,11.167,8.284,53.649,77.842,68.742
2025-10-25,21317940,6.512,10.823,7.967,50.077,78.764,66.613
2025-10-25,21317941,6.448,10.716,7.833,56.941,80.479,70.842
2025-10-25,21317942,6.727,10.974,8.003,54.44,78.451,69.455
2025-10-25,21317943,6.577,11.703,7.985,52.009,77.467,68.142
2025-10-25,21317947,6.405,11.038,7.852,55.769,81.056,71.505
2025-10-25,21317948,6.877,11.982,8.159,50.219,77.517,68.555
2025-10-25,21317949,6.641,10.974,7.967,56.625,83.932,74.145
2025-10-25,21317950,6.856,10.866,8.19,49.372,78.059,66.602
2025-10-25,21317953,6.727,11.038,7.969,52.77,78.325,69.462
2025-10-25,21317958,6.62,11.016,8.023,52.308,79.277,68.207
2025-10-25,21317959,6.92,11.038,8.135,55.506,75.595,68.401
2025-10-25,21317960,6.641,10.502,7.868,57.948,76.492,69.298
2025-10-26,21317937,5.697,10.995,7.867,56.22,77.368,68.437
2025-10-26,21317939,5.483,10.201,7.533,56.376,75.056,67.76
2025-10-26,21317940,5.118,9.472,7.173,53.304,75.943,65.84
2025-10-26,21317941,5.097,9.901,7.149,57.787,78.759,70.562
2025-10-26,21317942,5.032,9.73,7.24,57.302,79.811,69.68
2025-10-26,21317943,4.089,10.523,7.18,56.02,81.685,69.428
2025-10-26,21317947,4.904,10.287,7.145,57.713,79.725,70.488
2025-10-26,21317948,5.354,10.244,7.674,53.942,76.483,67.406
2025-10-26,21317949,5.032,10.673,7.359,58.106,84.082,73.015
2025-10-26,21317950,5.204,10.051,7.236,52.572,76.233,66.119
2025-10-26,21317953,5.226,9.837,7.225,56.611,79.156,68.979
2025-10-26,21317958,4.925,11.081,7.303,51.67,80.108,67.781
2025-10-26,21317959,5.333,10.566,7.542,55.808,75.563,67.844
2025-10-26,21317960,4.925,10.201,7.089,57.182,78.547,69.766
2025-10-27,21317937,4.41,12.604,8.321,57.124,77.72,67.887
2025-10-27,21317939,4.818,12.325,8.141,55.54,74.998,66.644
2025-10-27,21317940,4.346,12.732,7.684,50.111,76.437,65.808
2025-10-27,21317941,4.625,12.132,7.821,58.63,77.29,69.418
2025-10-27,21317942,3.917,10.759,7.435,57.406,79.977,69.452
2025-10-27,21317943,2.63,12.775,7.222,56.62,83.029,70.276
2025-10-27,21317947,3.531,11.617,7.624,58.441,81.309,69.703
2025-10-27,21317948,4.41,12.025,8.16,56.573,76.698,66.99
2025-10-27,21317949,3.939,11.896,7.847,60.511,84.654,72.553
2025-10-27,21317950,4.561,11.188,7.647,54.353,75.528,66.307
2025-10-27,21317953,4.132,11.531,7.873,58.392,78.95,68.341
2025-10-27,21317958,3.81,12.432,7.747,52.207,81.222,67.897
2025-10-27,21317959,4.775,12.732,8.145,55.956,74.934,67.745
2025-10-27,21317960,3.767,11.467,7.442,57.243,79.588,69.073
2025-10-28,21317937,5.504,13.268,9.172,48.823,84.137,67.257
2025-10-28,21317939,6.191,13.011,9.4,47.706,78.357,64.878
2025-10-28,21317940,4.604,13.118,8.844,44.172,81.479,63.853
2025-10-28,21317941,4.689,12.689,8.68,49.493,81.582,67.32
2025-10-28,21317942,4.475,11.531,8.379,51.121,83.653,68.375
2025-10-28,21317943,2.845,12.732,8.173,51.319,87.828,68.343
2025-10-28,21317947,4.41,12.11,8.693,49.848,83.304,67.145
2025-10-28,21317948,4.711,12.775,9.075,47.076,82.751,66.397
2025-10-28,21317949,4.368,12.797,8.648,50.999,89.462,70.94
2025-10-28,21317950,4.539,12.003,8.602,48.177,81.825,64.899
2025-10-28,21317953,4.861,12.239,8.842,48.859,82.502,66.665
2025-10-28,21317958,3.939,13.183,8.649,45.496,86.59,65.803
2025-10-28,21317959,4.625,13.14,8.929,46.847,81.904,67.445
2025-10-28,21317960,4.003,12.175,8.385,50.201,83.442,67.057
2025-10-29,21317937,4.089,13.161,7.961,45.949,85.492,68.535
2025-10-29,21317939,4.711,13.161,8.391,45.472,79.904,65.251
2025-10-29,21317940,3.381,13.118,7.648,45.064,83.081,66.59
2025-10-29,21317941,3.703,12.711,7.512,52.366,81.122,69.176
2025-10-29,21317942,3.231,11.445,7.208,53.231,84.599,70.84
2025-10-29,21317943,2.008,12.346,6.846,52.59,86.917,70.904
2025-10-29,21317947,3.424,12.282,7.614,50.452,83.647,68.762
2025-10-29,21317948,3.81,13.011,7.801,48.347,85.15,69.191
2025-10-29,21317949,3.317,12.067,7.259,54.742,89.158,73.428
2025-10-29,21317950,3.402,11.81,7.308,47.555,82.626,67.953
2025-10-29,21317953,3.617,12.368,7.707,50.603,84.164,69.382
2025-10-29,21317958,2.866,12.797,7.276,47.227,87.283,68.271
2025-10-29,21317959,3.595,13.183,7.677,48.159,84.074,69.957
2025-10-29,21317960,2.888,11.724,7.042,53.867,83.63,69.125
2025-10-30,21317937,2.695,8.421,5.31,67.724,92.02,83.097
2025-10-30,21317939,4.325,9.15,6.02,63.725,93.21,80.062
2025-10-30,21317940,4.003,8.743,5.656,64.421,91.261,80.565
2025-10-30,21317941,3.402,8.293,5.14,68.841,92.816,83.001
2025-10-30,21317942,2.759,8.271,4.946,69.715,93.381,84.715
2025-10-30,21317943,1.172,8.078,4.529,68.252,91.801,84.836
2025-10-30,21317947,3.617,8.614,5.302,67.541,92.628,82.733
2025-10-30,21317948,3.317,8.228,5.251,68.682,93.037,82.312
2025-10-30,21317949,3.102,8.142,4.872,72.789,99.657,90.989
2025-10-30,21317950,3.831,8.528,5.427,67.303,90.678,81.606
2025-10-30,21317953,3.381,8.7,5.394,68.264,94.278,83.124
2025-10-30,21317958,2.738,8.142,4.926,67.318,94.804,85.843
2025-10-30,21317959,3.295,8.293,5.176,68.586,92.905,82.125
2025-10-30,21317960,2.866,7.992,4.908,68.316,90.614,83.121
2025-10-31,21317937,5.419,9.88,8.252,87.936,94.044,91.506
2025-10-31,21317939,5.032,9.494,8.161,89.099,94.409,91.265
2025-10-31,21317940,4.646,9.451,7.893,87.698,94.008,90.776
2025-10-31,21317941,5.311,9.494,8.06,88.829,93.713,91.269
2025-10-31,21317942,5.311,9.408,8.006,91.083,94.464,92.691
2025-10-31,21317943,5.333,9.494,8.019,89.833,93.504,91.474
2025-10-31,21317947,4.604,9.172,7.77,90.632,94.73,92.873
2025-10-31,21317948,5.504,9.708,8.247,88.742,94.397,91.57
2025-10-31,21317949,5.268,9.344,7.921,93.869,100.0,98.115
2025-10-31,21317950,4.99,9.365,7.973,89.256,93.342,91.443
2025-10-31,21317953,5.311,9.515,8.137,90.362,94.638,92.746
2025-10-31,21317958,5.333,9.537,8.046,89.964,95.917,93.27
2025-10-31,21317959,5.612,9.858,8.283,86.734,93.581,90.139
2025-10-31,21317960,5.247,9.301,7.952,89.854,92.909,91.205
2025-11-01,21317937,5.547,8.121,7.082,59.239,90.939,73.441
2025-11-01,21317939,5.075,7.542,6.69,53.373,91.765,71.775
2025-11-01,21317940,4.839,7.735,6.642,52.921,90.739,69.892
2025-11-01,21317941,4.732,7.735,6.698,56.55,91.548,72.241
2025-11-01,21317942,4.625,7.606,6.678,57.435,92.459,73.689
2025-11-01,21317943,4.325,8.014,6.716,55.412,91.232,71.966
2025-11-01,21317947,4.26,7.456,6.363,60.594,93.828,74.942
2025-11-01,21317948,4.389,8.872,6.892,55.261,92.781,72.118
2025-11-01,21317949,4.797,8.614,6.731,57.996,96.936,76.171
2025-11-01,21317950,5.118,7.671,6.701,53.136,92.244,71.273
2025-11-01,21317953,4.797,7.585,6.67,56.596,93.782,73.43
2025-11-01,21317958,4.625,7.778,6.75,51.942,93.12,72.261
2025-11-01,21317959,4.582,8.378,6.913,55.206,89.52,71.059
2025-11-01,21317960,4.475,7.542,6.591,53.329,91.847,71.66
2025-11-02,21317937,4.453,7.563,5.963,53.901,71.514,65.052
2025-11-02,21317939,4.303,7.542,5.665,49.035,69.808,61.136
2025-11-02,21317940,4.153,7.091,5.449,46.723,71.423,59.43
2025-11-02,21317941,3.939,7.006,5.185,53.013,73.95,65.682
2025-11-02,21317942,3.81,6.963,5.054,52.178,73.924,66.506
2025-11-02,21317943,2.48,7.199,4.958,52.161,75.911,65.52
2025-11-02,21317947,3.831,7.07,5.161,53.263,75.778,66.598
2025-11-02,21317948,4.003,7.327,5.351,51.066,71.908,64.102
2025-11-02,21317949,4.132,7.628,5.217,53.695,75.865,66.965
2025-11-02,21317950,4.046,7.478,5.513,48.58,71.708,61.654
2025-11-02,21317953,3.789,7.177,5.192,51.296,75.247,65.263
2025-11-02,21317958,4.003,7.242,5.259,47.652,73.342,62.297
2025-11-02,21317959,4.153,7.285,5.414,51.382,71.908,63.898
2025-11-02,21317960,3.789,7.006,5.147,48.165,72.88,62.232
2025-11-03,21317937,3.896,11.553,7.384,63.647,87.639,74.805
2025-11-03,21317939,1.022,12.196,6.756,60.108,86.439,72.226
2025-11-03,21317940,3.445,12.003,7.049,58.108,86.197,68.527
2025-11-03,21317941,2.909,11.746,6.928,64.282,85.245,73.601
2025-11-03,21317942,2.652,5.762,3.798,68.403,78.044,73.288
2025-11-03,21317943,0.314,11.724,6.011,62.185,88.487,75.074
2025-11-03,21317947,4.003,12.282,7.397,63.508,87.169,71.21
2025-11-03,21317948,2.266,11.874,6.969,62.036,86.432,72.416
2025-11-03,21317949,3.531,12.346,7.252,63.618,90.985,73.675
2025-11-03,21317950,3.145,12.132,7.237,63.124,86.235,71.672
2025-11-03,21317953,2.973,11.917,6.916,65.487,88.064,73.57
2025-11-03,21317958,3.681,11.874,7.238,59.724,86.453,69.507
2025-11-03,21317959,2.759,11.853,7.056,63.56,83.548,72.433
2025-11-03,21317960,2.995,11.703,7.052,59.93,85.803,70.033
2025-11-04,21317937,6.684,12.239,8.437,42.608,85.299,69.098
2025-11-04,21317939,6.405,11.746,8.355,42.46,87.008,66.062
2025-11-04,21317940,6.191,11.531,8.033,42.182,85.045,65.89
2025-11-04,21317941,6.062,11.681,7.925,42.635,85.556,69.033
2025-11-04,21317942,6.169,11.295,8.981,43.101,72.294,56.635
2025-11-04,21317943,5.976,11.553,7.876,41.215,86.986,69.123
2025-11-04,21317947,5.933,11.531,7.684,44.009,87.3,70.471
2025-11-04,21317948,6.234,12.046,8.165,40.781,85.493,68.498
2025-11-04,21317949,6.083,12.239,7.888,43.862,91.141,73.309
2025-11-04,21317950,6.191,11.081,7.932,42.475,86.59,68.354
2025-11-04,21317953,6.083,11.553,7.876,41.846,88.281,70.19
2025-11-04,21317958,6.105,12.067,7.991,37.861,87.251,68.494
2025-11-04,21317959,6.212,11.896,8.181,41.555,83.832,67.892
2025-11-04,21317960,6.019,12.025,7.786,42.148,86.055,69.185
2025-11-05,21317937,4.668,8.679,6.627,52.952,89.755,72.246
2025-11-05,21317939,3.703,8.786,6.034,50.123,90.639,73.257
2025-11-05,21317940,4.11,8.936,6.07,49.589,87.48,71.032
2025-11-05,21317941,4.432,8.271,6.056,52.805,88.762,71.497
2025-11-05,21317942,4.368,8.1,6.041,53.382,90.884,72.052
2025-11-05,21317943,2.094,8.142,5.479,53.114,90.588,73.392
2025-11-05,21317947,4.11,7.842,5.721,54.849,87.874,73.584
2025-11-05,21317948,4.689,8.335,6.283,51.653,89.932,70.499
2025-11-05,21317949,4.024,8.057,5.803,56.77,97.572,76.37
2025-11-05,21317950,3.982,8.486,5.903,51.4,87.716,72.624
2025-11-05,21317953,4.41,8.357,5.962,52.279,90.506,72.613
2025-11-05,21317958,4.132,8.378,5.974,48.768,90.039,70.454
2025-11-05,21317959,4.754,8.443,6.329,52.203,90.477,70.032
2025-11-05,21317960,4.175,7.971,5.861,53.7,88.716,70.578
2025-11-06,21317937,3.145,7.971,4.72,54.725,90.262,75.031
2025-11-06,21317939,2.888,6.427,4.344,54.884,88.867,73.823
2025-11-06,21317940,2.63,6.126,4.039,50.407,89.142,72.827
2025-11-06,21317941,2.716,6.77,4.058,52.096,90.172,74.309
2025-11-06,21317942,2.652,6.856,4.163,53.654,92.016,74.117
2025-11-06,21317943,2.523,7.499,4.065,52.755,90.779,74.216
2025-11-06,21317947,2.523,7.928,3.984,54.073,91.96,76.796
2025-11-06,21317948,2.995,7.756,4.39,49.982,90.5,73.235
2025-11-06,21317949,2.673,7.52,4.117,54.057,97.208,78.817
2025-11-06,21317950,2.952,6.469,4.086,51.263,89.755,73.509
2025-11-06,21317953,2.738,6.941,4.14,51.908,91.595,74.718
2025-11-06,21317958,2.63,7.327,4.128,46.897,92.287,73.599
2025-11-06,21317959,2.973,7.499,4.388,51.301,88.826,72.502
2025-11-06,21317960,2.545,7.242,4.008,48.975,90.584,73.471
2025-11-07,21317937,0.271,7.52,2.93,58.337,85.931,71.673
2025-11-07,21317939,-1.659,7.499,2.417,55.164,85.835,70.355
2025-11-07,21317940,-0.716,7.199,2.317,54.647,84.93,68.311
2025-11-07,21317941,-0.63,7.027,2.274,58.482,86.755,71.709
2025-11-07,21317942,-1.616,6.748,2.003,58.895,89.406,73.044
2025-11-07,21317943,-3.139,7.499,1.513,57.517,89.242,74.005
2025-11-07,21317947,-0.673,7.113,2.182,60.157,87.187,72.115
2025-11-07,21317948,-1.616,6.963,2.193,57.118,86.769,70.912
2025-11-07,21317949,-0.823,7.37,2.266,60.946,92.328,74.73
2025-11-07,21317950,-1.23,7.22,2.299,54.98,85.711,70.502
2025-11-07,21317953,-1.273,7.006,2.106,57.797,90.922,72.537
2025-11-07,21317958,-0.887,7.263,2.253,53.822,88.014,70.054
2025-11-07,21317959,-0.951,7.327,2.419,56.272,84.692,70.2
2025-11-07,21317960,-0.994,7.07,2.172,54.473,87.332,69.613
2025-11-08,21317937,2.609,11.36,7.151,62.42,86.343,74.088
2025-11-08,21317939,1.944,11.338,6.831,58.454,87.405,71.749
2025-11-08,21317940,1.837,10.781,6.544,58.788,84.614,71.786
2025-11-08,21317941,1.558,10.931,6.589,61.636,88.339,73.705
2025-11-08,21317942,1.429,11.081,6.422,58.99,91.223,74.36
2025-11-08,21317943,0.764,10.716,6.41,56.092,91.196,74.364
2025-11-08,21317947,1.858,10.716,6.622,61.967,90.011,74.533
2025-11-08,21317948,1.772,11.252,6.845,59.709,87.764,72.772
2025-11-08,21317949,1.601,10.888,6.658,63.523,92.383,77.167
2025-11-08,21317950,2.287,10.502,6.671,56.147,87.663,72.303
2025-11-08,21317953,1.687,10.759,6.538,59.71,89.169,74.534
2025-11-08,21317958,1.558,10.888,6.684,57.575,88.354,72.381
2025-11-08,21317959,1.815,11.209,6.815,59.937,86.249,71.933
2025-11-08,21317960,1.408,10.888,6.5,58.083,88.565,72.459
2025-11-09,21317937,-1.359,2.437,-0.292,61.604,89.128,72.175
2025-11-09,21317939,-1.338,1.837,-0.239,58.982,90.071,68.856
2025-11-09,21317940,-1.595,1.837,-0.514,59.649,87.938,68.784
2025-11-09,21317941,-1.809,1.515,-0.716,64.529,91.397,72.281
2025-11-09,21317942,-1.745,1.343,-0.78,60.941,92.639,70.575
2025-11-09,21317943,-1.96,1.129,-0.942,64.247,89.419,71.748
2025-11-09,21317947,-1.831,1.73,-0.756,64.84,89.827,72.719
2025-11-09,21317948,-1.509,1.687,-0.526,63.742,89.689,71.441
2025-11-09,21317949,-1.702,1.494,-0.681,65.179,95.047,74.856
2025-11-09,21317950,-1.423,2.18,-0.467,59.271,86.949,68.464
2025-11-09,21317953,-1.466,1.622,-0.509,63.206,91.608,71.868
2025-11-09,21317958,-1.745,1.536,-0.728,59.733,90.088,70.078
2025-11-09,21317959,-1.338,1.794,-0.514,62.986,90.719,71.226
2025-11-09,21317960,-1.852,1.322,-0.799,61.109,88.441,69.717
2025-11-10,21317937,-0.587,1.644,0.95,89.168,93.486,92.04
2025-11-10,21317939,-0.501,1.644,0.766,88.28,93.683,91.661
2025-11-10,21317940,-0.608,1.086,0.411,87.695,94.711,91.75
2025-11-10,21317941,-0.544,1.258,0.553,88.176,94.804,92.052
2025-11-10,21317942,-0.716,0.7,0.162,89.87,92.152,91.232
2025-11-10,21317943,-0.458,1.279,0.598,86.326,92.519,90.73
2025-11-10,21317947,-0.737,0.914,0.326,89.873,96.474,93.752
2025-11-10,21317948,-0.523,1.73,0.835,88.116,94.319,91.701
2025-11-10,21317949,-0.201,0.957,0.482,92.644,99.893,97.649
2025-11-10,21317950,-0.437,1.108,0.57,87.201,93.388,91.48
2025-11-10,21317953,-0.523,1.365,0.628,89.447,95.399,92.987
2025-11-10,21317958,-0.351,1.129,0.51,88.037,95.764,93.075
2025-11-10,21317959,-0.523,1.579,0.899,85.402,93.376,90.12
2025-11-10,21317960,-0.351,0.872,0.488,86.487,93.234,91.32
2025-11-11,21317937,-2.131,0.55,-1.137,80.163,94.446,90.509
2025-11-11,21317939,-2.174,-0.265,-1.502,71.681,94.464,88.002
2025-11-11,21317940,-2.817,-0.458,-1.991,66.787,95.178,89.586
2025-11-11,21317941,-2.624,0.164,-1.521,78.379,95.225,89.89
2025-11-11,21317943,-3.118,0.228,-1.513,83.51,92.854,90.029
2025-11-11,21317947,-2.882,-0.265,-1.898,80.481,96.851,91.884
2025-11-11,21317948,-3.01,0.292,-1.32,83.575,95.27,90.746
2025-11-11,21317949,-2.195,0.185,-1.587,79.898,100.0,94.281
2025-11-11,21317950,-2.496,0.121,-1.447,78.941,93.632,89.536
2025-11-11,21317953,-2.646,0.121,-1.578,79.817,95.825,91.777
2025-11-11,21317958,-3.01,0.292,-1.607,81.158,95.72,91.138
2025-11-11,21317959,-2.582,0.314,-1.392,78.906,94.29,88.842
2025-11-11,21317960,-2.817,0.207,-1.65,79.181,93.449,89.489
2025-11-12,21317937,-1.059,2.33,0.809,80.191,92.052,86.037
2025-11-12,21317939,-1.488,2.137,0.532,75.224,90.396,84.835
2025-11-12,21317940,-1.573,1.923,0.308,71.057,90.744,83.544
2025-11-12,21317941,-1.767,1.923,0.258,78.721,90.275,85.616
2025-11-12,21317942,1.108,1.965,1.559,89.154,91.63,90.384
2025-11-12,21317943,-3.697,2.502,-0.148,81.355,91.859,87.695
2025-11-12,21317947,-2.496,1.708,0.087,80.577,92.79,86.936
2025-11-12,21317948,-2.346,2.394,0.288,82.586,91.087,87.141
2025-11-12,21317949,-1.809,1.772,0.241,81.785,97.212,90.061
2025-11-12,21317950,-2.024,1.794,0.104,81.73,91.077,87.06
2025-11-12,21317953,-2.195,1.88,0.122,81.294,92.973,88.102
2025-11-12,21317958,-1.809,1.965,0.202,79.532,91.87,86.505
2025-11-12,21317959,-1.917,2.158,0.326,79.934,89.319,84.983
2025-11-12,21317960,-1.895,1.965,0.14,78.543,90.907,85.443
2025-11-13,21317937,1.279,3.016,2.05,83.189,92.674,90.448
2025-11-13,21317939,0.657,3.059,1.875,81.001,92.583,89.914
2025-11-13,21317940,0.743,3.102,1.68,78.05,92.532,89.506
2025-11-13,21317941,0.829,2.566,1.646,84.54,92.799,90.701
2025-11-13,21317942,0.807,2.309,1.416,86.394,93.663,92.16
2025-11-13,21317943,0.528,2.459,1.424,84.715,92.839,91.137
2025-11-13,21317947,0.721,2.459,1.426,85.42,94.162,92.066
2025-11-13,21317948,1.0,2.652,1.748,85.374,93.088,90.898
2025-11-13,21317949,0.829,2.566,1.54,88.44,99.042,96.318
2025-11-13,21317950,0.893,2.931,1.725,82.15,92.702,90.779
2025-11-13,21317953,0.829,2.78,1.65,86.361,94.47,93.041
2025-11-13,21317958,0.807,2.673,1.634,84.23,93.439,91.326
2025-11-13,21317959,1.022,2.866,1.874,82.612,90.916,88.681
2025-11-13,21317960,0.764,1.494,0.979,90.921,92.84,92.182
2025-11-14,21317937,0.7,3.831,2.288,73.433,86.976,80.829
2025-11-14,21317939,0.014,3.167,1.919,76.786,88.412,81.714
2025-11-14,21317940,0.464,2.995,1.743,76.968,88.367,81.183
2025-11-14,21317941,0.035,3.124,1.581,77.18,89.384,82.734
2025-11-14,21317942,1.215,3.059,1.908,76.977,89.529,84.302
2025-11-14,21317943,-0.265,3.338,1.555,74.458,87.662,82.024
2025-11-14,21317947,-0.78,3.145,1.289,78.43,90.275,84.626
2025-11-14,21317948,-0.415,3.295,1.811,75.079,88.084,81.771
2025-11-14,21317949,-0.158,2.909,1.463,82.741,95.467,88.457
2025-11-14,21317950,0.078,3.295,1.726,77.729,89.146,82.731
2025-11-14,21317953,-0.415,3.51,1.617,77.435,90.41,84.332
2025-11-14,21317958,-0.244,3.295,1.556,75.995,89.964,83.259
2025-11-14,21317959,-0.051,3.467,1.827,74.208,86.862,80.379
2025-11-14,21317960,1.15,3.102,1.86,76.112,88.994,84.264
2025-11-15,21317937,-1.273,2.545,0.969,66.796,85.917,77.181
2025-11-15,21317939,-1.488,2.051,0.805,64.878,86.619,76.218
2025-11-15,21317940,-2.045,1.73,0.385,68.595,85.85,77.517
2025-11-15,21317941,-2.474,2.158,0.292,65.57,87.123,77.456
2025-11-15,21317942,-2.753,1.815,0.21,66.983,88.835,78.902
2025-11-15,21317943,-3.654,2.33,-0.093,64.022,89.685,78.723
2025-11-15,21317947,-2.925,1.987,0.106,68.096,89.2,80.213
2025-11-15,21317948,-2.582,3.295,0.604,63.65,87.126,76.634
2025-11-15,21317949,-2.989,1.815,0.198,71.928,93.562,83.53
2025-11-15,21317950,-2.582,2.116,0.368,66.943,88.492,78.544
2025-11-15,21317953,-3.032,2.266,0.281,66.255,90.423,79.436
2025-11-15,21317958,-3.246,2.437,0.292,64.739,89.122,77.832
2025-11-15,21317959,-3.032,2.738,0.531,63.418,87.37,75.299
2025-11-15,21317960,-3.225,1.901,0.03,65.812,88.202,78.528
2025-11-16,21317937,-1.616,3.553,0.611,66.494,93.559,84.425
2025-11-16,21317939,-1.616,2.738,0.632,66.046,94.475,83.794
2025-11-16,21317940,-1.917,2.244,0.449,65.866,91.728,82.334
2025-11-16,21317941,-2.131,2.437,0.029,66.557,95.201,84.629
2025-11-16,21317942,-2.002,2.137,0.06,67.858,95.045,85.659
2025-11-16,21317943,-1.895,2.48,0.186,66.232,90.826,82.714
2025-11-16,21317947,-2.024,3.059,0.106,70.211,94.13,85.777
2025-11-16,21317948,-1.938,2.587,0.302,66.435,93.741,83.722
2025-11-16,21317949,-1.917,2.587,0.165,72.215,98.273,89.197
2025-11-16,21317950,-1.745,2.802,0.393,66.659,91.371,83.871
2025-11-16,21317953,-2.024,2.094,0.092,68.608,94.203,85.849
2025-11-16,21317958,-2.153,2.223,0.061,67.39,94.987,85.621
2025-11-16,21317959,-1.895,2.394,0.223,66.007,91.737,82.483
2025-11-16,21317960,-2.002,2.158,0.032,67.652,92.062,83.83
2025-11-17,21317937,-1.638,1.558,-0.068,67.687,89.577,79.504
2025-11-17,21317939,-1.96,1.172,-0.448,67.089,90.79,79.191
2025-11-17,21317940,-2.088,0.786,-0.639,67.144,87.95,78.116
2025-11-17,21317941,-1.895,1.108,-0.529,67.12,88.481,77.651
2025-11-17,21317942,-2.024,1.022,-0.621,67.666,91.22,79.752
2025-11-17,21317943,-1.96,1.236,-0.542,65.097,89.213,78.304
2025-11-17,21317947,-2.217,0.764,-0.792,69.967,89.9,80.374
2025-11-17,21317948,-1.767,1.386,-0.316,64.538,91.472,77.768
2025-11-17,21317949,-1.917,1.065,-0.5,72.976,92.689,82.453
2025-11-17,21317950,-1.917,1.0,-0.509,69.029,89.429,79.33
2025-11-17,21317953,-2.067,1.086,-0.618,68.76,91.16,80.109
2025-11-17,21317958,-2.002,1.172,-0.508,66.758,89.236,77.751
2025-11-17,21317959,-1.659,1.258,-0.308,64.181,86.757,75.732
2025-11-17,21317960,-2.002,1.258,-0.553,66.557,87.48,77.948
2025-11-18,21317937,-0.415,3.038,0.629,67.033,78.146,73.719
2025-11-18,21317939,-0.694,1.386,0.24,69.203,77.156,73.274
2025-11-18,21317940,-0.909,0.872,-0.078,69.447,77.281,73.293
2025-11-18,21317941,-0.866,2.051,0.148,67.552,77.751,72.152
2025-11-18,21317942,-0.909,1.751,0.012,69.978,78.836,73.327
2025-11-18,21317943,-0.866,2.673,0.158,64.833,77.11,70.928
2025-11-18,21317947,-1.123,1.086,-0.21,71.803,79.889,75.224
2025-11-18,21317948,-0.673,2.459,0.342,65.881,77.169,71.392
2025-11-18,21317949,-0.887,1.386,0.037,73.544,83.42,77.807
2025-11-18,21317950,-0.801,1.472,0.101,70.82,78.618,73.564
2025-11-18,21317953,-0.951,2.223,0.054,68.548,79.377,73.874
2025-11-18,21317958,-0.951,1.987,0.107,66.589,77.972,72.22
2025-11-18,21317959,-0.63,2.738,0.35,64.512,75.528,69.992
2025-11-18,21317960,-0.951,2.116,0.055,67.532,77.568,72.087
2025-11-19,21317937,-1.852,2.459,-0.277,65.332,86.839,78.034
2025-11-19,21317939,-2.667,0.164,-1.279,73.036,86.647,81.064
2025-11-19,21317940,-3.204,-0.051,-1.68,73.831,86.961,81.075
2025-11-19,21317941,-3.354,1.687,-1.108,66.438,85.635,78.38
2025-11-19,21317942,-3.118,1.236,-1.341,69.624,86.174,79.635
2025-11-19,21317943,-3.504,2.073,-1.292,64.164,85.693,77.836
2025-11-19,21317947,-3.375,1.0,-1.611,68.658,88.753,81.807
2025-11-19,21317948,-3.118,2.223,-0.911,63.252,85.127,77.386
2025-11-19,21317949,-3.289,1.386,-1.387,71.708,92.667,84.698
2025-11-19,21317950,-3.504,0.636,-1.519,72.093,87.341,80.954
2025-11-19,21317953,-3.225,1.665,-1.359,68.988,88.199,80.688
2025-11-19,21317958,-3.439,2.652,-1.178,64.393,87.462,78.553
2025-11-19,21317959,-3.01,2.266,-0.827,61.059,83.406,75.482
2025-11-19,21317960,-3.482,2.03,-1.325,63.856,86.075,78.509
2025-11-20,21317937,-2.903,-1.273,-2.014,85.566,91.804,88.366
2025-11-20,21317939,-3.032,-1.123,-2.184,85.1,91.04,87.594
2025-11-20,21317940,-4.533,-0.951,-2.638,82.051,92.497,88.057
2025-11-20,21317941,-4.726,-0.351,-2.448,81.971,93.179,88.015
2025-11-20,21317942,-4.898,-0.158,-2.401,81.451,92.891,87.845
2025-11-20,21317943,-5.22,0.378,-2.814,77.22,91.289,87.118
2025-11-20,21317947,-4.383,-0.351,-2.533,81.268,94.061,88.784
2025-11-20,21317948,-5.027,-0.565,-2.362,81.001,91.823,87.042
2025-11-20,21317949,-4.619,-0.136,-2.468,84.82,99.12,92.904
2025-11-20,21317950,-4.383,0.164,-2.309,79.464,92.638,86.926
2025-11-20,21317953,-5.005,-0.437,-2.504,83.685,93.814,89.085
2025-11-20,21317958,-4.726,-0.094,-2.453,79.472,93.654,87.95
2025-11-20,21317959,-4.598,-0.287,-2.227,78.878,90.22,84.889
2025-11-20,21317960,-4.705,0.014,-2.416,78.737,92.241,86.792
2025-11-21,21317937,-3.246,3.746,-0.251,86.911,93.678,91.028
2025-11-21,21317939,-2.646,3.767,0.082,84.894,93.037,89.357
2025-11-21,21317940,-2.26,3.638,0.127,81.056,92.624,88.257
2025-11-21,21317941,-3.246,3.124,-0.487,87.626,93.658,90.837
2025-11-21,21317942,-3.397,3.167,-0.521,88.074,93.677,91.104
2025-11-21,21317943,-3.632,2.888,-0.637,88.815,92.129,90.25
2025-11-21,21317947,-2.946,3.167,-0.172,82.568,95.27,90.667
2025-11-21,21317948,-3.397,3.424,-0.471,87.735,93.147,90.476
2025-11-21,21317949,-2.903,3.016,-0.449,91.131,98.827,95.624
2025-11-21,21317950,-2.753,3.317,-0.052,85.583,92.566,89.335
2025-11-21,21317953,-3.161,3.252,-0.367,88.367,94.578,91.84
2025-11-21,21317958,-3.032,3.081,-0.393,85.132,93.494,90.379
2025-11-21,21317959,-3.461,3.574,-0.453,85.542,91.879,88.969
2025-11-21,21317960,-3.118,2.823,-0.473,85.104,93.109,89.728
2025-11-22,21317937,1.172,5.762,2.956,54.707,93.562,80.162
2025-11-22,21317939,0.357,5.226,2.375,49.712,92.818,80.843
2025-11-22,21317940,0.335,5.204,2.195,50.343,92.428,79.929
2025-11-22,21317941,-0.351,4.711,2.019,54.386,93.251,81.885
2025-11-22,21317942,0.014,4.282,1.967,57.293,93.527,82.317
2025-11-22,21317943,-0.93,5.204,1.704,54.72,92.757,81.593
2025-11-22,21317947,0.035,5.419,2.03,56.275,95.219,82.787
2025-11-22,21317948,-0.051,5.118,2.194,49.908,92.992,80.585
2025-11-22,21317949,-0.78,5.376,1.826,57.375,100.0,87.216
2025-11-22,21317950,-0.179,4.325,1.889,51.991,93.164,81.771
2025-11-22,21317953,-0.201,4.518,1.84,54.688,94.864,83.997
2025-11-22,21317958,-0.716,5.719,1.956,47.675,94.96,80.778
2025-11-22,21317959,-0.136,5.011,2.187,52.866,91.159,79.583
2025-11-22,21317960,-0.587,5.333,1.779,49.203,93.768,81.33
2025-11-23,21317937,-1.745,2.051,0.164,65.852,92.482,80.642
2025-11-23,21317939,-2.903,1.687,-0.348,66.641,92.024,80.911
2025-11-23,21317940,-2.002,1.622,-0.173,64.199,89.636,78.732
2025-11-23,21317941,-2.839,1.258,-0.469,69.168,91.682,80.981
2025-11-23,21317942,-3.268,1.022,-0.666,69.3,92.099,82.001
2025-11-23,21317943,-4.876,1.386,-1.148,67.932,90.307,81.843
2025-11-23,21317947,-2.346,1.0,-0.432,71.804,90.61,81.803
2025-11-23,21317948,-3.976,1.022,-0.856,67.428,90.646,81.228
2025-11-23,21317949,-3.332,1.108,-0.614,70.669,96.286,85.702
2025-11-23,21317950,-2.582,1.536,-0.319,64.634,89.429,80.25
2025-11-23,21317953,-3.096,0.914,-0.765,70.092,93.132,83.208
2025-11-23,21317958,-3.439,1.343,-0.594,64.817,90.35,79.953
2025-11-23,21317959,-3.675,1.065,-0.555,67.469,89.348,79.231
2025-11-23,21317960,-3.59,0.807,-0.769,66.415,89.516,80.063
2025-11-24,21317937,-0.372,5.183,1.547,65.94,93.175,84.584
2025-11-24,21317939,-0.094,4.346,1.512,69.77,92.271,83.851
2025-11-24,21317940,-0.887,3.381,1.203,69.075,91.081,83.143
2025-11-24,21317941,-1.402,3.81,0.905,68.685,92.93,84.081
2025-11-24,21317942,-1.102,3.703,0.915,68.717,92.955,84.716
2025-11-24,21317943,-1.273,4.217,0.962,66.992,90.838,82.574
2025-11-24,21317947,-0.951,4.818,1.017,69.981,93.077,84.88
2025-11-24,21317948,-0.866,4.539,1.186,66.159,92.697,83.312
2025-11-24,21317949,-1.166,4.432,0.945,74.522,97.101,88.813
2025-11-24,21317950,-0.801,3.874,1.231,69.511,90.806,83.871
2025-11-24,21317953,-1.252,4.196,1.005,70.578,93.539,85.708
2025-11-24,21317958,-1.466,4.346,0.951,66.827,93.381,83.681
2025-11-24,21317959,-0.93,4.818,1.203,65.934,90.872,81.853
2025-11-24,21317960,-1.402,3.982,0.862,68.365,91.067,83.446
2025-11-25,21317937,2.137,8.121,4.566,64.054,83.418,75.341
2025-11-25,21317939,1.472,8.807,4.267,63.536,83.299,74.547
2025-11-25,21317940,1.837,8.164,4.404,61.834,79.73,71.114
2025-11-25,21317941,1.88,8.7,4.484,64.547,80.758,72.975
2025-11-25,21317942,1.108,7.864,4.33,64.663,80.598,73.561
2025-11-25,21317943,0.314,9.15,3.736,61.44,86.435,75.226
2025-11-25,21317947,1.451,8.314,4.851,63.938,79.693,70.13
2025-11-25,21317948,1.022,8.593,4.544,61.335,82.434,73.937
2025-11-25,21317949,1.279,8.636,4.58,68.161,87.199,76.516
2025-11-25,21317950,1.923,8.378,4.641,59.399,79.849,70.287
2025-11-25,21317953,1.129,8.443,4.401,63.404,81.543,74.304
2025-11-25,21317958,1.472,8.271,4.578,61.834,79.895,70.695
2025-11-25,21317959,1.644,8.829,4.587,59.586,80.906,72.965
2025-11-25,21317960,1.172,8.4,4.418,62.626,80.609,71.751
2025-11-26,21317937,2.78,6.469,3.453,69.642,95.059,89.728
2025-11-26,21317939,3.338,6.748,4.426,67.076,94.488,87.448
2025-11-26,21317940,3.145,7.435,3.949,61.839,93.608,87.093
2025-11-26,21317941,2.158,5.697,3.167,73.208,95.334,90.111
2025-11-26,21317942,2.437,5.59,3.213,74.055,95.302,90.018
2025-11-26,21317943,2.158,5.226,3.096,74.405,93.7,89.185
2025-11-26,21317947,2.652,6.598,3.459,70.768,96.333,89.845
2025-11-26,21317948,2.587,5.226,3.246,77.893,94.725,89.105
2025-11-26,21317949,1.923,6.169,2.936,75.894,100.0,95.455
2025-11-26,21317950,2.523,6.984,3.641,65.197,94.432,88.36
2025-11-26,21317953,2.652,6.362,3.527,71.537,95.581,89.501
2025-11-26,21317958,2.051,6.169,3.084,69.944,95.38,90.01
2025-11-26,21317959,2.63,5.226,3.289,76.551,93.773,88.136
2025-11-26,21317960,2.03,5.805,3.035,71.411,93.841,89.064
2025-11-27,21317937,2.116,5.762,3.82,61.444,95.224,77.368
2025-11-27,21317939,1.901,5.805,3.716,56.321,93.599,75.74
2025-11-27,21317940,1.751,5.526,3.482,56.463,93.71,75.952
2025-11-27,21317941,2.051,4.99,3.45,62.338,95.084,77.538
2025-11-27,21317942,2.116,5.011,3.449,60.441,95.187,77.174
2025-11-27,21317943,1.772,4.668,3.257,58.666,93.596,77.182
2025-11-27,21317947,1.601,4.925,3.201,61.869,96.178,78.88
2025-11-27,21317948,2.18,5.14,3.597,59.998,94.954,76.702
2025-11-27,21317949,1.794,4.947,3.275,64.535,100.0,82.18
2025-11-27,21317950,1.73,4.754,3.314,61.045,93.64,78.562
2025-11-27,21317953,1.837,4.561,3.289,62.338,95.059,79.284
2025-11-27,21317958,1.858,4.925,3.303,57.85,95.059,75.995
2025-11-27,21317959,2.18,5.29,3.634,60.09,93.527,75.616
2025-11-27,21317960,1.88,4.775,3.242,58.926,93.942,76.58
2025-11-28,21317937,-1.252,3.209,0.35,66.067,83.894,75.903
2025-11-28,21317939,-1.488,3.016,0.044,62.063,83.986,73.595
2025-11-28,21317940,-2.045,3.016,-0.192,60.459,84.581,73.217
2025-11-28,21317941,-1.831,3.038,0.048,62.121,83.9,74.948
2025-11-28,21317942,-2.045,3.059,-0.026,58.643,85.045,73.759
2025-11-28,21317943,-1.831,2.866,-0.044,60.601,83.268,73.544
2025-11-28,21317947,-2.067,2.716,-0.31,64.575,86.052,76.304
2025-11-28,21317948,-1.831,3.124,0.152,60.337,84.059,73.684
2025-11-28,21317949,-1.96,2.845,-0.141,63.679,89.865,78.477
2025-11-28,21317950,-1.681,2.931,0.065,58.52,84.967,73.691
2025-11-28,21317953,-1.874,2.823,-0.078,59.539,85.75,75.042
2025-11-28,21317958,-1.96,2.952,-0.093,56.675,83.844,72.427
2025-11-28,21317959,-1.745,3.188,0.167,60.653,81.509,72.952
2025-11-28,21317960,-1.895,2.952,-0.098,57.655,84.173,72.979
2025-11-29,21317937,-2.045,1.772,-0.636,57.443,74.299,67.201
2025-11-29,21317939,-2.474,0.807,-1.125,53.837,72.856,63.828
2025-11-29,21317940,-2.775,0.743,-1.406,53.416,72.747,64.214
2025-11-29,21317941,-2.71,0.979,-1.212,57.87,74.212,66.191
2025-11-29,21317942,-2.753,0.528,-1.404,59.445,75.084,67.504
2025-11-29,21317943,-2.732,1.215,-1.244,56.88,73.471,65.547
2025-11-29,21317947,-2.989,1.022,-1.435,57.678,75.647,67.91
2025-11-29,21317948,-2.431,1.236,-1.002,56.359,73.146,65.257
2025-11-29,21317949,-2.775,1.108,-1.202,59.365,79.243,69.998
2025-11-29,21317950,-2.71,0.507,-1.323,55.447,74.458,65.408
2025-11-29,21317953,-2.775,0.55,-1.366,58.225,75.375,67.278
2025-11-29,21317958,-2.839,1.708,-1.169,50.275,73.828,63.736
2025-11-29,21317959,-2.517,1.301,-1.065,56.487,72.384,64.754
2025-11-29,21317960,-2.817,1.129,-1.322,53.323,74.166,64.887
2025-11-30,21317937,-4.019,2.051,-1.334,64.538,90.774,78.869
2025-11-30,21317939,-4.383,1.772,-1.383,60.044,90.51,77.29
2025-11-30,21317940,-3.289,1.429,-1.3,58.337,91.923,75.682
2025-11-30,21317941,-4.104,1.172,-1.894,66.667,91.031,79.766
2025-11-30,21317942,-4.641,1.279,-1.934,65.982,90.875,80.058
2025-11-30,21317943,-6.078,0.872,-2.325,66.644,90.669,80.79
2025-11-30,21317947,-4.019,1.258,-1.666,66.242,93.004,79.581
2025-11-30,21317948,-5.027,1.644,-1.832,65.368,90.616,79.277
2025-11-30,21317949,-3.804,1.386,-1.683,67.944,95.711,83.077
2025-11-30,21317950,-3.632,1.172,-1.413,61.111,91.174,77.493
2025-11-30,21317953,-4.469,1.065,-1.909,67.459,93.997,81.666
2025-11-30,21317958,-4.641,1.322,-1.861,64.291,89.625,78.225
2025-11-30,21317959,-4.619,1.515,-1.756,62.876,89.136,77.779
2025-11-30,21317960,-4.619,1.065,-1.979,64.62,90.739,78.858
2025-12-01,21317937,-7.472,3.445,-1.828,62.226,89.165,73.914
2025-12-01,21317939,-7.686,3.295,-2.367,59.301,90.213,71.949
2025-12-01,21317940,-7.858,3.209,-2.653,59.255,90.307,71.874
2025-12-01,21317941,-7.901,3.209,-2.366,63.091,90.872,73.51
2025-12-01,21317942,-8.008,3.188,-2.482,61.541,90.721,72.951
2025-12-01,21317943,-8.072,2.909,-2.502,58.904,90.758,72.994
2025-12-01,21317947,-8.244,2.845,-2.67,63.404,88.843,75.142
2025-12-01,21317948,-7.879,3.295,-2.157,61.216,88.989,72.48
2025-12-01,21317949,-7.815,3.124,-2.45,64.402,95.033,77.249
2025-12-01,21317950,-7.793,2.609,-2.614,62.194,90.614,73.155
2025-12-01,21317953,-8.008,2.673,-2.522,60.446,93.26,74.06
2025-12-01,21317958,-7.836,3.059,-2.397,57.269,88.811,70.63
2025-12-01,21317959,-7.772,3.381,-2.152,62.061,87.938,71.929
2025-12-01,21317960,-7.901,2.995,-2.442,58.418,90.666,71.733
2025-12-02,21317937,-7.986,-5.048,-6.778,70.69,87.453,79.634
2025-12-02,21317939,-8.115,-5.005,-6.601,67.401,89.014,78.279
2025-12-02,21317940,-8.201,-5.091,-6.711,65.423,84.656,76.786
2025-12-02,21317941,-8.823,-5.541,-7.348,71.693,85.432,79.369
2025-12-02,21317942,-9.016,-5.563,-7.262,68.399,87.745,78.856
2025-12-02,21317943,-10.281,-5.348,-7.534,70.408,84.427,78.61
2025-12-02,21317947,-8.565,-5.305,-7.06,70.732,85.763,79.671
2025-12-02,21317948,-8.737,-5.284,-7.056,69.158,85.359,78.263
2025-12-02,21317949,-8.759,-5.434,-7.293,72.551,89.984,82.399
2025-12-02,21317950,-8.115,-4.876,-6.79,65.856,84.628,76.529
2025-12-02,21317953,-8.952,-5.027,-7.085,68.486,89.92,79.794
2025-12-02,21317958,-8.565,-5.456,-7.273,66.548,85.768,76.754
2025-12-02,21317959,-8.501,-5.069,-7.006,68.937,83.461,77.006
2025-12-02,21317960,-8.823,-5.563,-7.374,67.95,84.929,77.551
2025-12-03,21317937,-9.659,-0.844,-6.254,78.746,89.03,83.954
2025-12-03,21317939,-9.338,-1.402,-6.195,75.897,88.563,81.999
2025-12-03,21317940,-9.809,-1.466,-6.76,75.459,86.766,82.216
2025-12-03,21317941,-10.26,-1.145,-7.015,76.342,87.919,82.811
2025-12-03,21317942,-10.431,-1.037,-7.062,76.936,88.464,83.785
2025-12-03,21317943,-12.147,-1.273,-7.66,74.49,88.075,83.459
2025-12-03,21317947,-10.346,-1.316,-6.998,76.41,89.993,84.089
2025-12-03,21317948,-10.882,-0.93,-6.961,75.514,89.014,82.986
2025-12-03,21317949,-10.41,-0.823,-7.133,79.413,93.834,87.734
2025-12-03,21317950,-10.024,-1.23,-6.79,75.216,87.521,82.745
2025-12-03,21317953,-10.796,-1.295,-7.069,78.508,89.223,84.935
2025-12-03,21317958,-10.389,-1.166,-7.18,74.527,87.626,82.404
2025-12-03,21317959,-10.238,-1.016,-6.883,75.633,86.235,81.322
2025-12-03,21317960,-10.603,-1.187,-7.212,74.034,86.748,82.372
2025-12-04,21317937,-13.22,1.536,-4.271,45.884,86.766,69.79
2025-12-04,21317939,-13.37,1.172,-4.627,42.109,89.087,67.483
2025-12-04,21317940,-13.541,0.914,-4.928,43.597,87.369,67.335
2025-12-04,21317941,-13.906,0.786,-4.829,45.867,86.976,67.602
2025-12-04,21317942,-13.842,0.893,-4.807,44.64,87.172,67.784
2025-12-04,21317943,-13.97,0.743,-4.78,46.499,87.013,67.475
2025-12-04,21317947,-14.078,0.764,-4.966,47.527,88.28,69.669
2025-12-04,21317948,-13.67,1.129,-4.612,43.201,86.894,66.364
2025-12-04,21317949,-13.842,0.743,-4.762,48.338,92.918,72.216
2025-12-04,21317950,-13.541,0.55,-4.867,48.273,88.481,68.966
2025-12-04,21317953,-13.885,0.636,-4.871,44.717,89.264,68.883
2025-12-04,21317958,-13.906,0.764,-4.806,42.96,87.611,65.436
2025-12-04,21317959,-13.67,1.15,-4.629,44.213,85.171,66.531
2025-12-04,21317960,-13.949,0.657,-4.775,46.334,87.391,66.64
2025-12-05,21317937,-14.893,-6.721,-11.62,46.758,76.896,62.701
2025-12-05,21317939,-15.879,-5.627,-11.894,42.315,76.132,59.753
2025-12-05,21317940,-15.729,-6.764,-12.195,41.381,71.864,58.218
2025-12-05,21317941,-15.472,-6.764,-12.094,42.603,74.881,61.581
2025-12-05,21317942,-16.351,-7.107,-12.352,43.153,76.41,61.997
2025-12-05,21317943,-18.067,-6.335,-12.772,40.99,79.071,62.785
2025-12-05,21317947,-15.879,-7.193,-12.368,42.585,76.841,61.374
2025-12-05,21317948,-15.901,-6.399,-12.025,44.909,74.504,59.978
2025-12-05,21317949,-15.815,-6.442,-12.252,45.515,77.147,62.521
2025-12-05,21317950,-15.729,-7.107,-12.143,42.89,74.929,61.679
2025-12-05,21317953,-16.351,-7.0,-12.287,39.449,77.134,61.8
2025-12-05,21317958,-15.665,-6.914,-12.245,38.991,73.201,58.294
2025-12-05,21317959,-15.386,-6.85,-12.025,47.124,73.213,60.676
2025-12-05,21317960,-15.751,-7.0,-12.246,41.912,74.697,60.555
2025-12-06,21317937,-7.622,0.207,-3.791,56.152,94.391,76.867
2025-12-06,21317939,-7.536,0.035,-4.09,54.522,89.049,71.99
2025-12-06,21317940,-7.343,0.078,-4.349,51.363,92.811,71.835
2025-12-06,21317941,-8.222,0.014,-4.063,58.36,87.768,74.248
2025-12-06,21317942,-8.137,0.057,-4.006,56.497,88.595,74.655
2025-12-06,21317943,-9.724,-0.501,-4.229,60.603,87.864,75.34
2025-12-06,21317947,-7.6,-0.265,-4.185,51.196,94.18,73.193
2025-12-06,21317948,-7.729,0.207,-4.123,57.877,90.637,74.719
2025-12-06,21317949,-7.279,-0.244,-4.19,54.623,94.157,77.007
2025-12-06,21317950,-7.193,-0.394,-3.958,54.22,89.682,72.563
2025-12-06,21317953,-7.6,-0.265,-4.128,55.378,92.744,75.994
2025-12-06,21317958,-7.729,-0.287,-4.174,50.906,89.667,73.17
2025-12-06,21317959,-7.493,0.228,-4.116,57.916,89.328,74.046
2025-12-06,21317960,-8.051,-0.458,-4.158,55.155,87.671,74.816
2025-12-07,21317937,-12.812,1.15,-7.942,56.963,86.261,68.853
2025-12-07,21317939,-11.976,1.0,-7.712,51.017,86.352,65.356
2025-12-07,21317940,-11.225,0.55,-7.871,49.671,85.817,64.597
2025-12-07,21317941,-12.791,0.4,-8.504,57.449,89.039,69.628
2025-12-07,21317942,-13.305,0.443,-8.568,55.723,89.795,70.038
2025-12-07,21317943,-15.772,0.142,-9.141,58.918,86.906,71.246
2025-12-07,21317947,-12.598,0.271,-8.372,58.245,88.092,69.499
2025-12-07,21317948,-14.549,0.636,-8.527,55.584,90.684,69.375
2025-12-07,21317949,-12.512,0.357,-8.466,60.555,95.961,73.226
2025-12-07,21317950,-11.547,0.271,-8.032,52.274,87.63,65.969
2025-12-07,21317953,-13.198,0.207,-8.52,56.68,88.344,70.771
2025-12-07,21317958,-13.627,0.378,-8.665,53.098,90.71,68.349
2025-12-07,21317959,-13.541,0.7,-8.409,57.426,88.989,68.802
2025-12-07,21317960,-14.528,0.121,-9.072,58.291,88.014,71.917
2025-12-08,21317937,-16.029,-9.831,-12.236,55.927,86.184,71.239
2025-12-08,21317939,-16.244,-9.809,-12.86,56.098,86.317,68.832
2025-12-08,21317940,-16.394,-10.431,-13.367,56.596,84.01,69.446
2025-12-08,21317941,-16.48,-10.603,-13.162,61.343,84.096,71.463
2025-12-08,21317942,-16.544,-10.667,-13.36,60.667,85.924,71.963
2025-12-08,21317943,-16.716,-10.667,-13.367,60.301,83.612,71.249
2025-12-08,21317947,-16.995,-10.539,-13.365,58.914,86.21,72.209
2025-12-08,21317948,-16.501,-10.324,-12.916,55.492,84.633,69.306
2025-12-08,21317949,-16.587,-10.539,-13.263,62.611,89.146,74.414
2025-12-08,21317950,-16.308,-10.324,-13.158,58.262,83.662,70.166
2025-12-08,21317953,-16.415,-10.624,-13.212,60.327,85.84,73.025
2025-12-08,21317958,-16.694,-10.603,-13.212,54.746,85.017,68.915
2025-12-08,21317959,-16.33,-10.389,-12.99,58.775,82.535,69.84
2025-12-08,21317960,-16.823,-10.689,-13.372,58.611,84.036,71.548
2025-12-09,21317937,-16.63,-7.107,-11.773,66.915,87.881,77.038
2025-12-09,21317939,-15.815,-6.592,-11.969,57.65,83.598,73.428
2025-12-09,21317940,-15.665,-6.549,-12.17,57.279,86.207,74.541
2025-12-09,21317941,-16.608,-7.343,-12.538,63.532,85.492,75.773
2025-12-09,21317942,-17.402,-7.407,-12.709,63.491,86.116,76.568
2025-12-09,21317943,-19.311,-7.557,-13.435,65.55,85.126,77.284
2025-12-09,21317947,-16.909,-7.171,-12.44,62.766,87.543,78.226
2025-12-09,21317948,-18.088,-7.128,-12.722,64.517,86.384,76.612
2025-12-09,21317949,-16.866,-7.214,-12.806,66.796,91.255,80.822
2025-12-09,21317950,-16.201,-6.828,-12.309,59.992,86.352,75.71
2025-12-09,21317953,-17.338,-7.279,-12.702,65.783,86.651,77.062
2025-12-09,21317958,-17.08,-7.343,-12.794,61.5,85.812,75.176
2025-12-09,21317959,-16.887,-6.957,-12.536,61.851,83.638,74.244
2025-12-09,21317960,-17.702,-7.322,-13.046,64.833,85.016,77.5
2025-12-10,21317937,-7.643,-1.016,-4.177,66.74,92.113,86.529
2025-12-10,21317939,-7.257,-1.102,-4.071,66.847,92.802,84.257
2025-12-10,21317940,-7.193,-1.338,-4.531,66.868,91.371,84.494
2025-12-10,21317941,-10.71,-3.868,-7.277,65.435,91.264,85.472
2025-12-10,21317942,-9.359,-3.783,-6.502,66.401,91.525,86.285
2025-12-10,21317943,-10.496,-3.74,-7.119,70.402,89.11,84.141
2025-12-10,21317947,-7.193,-1.681,-5.013,70.127,91.037,85.342
2025-12-10,21317948,-8.415,-3.482,-5.554,66.575,91.49,86.145
2025-12-10,21317949,-10.646,-4.233,-7.608,72.59,95.312,90.418
2025-12-10,21317950,-8.158,-3.418,-5.817,67.634,89.662,84.399
2025-12-10,21317953,-8.823,-3.568,-6.068,65.762,93.326,87.851
2025-12-10,21317958,-10.925,-3.911,-7.554,65.089,89.993,84.899
2025-12-10,21317959,-8.351,-3.547,-5.727,63.207,89.004,84.254
2025-12-10,21317960,-11.032,-3.89,-7.587,71.226,89.76,85.06
2025-12-11,21317937,-9.831,-3.847,-6.705,76.265,92.129,85.677
2025-12-11,21317939,-10.217,-4.233,-7.071,76.535,92.345,87.008
2025-12-11,21317940,-10.582,-4.469,-7.458,75.766,90.861,85.63
2025-12-11,21317941,-10.303,-4.469,-7.219,74.229,91.156,83.72
2025-12-11,21317942,-10.346,-4.619,-7.265,75.367,91.17,85.737
2025-12-11,21317943,-10.324,-4.555,-7.232,74.833,89.145,83.443
2025-12-11,21317947,-10.517,-4.576,-7.417,78.708,90.84,85.602
2025-12-11,21317948,-10.024,-4.447,-6.98,73.869,91.499,84.699
2025-12-11,21317949,-10.453,-4.683,-7.312,79.075,94.94,88.341
2025-12-11,21317950,-10.045,-4.533,-7.135,80.54,89.314,85.908
2025-12-11,21317953,-10.431,-4.49,-7.307,79.843,93.393,88.679
2025-12-11,21317958,-10.539,-4.683,-7.334,74.504,90.108,84.081
2025-12-11,21317959,-10.045,-4.469,-6.982,72.558,88.847,81.824
2025-12-11,21317960,-10.517,-4.683,-7.348,75.546,89.586,84.719
2025-12-12,21317937,-9.531,-3.997,-7.395,66.128,81.216,73.918
2025-12-12,21317939,-9.831,-4.898,-7.828,65.985,79.052,72.541
2025-12-12,21317940,-10.26,-5.241,-8.223,67.263,76.941,72.645
2025-12-12,21317941,-10.088,-4.04,-8.046,64.26,78.415,72.069
2025-12-12,21317942,-10.088,-4.769,-8.107,66.119,81.463,72.965
2025-12-12,21317943,-10.067,-4.34,-8.035,65.341,78.206,72.368
2025-12-12,21317947,-10.303,-4.319,-8.25,66.719,80.47,74.8
2025-12-12,21317948,-9.852,-3.976,-7.83,66.178,80.644,72.283
2025-12-12,21317949,-10.11,-4.512,-8.077,70.48,81.917,77.203
2025-12-12,21317950,-10.045,-4.683,-8.061,68.814,80.92,75.163
2025-12-12,21317953,-10.131,-4.576,-8.127,67.248,83.194,74.867
2025-12-12,21317958,-10.174,-3.976,-8.064,62.716,78.355,71.8
2025-12-12,21317959,-9.831,-4.083,-7.885,62.301,77.523,70.455
2025-12-12,21317960,-10.196,-4.104,-8.128,63.774,78.961,72.501
2025-12-13,21317937,-10.045,-1.145,-6.106,69.516,92.964,84.237
2025-12-13,21317939,-11.375,-1.295,-6.392,69.509,88.547,82.712
2025-12-13,21317940,-9.638,-2.303,-6.048,72.697,92.66,82.555
2025-12-13,21317941,-11.118,-1.917,-6.955,72.802,89.375,82.303
2025-12-13,21317942,-11.697,-2.11,-7.168,73.959,89.751,83.374
2025-12-13,21317943,-13.97,-2.153,-7.731,75.357,88.765,82.784
2025-12-13,21317947,-11.096,-1.745,-6.395,77.665,92.877,83.944
2025-12-13,21317948,-12.662,-1.874,-7.261,75.175,90.391,83.072
2025-12-13,21317949,-11.096,-2.045,-6.985,78.938,95.322,87.807
2025-12-13,21317950,-10.517,-1.316,-6.357,75.567,89.625,83.007
2025-12-13,21317953,-11.911,-2.346,-7.169,75.628,92.056,84.996
2025-12-13,21317958,-12.04,-2.281,-7.034,72.233,90.124,81.929
2025-12-13,21317959,-12.533,-1.831,-7.178,71.373,89.151,80.656
2025-12-13,21317960,-12.04,-2.195,-7.208,74.037,89.987,82.375
2025-12-14,21317937,-10.153,-1.187,-5.376,40.713,77.591,65.142
2025-12-14,21317939,-10.281,-1.681,-5.861,42.185,75.517,64.268
2025-12-14,21317940,-10.539,-2.453,-6.518,46.085,82.049,65.631
2025-12-14,21317941,-10.86,-2.324,-6.343,50.507,85.153,67.533
2025-12-14,21317942,-10.689,-2.217,-6.356,48.939,79.962,66.78
2025-12-14,21317943,-10.839,-2.796,-6.659,50.242,86.853,68.256
2025-12-14,21317947,-10.968,-2.624,-6.548,44.041,79.129,67.658
2025-12-14,21317948,-10.732,-1.96,-6.07,46.961,76.571,65.191
2025-12-14,21317949,-10.882,-2.346,-6.479,51.78,83.944,71.633
2025-12-14,21317950,-10.517,-2.689,-6.607,46.502,82.065,68.722
2025-12-14,21317953,-10.667,-2.796,-6.561,49.276,88.371,69.233
2025-12-14,21317958,-10.903,-2.539,-6.477,46.012,81.685,66.237
2025-12-14,21317959,-10.474,-1.852,-6.126,48.978,75.248,65.323
2025-12-14,21317960,-11.053,-2.71,-6.556,49.78,85.319,67.858
2025-12-15,21317937,-13.327,-5.97,-10.334,62.104,78.497,71.973
2025-12-15,21317939,-14.249,-6.657,-10.948,64.288,79.683,73.093
2025-12-15,21317940,-14.785,-7.364,-11.422,65.705,78.621,73.21
2025-12-15,21317941,-14.378,-7.171,-11.171,66.632,77.975,73.474
2025-12-15,21317942,-14.292,-7.214,-11.235,65.17,76.645,72.774
2025-12-15,21317943,-14.356,-7.322,-11.253,65.522,77.046,72.712
2025-12-15,21317947,-14.614,-7.279,-11.391,66.183,80.0,74.234
2025-12-15,21317948,-14.013,-6.978,-11.012,63.185,76.773,71.032
2025-12-15,21317949,-14.378,-7.0,-11.332,66.87,80.7,74.767
2025-12-15,21317950,-14.228,-7.128,-10.979,66.992,78.814,73.718
2025-12-15,21317953,-14.314,-7.15,-11.188,66.538,78.128,73.696
2025-12-15,21317958,-14.421,-7.214,-11.316,63.394,77.977,71.657
2025-12-15,21317959,-14.013,-6.957,-11.007,64.714,74.798,70.828
2025-12-15,21317960,-14.399,-7.193,-11.329,65.798,78.717,73.376
2025-12-16,21317937,-6.764,-0.351,-3.659,64.918,85.615,75.838
2025-12-16,21317939,-6.957,-0.308,-3.857,60.432,84.001,74.778
2025-12-16,21317940,-7.407,-0.973,-4.276,62.954,83.845,76.07
2025-12-16,21317941,-7.407,-0.887,-4.171,63.537,83.543,75.304
2025-12-16,21317942,-7.472,-1.08,-4.175,63.679,83.226,75.11
2025-12-16,21317943,-7.472,-0.994,-4.342,62.144,83.455,75.317
2025-12-16,21317947,-7.515,-1.037,-4.383,65.335,84.949,76.942
2025-12-16,21317948,-7.171,-0.394,-3.952,64.154,83.075,74.655
2025-12-16,21317949,-7.515,-0.866,-4.41,69.392,91.316,80.585
2025-12-16,21317950,-7.257,-1.145,-4.214,67.102,84.736,76.871
2025-12-16,21317953,-7.45,-1.23,-4.27,66.136,84.581,76.905
2025-12-16,21317958,-7.493,-0.93,-4.424,62.803,83.793,75.061
2025-12-16,21317959,-7.193,-0.565,-4.001,61.764,81.268,73.102
2025-12-16,21317960,-7.493,-0.93,-4.387,63.029,83.523,74.968
2025-12-17,21317937,-2.517,3.789,0.269,66.476,85.734,75.919
2025-12-17,21317939,-2.968,3.617,0.056,63.02,86.059,73.592
2025-12-17,21317940,-3.311,3.574,-0.029,68.765,84.752,75.46
2025-12-17,21317941,-2.667,3.66,0.271,64.492,85.237,73.294
2025-12-17,21317942,-2.496,3.531,0.206,64.378,85.75,73.111
2025-12-17,21317943,-3.311,3.467,0.073,68.443,84.846,75.8
2025-12-17,21317947,-3.096,3.381,0.144,66.392,85.64,73.697
2025-12-17,21317948,-2.667,3.831,0.176,66.078,86.001,75.448
2025-12-17,21317949,-2.775,3.488,0.278,69.529,90.639,77.794
2025-12-17,21317950,-3.118,3.252,-0.03,66.735,86.105,74.768
2025-12-17,21317953,-2.732,3.424,0.056,66.38,87.034,74.904
2025-12-17,21317958,-2.753,3.553,0.289,63.83,83.793,71.927
2025-12-17,21317959,-2.839,3.724,0.103,62.905,84.48,73.209
2025-12-17,21317960,-2.775,3.488,0.249,63.89,84.947,72.571
2025-12-18,21317937,-3.632,5.912,0.65,61.137,82.219,73.318
2025-12-18,21317939,-4.297,6.534,0.814,51.844,82.477,71.73
2025-12-18,21317940,-3.332,6.148,0.761,55.694,81.102,70.586
2025-12-18,21317941,-5.263,6.041,0.053,58.999,82.284,72.421
2025-12-18,21317942,-5.327,6.362,-0.014,57.09,84.897,73.178
2025-12-18,21317943,-7.579,5.547,-0.558,60.94,88.931,73.925
2025-12-18,21317947,-4.576,6.212,0.505,56.179,82.924,72.543
2025-12-18,21317948,-6.614,6.319,-0.028,57.778,89.517,73.531
2025-12-18,21317949,-4.447,5.998,0.055,60.981,86.601,77.963
2025-12-18,21317950,-4.147,5.676,0.549,55.502,83.212,72.197
2025-12-18,21317953,-5.37,6.148,0.032,57.076,84.599,73.784
2025-12-18,21317958,-5.713,6.212,-0.062,52.107,83.716,71.109
2025-12-18,21317959,-6.292,6.062,0.063,60.378,85.441,72.117
2025-12-18,21317960,-6.013,6.148,-0.254,57.865,83.589,72.948
2025-12-19,21317937,1.622,11.638,6.543,60.145,86.664,77.79
2025-12-19,21317939,1.279,13.118,6.872,52.773,86.737,76.627
2025-12-19,21317940,0.807,13.118,6.788,55.616,86.601,75.894
2025-12-19,21317941,1.129,12.003,6.705,58.688,87.137,77.724
2025-12-19,21317942,1.343,12.282,6.74,56.277,88.716,77.35
2025-12-19,21317943,1.193,11.81,6.369,58.607,87.974,78.637
2025-12-19,21317947,1.0,12.732,6.611,57.005,90.481,77.326
2025-12-19,21317948,1.73,12.797,7.012,56.44,88.318,76.157
2025-12-19,21317949,0.957,12.904,6.953,59.393,92.451,80.847
2025-12-19,21317950,1.215,12.625,6.635,55.492,87.602,77.079
2025-12-19,21317953,1.172,12.153,6.658,57.05,92.294,79.041
2025-12-19,21317958,0.979,12.84,7.044,53.425,85.771,74.32
2025-12-19,21317959,1.622,12.818,7.084,57.787,84.541,75.361
2025-12-19,21317960,1.065,12.668,6.77,57.314,87.892,76.984
2025-12-20,21317937,-7.901,1.258,-4.485,59.818,94.459,68.283
2025-12-20,21317939,-8.372,1.065,-4.733,54.307,87.153,63.298
2025-12-20,21317940,-8.716,0.593,-5.1,54.546,91.943,63.747
2025-12-20,21317941,-8.587,0.936,-5.047,58.598,86.485,67.869
2025-12-20,21317942,-8.523,0.957,-5.043,58.555,88.824,68.589
2025-12-20,21317943,-8.651,0.936,-5.076,58.73,86.033,68.041
2025-12-20,21317947,-8.844,0.614,-5.173,60.514,94.24,68.911
2025-12-20,21317948,-8.308,1.429,-4.746,56.373,90.918,65.882
2025-12-20,21317949,-8.608,0.7,-5.045,61.86,93.948,69.926
2025-12-20,21317950,-8.415,1.043,-4.842,56.728,87.414,64.807
2025-12-20,21317953,-8.651,0.85,-5.048,58.367,89.808,68.175
2025-12-20,21317958,-8.737,0.7,-5.057,54.055,86.203,64.711
2025-12-20,21317959,-8.351,1.301,-4.827,57.183,87.071,66.167
2025-12-20,21317960,-8.63,0.85,-5.083,58.95,87.149,66.911
2025-12-21,21317937,-5.906,4.046,-0.273,54.046,85.301,65.657
2025-12-21,21317939,-5.906,4.089,-0.542,51.031,85.318,60.549
2025-12-21,21317940,-6.313,3.66,-0.713,53.043,87.75,61.384
2025-12-21,21317941,-6.785,3.724,-0.737,56.478,84.517,65.251
2025-12-21,21317942,-6.614,3.831,-0.67,54.353,84.924,64.146
2025-12-21,21317943,-6.614,3.703,-0.83,55.355,82.887,65.513
2025-12-21,21317947,-6.592,3.51,-0.61,53.4,91.054,63.698
2025-12-21,21317948,-6.485,3.939,-0.5,52.906,87.901,63.99
2025-12-21,21317949,-6.614,3.831,-0.532,55.76,88.948,65.561
2025-12-21,21317950,-6.335,3.209,-0.634,48.971,86.178,60.312
2025-12-21,21317953,-6.7,3.51,-0.761,53.288,85.544,64.983
2025-12-21,21317958,-6.807,3.724,-0.635,51.537,84.379,60.68
2025-12-21,21317959,-6.421,3.939,-0.559,53.283,84.244,64.352
2025-12-21,21317960,-6.764,3.724,-0.647,54.485,85.093,63.838
2025-12-22,21317937,-11.354,-6.056,-8.888,58.39,88.824,73.808
2025-12-22,21317939,-11.675,-6.056,-9.199,53.739,84.335,69.247
2025-12-22,21317940,-11.911,-6.313,-9.527,56.661,85.913,71.08
2025-12-22,21317941,-12.147,-6.914,-9.536,59.727,85.029,73.243
2025-12-22,21317942,-12.169,-6.742,-9.565,58.671,84.582,72.726
2025-12-22,21317943,-12.383,-6.764,-9.614,60.003,84.018,72.722
2025-12-22,21317947,-12.255,-6.742,-9.705,60.928,84.779,73.775
2025-12-22,21317948,-11.997,-6.571,-9.366,58.067,85.222,72.082
2025-12-22,21317949,-12.169,-6.7,-9.614,60.539,89.223,75.512
2025-12-22,21317950,-11.89,-6.399,-9.306,54.368,84.082,69.995
2025-12-22,21317953,-12.233,-6.764,-9.576,57.902,86.999,73.746
2025-12-22,21317958,-12.383,-6.893,-9.694,55.062,84.343,70.653
2025-12-22,21317959,-12.04,-6.549,-9.41,58.584,82.905,71.632
2025-12-22,21317960,-12.34,-6.85,-9.625,58.669,84.059,71.242
2025-12-23,21317937,-9.466,-6.528,-7.684,81.674,89.068,86.275
2025-12-23,21317939,-8.737,-6.421,-7.193,80.032,89.892,85.209
2025-12-23,21317940,-8.48,-6.185,-7.326,78.705,87.988,83.604
2025-12-23,21317941,-9.381,-7.364,-8.239,82.298,89.488,86.35
2025-12-23,21317942,-9.767,-7.236,-8.16,82.136,89.323,86.305
2025-12-23,21317943,-10.753,-7.3,-8.313,79.831,87.492,84.804
2025-12-23,21317947,-8.801,-6.764,-7.718,81.025,88.074,84.725
2025-12-23,21317948,-10.238,-7.193,-8.15,80.951,89.485,85.942
2025-12-23,21317949,-9.23,-6.914,-8.096,86.752,94.466,90.15
2025-12-23,21317950,-8.716,-6.399,-7.379,79.904,87.663,83.253
2025-12-23,21317953,-9.938,-6.978,-7.924,83.003,91.124,86.931
2025-12-23,21317958,-9.531,-7.107,-8.2,81.488,88.29,85.2
2025-12-23,21317959,-9.852,-7.214,-8.13,79.692,86.828,84.437
2025-12-23,21317960,-9.681,-7.214,-8.279,82.708,87.501,85.092
2025-12-24,21317937,-8.008,-0.93,-5.069,61.381,90.954,80.563
2025-12-24,21317939,-7.536,-2.41,-5.174,62.901,91.232,80.773
2025-12-24,21317940,-7.879,-2.667,-5.637,63.047,89.049,79.724
2025-12-24,21317941,-7.965,-2.131,-5.489,61.215,90.629,78.94
2025-12-24,21317942,-8.008,-3.225,-5.706,65.798,90.483,80.832
2025-12-24,21317943,-7.943,-2.346,-5.482,63.311,88.299,79.277
2025-12-24,21317947,-8.029,-1.767,-5.594,62.318,89.131,80.132
2025-12-24,21317948,-8.029,-1.767,-5.234,62.393,90.24,79.82
2025-12-24,21317949,-7.965,-1.659,-5.415,67.248,95.233,84.638
2025-12-24,21317950,-7.708,-2.903,-5.495,68.443,89.158,79.464
2025-12-24,21317953,-7.772,-2.817,-5.578,67.089,92.021,82.33
2025-12-24,21317958,-7.815,-2.088,-5.519,59.934,89.264,78.531
2025-12-24,21317959,-7.858,-2.024,-5.317,62.235,88.513,78.091
2025-12-24,21317960,-7.815,-2.71,-5.652,64.533,88.725,79.133
2025-12-25,21317937,-10.925,-3.161,-5.184,54.0,92.203,76.824
2025-12-25,21317939,-10.389,-3.632,-5.311,52.86,89.133,74.079
2025-12-25,21317940,-10.624,-3.997,-5.688,53.429,90.811,75.067
2025-12-25,21317941,-11.139,-3.804,-5.821,57.819,89.467,75.512
2025-12-25,21317942,-11.096,-3.933,-5.745,57.79,89.909,75.703
2025-12-25,21317943,-12.405,-3.525,-5.789,58.46,88.24,75.739
2025-12-25,21317947,-11.204,-3.225,-5.774,58.473,91.44,78.434
2025-12-25,21317948,-10.903,-3.204,-5.47,53.817,91.225,74.918
2025-12-25,21317949,-10.903,-3.675,-5.777,60.912,96.217,80.144
2025-12-25,21317950,-10.56,-3.847,-5.584,54.102,90.011,74.923
2025-12-25,21317953,-10.796,-3.954,-5.781,59.303,92.432,76.658
2025-12-25,21317958,-11.075,-3.933,-5.84,52.198,89.274,73.495
2025-12-25,21317959,-10.903,-3.611,-5.566,55.366,88.405,73.764
2025-12-25,21317960,-11.225,-3.718,-5.89,58.383,89.97,76.343
2025-12-26,21317937,-16.866,-10.517,-14.649,59.527,72.107,67.446
2025-12-26,21317939,-16.566,-10.474,-14.433,55.776,68.644,62.89
2025-12-26,21317940,-17.252,-10.732,-14.762,58.083,72.033,64.814
2025-12-26,21317941,-17.831,-11.182,-15.235,60.85,76.585,70.28
2025-12-26,21317942,-18.003,-11.332,-15.268,62.164,76.172,69.277
2025-12-26,21317943,-20.019,-11.718,-15.81,59.399,79.673,71.53
2025-12-26,21317947,-17.874,-11.225,-15.117,61.061,75.779,69.596
2025-12-26,21317948,-18.453,-10.989,-15.107,59.512,75.865,67.405
2025-12-26,21317949,-17.895,-11.032,-15.056,62.007,80.182,71.236
2025-12-26,21317950,-16.973,-10.646,-14.722,58.651,72.018,65.334
2025-12-26,21317953,-17.938,-10.839,-15.054,63.157,75.482,69.64
2025-12-26,21317958,-18.131,-11.096,-15.268,55.804,78.094,67.688
2025-12-26,21317959,-17.917,-10.968,-15.004,57.554,73.762,67.709
2025-12-26,21317960,-18.753,-11.225,-15.586,59.994,78.965,70.608
2025-12-27,21317937,-15.793,-6.742,-11.367,55.155,77.166,67.479
2025-12-27,21317939,-15.386,-6.85,-11.379,51.327,76.159,64.817
2025-12-27,21317940,-15.343,-7.836,-11.595,56.417,68.896,63.933
2025-12-27,21317941,-15.729,-7.815,-11.548,62.858,75.225,69.288
2025-12-27,21317942,-15.901,-8.759,-11.849,61.509,76.744,68.907
2025-12-27,21317943,-15.643,-7.557,-11.858,63.082,79.696,69.263
2025-12-27,21317947,-15.965,-7.429,-11.737,57.975,75.64,68.813
2025-12-27,21317948,-15.986,-6.807,-11.477,56.396,80.504,67.47
2025-12-27,21317949,-15.429,-7.515,-11.373,61.921,77.368,69.694
2025-12-27,21317950,-15.364,-8.866,-11.565,59.736,70.997,66.155
2025-12-27,21317953,-15.579,-8.351,-11.585,61.283,76.254,69.296
2025-12-27,21317958,-15.493,-8.008,-11.55,58.491,77.037,66.402
2025-12-27,21317959,-15.922,-6.978,-11.464,57.673,76.02,67.458
2025-12-27,21317960,-15.579,-8.887,-11.796,63.627,77.801,69.616
2025-12-28,21317937,-14.249,-4.769,-10.533,63.11,87.9,78.221
2025-12-28,21317939,-13.456,-6.313,-10.159,61.759,83.693,75.612
2025-12-28,21317940,-12.49,-4.876,-9.461,58.582,82.06,70.441
2025-12-28,21317941,-13.477,-7.043,-10.313,63.743,86.009,74.098
2025-12-28,21317942,-13.37,-7.986,-10.953,64.924,86.862,76.595
2025-12-28,21317943,-14.7,-12.683,-13.633,79.802,84.024,82.333
2025-12-28,21317947,-12.576,-6.035,-9.679,65.203,81.483,72.57
2025-12-28,21317948,-14.742,-7.107,-11.666,66.177,88.473,79.761
2025-12-28,21317949,-12.019,-10.024,-11.084,75.825,83.598,80.078
2025-12-28,21317950,-12.126,-6.721,-9.74,65.826,80.397,74.094
2025-12-28,21317953,-13.477,-7.279,-10.869,65.908,88.029,77.074
2025-12-28,21317958,-13.584,-6.893,-10.17,62.429,85.635,73.292
2025-12-28,21317959,-14.099,-6.163,-10.974,63.235,84.462,75.92
2025-12-28,21317960,-12.855,-10.968,-11.822,75.732,79.536,78.09
2025-12-29,21317937,-8.909,5.268,-2.232,66.613,92.088,81.187
2025-12-29,21317939,-8.137,4.604,-1.938,64.453,91.182,79.472
2025-12-29,21317940,-8.523,4.668,-2.138,66.305,91.051,79.096
2025-12-29,21317941,-8.716,3.703,-2.945,67.752,92.335,81.006
2025-12-29,21317942,-8.651,4.089,-2.865,67.037,92.706,80.924
2025-12-29,21317947,-8.801,4.432,-2.466,68.525,92.303,80.583
2025-12-29,21317948,-8.844,4.368,-2.708,66.941,92.326,80.652
2025-12-29,21317950,-8.179,3.724,-2.444,70.539,92.044,81.661
2025-12-29,21317953,-8.437,3.617,-2.732,68.301,93.568,81.971
2025-12-29,21317958,-8.973,3.789,-2.894,65.747,92.062,79.863
2025-12-29,21317959,-8.759,4.389,-2.772,64.977,91.347,79.689
2025-12-30,21317937,-12.834,0.314,-8.589,61.045,78.878,69.177
2025-12-30,21317939,-13.22,0.099,-9.075,55.731,75.349,63.492
2025-12-30,21317940,-13.627,-0.179,-9.491,56.339,76.716,64.27
2025-12-30,21317941,-13.692,-0.051,-9.392,62.153,80.092,68.925
2025-12-30,21317942,-13.563,0.121,-9.26,60.456,81.852,68.158
2025-12-30,21317947,-13.777,-0.244,-9.546,61.842,79.925,68.559
2025-12-30,21317948,-13.391,0.271,-9.046,58.772,80.92,67.088
2025-12-30,21317950,-13.327,-0.179,-9.194,59.374,78.904,67.394
2025-12-30,21317953,-13.584,-0.051,-9.312,60.845,79.87,69.055
2025-12-30,21317958,-13.692,-0.051,-9.392,57.369,80.891,66.142
2025-12-30,21317959,-13.456,0.314,-9.067,60.491,78.03,67.133
2025-12-31,21317937,-14.099,-6.635,-10.79,53.451,76.844,64.717
2025-12-31,21317939,-14.507,-6.871,-11.198,50.182,74.02,59.719
2025-12-31,21317940,-14.85,-7.557,-11.754,50.832,75.225,60.105
2025-12-31,21317941,-14.85,-7.772,-11.968,55.68,77.279,66.159
2025-12-31,21317942,-14.742,-7.686,-11.882,55.224,76.799,65.782
2025-12-31,21317947,-14.978,-7.665,-11.849,54.592,78.827,65.757
2025-12-31,21317948,-14.571,-7.364,-11.577,52.009,77.009,63.149
2025-12-31,21317950,-14.549,-7.557,-11.693,53.877,75.848,63.135
2025-12-31,21317953,-14.785,-7.622,-11.87,53.777,78.126,66.255
2025-12-31,21317958,-14.828,-7.729,-11.974,51.589,74.76,61.852
2025-12-31,21317959,-14.635,-7.45,-11.69,53.883,74.972,63.855
2026-01-01,21317937,-9.059,-6.914,-8.163,62.232,88.504,76.717
2026-01-01,21317939,-9.08,-7.3,-8.017,64.494,88.609,77.574
2026-01-01,21317940,-8.78,-7.128,-7.792,55.836,85.42,73.067
2026-01-01,21317941,-10.196,-8.909,-9.425,66.993,87.469,75.554
2026-01-01,21317942,-10.067,-8.801,-9.402,69.674,87.384,77.006
2026-01-01,21317943,-11.246,-8.909,-10.016,69.958,84.768,75.984
2026-01-01,21317947,-9.595,-7.622,-8.495,63.952,86.459,76.276
2026-01-01,21317948,-9.788,-8.394,-9.273,67.053,86.137,75.278
2026-01-01,21317949,-9.96,-8.694,-9.236,68.302,91.746,79.154
2026-01-01,21317950,-9.531,-7.622,-8.33,60.922,86.288,74.085
2026-01-01,21317953,-9.724,-8.287,-9.003,68.229,89.053,76.374
2026-01-01,21317958,-10.11,-8.823,-9.49,66.566,86.055,75.378
2026-01-01,21317959,-9.895,-8.673,-9.384,67.774,85.576,74.495
