heure,id_compteur,nb_passages
00:00:00,100001753,875
00:00:00,100003032,4597
00:00:00,100003040,39
00:00:00,100003041,1941
00:00:00,100003042,2061
00:00:00,100004575,0
00:00:00,100007390,2907
00:00:00,100011747,500
00:00:00,100011783,1160
00:00:00,100012217,2540
00:00:00,100012218,685
00:00:00,100017441,2354
00:00:00,100017523,180
00:00:00,100025474,2925
00:00:00,100034805,8
00:00:00,100035408,44
00:00:00,100035409,0
00:00:00,100041114,185
00:00:00,100047030,1073
00:00:00,100052600,2808
00:00:00,100052602,48
00:00:00,100052603,949
00:00:00,100052605,270
00:00:00,100052606,693
00:00:00,100053055,212
00:00:00,100053059,187
00:00:00,100053210,220
00:00:00,100054073,300
00:00:00,100055268,1087
00:00:00,100056188,3584
00:00:00,300014985,2629
00:00:00,300014986,5148
00:00:00,300014993,950
00:00:00,300014994,80
00:00:00,300014995,6083
00:00:00,300014996,1947
00:00:00,300020478,1667
00:00:00,300020679,2158
00:00:00,300020816,1313
00:00:00,300020817,2319
00:00:00,300021685,45
00:00:00,300022314,0
00:00:00,300028650,656
00:00:00,ZLT24020668,502
00:00:00,ZLT24020669,235
00:15:00,100001753,811
00:15:00,100003032,3750
00:15:00,100003040,29
00:15:00,100003041,1861
00:15:00,100003042,1834
00:15:00,100004575,0
00:15:00,100007390,2604
00:15:00,100011747,396
00:15:00,100011783,1201
00:15:00,100012217,2357
00:15:00,100012218,592
00:15:00,100017441,1936
00:15:00,100017523,131
00:15:00,100025474,2616
00:15:00,100034805,5
00:15:00,100035408,32
00:15:00,100035409,2
00:15:00,100041114,189
00:15:00,100047030,990
00:15:00,100052600,2402
00:15:00,100052602,48
00:15:00,100052603,881
00:15:00,100052605,280
00:15:00,100052606,618
00:15:00,100053055,84
00:15:00,100053059,182
00:15:00,100053210,222
00:15:00,100054073,233
00:15:00,100055268,845
00:15:00,100056188,3007
00:15:00,300014985,2381
00:15:00,300014986,4586
00:15:00,300014993,696
00:15:00,300014994,41
00:15:00,300014995,5409
00:15:00,300014996,1819
00:15:00,300020478,1479
00:15:00,300020679,1863
00:15:00,300020816,1260
00:15:00,300020817,2132
00:15:00,300021685,45
00:15:00,300022314,0
00:15:00,300028650,635
00:15:00,ZLT24020668,409
00:15:00,ZLT24020669,244
00:30:00,100001753,648
00:30:00,100003032,3010
00:30:00,100003040,14
00:30:00,100003041,1488
00:30:00,100003042,1547
00:30:00,100004575,0
00:30:00,100007390,2605
00:30:00,100011747,225
00:30:00,100011783,972
00:30:00,100012217,2056
00:30:00,100012218,513
00:30:00,100017441,1756
00:30:00,100017523,132
00:30:00,100025474,2256
00:30:00,100034805,9
00:30:00,100035408,30
00:30:00,100035409,1
00:30:00,100041114,173
00:30:00,100047030,808
00:30:00,100052600,1888
00:30:00,100052602,30
00:30:00,100052603,749
00:30:00,100052605,189
00:30:00,100052606,516
00:30:00,100053055,85
00:30:00,100053059,162
00:30:00,100053210,190
00:30:00,100054073,204
00:30:00,100055268,611
00:30:00,100056188,2497
00:30:00,300014985,2038
00:30:00,300014986,3809
00:30:00,300014993,731
00:30:00,300014994,42
00:30:00,300014995,4218
00:30:00,300014996,1608
00:30:00,300020478,1210
00:30:00,300020679,1543
00:30:00,300020816,1025
00:30:00,300020817,1784
00:30:00,300021685,23
00:30:00,300022314,0
00:30:00,300028650,573
00:30:00,ZLT24020668,382
00:30:00,ZLT24020669,221
00:45:00,100001753,568
00:45:00,100003032,2675
00:45:00,100003040,17
00:45:00,100003041,1147
00:45:00,100003042,917
00:45:00,100004575,0
00:45:00,100007390,2413
00:45:00,100011747,269
00:45:00,100011783,741
00:45:00,100012217,1642
00:45:00,100012218,445
00:45:00,100017441,1469
00:45:00,100017523,134
00:45:00,100025474,1912
00:45:00,100034805,23
00:45:00,100035408,44
00:45:00,100035409,1
00:45:00,100041114,106
00:45:00,100047030,719
00:45:00,100052600,1641
00:45:00,100052602,39
00:45:00,100052603,437
00:45:00,100052605,147
00:45:00,100052606,489
00:45:00,100053055,55
00:45:00,100053059,134
00:45:00,100053210,153
00:45:00,100054073,184
00:45:00,100055268,511
00:45:00,100056188,2157
00:45:00,300014985,1774
00:45:00,300014986,1942
00:45:00,300014993,570
00:45:00,300014994,47
00:45:00,300014995,3565
00:45:00,300014996,1352
00:45:00,300020478,997
00:45:00,300020679,1435
00:45:00,300020816,813
00:45:00,300020817,1510
00:45:00,300021685,25
00:45:00,300022314,0
00:45:00,300028650,482
00:45:00,ZLT24020668,314
00:45:00,ZLT24020669,157
01:00:00,100001753,506
01:00:00,100003032,2469
01:00:00,100003040,13
01:00:00,100003041,1089
01:00:00,100003042,1161
01:00:00,100004575,0
01:00:00,100007390,2583
01:00:00,100011747,270
01:00:00,100011783,617
01:00:00,100012217,1582
01:00:00,100012218,396
01:00:00,100017441,1350
01:00:00,100017523,122
01:00:00,100025474,1751
01:00:00,100034805,7
01:00:00,100035408,32
01:00:00,100035409,0
01:00:00,100041114,76
01:00:00,100047030,694
01:00:00,100052600,1437
01:00:00,100052602,55
01:00:00,100052603,595
01:00:00,100052605,141
01:00:00,100052606,427
01:00:00,100053055,75
01:00:00,100053059,120
01:00:00,100053210,122
01:00:00,100054073,140
01:00:00,100055268,487
01:00:00,100056188,2071
01:00:00,300014985,1072
01:00:00,300014986,2664
01:00:00,300014993,523
01:00:00,300014994,45
01:00:00,300014995,3297
01:00:00,300014996,1287
01:00:00,300020478,940
01:00:00,300020679,1111
01:00:00,300020816,814
01:00:00,300020817,1209
01:00:00,300021685,30
01:00:00,300022314,0
01:00:00,300028650,399
01:00:00,ZLT24020668,246
01:00:00,ZLT24020669,178
01:15:00,100001753,473
01:15:00,100003032,2166
01:15:00,100003040,13
01:15:00,100003041,1118
01:15:00,100003042,1027
01:15:00,100004575,0
01:15:00,100007390,2345
01:15:00,100011747,257
01:15:00,100011783,556
01:15:00,100012217,1431
01:15:00,100012218,372
01:15:00,100017441,1307
01:15:00,100017523,92
01:15:00,100025474,1486
01:15:00,100034805,7
01:15:00,100035408,30
01:15:00,100035409,1
01:15:00,100041114,71
01:15:00,100047030,645
01:15:00,100052600,1342
01:15:00,100052602,23
01:15:00,100052603,510
01:15:00,100052605,93
01:15:00,100052606,372
01:15:00,100053055,57
01:15:00,100053059,101
01:15:00,100053210,155
01:15:00,100054073,85
01:15:00,100055268,315
01:15:00,100056188,1949
01:15:00,300014985,1604
01:15:00,300014986,2401
01:15:00,300014993,440
01:15:00,300014994,41
01:15:00,300014995,3275
01:15:00,300014996,1253
01:15:00,300020478,883
01:15:00,300020679,1015
01:15:00,300020816,665
01:15:00,300020817,1184
01:15:00,300021685,36
01:15:00,300022314,0
01:15:00,300028650,353
01:15:00,ZLT24020668,249
01:15:00,ZLT24020669,155
01:30:00,100001753,446
01:30:00,100003032,1893
01:30:00,100003040,14
01:30:00,100003041,1018
01:30:00,100003042,920
01:30:00,100004575,0
01:30:00,100007390,2402
01:30:00,100011747,211
01:30:00,100011783,347
01:30:00,100012217,1323
01:30:00,100012218,299
01:30:00,100017441,1045
01:30:00,100017523,67
01:30:00,100025474,1321
01:30:00,100034805,10
01:30:00,100035408,19
01:30:00,100035409,0
01:30:00,100041114,60
01:30:00,100047030,542
01:30:00,100052600,1155
01:30:00,100052602,20
01:30:00,100052603,451
01:30:00,100052605,70
01:30:00,100052606,304
01:30:00,100053055,44
01:30:00,100053059,106
01:30:00,100053210,98
01:30:00,100054073,112
01:30:00,100055268,330
01:30:00,100056188,1653
01:30:00,300014985,1342
01:30:00,300014986,2372
01:30:00,300014993,513
01:30:00,300014994,39
01:30:00,300014995,2693
01:30:00,300014996,992
01:30:00,300020478,903
01:30:00,300020679,881
01:30:00,300020816,589
01:30:00,300020817,1173
01:30:00,300021685,23
01:30:00,300022314,0
01:30:00,300028650,284
01:30:00,ZLT24020668,234
01:30:00,ZLT24020669,147
01:45:00,100001753,322
01:45:00,100003032,1651
01:45:00,100003040,21
01:45:00,100003041,824
01:45:00,100003042,767
01:45:00,100004575,0
01:45:00,100007390,2268
01:45:00,100011747,200
01:45:00,100011783,460
01:45:00,100012217,1045
01:45:00,100012218,237
01:45:00,100017441,962
01:45:00,100017523,76
01:45:00,100025474,1144
01:45:00,100034805,11
01:45:00,100035408,18
01:45:00,100035409,3
01:45:00,100041114,52
01:45:00,100047030,501
01:45:00,100052600,1016
01:45:00,100052602,16
01:45:00,100052603,370
01:45:00,100052605,63
01:45:00,100052606,257
01:45:00,100053055,43
01:45:00,100053059,75
01:45:00,100053210,103
01:45:00,100054073,118
01:45:00,100055268,306
01:45:00,100056188,1537
01:45:00,300014985,1088
01:45:00,300014986,1833
01:45:00,300014993,377
01:45:00,300014994,29
01:45:00,300014995,2502
01:45:00,300014996,915
01:45:00,300020478,758
01:45:00,300020679,767
01:45:00,300020816,482
01:45:00,300020817,887
01:45:00,300021685,20
01:45:00,300022314,0
01:45:00,300028650,251
01:45:00,ZLT24020668,233
01:45:00,ZLT24020669,115
02:00:00,100001753,317
02:00:00,100003032,1470
02:00:00,100003040,13
02:00:00,100003041,710
02:00:00,100003042,782
02:00:00,100004575,0
02:00:00,100007390,2028
02:00:00,100011747,190
02:00:00,100011783,350
02:00:00,100012217,1063
02:00:00,100012218,216
02:00:00,100017441,987
02:00:00,100017523,60
02:00:00,100025474,1071
02:00:00,100034805,4
02:00:00,100035408,7
02:00:00,100035409,2
02:00:00,100041114,49
02:00:00,100047030,561
02:00:00,100052600,905
02:00:00,100052602,15
02:00:00,100052603,379
02:00:00,100052605,96
02:00:00,100052606,215
02:00:00,100053055,49
02:00:00,100053059,61
02:00:00,100053210,67
02:00:00,100054073,79
02:00:00,100055268,296
02:00:00,100056188,1400
02:00:00,300014985,999
02:00:00,300014986,1794
02:00:00,300014993,312
02:00:00,300014994,30
02:00:00,300014995,2379
02:00:00,300014996,495
02:00:00,300020478,624
02:00:00,300020679,741
02:00:00,300020816,362
02:00:00,300020817,755
02:00:00,300021685,12
02:00:00,300022314,0
02:00:00,300028650,238
02:00:00,ZLT24020668,209
02:00:00,ZLT24020669,126
02:15:00,100001753,314
02:15:00,100003032,1256
02:15:00,100003040,8
02:15:00,100003041,731
02:15:00,100003042,662
02:15:00,100004575,0
02:15:00,100007390,2131
02:15:00,100011747,162
02:15:00,100011783,356
02:15:00,100012217,944
02:15:00,100012218,205
02:15:00,100017441,609
02:15:00,100017523,53
02:15:00,100025474,927
02:15:00,100034805,6
02:15:00,100035408,16
02:15:00,100035409,1
02:15:00,100041114,36
02:15:00,100047030,430
02:15:00,100052600,902
02:15:00,100052602,9
02:15:00,100052603,330
02:15:00,100052605,112
02:15:00,100052606,214
02:15:00,100053055,62
02:15:00,100053059,61
02:15:00,100053210,64
02:15:00,100054073,84
02:15:00,100055268,380
02:15:00,100056188,1291
02:15:00,300014985,853
02:15:00,300014986,1623
02:15:00,300014993,372
02:15:00,300014994,22
02:15:00,300014995,1337
02:15:00,300014996,674
02:15:00,300020478,583
02:15:00,300020679,587
02:15:00,300020816,324
02:15:00,300020817,736
02:15:00,300021685,18
02:15:00,300022314,0
02:15:00,300028650,170
02:15:00,ZLT24020668,172
02:15:00,ZLT24020669,129
02:30:00,100001753,308
02:30:00,100003032,1167
02:30:00,100003040,6
02:30:00,100003041,605
02:30:00,100003042,568
02:30:00,100004575,0
02:30:00,100007390,1937
02:30:00,100011747,138
02:30:00,100011783,393
02:30:00,100012217,531
02:30:00,100012218,202
02:30:00,100017441,618
02:30:00,100017523,34
02:30:00,100025474,840
02:30:00,100034805,0
02:30:00,100035408,9
02:30:00,100035409,0
02:30:00,100041114,48
02:30:00,100047030,427
02:30:00,100052600,827
02:30:00,100052602,22
02:30:00,100052603,284
02:30:00,100052605,87
02:30:00,100052606,210
02:30:00,100053055,50
02:30:00,100053059,39
02:30:00,100053210,62
02:30:00,100054073,58
02:30:00,100055268,253
02:30:00,100056188,1083
02:30:00,300014985,750
02:30:00,300014986,1470
02:30:00,300014993,246
02:30:00,300014994,21
02:30:00,300014995,1652
02:30:00,300014996,562
02:30:00,300020478,550
02:30:00,300020679,480
02:30:00,300020816,277
02:30:00,300020817,668
02:30:00,300021685,19
02:30:00,300022314,0
02:30:00,300028650,169
02:30:00,ZLT24020668,171
02:30:00,ZLT24020669,158
02:45:00,100001753,256
02:45:00,100003032,955
02:45:00,100003040,7
02:45:00,100003041,532
02:45:00,100003042,512
02:45:00,100004575,0
02:45:00,100007390,1818
02:45:00,100011747,112
02:45:00,100011783,263
02:45:00,100012217,656
02:45:00,100012218,160
02:45:00,100017441,588
02:45:00,100017523,50
02:45:00,100025474,748
02:45:00,100034805,5
02:45:00,100035408,9
02:45:00,100035409,0
02:45:00,100041114,27
02:45:00,100047030,389
02:45:00,100052600,618
02:45:00,100052602,32
02:45:00,100052603,270
02:45:00,100052605,48
02:45:00,100052606,172
02:45:00,100053055,38
02:45:00,100053059,73
02:45:00,100053210,90
02:45:00,100054073,80
02:45:00,100055268,180
02:45:00,100056188,1077
02:45:00,300014985,683
02:45:00,300014986,1284
02:45:00,300014993,261
02:45:00,300014994,19
02:45:00,300014995,1476
02:45:00,300014996,564
02:45:00,300020478,426
02:45:00,300020679,472
02:45:00,300020816,203
02:45:00,300020817,510
02:45:00,300021685,13
02:45:00,300022314,0
02:45:00,300028650,135
02:45:00,ZLT24020668,141
02:45:00,ZLT24020669,99
03:00:00,100001753,281
03:00:00,100003032,913
03:00:00,100003040,9
03:00:00,100003041,541
03:00:00,100003042,495
03:00:00,100004575,0
03:00:00,100007390,2196
03:00:00,100011747,113
03:00:00,100011783,244
03:00:00,100012217,660
03:00:00,100012218,127
03:00:00,100017441,657
03:00:00,100017523,29
03:00:00,100025474,713
03:00:00,100034805,5
03:00:00,100035408,6
03:00:00,100035409,0
03:00:00,100041114,55
03:00:00,100047030,405
03:00:00,100052600,581
03:00:00,100052602,10
03:00:00,100052603,195
03:00:00,100052605,66
03:00:00,100052606,148
03:00:00,100053055,32
03:00:00,100053059,60
03:00:00,100053210,53
03:00:00,100054073,69
03:00:00,100055268,165
03:00:00,100056188,1167
03:00:00,300014985,604
03:00:00,300014986,1200
03:00:00,300014993,209
03:00:00,300014994,11
03:00:00,300014995,1469
03:00:00,300014996,503
03:00:00,300020478,364
03:00:00,300020679,404
03:00:00,300020816,214
03:00:00,300020817,505
03:00:00,300021685,24
03:00:00,300022314,0
03:00:00,300028650,138
03:00:00,ZLT24020668,119
03:00:00,ZLT24020669,106
03:15:00,100001753,259
03:15:00,100003032,1113
03:15:00,100003040,7
03:15:00,100003041,597
03:15:00,100003042,507
03:15:00,100004575,0
03:15:00,100007390,2326
03:15:00,100011747,123
03:15:00,100011783,201
03:15:00,100012217,706
03:15:00,100012218,160
03:15:00,100017441,595
03:15:00,100017523,21
03:15:00,100025474,829
03:15:00,100034805,0
03:15:00,100035408,1
03:15:00,100035409,2
03:15:00,100041114,123
03:15:00,100047030,428
03:15:00,100052600,543
03:15:00,100052602,7
03:15:00,100052603,248
03:15:00,100052605,41
03:15:00,100052606,201
03:15:00,100053055,28
03:15:00,100053059,54
03:15:00,100053210,49
03:15:00,100054073,48
03:15:00,100055268,137
03:15:00,100056188,1096
03:15:00,300014985,657
03:15:00,300014986,1288
03:15:00,300014993,218
03:15:00,300014994,13
03:15:00,300014995,1702
03:15:00,300014996,556
03:15:00,300020478,393
03:15:00,300020679,454
03:15:00,300020816,203
03:15:00,300020817,500
03:15:00,300021685,22
03:15:00,300022314,0
03:15:00,300028650,174
03:15:00,ZLT24020668,149
03:15:00,ZLT24020669,67
03:30:00,100001753,228
03:30:00,100003032,954
03:30:00,100003040,6
03:30:00,100003041,429
03:30:00,100003042,486
03:30:00,100004575,0
03:30:00,100007390,2299
03:30:00,100011747,102
03:30:00,100011783,175
03:30:00,100012217,600
03:30:00,100012218,75
03:30:00,100017441,496
03:30:00,100017523,52
03:30:00,100025474,704
03:30:00,100034805,4
03:30:00,100035408,12
03:30:00,100035409,0
03:30:00,100041114,29
03:30:00,100047030,407
03:30:00,100052600,632
03:30:00,100052602,7
03:30:00,100052603,204
03:30:00,100052605,54
03:30:00,100052606,137
03:30:00,100053055,18
03:30:00,100053059,34
03:30:00,100053210,66
03:30:00,100054073,72
03:30:00,100055268,167
03:30:00,100056188,974
03:30:00,300014985,520
03:30:00,300014986,1079
03:30:00,300014993,183
03:30:00,300014994,8
03:30:00,300014995,1480
03:30:00,300014996,465
03:30:00,300020478,344
03:30:00,300020679,437
03:30:00,300020816,117
03:30:00,300020817,514
03:30:00,300021685,17
03:30:00,300022314,0
03:30:00,300028650,160
03:30:00,ZLT24020668,136
03:30:00,ZLT24020669,75
03:45:00,100001753,236
03:45:00,100003032,751
03:45:00,100003040,6
03:45:00,100003041,370
03:45:00,100003042,356
03:45:00,100004575,0
03:45:00,100007390,2377
03:45:00,100011747,104
03:45:00,100011783,163
03:45:00,100012217,535
03:45:00,100012218,89
03:45:00,100017441,381
03:45:00,100017523,28
03:45:00,100025474,506
03:45:00,100034805,2
03:45:00,100035408,11
03:45:00,100035409,1
03:45:00,100041114,24
03:45:00,100047030,295
03:45:00,100052600,557
03:45:00,100052602,17
03:45:00,100052603,160
03:45:00,100052605,41
03:45:00,100052606,131
03:45:00,100053055,21
03:45:00,100053059,39
03:45:00,100053210,83
03:45:00,100054073,126
03:45:00,100055268,143
03:45:00,100056188,808
03:45:00,300014985,519
03:45:00,300014986,893
03:45:00,300014993,164
03:45:00,300014994,10
03:45:00,300014995,1047
03:45:00,300014996,368
03:45:00,300020478,329
03:45:00,300020679,310
03:45:00,300020816,239
03:45:00,300020817,279
03:45:00,300021685,34
03:45:00,300022314,0
03:45:00,300028650,144
03:45:00,ZLT24020668,134
03:45:00,ZLT24020669,67
04:00:00,100001753,188
04:00:00,100003032,646
04:00:00,100003040,3
04:00:00,100003041,311
04:00:00,100003042,311
04:00:00,100004575,0
04:00:00,100007390,2116
04:00:00,100011747,73
04:00:00,100011783,144
04:00:00,100012217,418
04:00:00,100012218,94
04:00:00,100017441,295
04:00:00,100017523,9
04:00:00,100025474,476
04:00:00,100034805,1
04:00:00,100035408,10
04:00:00,100035409,0
04:00:00,100041114,31
04:00:00,100047030,144
04:00:00,100052600,456
04:00:00,100052602,56
04:00:00,100052603,156
04:00:00,100052605,78
04:00:00,100052606,101
04:00:00,100053055,27
04:00:00,100053059,55
04:00:00,100053210,61
04:00:00,100054073,53
04:00:00,100055268,115
04:00:00,100056188,668
04:00:00,300014985,505
04:00:00,300014986,686
04:00:00,300014993,173
04:00:00,300014994,36
04:00:00,300014995,851
04:00:00,300014996,328
04:00:00,300020478,283
04:00:00,300020679,261
04:00:00,300020816,258
04:00:00,300020817,320
04:00:00,300021685,54
04:00:00,300022314,0
04:00:00,300028650,112
04:00:00,ZLT24020668,105
04:00:00,ZLT24020669,130
04:15:00,100001753,196
04:15:00,100003032,556
04:15:00,100003040,4
04:15:00,100003041,355
04:15:00,100003042,333
04:15:00,100004575,0
04:15:00,100007390,1871
04:15:00,100011747,104
04:15:00,100011783,162
04:15:00,100012217,303
04:15:00,100012218,55
04:15:00,100017441,273
04:15:00,100017523,18
04:15:00,100025474,432
04:15:00,100034805,11
04:15:00,100035408,5
04:15:00,100035409,0
04:15:00,100041114,25
04:15:00,100047030,240
04:15:00,100052600,442
04:15:00,100052602,57
04:15:00,100052603,131
04:15:00,100052605,42
04:15:00,100052606,96
04:15:00,100053055,34
04:15:00,100053059,109
04:15:00,100053210,128
04:15:00,100054073,42
04:15:00,100055268,116
04:15:00,100056188,577
04:15:00,300014985,386
04:15:00,300014986,508
04:15:00,300014993,135
04:15:00,300014994,19
04:15:00,300014995,707
04:15:00,300014996,294
04:15:00,300020478,251
04:15:00,300020679,265
04:15:00,300020816,249
04:15:00,300020817,243
04:15:00,300021685,61
04:15:00,300022314,0
04:15:00,300028650,133
04:15:00,ZLT24020668,115
04:15:00,ZLT24020669,107
04:30:00,100001753,170
04:30:00,100003032,499
04:30:00,100003040,12
04:30:00,100003041,442
04:30:00,100003042,256
04:30:00,100004575,0
04:30:00,100007390,1964
04:30:00,100011747,70
04:30:00,100011783,230
04:30:00,100012217,432
04:30:00,100012218,46
04:30:00,100017441,268
04:30:00,100017523,36
04:30:00,100025474,385
04:30:00,100034805,6
04:30:00,100035408,3
04:30:00,100035409,0
04:30:00,100041114,19
04:30:00,100047030,230
04:30:00,100052600,336
04:30:00,100052602,144
04:30:00,100052603,132
04:30:00,100052605,74
04:30:00,100052606,153
04:30:00,100053055,13
04:30:00,100053059,79
04:30:00,100053210,114
04:30:00,100054073,49
04:30:00,100055268,124
04:30:00,100056188,565
04:30:00,300014985,551
04:30:00,300014986,533
04:30:00,300014993,127
04:30:00,300014994,97
04:30:00,300014995,600
04:30:00,300014996,380
04:30:00,300020478,234
04:30:00,300020679,256
04:30:00,300020816,415
04:30:00,300020817,247
04:30:00,300021685,42
04:30:00,300022314,0
04:30:00,300028650,101
04:30:00,ZLT24020668,121
04:30:00,ZLT24020669,140
04:45:00,100001753,251
04:45:00,100003032,647
04:45:00,100003040,8
04:45:00,100003041,256
04:45:00,100003042,267
04:45:00,100004575,0
04:45:00,100007390,1369
04:45:00,100011747,101
04:45:00,100011783,235
04:45:00,100012217,318
04:45:00,100012218,43
04:45:00,100017441,285
04:45:00,100017523,43
04:45:00,100025474,459
04:45:00,100034805,5
04:45:00,100035408,9
04:45:00,100035409,0
04:45:00,100041114,53
04:45:00,100047030,248
04:45:00,100052600,526
04:45:00,100052602,214
04:45:00,100052603,144
04:45:00,100052605,164
04:45:00,100052606,181
04:45:00,100053055,84
04:45:00,100053059,70
04:45:00,100053210,155
04:45:00,100054073,92
04:45:00,100055268,165
04:45:00,100056188,670
04:45:00,300014985,592
04:45:00,300014986,396
04:45:00,300014993,190
04:45:00,300014994,10
04:45:00,300014995,551
04:45:00,300014996,455
04:45:00,300020478,468
04:45:00,300020679,262
04:45:00,300020816,352
04:45:00,300020817,323
04:45:00,300021685,59
04:45:00,300022314,0
04:45:00,300028650,96
04:45:00,ZLT24020668,120
04:45:00,ZLT24020669,132
05:00:00,100001753,382
05:00:00,100003032,563
05:00:00,100003040,14
05:00:00,100003041,426
05:00:00,100003042,246
05:00:00,100004575,0
05:00:00,100007390,1838
05:00:00,100011747,61
05:00:00,100011783,327
05:00:00,100012217,339
05:00:00,100012218,52
05:00:00,100017441,456
05:00:00,100017523,52
05:00:00,100025474,355
05:00:00,100034805,14
05:00:00,100035408,14
05:00:00,100035409,0
05:00:00,100041114,60
05:00:00,100047030,241
05:00:00,100052600,656
05:00:00,100052602,179
05:00:00,100052603,155
05:00:00,100052605,309
05:00:00,100052606,160
05:00:00,100053055,135
05:00:00,100053059,44
05:00:00,100053210,213
05:00:00,100054073,196
05:00:00,100055268,358
05:00:00,100056188,691
05:00:00,300014985,626
05:00:00,300014986,468
05:00:00,300014993,168
05:00:00,300014994,70
05:00:00,300014995,552
05:00:00,300014996,436
05:00:00,300020478,280
05:00:00,300020679,323
05:00:00,300020816,392
05:00:00,300020817,304
05:00:00,300021685,162
05:00:00,300022314,0
05:00:00,300028650,77
05:00:00,ZLT24020668,106
05:00:00,ZLT24020669,120
05:15:00,100001753,422
05:15:00,100003032,1046
05:15:00,100003040,28
05:15:00,100003041,763
05:15:00,100003042,333
05:15:00,100004575,0
05:15:00,100007390,1896
05:15:00,100011747,81
05:15:00,100011783,567
05:15:00,100012217,354
05:15:00,100012218,68
05:15:00,100017441,665
05:15:00,100017523,98
05:15:00,100025474,667
05:15:00,100034805,12
05:15:00,100035408,10
05:15:00,100035409,1
05:15:00,100041114,271
05:15:00,100047030,383
05:15:00,100052600,844
05:15:00,100052602,154
05:15:00,100052603,275
05:15:00,100052605,401
05:15:00,100052606,226
05:15:00,100053055,81
05:15:00,100053059,60
05:15:00,100053210,327
05:15:00,100054073,397
05:15:00,100055268,578
05:15:00,100056188,624
05:15:00,300014985,1092
05:15:00,300014986,572
05:15:00,300014993,319
05:15:00,300014994,91
05:15:00,300014995,499
05:15:00,300014996,695
05:15:00,300020478,709
05:15:00,300020679,664
05:15:00,300020816,725
05:15:00,300020817,432
05:15:00,300021685,441
05:15:00,300022314,0
05:15:00,300028650,171
05:15:00,ZLT24020668,108
05:15:00,ZLT24020669,416
05:30:00,100001753,1038
05:30:00,100003032,1875
05:30:00,100003040,95
05:30:00,100003041,840
05:30:00,100003042,515
05:30:00,100004575,0
05:30:00,100007390,1908
05:30:00,100011747,67
05:30:00,100011783,661
05:30:00,100012217,712
05:30:00,100012218,106
05:30:00,100017441,725
05:30:00,100017523,116
05:30:00,100025474,953
05:30:00,100034805,41
05:30:00,100035408,24
05:30:00,100035409,0
05:30:00,100041114,554
05:30:00,100047030,856
05:30:00,100052600,1660
05:30:00,100052602,260
05:30:00,100052603,530
05:30:00,100052605,405
05:30:00,100052606,448
05:30:00,100053055,191
05:30:00,100053059,83
05:30:00,100053210,376
05:30:00,100054073,272
05:30:00,100055268,1039
05:30:00,100056188,1640
05:30:00,300014985,1483
05:30:00,300014986,780
05:30:00,300014993,499
05:30:00,300014994,109
05:30:00,300014995,772
05:30:00,300014996,1363
05:30:00,300020478,822
05:30:00,300020679,1021
05:30:00,300020816,1182
05:30:00,300020817,702
05:30:00,300021685,395
05:30:00,300022314,0
05:30:00,300028650,230
05:30:00,ZLT24020668,85
05:30:00,ZLT24020669,210
05:45:00,100001753,1383
05:45:00,100003032,2016
05:45:00,100003040,186
05:45:00,100003041,1292
05:45:00,100003042,799
05:45:00,100004575,0
05:45:00,100007390,2145
05:45:00,100011747,67
05:45:00,100011783,887
05:45:00,100012217,938
05:45:00,100012218,237
05:45:00,100017441,1170
05:45:00,100017523,125
05:45:00,100025474,1375
05:45:00,100034805,13
05:45:00,100035408,27
05:45:00,100035409,2
05:45:00,100041114,436
05:45:00,100047030,898
05:45:00,100052600,1698
05:45:00,100052602,315
05:45:00,100052603,668
05:45:00,100052605,572
05:45:00,100052606,437
05:45:00,100053055,209
05:45:00,100053059,77
05:45:00,100053210,625
05:45:00,100054073,349
05:45:00,100055268,785
05:45:00,100056188,1441
05:45:00,300014985,1868
05:45:00,300014986,1111
05:45:00,300014993,698
05:45:00,300014994,141
05:45:00,300014995,891
05:45:00,300014996,1387
05:45:00,300020478,680
05:45:00,300020679,1285
05:45:00,300020816,1399
05:45:00,300020817,702
05:45:00,300021685,517
05:45:00,300022314,0
05:45:00,300028650,317
05:45:00,ZLT24020668,147
05:45:00,ZLT24020669,359
06:00:00,100001753,1644
06:00:00,100003032,2143
06:00:00,100003040,136
06:00:00,100003041,1444
06:00:00,100003042,964
06:00:00,100004575,0
06:00:00,100007390,2226
06:00:00,100011747,142
06:00:00,100011783,992
06:00:00,100012217,1273
06:00:00,100012218,292
06:00:00,100017441,1352
06:00:00,100017523,183
06:00:00,100025474,1592
06:00:00,100034805,15
06:00:00,100035408,36
06:00:00,100035409,0
06:00:00,100041114,553
06:00:00,100047030,801
06:00:00,100052600,2169
06:00:00,100052602,282
06:00:00,100052603,963
06:00:00,100052605,667
06:00:00,100052606,453
06:00:00,100053055,362
06:00:00,100053059,148
06:00:00,100053210,526
06:00:00,100054073,273
06:00:00,100055268,984
06:00:00,100056188,1503
06:00:00,300014985,2499
06:00:00,300014986,1089
06:00:00,300014993,937
06:00:00,300014994,238
06:00:00,300014995,706
06:00:00,300014996,1499
06:00:00,300020478,1325
06:00:00,300020679,1570
06:00:00,300020816,1755
06:00:00,300020817,848
06:00:00,300021685,422
06:00:00,300022314,0
06:00:00,300028650,489
06:00:00,ZLT24020668,112
06:00:00,ZLT24020669,319
06:15:00,100001753,2253
06:15:00,100003032,2952
06:15:00,100003040,120
06:15:00,100003041,1840
06:15:00,100003042,1148
06:15:00,100004575,0
06:15:00,100007390,2661
06:15:00,100011747,147
06:15:00,100011783,1495
06:15:00,100012217,1616
06:15:00,100012218,344
06:15:00,100017441,1965
06:15:00,100017523,198
06:15:00,100025474,2089
06:15:00,100034805,42
06:15:00,100035408,50
06:15:00,100035409,2
06:15:00,100041114,660
06:15:00,100047030,1251
06:15:00,100052600,2191
06:15:00,100052602,254
06:15:00,100052603,1122
06:15:00,100052605,890
06:15:00,100052606,731
06:15:00,100053055,351
06:15:00,100053059,221
06:15:00,100053210,819
06:15:00,100054073,637
06:15:00,100055268,1322
06:15:00,100056188,1726
06:15:00,300014985,3409
06:15:00,300014986,1203
06:15:00,300014993,1077
06:15:00,300014994,375
06:15:00,300014995,953
06:15:00,300014996,2420
06:15:00,300020478,2078
06:15:00,300020679,2398
06:15:00,300020816,2538
06:15:00,300020817,957
06:15:00,300021685,577
06:15:00,300022314,0
06:15:00,300028650,501
06:15:00,ZLT24020668,174
06:15:00,ZLT24020669,424
06:30:00,100001753,2347
06:30:00,100003032,4493
06:30:00,100003040,117
06:30:00,100003041,2314
06:30:00,100003042,1752
06:30:00,100004575,0
06:30:00,100007390,2658
06:30:00,100011747,239
06:30:00,100011783,1717
06:30:00,100012217,1895
06:30:00,100012218,461
06:30:00,100017441,2596
06:30:00,100017523,301
06:30:00,100025474,2816
06:30:00,100034805,42
06:30:00,100035408,45
06:30:00,100035409,2
06:30:00,100041114,817
06:30:00,100047030,1416
06:30:00,100052600,2620
06:30:00,100052602,503
06:30:00,100052603,1809
06:30:00,100052605,1207
06:30:00,100052606,772
06:30:00,100053055,393
06:30:00,100053059,270
06:30:00,100053210,993
06:30:00,100054073,808
06:30:00,100055268,1402
06:30:00,100056188,2825
06:30:00,300014985,4693
06:30:00,300014986,1604
06:30:00,300014993,1234
06:30:00,300014994,337
06:30:00,300014995,1133
06:30:00,300014996,3818
06:30:00,300020478,2303
06:30:00,300020679,2721
06:30:00,300020816,3107
06:30:00,300020817,1646
06:30:00,300021685,560
06:30:00,300022314,0
06:30:00,300028650,751
06:30:00,ZLT24020668,182
06:30:00,ZLT24020669,794
06:45:00,100001753,2376
06:45:00,100003032,5269
06:45:00,100003040,141
06:45:00,100003041,3972
06:45:00,100003042,2162
06:45:00,100004575,0
06:45:00,100007390,2838
06:45:00,100011747,236
06:45:00,100011783,2257
06:45:00,100012217,2113
06:45:00,100012218,537
06:45:00,100017441,2943
06:45:00,100017523,286
06:45:00,100025474,3494
06:45:00,100034805,52
06:45:00,100035408,83
06:45:00,100035409,3
06:45:00,100041114,1178
06:45:00,100047030,2052
06:45:00,100052600,3475
06:45:00,100052602,525
06:45:00,100052603,2040
06:45:00,100052605,1283
06:45:00,100052606,989
06:45:00,100053055,559
06:45:00,100053059,369
06:45:00,100053210,1183
06:45:00,100054073,903
06:45:00,100055268,1954
06:45:00,100056188,3742
06:45:00,300014985,5354
06:45:00,300014986,2130
06:45:00,300014993,1492
06:45:00,300014994,444
06:45:00,300014995,1701
06:45:00,300014996,4150
06:45:00,300020478,2725
06:45:00,300020679,3562
06:45:00,300020816,3486
06:45:00,300020817,1664
06:45:00,300021685,626
06:45:00,300022314,0
06:45:00,300028650,959
06:45:00,ZLT24020668,302
06:45:00,ZLT24020669,914
07:00:00,100001753,3073
07:00:00,100003032,5994
07:00:00,100003040,215
07:00:00,100003041,4487
07:00:00,100003042,2904
07:00:00,100004575,0
07:00:00,100007390,3300
07:00:00,100011747,269
07:00:00,100011783,3187
07:00:00,100012217,2548
07:00:00,100012218,784
07:00:00,100017441,3353
07:00:00,100017523,494
07:00:00,100025474,4035
07:00:00,100034805,50
07:00:00,100035408,50
07:00:00,100035409,5
07:00:00,100041114,1780
07:00:00,100047030,2019
07:00:00,100052600,4248
07:00:00,100052602,385
07:00:00,100052603,2338
07:00:00,100052605,1032
07:00:00,100052606,1399
07:00:00,100053055,568
07:00:00,100053059,442
07:00:00,100053210,1461
07:00:00,100054073,964
07:00:00,100055268,2536
07:00:00,100056188,4313
07:00:00,300014985,6723
07:00:00,300014986,2484
07:00:00,300014993,1825
07:00:00,300014994,612
07:00:00,300014995,1717
07:00:00,300014996,5016
07:00:00,300020478,3111
07:00:00,300020679,4779
07:00:00,300020816,4680
07:00:00,300020817,2086
07:00:00,300021685,731
07:00:00,300022314,0
07:00:00,300028650,1394
07:00:00,ZLT24020668,448
07:00:00,ZLT24020669,827
07:15:00,100001753,4786
07:15:00,100003032,9396
07:15:00,100003040,207
07:15:00,100003041,6096
07:15:00,100003042,3638
07:15:00,100004575,0
07:15:00,100007390,3850
07:15:00,100011747,375
07:15:00,100011783,4031
07:15:00,100012217,3509
07:15:00,100012218,1171
07:15:00,100017441,5221
07:15:00,100017523,752
07:15:00,100025474,5760
07:15:00,100034805,117
07:15:00,100035408,105
07:15:00,100035409,10
07:15:00,100041114,2309
07:15:00,100047030,2682
07:15:00,100052600,6552
07:15:00,100052602,444
07:15:00,100052603,3615
07:15:00,100052605,1129
07:15:00,100052606,1903
07:15:00,100053055,976
07:15:00,100053059,633
07:15:00,100053210,1491
07:15:00,100054073,1557
07:15:00,100055268,4017
07:15:00,100056188,6049
07:15:00,300014985,9871
07:15:00,300014986,3620
07:15:00,300014993,3476
07:15:00,300014994,1004
07:15:00,300014995,2721
07:15:00,300014996,7432
07:15:00,300020478,4242
07:15:00,300020679,7015
07:15:00,300020816,6644
07:15:00,300020817,3235
07:15:00,300021685,586
07:15:00,300022314,0
07:15:00,300028650,2234
07:15:00,ZLT24020668,674
07:15:00,ZLT24020669,1092
07:30:00,100001753,5512
07:30:00,100003032,12316
07:30:00,100003040,214
07:30:00,100003041,9467
07:30:00,100003042,5503
07:30:00,100004575,0
07:30:00,100007390,5258
07:30:00,100011747,490
07:30:00,100011783,5493
07:30:00,100012217,5186
07:30:00,100012218,1985
07:30:00,100017441,8070
07:30:00,100017523,1112
07:30:00,100025474,8007
07:30:00,100034805,80
07:30:00,100035408,193
07:30:00,100035409,20
07:30:00,100041114,2960
07:30:00,100047030,3834
07:30:00,100052600,9192
07:30:00,100052602,479
07:30:00,100052603,5543
07:30:00,100052605,1082
07:30:00,100052606,2624
07:30:00,100053055,1485
07:30:00,100053059,745
07:30:00,100053210,1869
07:30:00,100054073,1959
07:30:00,100055268,5053
07:30:00,100056188,7576
07:30:00,300014985,14773
07:30:00,300014986,4996
07:30:00,300014993,4803
07:30:00,300014994,1225
07:30:00,300014995,3895
07:30:00,300014996,11356
07:30:00,300020478,5964
07:30:00,300020679,10177
07:30:00,300020816,8756
07:30:00,300020817,4189
07:30:00,300021685,633
07:30:00,300022314,0
07:30:00,300028650,3136
07:30:00,ZLT24020668,1279
07:30:00,ZLT24020669,1816
07:45:00,100001753,5706
07:45:00,100003032,15692
07:45:00,100003040,298
07:45:00,100003041,12204
07:45:00,100003042,7096
07:45:00,100004575,0
07:45:00,100007390,7308
07:45:00,100011747,555
07:45:00,100011783,7789
07:45:00,100012217,6736
07:45:00,100012218,2700
07:45:00,100017441,11449
07:45:00,100017523,1298
07:45:00,100025474,9760
07:45:00,100034805,115
07:45:00,100035408,352
07:45:00,100035409,28
07:45:00,100041114,2849
07:45:00,100047030,6014
07:45:00,100052600,12698
07:45:00,100052602,491
07:45:00,100052603,7376
07:45:00,100052605,1190
07:45:00,100052606,3696
07:45:00,100053055,1670
07:45:00,100053059,734
07:45:00,100053210,2106
07:45:00,100054073,2147
07:45:00,100055268,5860
07:45:00,100056188,8576
07:45:00,300014985,18386
07:45:00,300014986,6278
07:45:00,300014993,5286
07:45:00,300014994,1377
07:45:00,300014995,4443
07:45:00,300014996,13798
07:45:00,300020478,7635
07:45:00,300020679,12348
07:45:00,300020816,10218
07:45:00,300020817,4879
07:45:00,300021685,663
07:45:00,300022314,0
07:45:00,300028650,4237
07:45:00,ZLT24020668,1491
07:45:00,ZLT24020669,2127
08:00:00,100001753,7061
08:00:00,100003032,16426
08:00:00,100003040,247
08:00:00,100003041,15262
08:00:00,100003042,9075
08:00:00,100004575,0
08:00:00,100007390,6640
08:00:00,100011747,526
08:00:00,100011783,8085
08:00:00,100012217,7678
08:00:00,100012218,2952
08:00:00,100017441,12402
08:00:00,100017523,1679
08:00:00,100025474,11550
08:00:00,100034805,105
08:00:00,100035408,379
08:00:00,100035409,31
08:00:00,100041114,3091
08:00:00,100047030,6856
08:00:00,100052600,12447
08:00:00,100052602,631
08:00:00,100052603,7930
08:00:00,100052605,1385
08:00:00,100052606,4046
08:00:00,100053055,1639
08:00:00,100053059,1062
08:00:00,100053210,2003
08:00:00,100054073,2680
08:00:00,100055268,6264
08:00:00,100056188,10385
08:00:00,300014985,22537
08:00:00,300014986,6169
08:00:00,300014993,5876
08:00:00,300014994,1278
08:00:00,300014995,4885
08:00:00,300014996,15816
08:00:00,300020478,8819
08:00:00,300020679,13707
08:00:00,300020816,12290
08:00:00,300020817,5620
08:00:00,300021685,768
08:00:00,300022314,0
08:00:00,300028650,4877
08:00:00,ZLT24020668,1021
08:00:00,ZLT24020669,2607
08:15:00,100001753,9055
08:15:00,100003032,21855
08:15:00,100003040,340
08:15:00,100003041,16961
08:15:00,100003042,11906
08:15:00,100004575,0
08:15:00,100007390,7225
08:15:00,100011747,607
08:15:00,100011783,8774
08:15:00,100012217,9393
08:15:00,100012218,3044
08:15:00,100017441,17376
08:15:00,100017523,2124
08:15:00,100025474,12758
08:15:00,100034805,126
08:15:00,100035408,292
08:15:00,100035409,43
08:15:00,100041114,3274
08:15:00,100047030,9037
08:15:00,100052600,14690
08:15:00,100052602,784
08:15:00,100052603,9516
08:15:00,100052605,1300
08:15:00,100052606,4644
08:15:00,100053055,1677
08:15:00,100053059,1093
08:15:00,100053210,2081
08:15:00,100054073,2616
08:15:00,100055268,6572
08:15:00,100056188,12715
08:15:00,300014985,27195
08:15:00,300014986,7325
08:15:00,300014993,5622
08:15:00,300014994,1316
08:15:00,300014995,6073
08:15:00,300014996,20111
08:15:00,300020478,10151
08:15:00,300020679,15500
08:15:00,300020816,13581
08:15:00,300020817,6078
08:15:00,300021685,730
08:15:00,300022314,0
08:15:00,300028650,4528
08:15:00,ZLT24020668,995
08:15:00,ZLT24020669,3044
08:30:00,100001753,8727
08:30:00,100003032,22577
08:30:00,100003040,271
08:30:00,100003041,15997
08:30:00,100003042,11831
08:30:00,100004575,0
08:30:00,100007390,6833
08:30:00,100011747,728
08:30:00,100011783,8040
08:30:00,100012217,9690
08:30:00,100012218,3181
08:30:00,100017441,19475
08:30:00,100017523,2144
08:30:00,100025474,12761
08:30:00,100034805,71
08:30:00,100035408,346
08:30:00,100035409,12
08:30:00,100041114,3123
08:30:00,100047030,9977
08:30:00,100052600,14044
08:30:00,100052602,766
08:30:00,100052603,10188
08:30:00,100052605,1189
08:30:00,100052606,4518
08:30:00,100053055,1736
08:30:00,100053059,1040
08:30:00,100053210,1610
08:30:00,100054073,1774
08:30:00,100055268,6287
08:30:00,100056188,13585
08:30:00,300014985,27715
08:30:00,300014986,8211
08:30:00,300014993,5204
08:30:00,300014994,1160
08:30:00,300014995,6710
08:30:00,300014996,21584
08:30:00,300020478,10881
08:30:00,300020679,14612
08:30:00,300020816,13451
08:30:00,300020817,6284
08:30:00,300021685,1068
08:30:00,300022314,0
08:30:00,300028650,3941
08:30:00,ZLT24020668,1196
08:30:00,ZLT24020669,2853
08:45:00,100001753,6346
08:45:00,100003032,22619
08:45:00,100003040,227
08:45:00,100003041,13244
08:45:00,100003042,10842
08:45:00,100004575,0
08:45:00,100007390,7718
08:45:00,100011747,870
08:45:00,100011783,6774
08:45:00,100012217,10529
08:45:00,100012218,2796
08:45:00,100017441,19393
08:45:00,100017523,1755
08:45:00,100025474,12517
08:45:00,100034805,100
08:45:00,100035408,287
08:45:00,100035409,23
08:45:00,100041114,3354
08:45:00,100047030,11060
08:45:00,100052600,11824
08:45:00,100052602,789
08:45:00,100052603,9303
08:45:00,100052605,1180
08:45:00,100052606,4257
08:45:00,100053055,1304
08:45:00,100053059,786
08:45:00,100053210,1649
08:45:00,100054073,1513
08:45:00,100055268,5498
08:45:00,100056188,12239
08:45:00,300014985,26643
08:45:00,300014986,7843
08:45:00,300014993,4840
08:45:00,300014994,772
08:45:00,300014995,6281
08:45:00,300014996,19985
08:45:00,300020478,9801
08:45:00,300020679,13493
08:45:00,300020816,11306
08:45:00,300020817,5987
08:45:00,300021685,938
08:45:00,300022314,0
08:45:00,300028650,3777
08:45:00,ZLT24020668,1146
08:45:00,ZLT24020669,2361
09:00:00,100001753,4578
09:00:00,100003032,15604
09:00:00,100003040,271
09:00:00,100003041,10174
09:00:00,100003042,7792
09:00:00,100004575,0
09:00:00,100007390,5461
09:00:00,100011747,640
09:00:00,100011783,5075
09:00:00,100012217,8381
09:00:00,100012218,2156
09:00:00,100017441,12943
09:00:00,100017523,1277
09:00:00,100025474,9755
09:00:00,100034805,44
09:00:00,100035408,234
09:00:00,100035409,28
09:00:00,100041114,3121
09:00:00,100047030,7098
09:00:00,100052600,8357
09:00:00,100052602,837
09:00:00,100052603,6197
09:00:00,100052605,1158
09:00:00,100052606,2784
09:00:00,100053055,787
09:00:00,100053059,867
09:00:00,100053210,1471
09:00:00,100054073,1251
09:00:00,100055268,4639
09:00:00,100056188,8749
09:00:00,300014985,18498
09:00:00,300014986,6108
09:00:00,300014993,3336
09:00:00,300014994,544
09:00:00,300014995,5506
09:00:00,300014996,14097
09:00:00,300020478,7050
09:00:00,300020679,10237
09:00:00,300020816,8576
09:00:00,300020817,4416
09:00:00,300021685,1135
09:00:00,300022314,0
09:00:00,300028650,2749
09:00:00,ZLT24020668,998
09:00:00,ZLT24020669,1706
09:15:00,100001753,3994
09:15:00,100003032,13853
09:15:00,100003040,289
09:15:00,100003041,9540
09:15:00,100003042,6707
09:15:00,100004575,0
09:15:00,100007390,4993
09:15:00,100011747,542
09:15:00,100011783,4712
09:15:00,100012217,7553
09:15:00,100012218,2025
09:15:00,100017441,10616
09:15:00,100017523,1079
09:15:00,100025474,8871
09:15:00,100034805,44
09:15:00,100035408,175
09:15:00,100035409,18
09:15:00,100041114,2975
09:15:00,100047030,5123
09:15:00,100052600,8077
09:15:00,100052602,948
09:15:00,100052603,5252
09:15:00,100052605,1213
09:15:00,100052606,2432
09:15:00,100053055,762
09:15:00,100053059,765
09:15:00,100053210,1723
09:15:00,100054073,1279
09:15:00,100055268,4324
09:15:00,100056188,8092
09:15:00,300014985,15995
09:15:00,300014986,5816
09:15:00,300014993,3291
09:15:00,300014994,556
09:15:00,300014995,5171
09:15:00,300014996,12390
09:15:00,300020478,6446
09:15:00,300020679,9085
09:15:00,300020816,7610
09:15:00,300020817,4087
09:15:00,300021685,1161
09:15:00,300022314,0
09:15:00,300028650,2407
09:15:00,ZLT24020668,958
09:15:00,ZLT24020669,1477
09:30:00,100001753,3527
09:30:00,100003032,12086
09:30:00,100003040,328
09:30:00,100003041,8729
09:30:00,100003042,6373
09:30:00,100004575,0
09:30:00,100007390,4979
09:30:00,100011747,523
09:30:00,100011783,5188
09:30:00,100012217,7313
09:30:00,100012218,1976
09:30:00,100017441,9413
09:30:00,100017523,881
09:30:00,100025474,8318
09:30:00,100034805,65
09:30:00,100035408,145
09:30:00,100035409,14
09:30:00,100041114,3282
09:30:00,100047030,3696
09:30:00,100052600,8393
09:30:00,100052602,1092
09:30:00,100052603,4661
09:30:00,100052605,1347
09:30:00,100052606,2194
09:30:00,100053055,699
09:30:00,100053059,723
09:30:00,100053210,1372
09:30:00,100054073,1133
09:30:00,100055268,4309
09:30:00,100056188,7078
09:30:00,300014985,14175
09:30:00,300014986,5656
09:30:00,300014993,3096
09:30:00,300014994,503
09:30:00,300014995,5642
09:30:00,300014996,10642
09:30:00,300020478,6737
09:30:00,300020679,8091
09:30:00,300020816,7195
09:30:00,300020817,3859
09:30:00,300021685,1364
09:30:00,300022314,0
09:30:00,300028650,2448
09:30:00,ZLT24020668,936
09:30:00,ZLT24020669,1428
09:45:00,100001753,2899
09:45:00,100003032,11691
09:45:00,100003040,353
09:45:00,100003041,7857
09:45:00,100003042,6763
09:45:00,100004575,0
09:45:00,100007390,5143
09:45:00,100011747,593
09:45:00,100011783,4661
09:45:00,100012217,7962
09:45:00,100012218,2081
09:45:00,100017441,9672
09:45:00,100017523,810
09:45:00,100025474,8243
09:45:00,100034805,35
09:45:00,100035408,166
09:45:00,100035409,20
09:45:00,100041114,3769
09:45:00,100047030,3445
09:45:00,100052600,7793
09:45:00,100052602,1220
09:45:00,100052603,4754
09:45:00,100052605,1150
09:45:00,100052606,2209
09:45:00,100053055,855
09:45:00,100053059,766
09:45:00,100053210,1396
09:45:00,100054073,1005
09:45:00,100055268,4082
09:45:00,100056188,7097
09:45:00,300014985,13230
09:45:00,300014986,5898
09:45:00,300014993,3030
09:45:00,300014994,522
09:45:00,300014995,5898
09:45:00,300014996,9665
09:45:00,300020478,6877
09:45:00,300020679,8131
09:45:00,300020816,6315
09:45:00,300020817,4023
09:45:00,300021685,1320
09:45:00,300022314,0
09:45:00,300028650,2418
09:45:00,ZLT24020668,1062
09:45:00,ZLT24020669,1433
10:00:00,100001753,2700
10:00:00,100003032,9476
10:00:00,100003040,342
10:00:00,100003041,6385
10:00:00,100003042,5434
10:00:00,100004575,0
10:00:00,100007390,4067
10:00:00,100011747,448
10:00:00,100011783,3963
10:00:00,100012217,7238
10:00:00,100012218,1807
10:00:00,100017441,7352
10:00:00,100017523,689
10:00:00,100025474,6881
10:00:00,100034805,39
10:00:00,100035408,127
10:00:00,100035409,23
10:00:00,100041114,3946
10:00:00,100047030,2592
10:00:00,100052600,6539
10:00:00,100052602,1364
10:00:00,100052603,3650
10:00:00,100052605,1270
10:00:00,100052606,1782
10:00:00,100053055,579
10:00:00,100053059,799
10:00:00,100053210,1369
10:00:00,100054073,942
10:00:00,100055268,3834
10:00:00,100056188,5950
10:00:00,300014985,9880
10:00:00,300014986,4864
10:00:00,300014993,2872
10:00:00,300014994,350
10:00:00,300014995,5755
10:00:00,300014996,7481
10:00:00,300020478,5242
10:00:00,300020679,6296
10:00:00,300020816,5643
10:00:00,300020817,3299
10:00:00,300021685,1467
10:00:00,300022314,0
10:00:00,300028650,2156
10:00:00,ZLT24020668,1001
10:00:00,ZLT24020669,1347
10:15:00,100001753,2938
10:15:00,100003032,10112
10:15:00,100003040,447
10:15:00,100003041,6863
10:15:00,100003042,5380
10:15:00,100004575,0
10:15:00,100007390,4014
10:15:00,100011747,506
10:15:00,100011783,3827
10:15:00,100012217,7908
10:15:00,100012218,1897
10:15:00,100017441,6796
10:15:00,100017523,661
10:15:00,100025474,6877
10:15:00,100034805,45
10:15:00,100035408,116
10:15:00,100035409,32
10:15:00,100041114,4232
10:15:00,100047030,2545
10:15:00,100052600,6786
10:15:00,100052602,1394
10:15:00,100052603,4106
10:15:00,100052605,1487
10:15:00,100052606,2001
10:15:00,100053055,529
10:15:00,100053059,843
10:15:00,100053210,1470
10:15:00,100054073,983
10:15:00,100055268,4329
10:15:00,100056188,6206
10:15:00,300014985,10016
10:15:00,300014986,5526
10:15:00,300014993,3050
10:15:00,300014994,423
10:15:00,300014995,5874
10:15:00,300014996,7647
10:15:00,300020478,5008
10:15:00,300020679,6415
10:15:00,300020816,5679
10:15:00,300020817,3544
10:15:00,300021685,1557
10:15:00,300022314,0
10:15:00,300028650,2311
10:15:00,ZLT24020668,1082
10:15:00,ZLT24020669,1475
10:30:00,100001753,3042
10:30:00,100003032,10575
10:30:00,100003040,445
10:30:00,100003041,6905
10:30:00,100003042,5769
10:30:00,100004575,0
10:30:00,100007390,4196
10:30:00,100011747,518
10:30:00,100011783,3892
10:30:00,100012217,7207
10:30:00,100012218,1908
10:30:00,100017441,6679
10:30:00,100017523,675
10:30:00,100025474,7088
10:30:00,100034805,50
10:30:00,100035408,150
10:30:00,100035409,25
10:30:00,100041114,4517
10:30:00,100047030,2366
10:30:00,100052600,7331
10:30:00,100052602,1440
10:30:00,100052603,4082
10:30:00,100052605,1614
10:30:00,100052606,1946
10:30:00,100053055,635
10:30:00,100053059,866
10:30:00,100053210,1489
10:30:00,100054073,999
10:30:00,100055268,4286
10:30:00,100056188,6310
10:30:00,300014985,10105
10:30:00,300014986,5653
10:30:00,300014993,3283
10:30:00,300014994,410
10:30:00,300014995,6452
10:30:00,300014996,7836
10:30:00,300020478,5098
10:30:00,300020679,6590
10:30:00,300020816,5988
10:30:00,300020817,3604
10:30:00,300021685,1623
10:30:00,300022314,0
10:30:00,300028650,2327
10:30:00,ZLT24020668,1028
10:30:00,ZLT24020669,1573
10:45:00,100001753,2957
10:45:00,100003032,10708
10:45:00,100003040,546
10:45:00,100003041,6845
10:45:00,100003042,5808
10:45:00,100004575,0
10:45:00,100007390,5008
10:45:00,100011747,502
10:45:00,100011783,4198
10:45:00,100012217,7217
10:45:00,100012218,2031
10:45:00,100017441,7067
10:45:00,100017523,694
10:45:00,100025474,7649
10:45:00,100034805,46
10:45:00,100035408,148
10:45:00,100035409,38
10:45:00,100041114,4634
10:45:00,100047030,2633
10:45:00,100052600,7327
10:45:00,100052602,1548
10:45:00,100052603,4180
10:45:00,100052605,1710
10:45:00,100052606,2032
10:45:00,100053055,619
10:45:00,100053059,834
10:45:00,100053210,1604
10:45:00,100054073,995
10:45:00,100055268,4606
10:45:00,100056188,6924
10:45:00,300014985,10405
10:45:00,300014986,5978
10:45:00,300014993,3143
10:45:00,300014994,439
10:45:00,300014995,6915
10:45:00,300014996,7656
10:45:00,300020478,5333
10:45:00,300020679,6585
10:45:00,300020816,5851
10:45:00,300020817,3782
10:45:00,300021685,1855
10:45:00,300022314,0
10:45:00,300028650,2474
10:45:00,ZLT24020668,1305
10:45:00,ZLT24020669,1608
11:00:00,100001753,2796
11:00:00,100003032,9949
11:00:00,100003040,568
11:00:00,100003041,6698
11:00:00,100003042,5345
11:00:00,100004575,0
11:00:00,100007390,4459
11:00:00,100011747,624
11:00:00,100011783,3964
11:00:00,100012217,7475
11:00:00,100012218,1963
11:00:00,100017441,6344
11:00:00,100017523,604
11:00:00,100025474,7021
11:00:00,100034805,32
11:00:00,100035408,114
11:00:00,100035409,34
11:00:00,100041114,4717
11:00:00,100047030,2271
11:00:00,100052600,6889
11:00:00,100052602,1649
11:00:00,100052603,3915
11:00:00,100052605,1675
11:00:00,100052606,1894
11:00:00,100053055,611
11:00:00,100053059,894
11:00:00,100053210,1633
11:00:00,100054073,1050
11:00:00,100055268,4189
11:00:00,100056188,6116
11:00:00,300014985,9347
11:00:00,300014986,5752
11:00:00,300014993,2918
11:00:00,300014994,376
11:00:00,300014995,7220
11:00:00,300014996,7318
11:00:00,300020478,5139
11:00:00,300020679,6284
11:00:00,300020816,5533
11:00:00,300020817,3682
11:00:00,300021685,1820
11:00:00,300022314,0
11:00:00,300028650,2386
11:00:00,ZLT24020668,1351
11:00:00,ZLT24020669,1473
11:15:00,100001753,2958
11:15:00,100003032,10886
11:15:00,100003040,522
11:15:00,100003041,6996
11:15:00,100003042,6614
11:15:00,100004575,0
11:15:00,100007390,4619
11:15:00,100011747,567
11:15:00,100011783,4636
11:15:00,100012217,7885
11:15:00,100012218,2050
11:15:00,100017441,7281
11:15:00,100017523,664
11:15:00,100025474,7416
11:15:00,100034805,73
11:15:00,100035408,140
11:15:00,100035409,40
11:15:00,100041114,4959
11:15:00,100047030,2378
11:15:00,100052600,7487
11:15:00,100052602,1528
11:15:00,100052603,4196
11:15:00,100052605,1632
11:15:00,100052606,2021
11:15:00,100053055,682
11:15:00,100053059,966
11:15:00,100053210,1586
11:15:00,100054073,1204
11:15:00,100055268,4557
11:15:00,100056188,6742
11:15:00,300014985,9857
11:15:00,300014986,6238
11:15:00,300014993,3186
11:15:00,300014994,472
11:15:00,300014995,7692
11:15:00,300014996,7743
11:15:00,300020478,5697
11:15:00,300020679,6849
11:15:00,300020816,5909
11:15:00,300020817,4008
11:15:00,300021685,1771
11:15:00,300022314,0
11:15:00,300028650,2420
11:15:00,ZLT24020668,1386
11:15:00,ZLT24020669,1608
11:30:00,100001753,3322
11:30:00,100003032,12141
11:30:00,100003040,516
11:30:00,100003041,8619
11:30:00,100003042,6465
11:30:00,100004575,0
11:30:00,100007390,5104
11:30:00,100011747,700
11:30:00,100011783,4658
11:30:00,100012217,8113
11:30:00,100012218,2075
11:30:00,100017441,8284
11:30:00,100017523,732
11:30:00,100025474,8443
11:30:00,100034805,65
11:30:00,100035408,158
11:30:00,100035409,30
11:30:00,100041114,4917
11:30:00,100047030,2729
11:30:00,100052600,8073
11:30:00,100052602,1580
11:30:00,100052603,4601
11:30:00,100052605,1751
11:30:00,100052606,2356
11:30:00,100053055,636
11:30:00,100053059,971
11:30:00,100053210,1639
11:30:00,100054073,1081
11:30:00,100055268,4804
11:30:00,100056188,7221
11:30:00,300014985,10520
11:30:00,300014986,6996
11:30:00,300014993,3466
11:30:00,300014994,519
11:30:00,300014995,8838
11:30:00,300014996,7846
11:30:00,300020478,6284
11:30:00,300020679,7318
11:30:00,300020816,6470
11:30:00,300020817,4248
11:30:00,300021685,1626
11:30:00,300022314,0
11:30:00,300028650,2623
11:30:00,ZLT24020668,1398
11:30:00,ZLT24020669,1879
11:45:00,100001753,3251
11:45:00,100003032,12568
11:45:00,100003040,612
11:45:00,100003041,8790
11:45:00,100003042,6512
11:45:00,100004575,0
11:45:00,100007390,5760
11:45:00,100011747,799
11:45:00,100011783,4641
11:45:00,100012217,9023
11:45:00,100012218,2319
11:45:00,100017441,8329
11:45:00,100017523,768
11:45:00,100025474,9359
11:45:00,100034805,47
11:45:00,100035408,166
11:45:00,100035409,42
11:45:00,100041114,4671
11:45:00,100047030,2961
11:45:00,100052600,8212
11:45:00,100052602,1481
11:45:00,100052603,4896
11:45:00,100052605,1767
11:45:00,100052606,2293
11:45:00,100053055,733
11:45:00,100053059,1005
11:45:00,100053210,1608
11:45:00,100054073,1142
11:45:00,100055268,4727
11:45:00,100056188,7801
11:45:00,300014985,11607
11:45:00,300014986,7812
11:45:00,300014993,3478
11:45:00,300014994,524
11:45:00,300014995,10045
11:45:00,300014996,8500
11:45:00,300020478,6295
11:45:00,300020679,8108
11:45:00,300020816,6442
11:45:00,300020817,4754
11:45:00,300021685,1602
11:45:00,300022314,0
11:45:00,300028650,2792
11:45:00,ZLT24020668,1545
11:45:00,ZLT24020669,1919
12:00:00,100001753,3302
12:00:00,100003032,12344
12:00:00,100003040,598
12:00:00,100003041,8663
12:00:00,100003042,6131
12:00:00,100004575,0
12:00:00,100007390,5090
12:00:00,100011747,854
12:00:00,100011783,4483
12:00:00,100012217,8709
12:00:00,100012218,2405
12:00:00,100017441,7893
12:00:00,100017523,681
12:00:00,100025474,8722
12:00:00,100034805,64
12:00:00,100035408,156
12:00:00,100035409,39
12:00:00,100041114,4886
12:00:00,100047030,2805
12:00:00,100052600,8249
12:00:00,100052602,1388
12:00:00,100052603,4576
12:00:00,100052605,1671
12:00:00,100052606,2346
12:00:00,100053055,671
12:00:00,100053059,1149
12:00:00,100053210,1599
12:00:00,100054073,1062
12:00:00,100055268,5217
12:00:00,100056188,7670
12:00:00,300014985,10415
12:00:00,300014986,8122
12:00:00,300014993,3389
12:00:00,300014994,494
12:00:00,300014995,10018
12:00:00,300014996,7963
12:00:00,300020478,5981
12:00:00,300020679,7978
12:00:00,300020816,6278
12:00:00,300020817,4451
12:00:00,300021685,1707
12:00:00,300022314,0
12:00:00,300028650,2851
12:00:00,ZLT24020668,1616
12:00:00,ZLT24020669,1745
12:15:00,100001753,3727
12:15:00,100003032,13534
12:15:00,100003040,585
12:15:00,100003041,9108
12:15:00,100003042,7001
12:15:00,100004575,0
12:15:00,100007390,4885
12:15:00,100011747,844
12:15:00,100011783,4798
12:15:00,100012217,9067
12:15:00,100012218,2415
12:15:00,100017441,8339
12:15:00,100017523,739
12:15:00,100025474,9090
12:15:00,100034805,50
12:15:00,100035408,144
12:15:00,100035409,28
12:15:00,100041114,4563
12:15:00,100047030,2915
12:15:00,100052600,8888
12:15:00,100052602,1404
12:15:00,100052603,5176
12:15:00,100052605,1848
12:15:00,100052606,2446
12:15:00,100053055,634
12:15:00,100053059,1097
12:15:00,100053210,1766
12:15:00,100054073,1264
12:15:00,100055268,5375
12:15:00,100056188,8535
12:15:00,300014985,11127
12:15:00,300014986,8401
12:15:00,300014993,3550
12:15:00,300014994,485
12:15:00,300014995,10623
12:15:00,300014996,8790
12:15:00,300020478,6530
12:15:00,300020679,8217
12:15:00,300020816,6922
12:15:00,300020817,4985
12:15:00,300021685,1616
12:15:00,300022314,0
12:15:00,300028650,2955
12:15:00,ZLT24020668,1600
12:15:00,ZLT24020669,1880
12:30:00,100001753,4082
12:30:00,100003032,14351
12:30:00,100003040,636
12:30:00,100003041,8969
12:30:00,100003042,7212
12:30:00,100004575,0
12:30:00,100007390,5048
12:30:00,100011747,924
12:30:00,100011783,5098
12:30:00,100012217,9312
12:30:00,100012218,2372
12:30:00,100017441,8607
12:30:00,100017523,772
12:30:00,100025474,9206
12:30:00,100034805,58
12:30:00,100035408,146
12:30:00,100035409,34
12:30:00,100041114,4767
12:30:00,100047030,3048
12:30:00,100052600,9214
12:30:00,100052602,1440
12:30:00,100052603,5168
12:30:00,100052605,1895
12:30:00,100052606,2582
12:30:00,100053055,663
12:30:00,100053059,1087
12:30:00,100053210,1947
12:30:00,100054073,1191
12:30:00,100055268,5570
12:30:00,100056188,8910
12:30:00,300014985,11906
12:30:00,300014986,8717
12:30:00,300014993,3871
12:30:00,300014994,576
12:30:00,300014995,11190
12:30:00,300014996,9130
12:30:00,300020478,7052
12:30:00,300020679,8454
12:30:00,300020816,7079
12:30:00,300020817,5220
12:30:00,300021685,1515
12:30:00,300022314,0
12:30:00,300028650,2978
12:30:00,ZLT24020668,1663
12:30:00,ZLT24020669,1986
12:45:00,100001753,3817
12:45:00,100003032,14537
12:45:00,100003040,634
12:45:00,100003041,8238
12:45:00,100003042,7429
12:45:00,100004575,0
12:45:00,100007390,5352
12:45:00,100011747,913
12:45:00,100011783,5145
12:45:00,100012217,9849
12:45:00,100012218,2604
12:45:00,100017441,9123
12:45:00,100017523,855
12:45:00,100025474,9518
12:45:00,100034805,81
12:45:00,100035408,179
12:45:00,100035409,42
12:45:00,100041114,5027
12:45:00,100047030,3286
12:45:00,100052600,9303
12:45:00,100052602,1626
12:45:00,100052603,5204
12:45:00,100052605,1913
12:45:00,100052606,2624
12:45:00,100053055,743
12:45:00,100053059,1068
12:45:00,100053210,1975
12:45:00,100054073,1220
12:45:00,100055268,5389
12:45:00,100056188,9289
12:45:00,300014985,12377
12:45:00,300014986,8937
12:45:00,300014993,3757
12:45:00,300014994,588
12:45:00,300014995,11514
12:45:00,300014996,9828
12:45:00,300020478,6874
12:45:00,300020679,8463
12:45:00,300020816,7020
12:45:00,300020817,5571
12:45:00,300021685,1593
12:45:00,300022314,0
12:45:00,300028650,3202
12:45:00,ZLT24020668,1832
12:45:00,ZLT24020669,1920
13:00:00,100001753,3802
13:00:00,100003032,13796
13:00:00,100003040,571
13:00:00,100003041,7614
13:00:00,100003042,7004
13:00:00,100004575,0
13:00:00,100007390,5419
13:00:00,100011747,892
13:00:00,100011783,4959
13:00:00,100012217,9457
13:00:00,100012218,2439
13:00:00,100017441,9188
13:00:00,100017523,800
13:00:00,100025474,9602
13:00:00,100034805,64
13:00:00,100035408,171
13:00:00,100035409,46
13:00:00,100041114,5249
13:00:00,100047030,3109
13:00:00,100052600,8695
13:00:00,100052602,1565
13:00:00,100052603,5021
13:00:00,100052605,1892
13:00:00,100052606,2610
13:00:00,100053055,725
13:00:00,100053059,1157
13:00:00,100053210,1812
13:00:00,100054073,1196
13:00:00,100055268,5214
13:00:00,100056188,8857
13:00:00,300014985,11428
13:00:00,300014986,8972
13:00:00,300014993,3609
13:00:00,300014994,506
13:00:00,300014995,11242
13:00:00,300014996,8933
13:00:00,300020478,6656
13:00:00,300020679,8218
13:00:00,300020816,6472
13:00:00,300020817,5121
13:00:00,300021685,1384
13:00:00,300022314,0
13:00:00,300028650,2970
13:00:00,ZLT24020668,1932
13:00:00,ZLT24020669,1991
13:15:00,100001753,4015
13:15:00,100003032,14021
13:15:00,100003040,687
13:15:00,100003041,7868
13:15:00,100003042,6864
13:15:00,100004575,0
13:15:00,100007390,5487
13:15:00,100011747,902
13:15:00,100011783,5225
13:15:00,100012217,9608
13:15:00,100012218,2372
13:15:00,100017441,8826
13:15:00,100017523,775
13:15:00,100025474,9387
13:15:00,100034805,59
13:15:00,100035408,165
13:15:00,100035409,36
13:15:00,100041114,5416
13:15:00,100047030,3274
13:15:00,100052600,9332
13:15:00,100052602,1609
13:15:00,100052603,5279
13:15:00,100052605,1975
13:15:00,100052606,2501
13:15:00,100053055,666
13:15:00,100053059,1223
13:15:00,100053210,1847
13:15:00,100054073,1303
13:15:00,100055268,5805
13:15:00,100056188,8894
13:15:00,300014985,11953
13:15:00,300014986,9000
13:15:00,300014993,3968
13:15:00,300014994,509
13:15:00,300014995,11691
13:15:00,300014996,9422
13:15:00,300020478,6653
13:15:00,300020679,8598
13:15:00,300020816,6830
13:15:00,300020817,5214
13:15:00,300021685,1536
13:15:00,300022314,0
13:15:00,300028650,3081
13:15:00,ZLT24020668,1950
13:15:00,ZLT24020669,2088
13:30:00,100001753,4507
13:30:00,100003032,15228
13:30:00,100003040,674
13:30:00,100003041,7749
13:30:00,100003042,6887
13:30:00,100004575,0
13:30:00,100007390,5363
13:30:00,100011747,1030
13:30:00,100011783,5265
13:30:00,100012217,9744
13:30:00,100012218,2407
13:30:00,100017441,8697
13:30:00,100017523,911
13:30:00,100025474,9409
13:30:00,100034805,54
13:30:00,100035408,151
13:30:00,100035409,39
13:30:00,100041114,5575
13:30:00,100047030,3033
13:30:00,100052600,9661
13:30:00,100052602,1773
13:30:00,100052603,5508
13:30:00,100052605,2093
13:30:00,100052606,2628
13:30:00,100053055,737
13:30:00,100053059,1130
13:30:00,100053210,1844
13:30:00,100054073,1239
13:30:00,100055268,5830
13:30:00,100056188,9088
13:30:00,300014985,12123
13:30:00,300014986,9074
13:30:00,300014993,4007
13:30:00,300014994,565
13:30:00,300014995,11531
13:30:00,300014996,9878
13:30:00,300020478,6771
13:30:00,300020679,8431
13:30:00,300020816,6735
13:30:00,300020817,5354
13:30:00,300021685,1547
13:30:00,300022314,0
13:30:00,300028650,3100
13:30:00,ZLT24020668,1705
13:30:00,ZLT24020669,2024
13:45:00,100001753,4165
13:45:00,100003032,15650
13:45:00,100003040,693
13:45:00,100003041,7305
13:45:00,100003042,7026
13:45:00,100004575,0
13:45:00,100007390,5383
13:45:00,100011747,973
13:45:00,100011783,5133
13:45:00,100012217,10009
13:45:00,100012218,2542
13:45:00,100017441,8391
13:45:00,100017523,830
13:45:00,100025474,9788
13:45:00,100034805,59
13:45:00,100035408,175
13:45:00,100035409,52
13:45:00,100041114,5776
13:45:00,100047030,3211
13:45:00,100052600,10126
13:45:00,100052602,1786
13:45:00,100052603,5475
13:45:00,100052605,2317
13:45:00,100052606,2585
13:45:00,100053055,801
13:45:00,100053059,1136
13:45:00,100053210,2141
13:45:00,100054073,1200
13:45:00,100055268,6221
13:45:00,100056188,9355
13:45:00,300014985,11732
13:45:00,300014986,9025
13:45:00,300014993,3962
13:45:00,300014994,568
13:45:00,300014995,11844
13:45:00,300014996,9944
13:45:00,300020478,7025
13:45:00,300020679,8457
13:45:00,300020816,6663
13:45:00,300020817,5453
13:45:00,300021685,1579
13:45:00,300022314,0
13:45:00,300028650,3114
13:45:00,ZLT24020668,1826
13:45:00,ZLT24020669,2072
14:00:00,100001753,4403
14:00:00,100003032,14140
14:00:00,100003040,775
14:00:00,100003041,7193
14:00:00,100003042,6709
14:00:00,100004575,0
14:00:00,100007390,5036
14:00:00,100011747,891
14:00:00,100011783,5024
14:00:00,100012217,9135
14:00:00,100012218,2470
14:00:00,100017441,8167
14:00:00,100017523,732
14:00:00,100025474,9111
14:00:00,100034805,75
14:00:00,100035408,177
14:00:00,100035409,30
14:00:00,100041114,5960
14:00:00,100047030,2805
14:00:00,100052600,9452
14:00:00,100052602,1632
14:00:00,100052603,5226
14:00:00,100052605,2413
14:00:00,100052606,2592
14:00:00,100053055,714
14:00:00,100053059,1155
14:00:00,100053210,2136
14:00:00,100054073,1308
14:00:00,100055268,6126
14:00:00,100056188,9142
14:00:00,300014985,10479
14:00:00,300014986,8833
14:00:00,300014993,4066
14:00:00,300014994,517
14:00:00,300014995,12042
14:00:00,300014996,8530
14:00:00,300020478,6674
14:00:00,300020679,7897
14:00:00,300020816,6261
14:00:00,300020817,5007
14:00:00,300021685,1785
14:00:00,300022314,0
14:00:00,300028650,3094
14:00:00,ZLT24020668,1607
14:00:00,ZLT24020669,2016
14:15:00,100001753,4392
14:15:00,100003032,15145
14:15:00,100003040,862
14:15:00,100003041,7997
14:15:00,100003042,7811
14:15:00,100004575,0
14:15:00,100007390,5175
14:15:00,100011747,1020
14:15:00,100011783,5398
14:15:00,100012217,10112
14:15:00,100012218,2431
14:15:00,100017441,8999
14:15:00,100017523,761
14:15:00,100025474,9394
14:15:00,100034805,74
14:15:00,100035408,196
14:15:00,100035409,37
14:15:00,100041114,6229
14:15:00,100047030,2968
14:15:00,100052600,9724
14:15:00,100052602,1575
14:15:00,100052603,5499
14:15:00,100052605,2353
14:15:00,100052606,2722
14:15:00,100053055,687
14:15:00,100053059,1236
14:15:00,100053210,2021
14:15:00,100054073,1205
14:15:00,100055268,6579
14:15:00,100056188,9239
14:15:00,300014985,11147
14:15:00,300014986,9670
14:15:00,300014993,4073
14:15:00,300014994,587
14:15:00,300014995,12953
14:15:00,300014996,8553
14:15:00,300020478,6892
14:15:00,300020679,8317
14:15:00,300020816,6649
14:15:00,300020817,5387
14:15:00,300021685,1765
14:15:00,300022314,0
14:15:00,300028650,3087
14:15:00,ZLT24020668,1877
14:15:00,ZLT24020669,2048
14:30:00,100001753,4505
14:30:00,100003032,15590
14:30:00,100003040,872
14:30:00,100003041,8407
14:30:00,100003042,7959
14:30:00,100004575,0
14:30:00,100007390,5364
14:30:00,100011747,1018
14:30:00,100011783,5419
14:30:00,100012217,9703
14:30:00,100012218,2594
14:30:00,100017441,9966
14:30:00,100017523,764
14:30:00,100025474,9862
14:30:00,100034805,77
14:30:00,100035408,156
14:30:00,100035409,38
14:30:00,100041114,6551
14:30:00,100047030,2930
14:30:00,100052600,9877
14:30:00,100052602,1513
14:30:00,100052603,5633
14:30:00,100052605,2682
14:30:00,100052606,2813
14:30:00,100053055,662
14:30:00,100053059,1186
14:30:00,100053210,2266
14:30:00,100054073,1395
14:30:00,100055268,6447
14:30:00,100056188,9004
14:30:00,300014985,11360
14:30:00,300014986,9730
14:30:00,300014993,4514
14:30:00,300014994,728
14:30:00,300014995,13048
14:30:00,300014996,9053
14:30:00,300020478,7037
14:30:00,300020679,8812
14:30:00,300020816,6772
14:30:00,300020817,5666
14:30:00,300021685,1678
14:30:00,300022314,0
14:30:00,300028650,3089
14:30:00,ZLT24020668,1805
14:30:00,ZLT24020669,1823
14:45:00,100001753,4463
14:45:00,100003032,15609
14:45:00,100003040,906
14:45:00,100003041,9012
14:45:00,100003042,7671
14:45:00,100004575,0
14:45:00,100007390,5617
14:45:00,100011747,1050
14:45:00,100011783,5442
14:45:00,100012217,9860
14:45:00,100012218,2718
14:45:00,100017441,9425
14:45:00,100017523,853
14:45:00,100025474,9931
14:45:00,100034805,80
14:45:00,100035408,186
14:45:00,100035409,42
14:45:00,100041114,6807
14:45:00,100047030,3023
14:45:00,100052600,9846
14:45:00,100052602,1372
14:45:00,100052603,5762
14:45:00,100052605,2607
14:45:00,100052606,2884
14:45:00,100053055,729
14:45:00,100053059,1165
14:45:00,100053210,2374
14:45:00,100054073,1577
14:45:00,100055268,6669
14:45:00,100056188,9706
14:45:00,300014985,11510
14:45:00,300014986,9962
14:45:00,300014993,4432
14:45:00,300014994,612
14:45:00,300014995,13236
14:45:00,300014996,9149
14:45:00,300020478,7160
14:45:00,300020679,9463
14:45:00,300020816,6771
14:45:00,300020817,5744
14:45:00,300021685,1861
14:45:00,300022314,0
14:45:00,300028650,3207
14:45:00,ZLT24020668,2071
14:45:00,ZLT24020669,1785
15:00:00,100001753,5252
15:00:00,100003032,15199
15:00:00,100003040,879
15:00:00,100003041,9455
15:00:00,100003042,7684
15:00:00,100004575,0
15:00:00,100007390,5461
15:00:00,100011747,1206
15:00:00,100011783,5480
15:00:00,100012217,10027
15:00:00,100012218,2779
15:00:00,100017441,9125
15:00:00,100017523,763
15:00:00,100025474,10256
15:00:00,100034805,61
15:00:00,100035408,213
15:00:00,100035409,51
15:00:00,100041114,7122
15:00:00,100047030,3001
15:00:00,100052600,10150
15:00:00,100052602,1439
15:00:00,100052603,6289
15:00:00,100052605,2693
15:00:00,100052606,2841
15:00:00,100053055,789
15:00:00,100053059,1258
15:00:00,100053210,2477
15:00:00,100054073,1593
15:00:00,100055268,7018
15:00:00,100056188,9233
15:00:00,300014985,10738
15:00:00,300014986,10219
15:00:00,300014993,4203
15:00:00,300014994,696
15:00:00,300014995,13664
15:00:00,300014996,8413
15:00:00,300020478,7482
15:00:00,300020679,9912
15:00:00,300020816,6687
15:00:00,300020817,5645
15:00:00,300021685,1747
15:00:00,300022314,0
15:00:00,300028650,3321
15:00:00,ZLT24020668,2012
15:00:00,ZLT24020669,1865
15:15:00,100001753,5343
15:15:00,100003032,16890
15:15:00,100003040,931
15:15:00,100003041,10635
15:15:00,100003042,8440
15:15:00,100004575,0
15:15:00,100007390,6545
15:15:00,100011747,1301
15:15:00,100011783,6451
15:15:00,100012217,10528
15:15:00,100012218,2856
15:15:00,100017441,9936
15:15:00,100017523,792
15:15:00,100025474,10630
15:15:00,100034805,72
15:15:00,100035408,197
15:15:00,100035409,45
15:15:00,100041114,7066
15:15:00,100047030,3180
15:15:00,100052600,11295
15:15:00,100052602,1499
15:15:00,100052603,6738
15:15:00,100052605,2442
15:15:00,100052606,3156
15:15:00,100053055,840
15:15:00,100053059,1266
15:15:00,100053210,2457
15:15:00,100054073,2076
15:15:00,100055268,7120
15:15:00,100056188,10630
15:15:00,300014985,11571
15:15:00,300014986,12441
15:15:00,300014993,4584
15:15:00,300014994,824
15:15:00,300014995,16174
15:15:00,300014996,8929
15:15:00,300020478,8426
15:15:00,300020679,10633
15:15:00,300020816,7417
15:15:00,300020817,6427
15:15:00,300021685,1690
15:15:00,300022314,0
15:15:00,300028650,3746
15:15:00,ZLT24020668,2155
15:15:00,ZLT24020669,2002
15:30:00,100001753,5749
15:30:00,100003032,18246
15:30:00,100003040,903
15:30:00,100003041,12607
15:30:00,100003042,8902
15:30:00,100004575,0
15:30:00,100007390,6406
15:30:00,100011747,1430
15:30:00,100011783,6913
15:30:00,100012217,11051
15:30:00,100012218,3130
15:30:00,100017441,10926
15:30:00,100017523,924
15:30:00,100025474,11636
15:30:00,100034805,73
15:30:00,100035408,277
15:30:00,100035409,55
15:30:00,100041114,6890
15:30:00,100047030,3407
15:30:00,100052600,11918
15:30:00,100052602,1593
15:30:00,100052603,7036
15:30:00,100052605,2624
15:30:00,100052606,3568
15:30:00,100053055,988
15:30:00,100053059,1302
15:30:00,100053210,2934
15:30:00,100054073,2295
15:30:00,100055268,7677
15:30:00,100056188,11160
15:30:00,300014985,11939
15:30:00,300014986,12955
15:30:00,300014993,5650
15:30:00,300014994,1027
15:30:00,300014995,16914
15:30:00,300014996,9475
15:30:00,300020478,8741
15:30:00,300020679,11564
15:30:00,300020816,8145
15:30:00,300020817,7135
15:30:00,300021685,1705
15:30:00,300022314,0
15:30:00,300028650,4449
15:30:00,ZLT24020668,2610
15:30:00,ZLT24020669,2089
15:45:00,100001753,6627
15:45:00,100003032,18940
15:45:00,100003040,947
15:45:00,100003041,12804
15:45:00,100003042,9797
15:45:00,100004575,0
15:45:00,100007390,6982
15:45:00,100011747,1561
15:45:00,100011783,6824
15:45:00,100012217,11923
15:45:00,100012218,3522
15:45:00,100017441,11608
15:45:00,100017523,971
15:45:00,100025474,12708
15:45:00,100034805,85
15:45:00,100035408,261
15:45:00,100035409,52
15:45:00,100041114,6972
15:45:00,100047030,3827
15:45:00,100052600,13221
15:45:00,100052602,1443
15:45:00,100052603,7696
15:45:00,100052605,2670
15:45:00,100052606,3640
15:45:00,100053055,1021
15:45:00,100053059,1405
15:45:00,100053210,2594
15:45:00,100054073,1988
15:45:00,100055268,8066
15:45:00,100056188,11755
15:45:00,300014985,12711
15:45:00,300014986,13968
15:45:00,300014993,5885
15:45:00,300014994,1037
15:45:00,300014995,18242
15:45:00,300014996,9574
15:45:00,300020478,9263
15:45:00,300020679,11966
15:45:00,300020816,8634
15:45:00,300020817,7807
15:45:00,300021685,1584
15:45:00,300022314,0
15:45:00,300028650,4628
15:45:00,ZLT24020668,2715
15:45:00,ZLT24020669,2314
16:00:00,100001753,6524
16:00:00,100003032,20609
16:00:00,100003040,1016
16:00:00,100003041,12667
16:00:00,100003042,10819
16:00:00,100004575,0
16:00:00,100007390,6983
16:00:00,100011747,1837
16:00:00,100011783,7334
16:00:00,100012217,12049
16:00:00,100012218,3217
16:00:00,100017441,13558
16:00:00,100017523,907
16:00:00,100025474,12920
16:00:00,100034805,101
16:00:00,100035408,297
16:00:00,100035409,58
16:00:00,100041114,7193
16:00:00,100047030,3861
16:00:00,100052600,13968
16:00:00,100052602,1375
16:00:00,100052603,8128
16:00:00,100052605,2801
16:00:00,100052606,4104
16:00:00,100053055,928
16:00:00,100053059,1477
16:00:00,100053210,2928
16:00:00,100054073,2337
16:00:00,100055268,8931
16:00:00,100056188,12893
16:00:00,300014985,12393
16:00:00,300014986,15062
16:00:00,300014993,6228
16:00:00,300014994,1046
16:00:00,300014995,19527
16:00:00,300014996,9086
16:00:00,300020478,9471
16:00:00,300020679,12456
16:00:00,300020816,8766
16:00:00,300020817,8267
16:00:00,300021685,1663
16:00:00,300022314,0
16:00:00,300028650,4883
16:00:00,ZLT24020668,2818
16:00:00,ZLT24020669,2421
16:15:00,100001753,7974
16:15:00,100003032,24004
16:15:00,100003040,1100
16:15:00,100003041,14823
16:15:00,100003042,12918
16:15:00,100004575,0
16:15:00,100007390,7837
16:15:00,100011747,2196
16:15:00,100011783,8454
16:15:00,100012217,13179
16:15:00,100012218,3791
16:15:00,100017441,16259
16:15:00,100017523,1047
16:15:00,100025474,14479
16:15:00,100034805,99
16:15:00,100035408,403
16:15:00,100035409,82
16:15:00,100041114,7134
16:15:00,100047030,4072
16:15:00,100052600,15412
16:15:00,100052602,1324
16:15:00,100052603,9905
16:15:00,100052605,2834
16:15:00,100052606,4399
16:15:00,100053055,1065
16:15:00,100053059,1672
16:15:00,100053210,3049
16:15:00,100054073,2408
16:15:00,100055268,9170
16:15:00,100056188,14979
16:15:00,300014985,13837
16:15:00,300014986,18804
16:15:00,300014993,6964
16:15:00,300014994,1127
16:15:00,300014995,25723
16:15:00,300014996,9833
16:15:00,300020478,10523
16:15:00,300020679,14809
16:15:00,300020816,9864
16:15:00,300020817,9404
16:15:00,300021685,1586
16:15:00,300022314,0
16:15:00,300028650,5371
16:15:00,ZLT24020668,3217
16:15:00,ZLT24020669,2470
16:30:00,100001753,8602
16:30:00,100003032,26078
16:30:00,100003040,1194
16:30:00,100003041,15792
16:30:00,100003042,13456
16:30:00,100004575,0
16:30:00,100007390,8256
16:30:00,100011747,2366
16:30:00,100011783,8691
16:30:00,100012217,13589
16:30:00,100012218,3911
16:30:00,100017441,17108
16:30:00,100017523,1086
16:30:00,100025474,15604
16:30:00,100034805,91
16:30:00,100035408,375
16:30:00,100035409,82
16:30:00,100041114,6894
16:30:00,100047030,4190
16:30:00,100052600,15500
16:30:00,100052602,1166
16:30:00,100052603,10542
16:30:00,100052605,2876
16:30:00,100052606,4834
16:30:00,100053055,1100
16:30:00,100053059,1761
16:30:00,100053210,2932
16:30:00,100054073,2453
16:30:00,100055268,9705
16:30:00,100056188,15710
16:30:00,300014985,14735
16:30:00,300014986,21860
16:30:00,300014993,7563
16:30:00,300014994,1109
16:30:00,300014995,26455
16:30:00,300014996,10179
16:30:00,300020478,11111
16:30:00,300020679,15845
16:30:00,300020816,10039
16:30:00,300020817,11150
16:30:00,300021685,1541
16:30:00,300022314,0
16:30:00,300028650,5710
16:30:00,ZLT24020668,3321
16:30:00,ZLT24020669,2474
16:45:00,100001753,8545
16:45:00,100003032,28057
16:45:00,100003040,1259
16:45:00,100003041,16243
16:45:00,100003042,15767
16:45:00,100004575,0
16:45:00,100007390,9080
16:45:00,100011747,2721
16:45:00,100011783,9149
16:45:00,100012217,14751
16:45:00,100012218,4454
16:45:00,100017441,18910
16:45:00,100017523,1157
16:45:00,100025474,16572
16:45:00,100034805,98
16:45:00,100035408,410
16:45:00,100035409,58
16:45:00,100041114,6976
16:45:00,100047030,4605
16:45:00,100052600,16191
16:45:00,100052602,1213
16:45:00,100052603,11262
16:45:00,100052605,2922
16:45:00,100052606,5353
16:45:00,100053055,1104
16:45:00,100053059,1818
16:45:00,100053210,3069
16:45:00,100054073,2482
16:45:00,100055268,9806
16:45:00,100056188,16709
16:45:00,300014985,16094
16:45:00,300014986,23441
16:45:00,300014993,8346
16:45:00,300014994,1154
16:45:00,300014995,29484
16:45:00,300014996,11851
16:45:00,300020478,11360
16:45:00,300020679,17317
16:45:00,300020816,11030
16:45:00,300020817,11690
16:45:00,300021685,1365
16:45:00,300022314,0
16:45:00,300028650,6065
16:45:00,ZLT24020668,3656
16:45:00,ZLT24020669,2571
17:00:00,100001753,9281
17:00:00,100003032,28876
17:00:00,100003040,1354
17:00:00,100003041,16275
17:00:00,100003042,17201
17:00:00,100004575,0
17:00:00,100007390,10134
17:00:00,100011747,3499
17:00:00,100011783,9647
17:00:00,100012217,15515
17:00:00,100012218,4157
17:00:00,100017441,20623
17:00:00,100017523,1188
17:00:00,100025474,18068
17:00:00,100034805,75
17:00:00,100035408,374
17:00:00,100035409,67
17:00:00,100041114,6453
17:00:00,100047030,4546
17:00:00,100052600,17153
17:00:00,100052602,987
17:00:00,100052603,12311
17:00:00,100052605,2713
17:00:00,100052606,5679
17:00:00,100053055,1210
17:00:00,100053059,1945
17:00:00,100053210,2819
17:00:00,100054073,2611
17:00:00,100055268,9285
17:00:00,100056188,17848
17:00:00,300014985,16848
17:00:00,300014986,25837
17:00:00,300014993,8234
17:00:00,300014994,1138
17:00:00,300014995,29967
17:00:00,300014996,11790
17:00:00,300020478,12135
17:00:00,300020679,18224
17:00:00,300020816,11762
17:00:00,300020817,12543
17:00:00,300021685,1311
17:00:00,300022314,0
17:00:00,300028650,6347
17:00:00,ZLT24020668,3524
17:00:00,ZLT24020669,2868
17:15:00,100001753,9663
17:15:00,100003032,30675
17:15:00,100003040,1573
17:15:00,100003041,17468
17:15:00,100003042,20073
17:15:00,100004575,0
17:15:00,100007390,10929
17:15:00,100011747,3729
17:15:00,100011783,10679
17:15:00,100012217,16384
17:15:00,100012218,4583
17:15:00,100017441,23951
17:15:00,100017523,1317
17:15:00,100025474,19090
17:15:00,100034805,95
17:15:00,100035408,410
17:15:00,100035409,38
17:15:00,100041114,6205
17:15:00,100047030,4884
17:15:00,100052600,18033
17:15:00,100052602,1021
17:15:00,100052603,13553
17:15:00,100052605,2517
17:15:00,100052606,6075
17:15:00,100053055,1207
17:15:00,100053059,1868
17:15:00,100053210,2620
17:15:00,100054073,2784
17:15:00,100055268,9816
17:15:00,100056188,19691
17:15:00,300014985,19365
17:15:00,300014986,28217
17:15:00,300014993,8418
17:15:00,300014994,1229
17:15:00,300014995,34532
17:15:00,300014996,13290
17:15:00,300020478,14031
17:15:00,300020679,19449
17:15:00,300020816,13336
17:15:00,300020817,13408
17:15:00,300021685,1313
17:15:00,300022314,0
17:15:00,300028650,6694
17:15:00,ZLT24020668,3903
17:15:00,ZLT24020669,2702
17:30:00,100001753,9238
17:30:00,100003032,29403
17:30:00,100003040,1574
17:30:00,100003041,16791
17:30:00,100003042,18980
17:30:00,100004575,0
17:30:00,100007390,11072
17:30:00,100011747,3107
17:30:00,100011783,10851
17:30:00,100012217,16225
17:30:00,100012218,4586
17:30:00,100017441,21471
17:30:00,100017523,1319
17:30:00,100025474,18156
17:30:00,100034805,71
17:30:00,100035408,363
17:30:00,100035409,32
17:30:00,100041114,5914
17:30:00,100047030,4906
17:30:00,100052600,17972
17:30:00,100052602,995
17:30:00,100052603,12244
17:30:00,100052605,2492
17:30:00,100052606,5436
17:30:00,100053055,1210
17:30:00,100053059,1926
17:30:00,100053210,2566
17:30:00,100054073,2364
17:30:00,100055268,8859
17:30:00,100056188,18534
17:30:00,300014985,19096
17:30:00,300014986,27399
17:30:00,300014993,8681
17:30:00,300014994,1191
17:30:00,300014995,31639
17:30:00,300014996,13125
17:30:00,300020478,13348
17:30:00,300020679,17965
17:30:00,300020816,12241
17:30:00,300020817,13683
17:30:00,300021685,1295
17:30:00,300022314,0
17:30:00,300028650,6188
17:30:00,ZLT24020668,4298
17:30:00,ZLT24020669,2552
17:45:00,100001753,7558
17:45:00,100003032,26274
17:45:00,100003040,1432
17:45:00,100003041,15678
17:45:00,100003042,16736
17:45:00,100004575,0
17:45:00,100007390,10412
17:45:00,100011747,2619
17:45:00,100011783,9679
17:45:00,100012217,16208
17:45:00,100012218,4374
17:45:00,100017441,19108
17:45:00,100017523,1284
17:45:00,100025474,17256
17:45:00,100034805,68
17:45:00,100035408,322
17:45:00,100035409,54
17:45:00,100041114,5765
17:45:00,100047030,4731
17:45:00,100052600,16047
17:45:00,100052602,878
17:45:00,100052603,11217
17:45:00,100052605,2483
17:45:00,100052606,4922
17:45:00,100053055,1257
17:45:00,100053059,1734
17:45:00,100053210,2360
17:45:00,100054073,2081
17:45:00,100055268,8510
17:45:00,100056188,16713
17:45:00,300014985,18422
17:45:00,300014986,24535
17:45:00,300014993,8267
17:45:00,300014994,982
17:45:00,300014995,28758
17:45:00,300014996,13243
17:45:00,300020478,11745
17:45:00,300020679,16645
17:45:00,300020816,11217
17:45:00,300020817,12912
17:45:00,300021685,1386
17:45:00,300022314,0
17:45:00,300028650,5915
17:45:00,ZLT24020668,3788
17:45:00,ZLT24020669,2569
18:00:00,100001753,6788
18:00:00,100003032,23135
18:00:00,100003040,1315
18:00:00,100003041,13884
18:00:00,100003042,14419
18:00:00,100004575,0
18:00:00,100007390,9441
18:00:00,100011747,2277
18:00:00,100011783,8185
18:00:00,100012217,15419
18:00:00,100012218,4086
18:00:00,100017441,16366
18:00:00,100017523,1204
18:00:00,100025474,15493
18:00:00,100034805,76
18:00:00,100035408,284
18:00:00,100035409,45
18:00:00,100041114,5365
18:00:00,100047030,3908
18:00:00,100052600,15350
18:00:00,100052602,841
18:00:00,100052603,9536
18:00:00,100052605,2256
18:00:00,100052606,4430
18:00:00,100053055,1007
18:00:00,100053059,1680
18:00:00,100053210,2359
18:00:00,100054073,1788
18:00:00,100055268,7736
18:00:00,100056188,15062
18:00:00,300014985,16371
18:00:00,300014986,21689
18:00:00,300014993,6825
18:00:00,300014994,932
18:00:00,300014995,24897
18:00:00,300014996,11739
18:00:00,300020478,10579
18:00:00,300020679,14789
18:00:00,300020816,10145
18:00:00,300020817,10914
18:00:00,300021685,1312
18:00:00,300022314,0
18:00:00,300028650,5130
18:00:00,ZLT24020668,3449
18:00:00,ZLT24020669,2278
18:15:00,100001753,5999
18:15:00,100003032,22034
18:15:00,100003040,1152
18:15:00,100003041,13688
18:15:00,100003042,13224
18:15:00,100004575,0
18:15:00,100007390,9079
18:15:00,100011747,2027
18:15:00,100011783,7940
18:15:00,100012217,15269
18:15:00,100012218,3871
18:15:00,100017441,15237
18:15:00,100017523,1137
18:15:00,100025474,14633
18:15:00,100034805,64
18:15:00,100035408,267
18:15:00,100035409,36
18:15:00,100041114,4890
18:15:00,100047030,4014
18:15:00,100052600,14229
18:15:00,100052602,812
18:15:00,100052603,9278
18:15:00,100052605,2066
18:15:00,100052606,4045
18:15:00,100053055,979
18:15:00,100053059,1631
18:15:00,100053210,1939
18:15:00,100054073,1754
18:15:00,100055268,7553
18:15:00,100056188,14389
18:15:00,300014985,16035
18:15:00,300014986,19883
18:15:00,300014993,6453
18:15:00,300014994,934
18:15:00,300014995,23908
18:15:00,300014996,11791
18:15:00,300020478,10213
18:15:00,300020679,13936
18:15:00,300020816,9837
18:15:00,300020817,10233
18:15:00,300021685,1283
18:15:00,300022314,0
18:15:00,300028650,4775
18:15:00,ZLT24020668,3287
18:15:00,ZLT24020669,2158
18:30:00,100001753,5357
18:30:00,100003032,20865
18:30:00,100003040,970
18:30:00,100003041,12392
18:30:00,100003042,11373
18:30:00,100004575,0
18:30:00,100007390,8109
18:30:00,100011747,1619
18:30:00,100011783,7320
18:30:00,100012217,13147
18:30:00,100012218,3495
18:30:00,100017441,12774
18:30:00,100017523,1014
18:30:00,100025474,12968
18:30:00,100034805,52
18:30:00,100035408,275
18:30:00,100035409,34
18:30:00,100041114,4738
18:30:00,100047030,3414
18:30:00,100052600,13288
18:30:00,100052602,744
18:30:00,100052603,7897
18:30:00,100052605,2038
18:30:00,100052606,3769
18:30:00,100053055,769
18:30:00,100053059,1411
18:30:00,100053210,1960
18:30:00,100054073,1658
18:30:00,100055268,6950
18:30:00,100056188,13031
18:30:00,300014985,14547
18:30:00,300014986,17369
18:30:00,300014993,5390
18:30:00,300014994,746
18:30:00,300014995,20239
18:30:00,300014996,11249
18:30:00,300020478,9352
18:30:00,300020679,12009
18:30:00,300020816,8566
18:30:00,300020817,9607
18:30:00,300021685,1230
18:30:00,300022314,0
18:30:00,300028650,4400
18:30:00,ZLT24020668,2816
18:30:00,ZLT24020669,1992
18:45:00,100001753,4668
18:45:00,100003032,18442
18:45:00,100003040,845
18:45:00,100003041,10859
18:45:00,100003042,9823
18:45:00,100004575,0
18:45:00,100007390,7620
18:45:00,100011747,1438
18:45:00,100011783,6373
18:45:00,100012217,12405
18:45:00,100012218,3321
18:45:00,100017441,11114
18:45:00,100017523,934
18:45:00,100025474,12112
18:45:00,100034805,55
18:45:00,100035408,251
18:45:00,100035409,35
18:45:00,100041114,4605
18:45:00,100047030,3433
18:45:00,100052600,11667
18:45:00,100052602,685
18:45:00,100052603,7160
18:45:00,100052605,1726
18:45:00,100052606,3362
18:45:00,100053055,702
18:45:00,100053059,1337
18:45:00,100053210,1836
18:45:00,100054073,1535
18:45:00,100055268,5948
18:45:00,100056188,12446
18:45:00,300014985,13645
18:45:00,300014986,14936
18:45:00,300014993,4837
18:45:00,300014994,590
18:45:00,300014995,18187
18:45:00,300014996,10723
18:45:00,300020478,8152
18:45:00,300020679,10542
18:45:00,300020816,7811
18:45:00,300020817,8153
18:45:00,300021685,1207
18:45:00,300022314,0
18:45:00,300028650,3907
18:45:00,ZLT24020668,2642
18:45:00,ZLT24020669,1948
19:00:00,100001753,4264
19:00:00,100003032,17098
19:00:00,100003040,777
19:00:00,100003041,9928
19:00:00,100003042,8765
19:00:00,100004575,0
19:00:00,100007390,7199
19:00:00,100011747,1330
19:00:00,100011783,5585
19:00:00,100012217,11940
19:00:00,100012218,2911
19:00:00,100017441,10195
19:00:00,100017523,856
19:00:00,100025474,10641
19:00:00,100034805,44
19:00:00,100035408,199
19:00:00,100035409,26
19:00:00,100041114,4318
19:00:00,100047030,2939
19:00:00,100052600,10567
19:00:00,100052602,622
19:00:00,100052603,6081
19:00:00,100052605,1763
19:00:00,100052606,3093
19:00:00,100053055,551
19:00:00,100053059,1169
19:00:00,100053210,1753
19:00:00,100054073,1267
19:00:00,100055268,6205
19:00:00,100056188,11372
19:00:00,300014985,12119
19:00:00,300014986,13293
19:00:00,300014993,4132
19:00:00,300014994,560
19:00:00,300014995,16296
19:00:00,300014996,9137
19:00:00,300020478,7127
19:00:00,300020679,9299
19:00:00,300020816,6965
19:00:00,300020817,7315
19:00:00,300021685,1237
19:00:00,300022314,0
19:00:00,300028650,3491
19:00:00,ZLT24020668,2516
19:00:00,ZLT24020669,1774
19:15:00,100001753,3931
19:15:00,100003032,15958
19:15:00,100003040,753
19:15:00,100003041,9049
19:15:00,100003042,8343
19:15:00,100004575,0
19:15:00,100007390,6977
19:15:00,100011747,1183
19:15:00,100011783,5196
19:15:00,100012217,11216
19:15:00,100012218,2800
19:15:00,100017441,9446
19:15:00,100017523,805
19:15:00,100025474,10293
19:15:00,100034805,26
19:15:00,100035408,200
19:15:00,100035409,25
19:15:00,100041114,3871
19:15:00,100047030,2951
19:15:00,100052600,10156
19:15:00,100052602,579
19:15:00,100052603,5763
19:15:00,100052605,1729
19:15:00,100052606,2839
19:15:00,100053055,529
19:15:00,100053059,1019
19:15:00,100053210,1655
19:15:00,100054073,1218
19:15:00,100055268,5488
19:15:00,100056188,11079
19:15:00,300014985,11655
19:15:00,300014986,13003
19:15:00,300014993,3801
19:15:00,300014994,546
19:15:00,300014995,16295
19:15:00,300014996,8956
19:15:00,300020478,6816
19:15:00,300020679,8949
19:15:00,300020816,6706
19:15:00,300020817,6631
19:15:00,300021685,1026
19:15:00,300022314,0
19:15:00,300028650,3369
19:15:00,ZLT24020668,2426
19:15:00,ZLT24020669,1809
19:30:00,100001753,3513
19:30:00,100003032,14805
19:30:00,100003040,563
19:30:00,100003041,8799
19:30:00,100003042,7282
19:30:00,100004575,0
19:30:00,100007390,6227
19:30:00,100011747,927
19:30:00,100011783,4714
19:30:00,100012217,10105
19:30:00,100012218,2317
19:30:00,100017441,8338
19:30:00,100017523,740
19:30:00,100025474,9590
19:30:00,100034805,21
19:30:00,100035408,148
19:30:00,100035409,33
19:30:00,100041114,3801
19:30:00,100047030,2961
19:30:00,100052600,9200
19:30:00,100052602,572
19:30:00,100052603,5050
19:30:00,100052605,1502
19:30:00,100052606,2630
19:30:00,100053055,583
19:30:00,100053059,965
19:30:00,100053210,1571
19:30:00,100054073,1199
19:30:00,100055268,5489
19:30:00,100056188,10147
19:30:00,300014985,10231
19:30:00,300014986,11628
19:30:00,300014993,3271
19:30:00,300014994,523
19:30:00,300014995,14700
19:30:00,300014996,8249
19:30:00,300020478,6447
19:30:00,300020679,7694
19:30:00,300020816,5701
19:30:00,300020817,6081
19:30:00,300021685,876
19:30:00,300022314,0
19:30:00,300028650,3006
19:30:00,ZLT24020668,2066
19:30:00,ZLT24020669,1810
19:45:00,100001753,2981
19:45:00,100003032,13234
19:45:00,100003040,473
19:45:00,100003041,7805
19:45:00,100003042,6726
19:45:00,100004575,0
19:45:00,100007390,5712
19:45:00,100011747,942
19:45:00,100011783,4371
19:45:00,100012217,9595
19:45:00,100012218,2217
19:45:00,100017441,7921
19:45:00,100017523,645
19:45:00,100025474,8977
19:45:00,100034805,17
19:45:00,100035408,168
19:45:00,100035409,23
19:45:00,100041114,3886
19:45:00,100047030,2761
19:45:00,100052600,8581
19:45:00,100052602,455
19:45:00,100052603,4671
19:45:00,100052605,1349
19:45:00,100052606,2459
19:45:00,100053055,532
19:45:00,100053059,976
19:45:00,100053210,1279
19:45:00,100054073,1098
19:45:00,100055268,4639
19:45:00,100056188,9383
19:45:00,300014985,9358
19:45:00,300014986,11046
19:45:00,300014993,3374
19:45:00,300014994,413
19:45:00,300014995,13914
19:45:00,300014996,7584
19:45:00,300020478,5740
19:45:00,300020679,7347
19:45:00,300020816,5525
19:45:00,300020817,5702
19:45:00,300021685,752
19:45:00,300022314,0
19:45:00,300028650,3053
19:45:00,ZLT24020668,1914
19:45:00,ZLT24020669,1611
20:00:00,100001753,2854
20:00:00,100003032,12106
20:00:00,100003040,371
20:00:00,100003041,6956
20:00:00,100003042,6226
20:00:00,100004575,0
20:00:00,100007390,5386
20:00:00,100011747,942
20:00:00,100011783,3876
20:00:00,100012217,8765
20:00:00,100012218,2165
20:00:00,100017441,7212
20:00:00,100017523,602
20:00:00,100025474,8478
20:00:00,100034805,20
20:00:00,100035408,163
20:00:00,100035409,45
20:00:00,100041114,3327
20:00:00,100047030,2546
20:00:00,100052600,7973
20:00:00,100052602,462
20:00:00,100052603,4114
20:00:00,100052605,1224
20:00:00,100052606,2198
20:00:00,100053055,412
20:00:00,100053059,819
20:00:00,100053210,1216
20:00:00,100054073,1100
20:00:00,100055268,4358
20:00:00,100056188,9182
20:00:00,300014985,8294
20:00:00,300014986,10162
20:00:00,300014993,2802
20:00:00,300014994,446
20:00:00,300014995,13190
20:00:00,300014996,6824
20:00:00,300020478,5275
20:00:00,300020679,6730
20:00:00,300020816,4834
20:00:00,300020817,5266
20:00:00,300021685,650
20:00:00,300022314,0
20:00:00,300028650,2937
20:00:00,ZLT24020668,1659
20:00:00,ZLT24020669,1563
20:15:00,100001753,2729
20:15:00,100003032,11660
20:15:00,100003040,290
20:15:00,100003041,6955
20:15:00,100003042,6180
20:15:00,100004575,0
20:15:00,100007390,5212
20:15:00,100011747,900
20:15:00,100011783,3977
20:15:00,100012217,8335
20:15:00,100012218,2058
20:15:00,100017441,6941
20:15:00,100017523,528
20:15:00,100025474,8314
20:15:00,100034805,23
20:15:00,100035408,141
20:15:00,100035409,20
20:15:00,100041114,2483
20:15:00,100047030,2407
20:15:00,100052600,8018
20:15:00,100052602,437
20:15:00,100052603,4027
20:15:00,100052605,1108
20:15:00,100052606,1958
20:15:00,100053055,379
20:15:00,100053059,754
20:15:00,100053210,1078
20:15:00,100054073,1054
20:15:00,100055268,4396
20:15:00,100056188,8432
20:15:00,300014985,8161
20:15:00,300014986,10279
20:15:00,300014993,2831
20:15:00,300014994,459
20:15:00,300014995,12834
20:15:00,300014996,6587
20:15:00,300020478,5196
20:15:00,300020679,6573
20:15:00,300020816,4998
20:15:00,300020817,5199
20:15:00,300021685,569
20:15:00,300022314,0
20:15:00,300028650,2968
20:15:00,ZLT24020668,1587
20:15:00,ZLT24020669,1385
20:30:00,100001753,2602
20:30:00,100003032,11094
20:30:00,100003040,259
20:30:00,100003041,6304
20:30:00,100003042,5804
20:30:00,100004575,0
20:30:00,100007390,4842
20:30:00,100011747,996
20:30:00,100011783,3741
20:30:00,100012217,7502
20:30:00,100012218,1826
20:30:00,100017441,6580
20:30:00,100017523,535
20:30:00,100025474,7693
20:30:00,100034805,17
20:30:00,100035408,145
20:30:00,100035409,21
20:30:00,100041114,2078
20:30:00,100047030,2416
20:30:00,100052600,7101
20:30:00,100052602,330
20:30:00,100052603,3429
20:30:00,100052605,974
20:30:00,100052606,1971
20:30:00,100053055,417
20:30:00,100053059,778
20:30:00,100053210,1000
20:30:00,100054073,1003
20:30:00,100055268,3758
20:30:00,100056188,8427
20:30:00,300014985,7637
20:30:00,300014986,9754
20:30:00,300014993,2625
20:30:00,300014994,329
20:30:00,300014995,12913
20:30:00,300014996,6300
20:30:00,300020478,5193
20:30:00,300020679,6185
20:30:00,300020816,4693
20:30:00,300020817,4962
20:30:00,300021685,448
20:30:00,300022314,0
20:30:00,300028650,2560
20:30:00,ZLT24020668,1650
20:30:00,ZLT24020669,1279
20:45:00,100001753,2281
20:45:00,100003032,11348
20:45:00,100003040,212
20:45:00,100003041,6076
20:45:00,100003042,5763
20:45:00,100004575,0
20:45:00,100007390,4622
20:45:00,100011747,1038
20:45:00,100011783,3636
20:45:00,100012217,7266
20:45:00,100012218,1672
20:45:00,100017441,6318
20:45:00,100017523,434
20:45:00,100025474,7417
20:45:00,100034805,20
20:45:00,100035408,150
20:45:00,100035409,10
20:45:00,100041114,1610
20:45:00,100047030,2290
20:45:00,100052600,6630
20:45:00,100052602,311
20:45:00,100052603,3093
20:45:00,100052605,972
20:45:00,100052606,1841
20:45:00,100053055,350
20:45:00,100053059,637
20:45:00,100053210,868
20:45:00,100054073,1022
20:45:00,100055268,3376
20:45:00,100056188,8111
20:45:00,300014985,7012
20:45:00,300014986,9653
20:45:00,300014993,2423
20:45:00,300014994,374
20:45:00,300014995,12979
20:45:00,300014996,6006
20:45:00,300020478,4714
20:45:00,300020679,5678
20:45:00,300020816,4294
20:45:00,300020817,4968
20:45:00,300021685,384
20:45:00,300022314,0
20:45:00,300028650,2401
20:45:00,ZLT24020668,1406
20:45:00,ZLT24020669,1251
21:00:00,100001753,2163
21:00:00,100003032,11240
21:00:00,100003040,148
21:00:00,100003041,5570
21:00:00,100003042,5463
21:00:00,100004575,0
21:00:00,100007390,4705
21:00:00,100011747,975
21:00:00,100011783,3269
21:00:00,100012217,6928
21:00:00,100012218,1631
21:00:00,100017441,6249
21:00:00,100017523,385
21:00:00,100025474,6948
21:00:00,100034805,18
21:00:00,100035408,158
21:00:00,100035409,15
21:00:00,100041114,1284
21:00:00,100047030,2246
21:00:00,100052600,6435
21:00:00,100052602,236
21:00:00,100052603,2932
21:00:00,100052605,870
21:00:00,100052606,1824
21:00:00,100053055,313
21:00:00,100053059,616
21:00:00,100053210,863
21:00:00,100054073,922
21:00:00,100055268,2903
21:00:00,100056188,8155
21:00:00,300014985,6677
21:00:00,300014986,9699
21:00:00,300014993,2284
21:00:00,300014994,275
21:00:00,300014995,13354
21:00:00,300014996,5798
21:00:00,300020478,4880
21:00:00,300020679,5803
21:00:00,300020816,4021
21:00:00,300020817,4951
21:00:00,300021685,298
21:00:00,300022314,0
21:00:00,300028650,2172
21:00:00,ZLT24020668,1372
21:00:00,ZLT24020669,1170
21:15:00,100001753,2111
21:15:00,100003032,10365
21:15:00,100003040,154
21:15:00,100003041,5934
21:15:00,100003042,5437
21:15:00,100004575,0
21:15:00,100007390,4428
21:15:00,100011747,876
21:15:00,100011783,3323
21:15:00,100012217,6269
21:15:00,100012218,1606
21:15:00,100017441,6015
21:15:00,100017523,378
21:15:00,100025474,6648
21:15:00,100034805,20
21:15:00,100035408,146
21:15:00,100035409,8
21:15:00,100041114,967
21:15:00,100047030,2054
21:15:00,100052600,6563
21:15:00,100052602,215
21:15:00,100052603,2886
21:15:00,100052605,648
21:15:00,100052606,1606
21:15:00,100053055,277
21:15:00,100053059,616
21:15:00,100053210,711
21:15:00,100054073,963
21:15:00,100055268,3287
21:15:00,100056188,8001
21:15:00,300014985,6263
21:15:00,300014986,10139
21:15:00,300014993,2382
21:15:00,300014994,258
21:15:00,300014995,13161
21:15:00,300014996,5456
21:15:00,300020478,4620
21:15:00,300020679,5491
21:15:00,300020816,3792
21:15:00,300020817,4879
21:15:00,300021685,248
21:15:00,300022314,0
21:15:00,300028650,2000
21:15:00,ZLT24020668,1364
21:15:00,ZLT24020669,984
21:30:00,100001753,2199
21:30:00,100003032,10134
21:30:00,100003040,104
21:30:00,100003041,5290
21:30:00,100003042,4578
21:30:00,100004575,0
21:30:00,100007390,4479
21:30:00,100011747,832
21:30:00,100011783,3098
21:30:00,100012217,5781
21:30:00,100012218,1438
21:30:00,100017441,5402
21:30:00,100017523,364
21:30:00,100025474,6351
21:30:00,100034805,15
21:30:00,100035408,98
21:30:00,100035409,9
21:30:00,100041114,789
21:30:00,100047030,1946
21:30:00,100052600,6239
21:30:00,100052602,193
21:30:00,100052603,2508
21:30:00,100052605,653
21:30:00,100052606,1573
21:30:00,100053055,271
21:30:00,100053059,584
21:30:00,100053210,747
21:30:00,100054073,878
21:30:00,100055268,3138
21:30:00,100056188,7669
21:30:00,300014985,5838
21:30:00,300014986,9325
21:30:00,300014993,2121
21:30:00,300014994,236
21:30:00,300014995,11902
21:30:00,300014996,4849
21:30:00,300020478,4079
21:30:00,300020679,4938
21:30:00,300020816,3508
21:30:00,300020817,4855
21:30:00,300021685,186
21:30:00,300022314,0
21:30:00,300028650,1910
21:30:00,ZLT24020668,1248
21:30:00,ZLT24020669,947
21:45:00,100001753,2086
21:45:00,100003032,9117
21:45:00,100003040,106
21:45:00,100003041,4918
21:45:00,100003042,4447
21:45:00,100004575,0
21:45:00,100007390,4691
21:45:00,100011747,837
21:45:00,100011783,2825
21:45:00,100012217,5411
21:45:00,100012218,1335
21:45:00,100017441,4879
21:45:00,100017523,353
21:45:00,100025474,6158
21:45:00,100034805,20
21:45:00,100035408,126
21:45:00,100035409,5
21:45:00,100041114,630
21:45:00,100047030,2030
21:45:00,100052600,6007
21:45:00,100052602,166
21:45:00,100052603,2302
21:45:00,100052605,501
21:45:00,100052606,1406
21:45:00,100053055,274
21:45:00,100053059,504
21:45:00,100053210,587
21:45:00,100054073,772
21:45:00,100055268,3060
21:45:00,100056188,7505
21:45:00,300014985,5253
21:45:00,300014986,8924
21:45:00,300014993,1846
21:45:00,300014994,197
21:45:00,300014995,10966
21:45:00,300014996,4491
21:45:00,300020478,3719
21:45:00,300020679,4764
21:45:00,300020816,3192
21:45:00,300020817,4404
21:45:00,300021685,180
21:45:00,300022314,0
21:45:00,300028650,1737
21:45:00,ZLT24020668,1126
21:45:00,ZLT24020669,785
22:00:00,100001753,1799
22:00:00,100003032,9040
22:00:00,100003040,100
22:00:00,100003041,4342
22:00:00,100003042,4272
22:00:00,100004575,0
22:00:00,100007390,4507
22:00:00,100011747,781
22:00:00,100011783,2701
22:00:00,100012217,5274
22:00:00,100012218,1278
22:00:00,100017441,4756
22:00:00,100017523,309
22:00:00,100025474,5980
22:00:00,100034805,18
22:00:00,100035408,106
22:00:00,100035409,3
22:00:00,100041114,559
22:00:00,100047030,1852
22:00:00,100052600,5760
22:00:00,100052602,126
22:00:00,100052603,2178
22:00:00,100052605,481
22:00:00,100052606,1441
22:00:00,100053055,264
22:00:00,100053059,411
22:00:00,100053210,621
22:00:00,100054073,731
22:00:00,100055268,2638
22:00:00,100056188,6620
22:00:00,300014985,5097
22:00:00,300014986,8799
22:00:00,300014993,1713
22:00:00,300014994,187
22:00:00,300014995,11193
22:00:00,300014996,3867
22:00:00,300020478,3459
22:00:00,300020679,4529
22:00:00,300020816,3198
22:00:00,300020817,4329
22:00:00,300021685,152
22:00:00,300022314,0
22:00:00,300028650,1685
22:00:00,ZLT24020668,1072
22:00:00,ZLT24020669,844
22:15:00,100001753,1578
22:15:00,100003032,8770
22:15:00,100003040,101
22:15:00,100003041,4111
22:15:00,100003042,4221
22:15:00,100004575,0
22:15:00,100007390,4521
22:15:00,100011747,733
22:15:00,100011783,2798
22:15:00,100012217,4936
22:15:00,100012218,1214
22:15:00,100017441,4586
22:15:00,100017523,321
22:15:00,100025474,5353
22:15:00,100034805,14
22:15:00,100035408,100
22:15:00,100035409,4
22:15:00,100041114,463
22:15:00,100047030,1750
22:15:00,100052600,5397
22:15:00,100052602,151
22:15:00,100052603,2111
22:15:00,100052605,467
22:15:00,100052606,1441
22:15:00,100053055,211
22:15:00,100053059,371
22:15:00,100053210,558
22:15:00,100054073,685
22:15:00,100055268,2306
22:15:00,100056188,6265
22:15:00,300014985,5096
22:15:00,300014986,8935
22:15:00,300014993,1713
22:15:00,300014994,201
22:15:00,300014995,11035
22:15:00,300014996,3565
22:15:00,300020478,3238
22:15:00,300020679,4423
22:15:00,300020816,3055
22:15:00,300020817,4386
22:15:00,300021685,146
22:15:00,300022314,0
22:15:00,300028650,1652
22:15:00,ZLT24020668,1048
22:15:00,ZLT24020669,659
22:30:00,100001753,1665
22:30:00,100003032,8086
22:30:00,100003040,97
22:30:00,100003041,3558
22:30:00,100003042,3899
22:30:00,100004575,0
22:30:00,100007390,4124
22:30:00,100011747,631
22:30:00,100011783,2364
22:30:00,100012217,4343
22:30:00,100012218,1105
22:30:00,100017441,3867
22:30:00,100017523,304
22:30:00,100025474,5272
22:30:00,100034805,15
22:30:00,100035408,78
22:30:00,100035409,5
22:30:00,100041114,395
22:30:00,100047030,1861
22:30:00,100052600,5262
22:30:00,100052602,126
22:30:00,100052603,1905
22:30:00,100052605,433
22:30:00,100052606,1247
22:30:00,100053055,202
22:30:00,100053059,365
22:30:00,100053210,577
22:30:00,100054073,555
22:30:00,100055268,2205
22:30:00,100056188,6204
22:30:00,300014985,4808
22:30:00,300014986,8263
22:30:00,300014993,1608
22:30:00,300014994,141
22:30:00,300014995,10374
22:30:00,300014996,3482
22:30:00,300020478,2806
22:30:00,300020679,4031
22:30:00,300020816,2619
22:30:00,300020817,4112
22:30:00,300021685,114
22:30:00,300022314,0
22:30:00,300028650,1510
22:30:00,ZLT24020668,1031
22:30:00,ZLT24020669,651
22:45:00,100001753,1639
22:45:00,100003032,8135
22:45:00,100003040,52
22:45:00,100003041,3355
22:45:00,100003042,3357
22:45:00,100004575,0
22:45:00,100007390,3847
22:45:00,100011747,677
22:45:00,100011783,2193
22:45:00,100012217,4077
22:45:00,100012218,1133
22:45:00,100017441,3499
22:45:00,100017523,258
22:45:00,100025474,4840
22:45:00,100034805,8
22:45:00,100035408,86
22:45:00,100035409,2
22:45:00,100041114,362
22:45:00,100047030,1899
22:45:00,100052600,4644
22:45:00,100052602,92
22:45:00,100052603,1705
22:45:00,100052605,475
22:45:00,100052606,1108
22:45:00,100053055,145
22:45:00,100053059,351
22:45:00,100053210,364
22:45:00,100054073,497
22:45:00,100055268,1934
22:45:00,100056188,6573
22:45:00,300014985,4485
22:45:00,300014986,7890
22:45:00,300014993,1501
22:45:00,300014994,126
22:45:00,300014995,10289
22:45:00,300014996,3183
22:45:00,300020478,2659
22:45:00,300020679,3704
22:45:00,300020816,2362
22:45:00,300020817,3720
22:45:00,300021685,129
22:45:00,300022314,0
22:45:00,300028650,1323
22:45:00,ZLT24020668,854
22:45:00,ZLT24020669,553
23:00:00,100001753,1618
23:00:00,100003032,7463
23:00:00,100003040,70
23:00:00,100003041,3295
23:00:00,100003042,3436
23:00:00,100004575,0
23:00:00,100007390,3575
23:00:00,100011747,732
23:00:00,100011783,1940
23:00:00,100012217,4016
23:00:00,100012218,1080
23:00:00,100017441,3338
23:00:00,100017523,270
23:00:00,100025474,4594
23:00:00,100034805,16
23:00:00,100035408,100
23:00:00,100035409,1
23:00:00,100041114,389
23:00:00,100047030,1843
23:00:00,100052600,4325
23:00:00,100052602,132
23:00:00,100052603,1593
23:00:00,100052605,490
23:00:00,100052606,1085
23:00:00,100053055,156
23:00:00,100053059,305
23:00:00,100053210,421
23:00:00,100054073,430
23:00:00,100055268,1788
23:00:00,100056188,5986
23:00:00,300014985,4130
23:00:00,300014986,7863
23:00:00,300014993,1325
23:00:00,300014994,90
23:00:00,300014995,9819
23:00:00,300014996,2919
23:00:00,300020478,2386
23:00:00,300020679,3602
23:00:00,300020816,2323
23:00:00,300020817,3624
23:00:00,300021685,105
23:00:00,300022314,0
23:00:00,300028650,1114
23:00:00,ZLT24020668,859
23:00:00,ZLT24020669,451
23:15:00,100001753,1349
23:15:00,100003032,6722
23:15:00,100003040,49
23:15:00,100003041,3291
23:15:00,100003042,3133
23:15:00,100004575,0
23:15:00,100007390,3652
23:15:00,100011747,656
23:15:00,100011783,2008
23:15:00,100012217,3707
23:15:00,100012218,930
23:15:00,100017441,3190
23:15:00,100017523,249
23:15:00,100025474,4274
23:15:00,100034805,7
23:15:00,100035408,87
23:15:00,100035409,4
23:15:00,100041114,256
23:15:00,100047030,1615
23:15:00,100052600,3959
23:15:00,100052602,112
23:15:00,100052603,1540
23:15:00,100052605,349
23:15:00,100052606,1009
23:15:00,100053055,156
23:15:00,100053059,287
23:15:00,100053210,408
23:15:00,100054073,417
23:15:00,100055268,1723
23:15:00,100056188,5415
23:15:00,300014985,3695
23:15:00,300014986,7343
23:15:00,300014993,1266
23:15:00,300014994,54
23:15:00,300014995,9171
23:15:00,300014996,2955
23:15:00,300020478,2583
23:15:00,300020679,3241
23:15:00,300020816,1969
23:15:00,300020817,3489
23:15:00,300021685,86
23:15:00,300022314,0
23:15:00,300028650,1034
23:15:00,ZLT24020668,778
23:15:00,ZLT24020669,421
23:30:00,100001753,1163
23:30:00,100003032,5562
23:30:00,100003040,41
23:30:00,100003041,2668
23:30:00,100003042,2544
23:30:00,100004575,0
23:30:00,100007390,3306
23:30:00,100011747,522
23:30:00,100011783,1725
23:30:00,100012217,3249
23:30:00,100012218,739
23:30:00,100017441,2708
23:30:00,100017523,208
23:30:00,100025474,3868
23:30:00,100034805,4
23:30:00,100035408,73
23:30:00,100035409,1
23:30:00,100041114,209
23:30:00,100047030,1188
23:30:00,100052600,3670
23:30:00,100052602,97
23:30:00,100052603,1306
23:30:00,100052605,250
23:30:00,100052606,899
23:30:00,100053055,117
23:30:00,100053059,218
23:30:00,100053210,327
23:30:00,100054073,358
23:30:00,100055268,1667
23:30:00,100056188,4488
23:30:00,300014985,3322
23:30:00,300014986,6390
23:30:00,300014993,1152
23:30:00,300014994,73
23:30:00,300014995,7772
23:30:00,300014996,2410
23:30:00,300020478,2192
23:30:00,300020679,2702
23:30:00,300020816,1625
23:30:00,300020817,3119
23:30:00,300021685,84
23:30:00,300022314,0
23:30:00,300028650,975
23:30:00,ZLT24020668,648
23:30:00,ZLT24020669,371
23:45:00,100001753,1043
23:45:00,100003032,4840
23:45:00,100003040,61
23:45:00,100003041,2332
23:45:00,100003042,2242
23:45:00,100004575,0
23:45:00,100007390,3154
23:45:00,100011747,555
23:45:00,100011783,1442
23:45:00,100012217,2820
23:45:00,100012218,719
23:45:00,100017441,2435
23:45:00,100017523,198
23:45:00,100025474,3271
23:45:00,100034805,7
23:45:00,100035408,51
23:45:00,100035409,1
23:45:00,100041114,156
23:45:00,100047030,1126
23:45:00,100052600,3233
23:45:00,100052602,70
23:45:00,100052603,1109
23:45:00,100052605,290
23:45:00,100052606,726
23:45:00,100053055,83
23:45:00,100053059,209
23:45:00,100053210,306
23:45:00,100054073,339
23:45:00,100055268,1449
23:45:00,100056188,3882
23:45:00,300014985,2778
23:45:00,300014986,5736
23:45:00,300014993,922
23:45:00,300014994,148
23:45:00,300014995,6845
23:45:00,300014996,2189
23:45:00,300020478,2017
23:45:00,300020679,2336
23:45:00,300020816,1444
23:45:00,300020817,2575
23:45:00,300021685,53
23:45:00,300022314,0
23:45:00,300028650,807
23:45:00,ZLT24020668,601
23:45:00,ZLT24020669,303
