date,id_compteur,nb_passages
2025-01-01,100001753,46
2025-01-01,100003032,253
2025-01-01,100003040,6
2025-01-01,100003041,74
2025-01-01,100003042,69
2025-01-01,100004575,0
2025-01-01,100007390,2225
2025-01-01,100011747,55
2025-01-01,100011783,79
2025-01-01,100012217,176
2025-01-01,100012218,31
2025-01-01,100017441,82
2025-01-01,100017523,37
2025-01-01,100025474,222
2025-01-01,100035408,33
2025-01-01,100035409,0
2025-01-01,100041114,25
2025-01-01,100047030,87
2025-01-01,100052600,145
2025-01-01,100052602,5
2025-01-01,100052603,29
2025-01-01,100052605,14
2025-01-01,100052606,50
2025-01-01,100053055,3
2025-01-01,100053059,29
2025-01-01,100053210,29
2025-01-01,100054073,12
2025-01-01,100055268,52
2025-01-01,100056188,168
2025-01-01,300014985,172
2025-01-01,300014986,159
2025-01-01,300014993,50
2025-01-01,300014994,57
2025-01-01,300014995,212
2025-01-01,300014996,128
2025-01-01,300020478,57
2025-01-01,300020679,175
2025-01-01,300020816,106
2025-01-01,300020817,101
2025-01-01,300021685,4
2025-01-01,300028650,63
2025-01-01,ZLT24020668,24
2025-01-01,ZLT24020669,36
2025-01-02,100001753,73
2025-01-02,100003032,205
2025-01-02,100003040,9
2025-01-02,100003041,91
2025-01-02,100003042,113
2025-01-02,100004575,0
2025-01-02,100007390,1937
2025-01-02,100011747,35
2025-01-02,100011783,91
2025-01-02,100012217,208
2025-01-02,100012218,6
2025-01-02,100017441,179
2025-01-02,100017523,42
2025-01-02,100025474,382
2025-01-02,100035408,48
2025-01-02,100035409,0
2025-01-02,100041114,23
2025-01-02,100047030,67
2025-01-02,100052600,180
2025-01-02,100052602,4
2025-01-02,100052603,37
2025-01-02,100052605,25
2025-01-02,100052606,65
2025-01-02,100053055,11
2025-01-02,100053059,55
2025-01-02,100053210,29
2025-01-02,100054073,24
2025-01-02,100055268,74
2025-01-02,100056188,206
2025-01-02,300014985,245
2025-01-02,300014986,197
2025-01-02,300014993,52
2025-01-02,300014994,47
2025-01-02,300014995,247
2025-01-02,300014996,216
2025-01-02,300020478,100
2025-01-02,300020679,297
2025-01-02,300020816,165
2025-01-02,300020817,108
2025-01-02,300021685,2
2025-01-02,300028650,94
2025-01-02,ZLT24020668,61
2025-01-02,ZLT24020669,45
2025-01-03,100001753,80
2025-01-03,100003032,332
2025-01-03,100003040,10
2025-01-03,100003041,115
2025-01-03,100003042,111
2025-01-03,100004575,0
2025-01-03,100007390,2528
2025-01-03,100011747,47
2025-01-03,100011783,99
2025-01-03,100012217,232
2025-01-03,100017441,197
2025-01-03,100017523,69
2025-01-03,100025474,873
2025-01-03,100035408,64
2025-01-03,100035409,1
2025-01-03,100041114,45
2025-01-03,100047030,77
2025-01-03,100052600,217
2025-01-03,100052602,6
2025-01-03,100052603,90
2025-01-03,100052605,21
2025-01-03,100052606,60
2025-01-03,100053055,11
2025-01-03,100053059,76
2025-01-03,100053210,41
2025-01-03,100054073,33
2025-01-03,100055268,81
2025-01-03,100056188,233
2025-01-03,300014985,297
2025-01-03,300014986,257
2025-01-03,300014993,75
2025-01-03,300014994,73
2025-01-03,300014995,314
2025-01-03,300014996,258
2025-01-03,300020478,103
2025-01-03,300020679,420
2025-01-03,300020816,188
2025-01-03,300020817,140
2025-01-03,300021685,3
2025-01-03,300028650,118
2025-01-03,ZLT24020668,51
2025-01-03,ZLT24020669,57
2025-01-04,100001753,34
2025-01-04,100003032,192
2025-01-04,100003040,5
2025-01-04,100003041,68
2025-01-04,100003042,69
2025-01-04,100004575,0
2025-01-04,100007390,730
2025-01-04,100011747,20
2025-01-04,100011783,49
2025-01-04,100012217,147
2025-01-04,100017441,94
2025-01-04,100017523,22
2025-01-04,100025474,373
2025-01-04,100035408,45
2025-01-04,100035409,0
2025-01-04,100041114,14
2025-01-04,100047030,43
2025-01-04,100052600,142
2025-01-04,100052602,0
2025-01-04,100052603,28
2025-01-04,100052605,12
2025-01-04,100052606,39
2025-01-04,100053055,5
2025-01-04,100053059,28
2025-01-04,100053210,24
2025-01-04,100054073,12
2025-01-04,100055268,45
2025-01-04,100056188,136
2025-01-04,300014985,194
2025-01-04,300014986,176
2025-01-04,300014993,31
2025-01-04,300014994,29
2025-01-04,300014995,168
2025-01-04,300014996,162
2025-01-04,300020478,46
2025-01-04,300020679,309
2025-01-04,300020816,120
2025-01-04,300020817,91
2025-01-04,300021685,0
2025-01-04,300028650,66
2025-01-04,ZLT24020668,24
2025-01-04,ZLT24020669,19
2025-01-05,100001753,37
2025-01-05,100003032,166
2025-01-05,100003040,6
2025-01-05,100003041,88
2025-01-05,100003042,88
2025-01-05,100004575,0
2025-01-05,100007390,2270
2025-01-05,100011747,21
2025-01-05,100011783,46
2025-01-05,100012217,145
2025-01-05,100017441,126
2025-01-05,100017523,9
2025-01-05,100025474,513
2025-01-05,100035408,31
2025-01-05,100035409,0
2025-01-05,100041114,28
2025-01-05,100047030,34
2025-01-05,100052600,94
2025-01-05,100052602,1
2025-01-05,100052603,24
2025-01-05,100052605,8
2025-01-05,100052606,27
2025-01-05,100053055,6
2025-01-05,100053059,29
2025-01-05,100053210,22
2025-01-05,100054073,10
2025-01-05,100055268,50
2025-01-05,100056188,119
2025-01-05,300014985,167
2025-01-05,300014986,163
2025-01-05,300014993,33
2025-01-05,300014994,47
2025-01-05,300014995,180
2025-01-05,300014996,141
2025-01-05,300020478,52
2025-01-05,300020679,280
2025-01-05,300020816,129
2025-01-05,300020817,78
2025-01-05,300021685,0
2025-01-05,300028650,51
2025-01-05,ZLT24020668,22
2025-01-05,ZLT24020669,31
2025-01-06,100001753,136
2025-01-06,100003032,587
2025-01-06,100003040,12
2025-01-06,100003041,267
2025-01-06,100003042,322
2025-01-06,100004575,0
2025-01-06,100007390,3473
2025-01-06,100011747,95
2025-01-06,100011783,159
2025-01-06,100012217,258
2025-01-06,100017441,497
2025-01-06,100017523,52
2025-01-06,100025474,736
2025-01-06,100035408,101
2025-01-06,100035409,0
2025-01-06,100041114,23
2025-01-06,100047030,140
2025-01-06,100052600,287
2025-01-06,100052602,3
2025-01-06,100052603,42
2025-01-06,100052605,29
2025-01-06,100052606,89
2025-01-06,100053055,10
2025-01-06,100053059,61
2025-01-06,100053210,42
2025-01-06,100054073,31
2025-01-06,100055268,104
2025-01-06,100056188,304
2025-01-06,300014985,489
2025-01-06,300014986,473
2025-01-06,300014993,128
2025-01-06,300014994,106
2025-01-06,300014995,507
2025-01-06,300014996,428
2025-01-06,300020478,187
2025-01-06,300020679,822
2025-01-06,300020816,291
2025-01-06,300020817,275
2025-01-06,300021685,4
2025-01-06,300028650,115
2025-01-06,ZLT24020668,55
2025-01-06,ZLT24020669,39
2025-01-07,100001753,160
2025-01-07,100003032,615
2025-01-07,100003040,16
2025-01-07,100003041,264
2025-01-07,100003042,292
2025-01-07,100004575,0
2025-01-07,100007390,1909
2025-01-07,100011747,106
2025-01-07,100011783,166
2025-01-07,100012217,265
2025-01-07,100017441,507
2025-01-07,100017523,15
2025-01-07,100025474,437
2025-01-07,100035408,113
2025-01-07,100035409,0
2025-01-07,100041114,38
2025-01-07,100047030,125
2025-01-07,100052600,306
2025-01-07,100052602,7
2025-01-07,100052603,34
2025-01-07,100052605,22
2025-01-07,100052606,76
2025-01-07,100053055,21
2025-01-07,100053059,39
2025-01-07,100053210,43
2025-01-07,100054073,49
2025-01-07,100055268,91
2025-01-07,100056188,328
2025-01-07,300014985,508
2025-01-07,300014986,526
2025-01-07,300014993,169
2025-01-07,300014994,148
2025-01-07,300014995,608
2025-01-07,300014996,508
2025-01-07,300020478,130
2025-01-07,300020679,648
2025-01-07,300020816,353
2025-01-07,300020817,313
2025-01-07,300021685,0
2025-01-07,300028650,138
2025-01-07,ZLT24020668,25
2025-01-07,ZLT24020669,33
2025-01-08,100001753,121
2025-01-08,100003032,542
2025-01-08,100003040,8
2025-01-08,100003041,323
2025-01-08,100003042,222
2025-01-08,100004575,0
2025-01-08,100007390,2620
2025-01-08,100011747,99
2025-01-08,100011783,118
2025-01-08,100012217,240
2025-01-08,100017441,430
2025-01-08,100017523,5
2025-01-08,100025474,694
2025-01-08,100035408,100
2025-01-08,100035409,0
2025-01-08,100041114,8
2025-01-08,100047030,132
2025-01-08,100052600,285
2025-01-08,100052602,7
2025-01-08,100052603,12
2025-01-08,100052605,15
2025-01-08,100052606,78
2025-01-08,100053055,7
2025-01-08,100053059,36
2025-01-08,100053210,43
2025-01-08,100054073,34
2025-01-08,100055268,99
2025-01-08,100056188,277
2025-01-08,300014985,505
2025-01-08,300014986,459
2025-01-08,300014993,124
2025-01-08,300014994,99
2025-01-08,300014995,509
2025-01-08,300014996,487
2025-01-08,300020478,74
2025-01-08,300020679,735
2025-01-08,300020816,305
2025-01-08,300020817,269
2025-01-08,300021685,0
2025-01-08,300028650,116
2025-01-08,ZLT24020668,42
2025-01-08,ZLT24020669,49
2025-01-09,100001753,168
2025-01-09,100003032,619
2025-01-09,100003040,7
2025-01-09,100003041,326
2025-01-09,100003042,258
2025-01-09,100004575,0
2025-01-09,100007390,2285
2025-01-09,100011747,128
2025-01-09,100011783,168
2025-01-09,100012217,308
2025-01-09,100017441,458
2025-01-09,100017523,9
2025-01-09,100025474,998
2025-01-09,100035408,100
2025-01-09,100035409,0
2025-01-09,100041114,14
2025-01-09,100047030,149
2025-01-09,100052600,346
2025-01-09,100052602,4
2025-01-09,100052603,8
2025-01-09,100052605,24
2025-01-09,100052606,54
2025-01-09,100053055,5
2025-01-09,100053059,29
2025-01-09,100053210,35
2025-01-09,100054073,34
2025-01-09,100055268,87
2025-01-09,100056188,325
2025-01-09,300014985,489
2025-01-09,300014986,505
2025-01-09,300014993,152
2025-01-09,300014994,121
2025-01-09,300014995,576
2025-01-09,300014996,516
2025-01-09,300020478,79
2025-01-09,300020679,851
2025-01-09,300020816,363
2025-01-09,300020817,315
2025-01-09,300021685,1
2025-01-09,300028650,126
2025-01-09,ZLT24020668,37
2025-01-09,ZLT24020669,56
2025-01-10,100001753,104
2025-01-10,100003032,543
2025-01-10,100003040,12
2025-01-10,100003041,318
2025-01-10,100003042,260
2025-01-10,100004575,0
2025-01-10,100007390,786
2025-01-10,100011747,91
2025-01-10,100011783,136
2025-01-10,100012217,324
2025-01-10,100017441,390
2025-01-10,100017523,13
2025-01-10,100025474,721
2025-01-10,100035408,87
2025-01-10,100035409,0
2025-01-10,100041114,16
2025-01-10,100047030,136
2025-01-10,100052600,325
2025-01-10,100052602,6
2025-01-10,100052603,22
2025-01-10,100052605,29
2025-01-10,100052606,81
2025-01-10,100053055,14
2025-01-10,100053059,34
2025-01-10,100053210,52
2025-01-10,100054073,47
2025-01-10,100055268,89
2025-01-10,100056188,300
2025-01-10,300014985,466
2025-01-10,300014986,439
2025-01-10,300014993,124
2025-01-10,300014994,111
2025-01-10,300014995,505
2025-01-10,300014996,462
2025-01-10,300020478,124
2025-01-10,300020679,811
2025-01-10,300020816,325
2025-01-10,300020817,275
2025-01-10,300021685,3
2025-01-10,300028650,127
2025-01-10,ZLT24020668,48
2025-01-10,ZLT24020669,52
2025-01-11,100001753,55
2025-01-11,100003032,221
2025-01-11,100003040,8
2025-01-11,100003041,91
2025-01-11,100003042,92
2025-01-11,100004575,0
2025-01-11,100007390,1695
2025-01-11,100011747,28
2025-01-11,100011783,55
2025-01-11,100012217,212
2025-01-11,100017441,129
2025-01-11,100017523,21
2025-01-11,100025474,408
2025-01-11,100035408,50
2025-01-11,100035409,0
2025-01-11,100041114,17
2025-01-11,100047030,64
2025-01-11,100052600,162
2025-01-11,100052602,0
2025-01-11,100052603,14
2025-01-11,100052605,22
2025-01-11,100052606,36
2025-01-11,100053055,6
2025-01-11,100053059,46
2025-01-11,100053210,31
2025-01-11,100054073,10
2025-01-11,100055268,40
2025-01-11,100056188,128
2025-01-11,300014985,239
2025-01-11,300014986,227
2025-01-11,300014993,54
2025-01-11,300014994,35
2025-01-11,300014995,260
2025-01-11,300014996,206
2025-01-11,300020478,62
2025-01-11,300020679,361
2025-01-11,300020816,133
2025-01-11,300020817,125
2025-01-11,300021685,2
2025-01-11,300028650,65
2025-01-11,ZLT24020668,33
2025-01-11,ZLT24020669,44
2025-01-12,100001753,41
2025-01-12,100003032,206
2025-01-12,100003040,7
2025-01-12,100003041,129
2025-01-12,100003042,123
2025-01-12,100004575,0
2025-01-12,100007390,2017
2025-01-12,100011747,28
2025-01-12,100011783,51
2025-01-12,100012217,241
2025-01-12,100017441,140
2025-01-12,100017523,9
2025-01-12,100025474,477
2025-01-12,100035408,52
2025-01-12,100035409,0
2025-01-12,100041114,35
2025-01-12,100047030,52
2025-01-12,100052600,186
2025-01-12,100052602,2
2025-01-12,100052603,21
2025-01-12,100052605,26
2025-01-12,100052606,40
2025-01-12,100053055,10
2025-01-12,100053059,23
2025-01-12,100053210,31
2025-01-12,100054073,11
2025-01-12,100055268,79
2025-01-12,100056188,137
2025-01-12,300014985,225
2025-01-12,300014986,221
2025-01-12,300014993,60
2025-01-12,300014994,44
2025-01-12,300014995,249
2025-01-12,300014996,211
2025-01-12,300020478,66
2025-01-12,300020679,400
2025-01-12,300020816,160
2025-01-12,300020817,144
2025-01-12,300021685,0
2025-01-12,300028650,66
2025-01-12,ZLT24020668,19
2025-01-12,ZLT24020669,31
2025-01-13,100001753,184
2025-01-13,100003032,715
2025-01-13,100003040,15
2025-01-13,100003041,339
2025-01-13,100003042,322
2025-01-13,100004575,0
2025-01-13,100007390,1249
2025-01-13,100011747,130
2025-01-13,100011783,179
2025-01-13,100012217,319
2025-01-13,100017441,547
2025-01-13,100017523,14
2025-01-13,100025474,657
2025-01-13,100035408,104
2025-01-13,100035409,0
2025-01-13,100041114,8
2025-01-13,100047030,186
2025-01-13,100052600,364
2025-01-13,100052602,6
2025-01-13,100052603,24
2025-01-13,100052605,28
2025-01-13,100052606,61
2025-01-13,100053055,14
2025-01-13,100053059,53
2025-01-13,100053210,50
2025-01-13,100054073,44
2025-01-13,100055268,110
2025-01-13,100056188,325
2025-01-13,300014985,610
2025-01-13,300014986,566
2025-01-13,300014993,170
2025-01-13,300014994,130
2025-01-13,300014995,665
2025-01-13,300014996,591
2025-01-13,300020478,165
2025-01-13,300020679,892
2025-01-13,300020816,403
2025-01-13,300020817,370
2025-01-13,300021685,0
2025-01-13,300028650,136
2025-01-13,ZLT24020668,43
2025-01-13,ZLT24020669,48
2025-01-14,100001753,171
2025-01-14,100003032,813
2025-01-14,100003040,7
2025-01-14,100003041,417
2025-01-14,100003042,358
2025-01-14,100004575,0
2025-01-14,100007390,3953
2025-01-14,100011747,122
2025-01-14,100011783,215
2025-01-14,100012217,394
2025-01-14,100017441,658
2025-01-14,100017523,15
2025-01-14,100025474,1151
2025-01-14,100035408,128
2025-01-14,100035409,0
2025-01-14,100041114,17
2025-01-14,100047030,164
2025-01-14,100052600,386
2025-01-14,100052602,10
2025-01-14,100052603,13
2025-01-14,100052605,13
2025-01-14,100052606,82
2025-01-14,100053055,13
2025-01-14,100053059,41
2025-01-14,100053210,44
2025-01-14,100054073,52
2025-01-14,100055268,119
2025-01-14,100056188,396
2025-01-14,300014985,671
2025-01-14,300014986,637
2025-01-14,300014993,195
2025-01-14,300014994,159
2025-01-14,300014995,785
2025-01-14,300014996,668
2025-01-14,300020478,191
2025-01-14,300020679,1059
2025-01-14,300020816,289
2025-01-14,300020817,385
2025-01-14,300021685,1
2025-01-14,300028650,155
2025-01-14,ZLT24020668,70
2025-01-14,ZLT24020669,29
2025-01-15,100001753,191
2025-01-15,100003032,808
2025-01-15,100003040,10
2025-01-15,100003041,611
2025-01-15,100003042,392
2025-01-15,100004575,0
2025-01-15,100007390,1880
2025-01-15,100011747,127
2025-01-15,100011783,201
2025-01-15,100012217,346
2025-01-15,100017441,655
2025-01-15,100017523,18
2025-01-15,100025474,1497
2025-01-15,100035408,123
2025-01-15,100035409,0
2025-01-15,100041114,25
2025-01-15,100047030,163
2025-01-15,100052600,390
2025-01-15,100052602,7
2025-01-15,100052603,34
2025-01-15,100052605,22
2025-01-15,100052606,88
2025-01-15,100053055,18
2025-01-15,100053059,90
2025-01-15,100053210,50
2025-01-15,100054073,83
2025-01-15,100055268,114
2025-01-15,100056188,424
2025-01-15,300014985,662
2025-01-15,300014986,650
2025-01-15,300014993,187
2025-01-15,300014994,136
2025-01-15,300014995,743
2025-01-15,300014996,622
2025-01-15,300020478,215
2025-01-15,300020679,1025
2025-01-15,300020816,449
2025-01-15,300020817,381
2025-01-15,300021685,0
2025-01-15,300028650,151
2025-01-15,ZLT24020668,81
2025-01-15,ZLT24020669,75
2025-01-16,100001753,185
2025-01-16,100003032,810
2025-01-16,100003040,14
2025-01-16,100003041,460
2025-01-16,100003042,412
2025-01-16,100004575,0
2025-01-16,100007390,833
2025-01-16,100011747,163
2025-01-16,100011783,179
2025-01-16,100012217,354
2025-01-16,100017441,657
2025-01-16,100017523,127
2025-01-16,100025474,1141
2025-01-16,100035408,111
2025-01-16,100035409,0
2025-01-16,100041114,24
2025-01-16,100047030,179
2025-01-16,100052600,388
2025-01-16,100052602,7
2025-01-16,100052603,32
2025-01-16,100052605,11
2025-01-16,100052606,68
2025-01-16,100053055,28
2025-01-16,100053059,92
2025-01-16,100053210,44
2025-01-16,100054073,53
2025-01-16,100055268,134
2025-01-16,100056188,392
2025-01-16,300014985,650
2025-01-16,300014986,596
2025-01-16,300014993,183
2025-01-16,300014994,140
2025-01-16,300014995,722
2025-01-16,300014996,659
2025-01-16,300020478,193
2025-01-16,300020679,1085
2025-01-16,300020816,440
2025-01-16,300020817,348
2025-01-16,300021685,1
2025-01-16,300028650,150
2025-01-16,ZLT24020668,69
2025-01-16,ZLT24020669,69
2025-01-17,100001753,115
2025-01-17,100003032,654
2025-01-17,100003040,8
2025-01-17,100003041,354
2025-01-17,100003042,314
2025-01-17,100004575,0
2025-01-17,100007390,1841
2025-01-17,100011747,99
2025-01-17,100011783,132
2025-01-17,100012217,403
2025-01-17,100017441,513
2025-01-17,100017523,96
2025-01-17,100025474,690
2025-01-17,100035408,111
2025-01-17,100035409,0
2025-01-17,100041114,50
2025-01-17,100047030,146
2025-01-17,100052600,327
2025-01-17,100052602,4
2025-01-17,100052603,25
2025-01-17,100052605,25
2025-01-17,100052606,74
2025-01-17,100053055,13
2025-01-17,100053059,69
2025-01-17,100053210,47
2025-01-17,100054073,56
2025-01-17,100055268,131
2025-01-17,100056188,387
2025-01-17,300014985,530
2025-01-17,300014986,490
2025-01-17,300014993,140
2025-01-17,300014994,127
2025-01-17,300014995,601
2025-01-17,300014996,525
2025-01-17,300020478,150
2025-01-17,300020679,848
2025-01-17,300020816,340
2025-01-17,300020817,305
2025-01-17,300021685,0
2025-01-17,300028650,141
2025-01-17,ZLT24020668,58
2025-01-17,ZLT24020669,60
2025-01-18,100001753,53
2025-01-18,100003032,290
2025-01-18,100003040,8
2025-01-18,100003041,126
2025-01-18,100003042,127
2025-01-18,100004575,0
2025-01-18,100007390,1258
2025-01-18,100011747,47
2025-01-18,100011783,74
2025-01-18,100012217,244
2025-01-18,100017441,175
2025-01-18,100017523,75
2025-01-18,100025474,463
2025-01-18,100035408,38
2025-01-18,100035409,0
2025-01-18,100041114,138
2025-01-18,100047030,52
2025-01-18,100052600,182
2025-01-18,100052602,2
2025-01-18,100052603,9
2025-01-18,100052605,26
2025-01-18,100052606,38
2025-01-18,100053055,4
2025-01-18,100053059,71
2025-01-18,100053210,26
2025-01-18,100054073,22
2025-01-18,100055268,54
2025-01-18,100056188,207
2025-01-18,300014985,309
2025-01-18,300014986,260
2025-01-18,300014993,55
2025-01-18,300014994,50
2025-01-18,300014995,301
2025-01-18,300014996,298
2025-01-18,300020478,74
2025-01-18,300020679,451
2025-01-18,300020816,179
2025-01-18,300020817,149
2025-01-18,300021685,0
2025-01-18,300028650,108
2025-01-18,ZLT24020668,49
2025-01-18,ZLT24020669,54
2025-01-19,100001753,35
2025-01-19,100003032,161
2025-01-19,100003040,2
2025-01-19,100003041,57
2025-01-19,100003042,95
2025-01-19,100004575,0
2025-01-19,100007390,379
2025-01-19,100011747,23
2025-01-19,100011783,59
2025-01-19,100012217,149
2025-01-19,100017441,108
2025-01-19,100017523,36
2025-01-19,100025474,490
2025-01-19,100035408,21
2025-01-19,100035409,0
2025-01-19,100041114,13
2025-01-19,100047030,21
2025-01-19,100052600,141
2025-01-19,100052602,3
2025-01-19,100052603,13
2025-01-19,100052605,6
2025-01-19,100052606,28
2025-01-19,100053055,2
2025-01-19,100053059,48
2025-01-19,100053210,32
2025-01-19,100054073,10
2025-01-19,100055268,60
2025-01-19,100056188,112
2025-01-19,300014985,179
2025-01-19,300014986,157
2025-01-19,300014993,36
2025-01-19,300014994,34
2025-01-19,300014995,227
2025-01-19,300014996,149
2025-01-19,300020478,35
2025-01-19,300020679,288
2025-01-19,300020816,107
2025-01-19,300020817,99
2025-01-19,300021685,0
2025-01-19,300028650,70
2025-01-19,ZLT24020668,27
2025-01-19,ZLT24020669,27
2025-01-20,100001753,119
2025-01-20,100003032,527
2025-01-20,100003040,3
2025-01-20,100003041,281
2025-01-20,100003042,308
2025-01-20,100004575,0
2025-01-20,100007390,2128
2025-01-20,100011747,54
2025-01-20,100011783,139
2025-01-20,100012217,225
2025-01-20,100017441,444
2025-01-20,100017523,75
2025-01-20,100025474,1404
2025-01-20,100035408,84
2025-01-20,100035409,0
2025-01-20,100041114,51
2025-01-20,100047030,57
2025-01-20,100052600,292
2025-01-20,100052602,5
2025-01-20,100052603,20
2025-01-20,100052605,16
2025-01-20,100052606,81
2025-01-20,100053055,15
2025-01-20,100053059,80
2025-01-20,100053210,52
2025-01-20,100054073,45
2025-01-20,100055268,89
2025-01-20,100056188,262
2025-01-20,300014985,430
2025-01-20,300014986,428
2025-01-20,300014993,131
2025-01-20,300014994,102
2025-01-20,300014995,463
2025-01-20,300014996,403
2025-01-20,300020478,134
2025-01-20,300020679,703
2025-01-20,300020816,271
2025-01-20,300020817,271
2025-01-20,300021685,0
2025-01-20,300028650,77
2025-01-20,ZLT24020668,49
2025-01-20,ZLT24020669,48
2025-01-21,100001753,131
2025-01-21,100003032,601
2025-01-21,100003040,2
2025-01-21,100003041,347
2025-01-21,100003042,333
2025-01-21,100004575,0
2025-01-21,100007390,2411
2025-01-21,100011747,87
2025-01-21,100011783,150
2025-01-21,100012217,242
2025-01-21,100017441,513
2025-01-21,100017523,86
2025-01-21,100025474,1732
2025-01-21,100035408,86
2025-01-21,100035409,0
2025-01-21,100041114,18
2025-01-21,100047030,125
2025-01-21,100052600,293
2025-01-21,100052602,4
2025-01-21,100052603,17
2025-01-21,100052605,15
2025-01-21,100052606,70
2025-01-21,100053055,23
2025-01-21,100053059,75
2025-01-21,100053210,42
2025-01-21,100054073,36
2025-01-21,100055268,107
2025-01-21,100056188,282
2025-01-21,300014985,482
2025-01-21,300014986,462
2025-01-21,300014993,124
2025-01-21,300014994,98
2025-01-21,300014995,528
2025-01-21,300014996,467
2025-01-21,300020478,153
2025-01-21,300020679,798
2025-01-21,300020816,278
2025-01-21,300020817,240
2025-01-21,300021685,0
2025-01-21,300028650,117
2025-01-21,ZLT24020668,52
2025-01-21,ZLT24020669,51
2025-01-22,100001753,130
2025-01-22,100003032,596
2025-01-22,100003040,3
2025-01-22,100003041,404
2025-01-22,100003042,353
2025-01-22,100004575,0
2025-01-22,100007390,2346
2025-01-22,100011747,89
2025-01-22,100011783,161
2025-01-22,100012217,257
2025-01-22,100017441,556
2025-01-22,100017523,118
2025-01-22,100025474,1027
2025-01-22,100035408,92
2025-01-22,100035409,0
2025-01-22,100041114,33
2025-01-22,100047030,128
2025-01-22,100052600,335
2025-01-22,100052602,3
2025-01-22,100052603,15
2025-01-22,100052605,17
2025-01-22,100052606,83
2025-01-22,100053055,17
2025-01-22,100053059,56
2025-01-22,100053210,43
2025-01-22,100054073,48
2025-01-22,100055268,85
2025-01-22,100056188,339
2025-01-22,300014985,543
2025-01-22,300014986,505
2025-01-22,300014993,123
2025-01-22,300014994,102
2025-01-22,300014995,549
2025-01-22,300014996,516
2025-01-22,300020478,178
2025-01-22,300020679,831
2025-01-22,300020816,316
2025-01-22,300020817,275
2025-01-22,300021685,0
2025-01-22,300028650,137
2025-01-22,ZLT24020668,62
2025-01-22,ZLT24020669,66
2025-01-23,100001753,149
2025-01-23,100003032,671
2025-01-23,100003040,4
2025-01-23,100003041,401
2025-01-23,100003042,394
2025-01-23,100004575,0
2025-01-23,100007390,2263
2025-01-23,100011747,123
2025-01-23,100011783,193
2025-01-23,100012217,281
2025-01-23,100017441,611
2025-01-23,100017523,96
2025-01-23,100025474,999
2025-01-23,100035408,115
2025-01-23,100035409,0
2025-01-23,100041114,25
2025-01-23,100047030,149
2025-01-23,100052600,372
2025-01-23,100052602,4
2025-01-23,100052603,27
2025-01-23,100052605,16
2025-01-23,100052606,76
2025-01-23,100053055,28
2025-01-23,100053059,77
2025-01-23,100053210,45
2025-01-23,100054073,46
2025-01-23,100055268,107
2025-01-23,100056188,382
2025-01-23,300014985,571
2025-01-23,300014986,555
2025-01-23,300014993,165
2025-01-23,300014994,129
2025-01-23,300014995,643
2025-01-23,300014996,571
2025-01-23,300020478,188
2025-01-23,300020679,946
2025-01-23,300020816,364
2025-01-23,300020817,315
2025-01-23,300021685,6
2025-01-23,300028650,156
2025-01-23,ZLT24020668,57
2025-01-23,ZLT24020669,56
2025-01-24,100001753,108
2025-01-24,100003032,553
2025-01-24,100003040,9
2025-01-24,100003041,311
2025-01-24,100003042,249
2025-01-24,100004575,0
2025-01-24,100007390,816
2025-01-24,100011747,73
2025-01-24,100011783,138
2025-01-24,100012217,337
2025-01-24,100017441,377
2025-01-24,100017523,46
2025-01-24,100025474,1062
2025-01-24,100035408,124
2025-01-24,100035409,0
2025-01-24,100041114,19
2025-01-24,100047030,105
2025-01-24,100052600,275
2025-01-24,100052602,0
2025-01-24,100052603,31
2025-01-24,100052605,12
2025-01-24,100052606,54
2025-01-24,100053055,20
2025-01-24,100053059,79
2025-01-24,100053210,43
2025-01-24,100054073,41
2025-01-24,100055268,95
2025-01-24,100056188,297
2025-01-24,300014985,450
2025-01-24,300014986,411
2025-01-24,300014993,125
2025-01-24,300014994,90
2025-01-24,300014995,444
2025-01-24,300014996,429
2025-01-24,300020478,128
2025-01-24,300020679,776
2025-01-24,300020816,290
2025-01-24,300020817,250
2025-01-24,300021685,4
2025-01-24,300028650,136
2025-01-24,ZLT24020668,72
2025-01-24,ZLT24020669,58
2025-01-25,100001753,45
2025-01-25,100003032,246
2025-01-25,100003040,8
2025-01-25,100003041,95
2025-01-25,100003042,108
2025-01-25,100004575,0
2025-01-25,100007390,3381
2025-01-25,100011747,32
2025-01-25,100011783,73
2025-01-25,100012217,231
2025-01-25,100017441,159
2025-01-25,100017523,36
2025-01-25,100025474,735
2025-01-25,100035408,50
2025-01-25,100035409,0
2025-01-25,100041114,12
2025-01-25,100047030,27
2025-01-25,100052600,154
2025-01-25,100052602,4
2025-01-25,100052603,20
2025-01-25,100052605,13
2025-01-25,100052606,34
2025-01-25,100053055,5
2025-01-25,100053059,70
2025-01-25,100053210,16
2025-01-25,100054073,28
2025-01-25,100055268,50
2025-01-25,100056188,156
2025-01-25,300014985,274
2025-01-25,300014986,226
2025-01-25,300014993,66
2025-01-25,300014994,51
2025-01-25,300014995,261
2025-01-25,300014996,232
2025-01-25,300020478,45
2025-01-25,300020679,403
2025-01-25,300020816,166
2025-01-25,300020817,129
2025-01-25,300021685,3
2025-01-25,300028650,104
2025-01-25,ZLT24020668,34
2025-01-25,ZLT24020669,32
2025-01-26,100001753,42
2025-01-26,100003032,172
2025-01-26,100003040,9
2025-01-26,100003041,102
2025-01-26,100003042,120
2025-01-26,100004575,0
2025-01-26,100007390,4090
2025-01-26,100011747,31
2025-01-26,100011783,63
2025-01-26,100012217,199
2025-01-26,100017441,149
2025-01-26,100017523,18
2025-01-26,100025474,363
2025-01-26,100035408,46
2025-01-26,100035409,0
2025-01-26,100041114,20
2025-01-26,100047030,44
2025-01-26,100052600,134
2025-01-26,100052602,0
2025-01-26,100052603,10
2025-01-26,100052605,13
2025-01-26,100052606,42
2025-01-26,100053055,4
2025-01-26,100053059,45
2025-01-26,100053210,39
2025-01-26,100054073,15
2025-01-26,100055268,50
2025-01-26,100056188,141
2025-01-26,300014985,183
2025-01-26,300014986,180
2025-01-26,300014993,38
2025-01-26,300014994,53
2025-01-26,300014995,188
2025-01-26,300014996,164
2025-01-26,300020478,54
2025-01-26,300020679,349
2025-01-26,300020816,132
2025-01-26,300020817,93
2025-01-26,300021685,1
2025-01-26,300028650,88
2025-01-26,ZLT24020668,35
2025-01-26,ZLT24020669,34
2025-01-27,100001753,148
2025-01-27,100003032,631
2025-01-27,100003040,7
2025-01-27,100003041,376
2025-01-27,100003042,391
2025-01-27,100004575,0
2025-01-27,100007390,3593
2025-01-27,100011747,89
2025-01-27,100011783,162
2025-01-27,100012217,319
2025-01-27,100017441,601
2025-01-27,100017523,61
2025-01-27,100025474,514
2025-01-27,100035408,116
2025-01-27,100035409,0
2025-01-27,100041114,32
2025-01-27,100047030,127
2025-01-27,100052600,307
2025-01-27,100052602,2
2025-01-27,100052603,11
2025-01-27,100052605,26
2025-01-27,100052606,71
2025-01-27,100053055,22
2025-01-27,100053059,69
2025-01-27,100053210,59
2025-01-27,100054073,70
2025-01-27,100055268,109
2025-01-27,100056188,328
2025-01-27,300014985,549
2025-01-27,300014986,477
2025-01-27,300014993,157
2025-01-27,300014994,121
2025-01-27,300014995,524
2025-01-27,300014996,512
2025-01-27,300020478,158
2025-01-27,300020679,854
2025-01-27,300020816,331
2025-01-27,300020817,273
2025-01-27,300021685,4
2025-01-27,300028650,150
2025-01-27,ZLT24020668,57
2025-01-27,ZLT24020669,46
2025-01-28,100001753,150
2025-01-28,100003032,709
2025-01-28,100003040,23
2025-01-28,100003041,302
2025-01-28,100003042,373
2025-01-28,100004575,0
2025-01-28,100007390,1481
2025-01-28,100011747,96
2025-01-28,100011783,150
2025-01-28,100012217,295
2025-01-28,100017441,604
2025-01-28,100017523,13
2025-01-28,100025474,463
2025-01-28,100035408,120
2025-01-28,100035409,0
2025-01-28,100041114,24
2025-01-28,100047030,94
2025-01-28,100052600,315
2025-01-28,100052602,13
2025-01-28,100052603,16
2025-01-28,100052605,14
2025-01-28,100052606,49
2025-01-28,100053055,9
2025-01-28,100053059,62
2025-01-28,100053210,32
2025-01-28,100054073,42
2025-01-28,100055268,87
2025-01-28,100056188,328
2025-01-28,300014985,561
2025-01-28,300014986,528
2025-01-28,300014993,147
2025-01-28,300014994,112
2025-01-28,300014995,633
2025-01-28,300014996,539
2025-01-28,300020478,209
2025-01-28,300020679,944
2025-01-28,300020816,339
2025-01-28,300020817,290
2025-01-28,300021685,0
2025-01-28,300028650,155
2025-01-28,ZLT24020668,37
2025-01-28,ZLT24020669,34
2025-01-29,100001753,117
2025-01-29,100003032,536
2025-01-29,100003040,10
2025-01-29,100003041,261
2025-01-29,100003042,263
2025-01-29,100004575,0
2025-01-29,100007390,1164
2025-01-29,100011747,86
2025-01-29,100011783,139
2025-01-29,100012217,238
2025-01-29,100017441,442
2025-01-29,100017523,18
2025-01-29,100025474,448
2025-01-29,100035408,82
2025-01-29,100035409,0
2025-01-29,100041114,21
2025-01-29,100047030,87
2025-01-29,100052600,251
2025-01-29,100052602,1
2025-01-29,100052603,9
2025-01-29,100052605,6
2025-01-29,100052606,82
2025-01-29,100053055,13
2025-01-29,100053059,27
2025-01-29,100053210,36
2025-01-29,100054073,30
2025-01-29,100055268,57
2025-01-29,100056188,263
2025-01-29,300014985,462
2025-01-29,300014986,442
2025-01-29,300014993,123
2025-01-29,300014994,103
2025-01-29,300014995,513
2025-01-29,300014996,449
2025-01-29,300020478,95
2025-01-29,300020679,752
2025-01-29,300020816,267
2025-01-29,300020817,244
2025-01-29,300021685,0
2025-01-29,300028650,132
2025-01-29,ZLT24020668,36
2025-01-29,ZLT24020669,25
2025-01-30,100001753,153
2025-01-30,100003032,661
2025-01-30,100003040,9
2025-01-30,100003041,345
2025-01-30,100003042,318
2025-01-30,100004575,0
2025-01-30,100007390,1070
2025-01-30,100011747,98
2025-01-30,100011783,131
2025-01-30,100012217,282
2025-01-30,100017441,509
2025-01-30,100017523,33
2025-01-30,100025474,661
2025-01-30,100035408,86
2025-01-30,100035409,0
2025-01-30,100041114,14
2025-01-30,100047030,73
2025-01-30,100052600,326
2025-01-30,100052602,2
2025-01-30,100052603,18
2025-01-30,100052605,12
2025-01-30,100052606,80
2025-01-30,100053055,11
2025-01-30,100053059,65
2025-01-30,100053210,30
2025-01-30,100054073,34
2025-01-30,100055268,82
2025-01-30,100056188,372
2025-01-30,300014985,518
2025-01-30,300014986,485
2025-01-30,300014993,122
2025-01-30,300014994,109
2025-01-30,300014995,513
2025-01-30,300014996,529
2025-01-30,300020478,127
2025-01-30,300020679,883
2025-01-30,300020816,310
2025-01-30,300020817,250
2025-01-30,300021685,0
2025-01-30,300028650,153
2025-01-30,ZLT24020668,50
2025-01-30,ZLT24020669,39
2025-01-31,100001753,110
2025-01-31,100003032,512
2025-01-31,100003040,13
2025-01-31,100003041,285
2025-01-31,100003042,260
2025-01-31,100004575,0
2025-01-31,100007390,506
2025-01-31,100011747,91
2025-01-31,100011783,129
2025-01-31,100012217,322
2025-01-31,100017441,400
2025-01-31,100017523,25
2025-01-31,100025474,483
2025-01-31,100035408,113
2025-01-31,100035409,0
2025-01-31,100041114,25
2025-01-31,100047030,70
2025-01-31,100052600,326
2025-01-31,100052602,7
2025-01-31,100052603,26
2025-01-31,100052605,15
2025-01-31,100052606,80
2025-01-31,100053055,24
2025-01-31,100053059,68
2025-01-31,100053210,48
2025-01-31,100054073,46
2025-01-31,100055268,103
2025-01-31,100056188,336
2025-01-31,300014985,486
2025-01-31,300014986,446
2025-01-31,300014993,124
2025-01-31,300014994,101
2025-01-31,300014995,459
2025-01-31,300014996,424
2025-01-31,300020478,108
2025-01-31,300020679,773
2025-01-31,300020816,320
2025-01-31,300020817,246
2025-01-31,300021685,0
2025-01-31,300028650,143
2025-01-31,ZLT24020668,64
2025-01-31,ZLT24020669,50
2025-02-01,100001753,39
2025-02-01,100003032,217
2025-02-01,100003040,6
2025-02-01,100003041,76
2025-02-01,100003042,80
2025-02-01,100004575,0
2025-02-01,100007390,342
2025-02-01,100011747,30
2025-02-01,100011783,61
2025-02-01,100012217,192
2025-02-01,100017441,110
2025-02-01,100017523,10
2025-02-01,100025474,599
2025-02-01,100035408,48
2025-02-01,100035409,0
2025-02-01,100041114,20
2025-02-01,100047030,32
2025-02-01,100052600,131
2025-02-01,100052602,2
2025-02-01,100052603,15
2025-02-01,100052605,8
2025-02-01,100052606,32
2025-02-01,100053055,8
2025-02-01,100053059,48
2025-02-01,100053210,19
2025-02-01,100054073,18
2025-02-01,100055268,51
2025-02-01,100056188,160
2025-02-01,300014985,217
2025-02-01,300014986,201
2025-02-01,300014993,46
2025-02-01,300014994,40
2025-02-01,300014995,239
2025-02-01,300014996,215
2025-02-01,300020478,33
2025-02-01,300020679,355
2025-02-01,300020816,132
2025-02-01,300020817,96
2025-02-01,300021685,0
2025-02-01,300028650,54
2025-02-01,ZLT24020668,18
2025-02-01,ZLT24020669,19
2025-02-02,100001753,40
2025-02-02,100003032,152
2025-02-02,100003040,3
2025-02-02,100003041,67
2025-02-02,100003042,69
2025-02-02,100004575,0
2025-02-02,100007390,1022
2025-02-02,100011747,25
2025-02-02,100011783,61
2025-02-02,100012217,155
2025-02-02,100017441,135
2025-02-02,100017523,8
2025-02-02,100025474,830
2025-02-02,100035408,38
2025-02-02,100035409,0
2025-02-02,100041114,8
2025-02-02,100047030,19
2025-02-02,100052600,122
2025-02-02,100052602,1
2025-02-02,100052603,7
2025-02-02,100052605,11
2025-02-02,100052606,35
2025-02-02,100053055,5
2025-02-02,100053059,33
2025-02-02,100053210,14
2025-02-02,100054073,10
2025-02-02,100055268,27
2025-02-02,100056188,106
2025-02-02,300014985,175
2025-02-02,300014986,148
2025-02-02,300014993,30
2025-02-02,300014994,19
2025-02-02,300014995,152
2025-02-02,300014996,149
2025-02-02,300020478,40
2025-02-02,300020679,252
2025-02-02,300020816,104
2025-02-02,300020817,81
2025-02-02,300021685,0
2025-02-02,300028650,57
2025-02-02,ZLT24020668,23
2025-02-02,ZLT24020669,18
2025-02-03,100001753,104
2025-02-03,100003032,590
2025-02-03,100003040,17
2025-02-03,100003041,276
2025-02-03,100003042,271
2025-02-03,100004575,0
2025-02-03,100007390,616
2025-02-03,100011747,78
2025-02-03,100011783,136
2025-02-03,100012217,265
2025-02-03,100017441,449
2025-02-03,100017523,17
2025-02-03,100025474,474
2025-02-03,100035408,83
2025-02-03,100035409,0
2025-02-03,100041114,26
2025-02-03,100047030,96
2025-02-03,100052600,312
2025-02-03,100052602,4
2025-02-03,100052603,12
2025-02-03,100052605,20
2025-02-03,100052606,62
2025-02-03,100053055,11
2025-02-03,100053059,46
2025-02-03,100053210,39
2025-02-03,100054073,28
2025-02-03,100055268,68
2025-02-03,100056188,338
2025-02-03,300014985,490
2025-02-03,300014986,464
2025-02-03,300014993,139
2025-02-03,300014994,123
2025-02-03,300014995,485
2025-02-03,300014996,487
2025-02-03,300020478,73
2025-02-03,300020679,817
2025-02-03,300020816,304
2025-02-03,300020817,265
2025-02-03,300021685,0
2025-02-03,300028650,128
2025-02-03,ZLT24020668,26
2025-02-03,ZLT24020669,23
2025-02-04,100001753,137
2025-02-04,100003032,749
2025-02-04,100003040,11
2025-02-04,100003041,346
2025-02-04,100003042,367
2025-02-04,100004575,0
2025-02-04,100007390,459
2025-02-04,100011747,107
2025-02-04,100011783,173
2025-02-04,100012217,314
2025-02-04,100017441,589
2025-02-04,100017523,6
2025-02-04,100025474,458
2025-02-04,100035408,134
2025-02-04,100035409,0
2025-02-04,100041114,3
2025-02-04,100047030,114
2025-02-04,100052600,381
2025-02-04,100052602,41
2025-02-04,100052603,16
2025-02-04,100052605,18
2025-02-04,100052606,84
2025-02-04,100053055,16
2025-02-04,100053059,38
2025-02-04,100053210,40
2025-02-04,100054073,79
2025-02-04,100055268,96
2025-02-04,100056188,334
2025-02-04,300014985,633
2025-02-04,300014986,592
2025-02-04,300014993,175
2025-02-04,300014994,130
2025-02-04,300014995,603
2025-02-04,300014996,612
2025-02-04,300020478,182
2025-02-04,300020679,1021
2025-02-04,300020816,373
2025-02-04,300020817,290
2025-02-04,300021685,0
2025-02-04,300028650,169
2025-02-04,ZLT24020668,50
2025-02-04,ZLT24020669,49
2025-02-05,100001753,161
2025-02-05,100003032,691
2025-02-05,100003040,10
2025-02-05,100003041,336
2025-02-05,100003042,353
2025-02-05,100004575,0
2025-02-05,100007390,441
2025-02-05,100011747,110
2025-02-05,100011783,157
2025-02-05,100012217,273
2025-02-05,100017441,567
2025-02-05,100017523,3
2025-02-05,100025474,699
2025-02-05,100035408,86
2025-02-05,100035409,0
2025-02-05,100041114,1
2025-02-05,100047030,135
2025-02-05,100052600,352
2025-02-05,100052602,8
2025-02-05,100052603,22
2025-02-05,100052605,10
2025-02-05,100052606,79
2025-02-05,100053055,11
2025-02-05,100053059,57
2025-02-05,100053210,47
2025-02-05,100054073,46
2025-02-05,100055268,90
2025-02-05,100056188,364
2025-02-05,300014985,581
2025-02-05,300014986,503
2025-02-05,300014993,141
2025-02-05,300014994,135
2025-02-05,300014995,489
2025-02-05,300014996,532
2025-02-05,300020478,198
2025-02-05,300020679,906
2025-02-05,300020816,365
2025-02-05,300020817,284
2025-02-05,300021685,0
2025-02-05,300028650,154
2025-02-05,ZLT24020668,33
2025-02-05,ZLT24020669,32
2025-02-06,100001753,139
2025-02-06,100003032,569
2025-02-06,100003040,2
2025-02-06,100003041,255
2025-02-06,100003042,253
2025-02-06,100004575,0
2025-02-06,100007390,547
2025-02-06,100011747,101
2025-02-06,100011783,118
2025-02-06,100012217,222
2025-02-06,100017441,527
2025-02-06,100017523,2
2025-02-06,100025474,726
2025-02-06,100035408,55
2025-02-06,100035409,0
2025-02-06,100041114,9
2025-02-06,100047030,132
2025-02-06,100052600,292
2025-02-06,100052602,0
2025-02-06,100052603,18
2025-02-06,100052605,16
2025-02-06,100052606,68
2025-02-06,100053055,15
2025-02-06,100053059,21
2025-02-06,100053210,41
2025-02-06,100054073,40
2025-02-06,100055268,86
2025-02-06,100056188,270
2025-02-06,300014985,488
2025-02-06,300014986,488
2025-02-06,300014993,121
2025-02-06,300014994,103
2025-02-06,300014995,423
2025-02-06,300014996,501
2025-02-06,300020478,119
2025-02-06,300020679,741
2025-02-06,300020816,294
2025-02-06,300020817,252
2025-02-06,300021685,0
2025-02-06,300028650,120
2025-02-06,ZLT24020668,20
2025-02-06,ZLT24020669,18
2025-02-07,100001753,90
2025-02-07,100003032,456
2025-02-07,100003040,11
2025-02-07,100003041,228
2025-02-07,100003042,242
2025-02-07,100004575,0
2025-02-07,100007390,764
2025-02-07,100011747,68
2025-02-07,100011783,105
2025-02-07,100012217,262
2025-02-07,100017441,355
2025-02-07,100017523,3
2025-02-07,100025474,343
2025-02-07,100035408,94
2025-02-07,100035409,0
2025-02-07,100041114,45
2025-02-07,100047030,73
2025-02-07,100052600,254
2025-02-07,100052602,2
2025-02-07,100052603,11
2025-02-07,100052605,11
2025-02-07,100052606,31
2025-02-07,100053055,5
2025-02-07,100053059,47
2025-02-07,100053210,23
2025-02-07,100054073,65
2025-02-07,100055268,73
2025-02-07,100056188,248
2025-02-07,300014985,410
2025-02-07,300014986,395
2025-02-07,300014993,107
2025-02-07,300014994,96
2025-02-07,300014995,465
2025-02-07,300014996,427
2025-02-07,300020478,58
2025-02-07,300020679,655
2025-02-07,300020816,262
2025-02-07,300020817,208
2025-02-07,300021685,0
2025-02-07,300028650,108
2025-02-07,ZLT24020668,18
2025-02-07,ZLT24020669,13
2025-02-08,100001753,37
2025-02-08,100003032,273
2025-02-08,100003040,9
2025-02-08,100003041,89
2025-02-08,100003042,121
2025-02-08,100004575,0
2025-02-08,100007390,1954
2025-02-08,100011747,24
2025-02-08,100011783,54
2025-02-08,100012217,212
2025-02-08,100017441,156
2025-02-08,100017523,3
2025-02-08,100025474,587
2025-02-08,100035408,56
2025-02-08,100035409,0
2025-02-08,100041114,17
2025-02-08,100047030,59
2025-02-08,100052600,148
2025-02-08,100052602,3
2025-02-08,100052603,10
2025-02-08,100052605,16
2025-02-08,100052606,45
2025-02-08,100053055,8
2025-02-08,100053059,33
2025-02-08,100053210,27
2025-02-08,100054073,55
2025-02-08,100055268,35
2025-02-08,100056188,174
2025-02-08,300014985,285
2025-02-08,300014986,269
2025-02-08,300014993,56
2025-02-08,300014994,82
2025-02-08,300014995,283
2025-02-08,300014996,257
2025-02-08,300020478,19
2025-02-08,300020679,450
2025-02-08,300020816,151
2025-02-08,300020817,126
2025-02-08,300021685,2
2025-02-08,300028650,85
2025-02-08,ZLT24020668,9
2025-02-08,ZLT24020669,9
2025-02-09,100001753,25
2025-02-09,100003032,218
2025-02-09,100003040,7
2025-02-09,100003041,87
2025-02-09,100003042,86
2025-02-09,100004575,0
2025-02-09,100007390,3219
2025-02-09,100011747,29
2025-02-09,100011783,56
2025-02-09,100012217,202
2025-02-09,100017441,142
2025-02-09,100017523,34
2025-02-09,100025474,610
2025-02-09,100035408,47
2025-02-09,100035409,0
2025-02-09,100041114,21
2025-02-09,100047030,52
2025-02-09,100052600,162
2025-02-09,100052602,2
2025-02-09,100052603,17
2025-02-09,100052605,8
2025-02-09,100052606,48
2025-02-09,100053055,1
2025-02-09,100053059,27
2025-02-09,100053210,26
2025-02-09,100054073,15
2025-02-09,100055268,61
2025-02-09,100056188,137
2025-02-09,300014985,209
2025-02-09,300014986,211
2025-02-09,300014993,52
2025-02-09,300014994,50
2025-02-09,300014995,216
2025-02-09,300014996,204
2025-02-09,300020478,25
2025-02-09,300020679,361
2025-02-09,300020816,124
2025-02-09,300020817,100
2025-02-09,300021685,0
2025-02-09,300028650,85
2025-02-09,ZLT24020668,5
2025-02-09,ZLT24020669,0
2025-02-10,100001753,127
2025-02-10,100003032,632
2025-02-10,100003040,17
2025-02-10,100003041,321
2025-02-10,100003042,352
2025-02-10,100004575,0
2025-02-10,100007390,2359
2025-02-10,100011747,93
2025-02-10,100011783,172
2025-02-10,100012217,301
2025-02-10,100017441,536
2025-02-10,100017523,32
2025-02-10,100025474,421
2025-02-10,100035408,96
2025-02-10,100035409,0
2025-02-10,100041114,19
2025-02-10,100047030,129
2025-02-10,100052600,353
2025-02-10,100052602,2
2025-02-10,100052603,13
2025-02-10,100052605,21
2025-02-10,100053055,21
2025-02-10,100053059,48
2025-02-10,100053210,49
2025-02-10,100054073,63
2025-02-10,100055268,107
2025-02-10,100056188,320
2025-02-10,300014985,536
2025-02-10,300014986,520
2025-02-10,300014993,156
2025-02-10,300014994,129
2025-02-10,300014995,509
2025-02-10,300014996,492
2025-02-10,300020478,116
2025-02-10,300020679,844
2025-02-10,300020816,358
2025-02-10,300020817,315
2025-02-10,300021685,2
2025-02-10,300028650,155
2025-02-10,ZLT24020668,29
2025-02-10,ZLT24020669,71
2025-02-11,100001753,168
2025-02-11,100003032,810
2025-02-11,100003040,9
2025-02-11,100003041,477
2025-02-11,100003042,413
2025-02-11,100004575,0
2025-02-11,100007390,861
2025-02-11,100011747,119
2025-02-11,100011783,179
2025-02-11,100012217,323
2025-02-11,100017441,632
2025-02-11,100017523,47
2025-02-11,100025474,737
2025-02-11,100035408,122
2025-02-11,100035409,0
2025-02-11,100041114,32
2025-02-11,100047030,165
2025-02-11,100052600,406
2025-02-11,100052602,2
2025-02-11,100052603,25
2025-02-11,100052605,18
2025-02-11,100053055,34
2025-02-11,100053059,79
2025-02-11,100053210,60
2025-02-11,100054073,64
2025-02-11,100055268,112
2025-02-11,100056188,428
2025-02-11,300014985,625
2025-02-11,300014986,595
2025-02-11,300014993,186
2025-02-11,300014994,144
2025-02-11,300014995,658
2025-02-11,300014996,593
2025-02-11,300020478,167
2025-02-11,300020679,1022
2025-02-11,300020816,387
2025-02-11,300020817,338
2025-02-11,300021685,0
2025-02-11,300028650,158
2025-02-11,ZLT24020668,63
2025-02-11,ZLT24020669,57
2025-02-12,100001753,126
2025-02-12,100003032,646
2025-02-12,100003040,11
2025-02-12,100003041,397
2025-02-12,100003042,339
2025-02-12,100004575,0
2025-02-12,100007390,955
2025-02-12,100011747,113
2025-02-12,100011783,150
2025-02-12,100012217,303
2025-02-12,100017441,619
2025-02-12,100017523,52
2025-02-12,100025474,839
2025-02-12,100035408,80
2025-02-12,100035409,0
2025-02-12,100041114,37
2025-02-12,100047030,168
2025-02-12,100052600,310
2025-02-12,100052602,2
2025-02-12,100052603,18
2025-02-12,100052605,17
2025-02-12,100053055,27
2025-02-12,100053059,68
2025-02-12,100053210,50
2025-02-12,100054073,47
2025-02-12,100055268,84
2025-02-12,100056188,323
2025-02-12,300014985,584
2025-02-12,300014986,502
2025-02-12,300014993,142
2025-02-12,300014994,126
2025-02-12,300014995,468
2025-02-12,300014996,507
2025-02-12,300020478,203
2025-02-12,300020679,878
2025-02-12,300020816,321
2025-02-12,300020817,270
2025-02-12,300021685,0
2025-02-12,300028650,142
2025-02-12,ZLT24020668,75
2025-02-12,ZLT24020669,69
2025-02-13,100001753,22
2025-02-13,100003032,127
2025-02-13,100003040,1
2025-02-13,100003041,39
2025-02-13,100003042,66
2025-02-13,100004575,0
2025-02-13,100007390,699
2025-02-13,100011747,24
2025-02-13,100011783,25
2025-02-13,100012217,85
2025-02-13,100017441,65
2025-02-13,100017523,22
2025-02-13,100025474,508
2025-02-13,100035408,20
2025-02-13,100035409,0
2025-02-13,100041114,8
2025-02-13,100047030,31
2025-02-13,100052600,48
2025-02-13,100052602,5
2025-02-13,100052603,0
2025-02-13,100052605,2
2025-02-13,100053055,0
2025-02-13,100053059,31
2025-02-13,100053210,11
2025-02-13,100054073,38
2025-02-13,100055268,20
2025-02-13,100056188,65
2025-02-13,300014985,151
2025-02-13,300014986,147
2025-02-13,300014993,21
2025-02-13,300014994,17
2025-02-13,300014995,149
2025-02-13,300014996,144
2025-02-13,300020478,35
2025-02-13,300020679,121
2025-02-13,300020816,82
2025-02-13,300020817,17
2025-02-13,300021685,0
2025-02-13,300028650,24
2025-02-13,ZLT24020668,10
2025-02-13,ZLT24020669,2
2025-02-14,100001753,27
2025-02-14,100003032,343
2025-02-14,100003040,0
2025-02-14,100003041,196
2025-02-14,100003042,149
2025-02-14,100004575,0
2025-02-14,100007390,1602
2025-02-14,100011747,55
2025-02-14,100011783,74
2025-02-14,100012217,229
2025-02-14,100017441,267
2025-02-14,100017523,39
2025-02-14,100025474,532
2025-02-14,100035408,37
2025-02-14,100035409,0
2025-02-14,100041114,8
2025-02-14,100047030,41
2025-02-14,100052600,241
2025-02-14,100052602,0
2025-02-14,100052603,1
2025-02-14,100052605,8
2025-02-14,100053055,5
2025-02-14,100053059,45
2025-02-14,100053210,15
2025-02-14,100054073,43
2025-02-14,100055268,57
2025-02-14,100056188,246
2025-02-14,300014985,325
2025-02-14,300014986,317
2025-02-14,300014993,86
2025-02-14,300014994,75
2025-02-14,300014995,403
2025-02-14,300014996,344
2025-02-14,300020478,44
2025-02-14,300020679,498
2025-02-14,300020816,230
2025-02-14,300020817,171
2025-02-14,300021685,0
2025-02-14,300028650,62
2025-02-14,ZLT24020668,13
2025-02-14,ZLT24020669,0
2025-02-15,100001753,12
2025-02-15,100003032,202
2025-02-15,100003040,2
2025-02-15,100003041,45
2025-02-15,100003042,103
2025-02-15,100004575,0
2025-02-15,100007390,423
2025-02-15,100011747,15
2025-02-15,100011783,87
2025-02-15,100012217,159
2025-02-15,100017441,131
2025-02-15,100017523,278
2025-02-15,100025474,566
2025-02-15,100035408,25
2025-02-15,100035409,0
2025-02-15,100041114,17
2025-02-15,100047030,43
2025-02-15,100052600,134
2025-02-15,100052602,0
2025-02-15,100052603,3
2025-02-15,100052605,4
2025-02-15,100053055,12
2025-02-15,100053059,31
2025-02-15,100053210,45
2025-02-15,100054073,18
2025-02-15,100055268,58
2025-02-15,100056188,121
2025-02-15,300014985,196
2025-02-15,300014986,207
2025-02-15,300014993,67
2025-02-15,300014994,85
2025-02-15,300014995,226
2025-02-15,300014996,198
2025-02-15,300020478,35
2025-02-15,300020679,356
2025-02-15,300020816,128
2025-02-15,300020817,105
2025-02-15,300021685,0
2025-02-15,300028650,47
2025-02-15,ZLT24020668,5
2025-02-15,ZLT24020669,2
2025-02-16,100001753,0
2025-02-16,100003032,31
2025-02-16,100003040,0
2025-02-16,100003041,8
2025-02-16,100003042,20
2025-02-16,100004575,0
2025-02-16,100007390,793
2025-02-16,100011747,7
2025-02-16,100011783,5
2025-02-16,100012217,21
2025-02-16,100017441,19
2025-02-16,100017523,169
2025-02-16,100025474,490
2025-02-16,100035408,4
2025-02-16,100035409,0
2025-02-16,100041114,1
2025-02-16,100047030,4
2025-02-16,100052600,17
2025-02-16,100052602,0
2025-02-16,100052603,2
2025-02-16,100052605,0
2025-02-16,100053055,1
2025-02-16,100053059,3
2025-02-16,100053210,3
2025-02-16,100054073,6
2025-02-16,100055268,9
2025-02-16,100056188,25
2025-02-16,300014985,31
2025-02-16,300014986,23
2025-02-16,300014993,10
2025-02-16,300014994,5
2025-02-16,300014995,59
2025-02-16,300014996,14
2025-02-16,300020478,13
2025-02-16,300020679,53
2025-02-16,300020816,21
2025-02-16,300020817,19
2025-02-16,300021685,0
2025-02-16,300028650,12
2025-02-16,ZLT24020668,2
2025-02-16,ZLT24020669,0
2025-02-17,100001753,6
2025-02-17,100003032,0
2025-02-17,100003040,1
2025-02-17,100003041,1
2025-02-17,100003042,54
2025-02-17,100004575,0
2025-02-17,100007390,1283
2025-02-17,100011747,12
2025-02-17,100011783,14
2025-02-17,100012217,1
2025-02-17,100017441,32
2025-02-17,100017523,0
2025-02-17,100025474,175
2025-02-17,100035408,0
2025-02-17,100035409,0
2025-02-17,100041114,0
2025-02-17,100047030,13
2025-02-17,100052600,0
2025-02-17,100052602,0
2025-02-17,100052603,0
2025-02-17,100052605,0
2025-02-17,100053055,0
2025-02-17,100053059,1
2025-02-17,100053210,5
2025-02-17,100054073,28
2025-02-17,100055268,0
2025-02-17,100056188,39
2025-02-17,300014985,0
2025-02-17,300014986,0
2025-02-17,300014993,0
2025-02-17,300014994,3
2025-02-17,300014995,0
2025-02-17,300014996,0
2025-02-17,300020478,18
2025-02-17,300020679,1
2025-02-17,300020816,0
2025-02-17,300020817,0
2025-02-17,300021685,0
2025-02-17,300028650,0
2025-02-17,ZLT24020668,14
2025-02-17,ZLT24020669,39
2025-02-18,100001753,5
2025-02-18,100003032,10
2025-02-18,100003040,0
2025-02-18,100003041,57
2025-02-18,100003042,110
2025-02-18,100004575,0
2025-02-18,100007390,850
2025-02-18,100011747,10
2025-02-18,100011783,56
2025-02-18,100012217,0
2025-02-18,100017441,51
2025-02-18,100017523,0
2025-02-18,100025474,661
2025-02-18,100035408,0
2025-02-18,100035409,0
2025-02-18,100041114,0
2025-02-18,100047030,24
2025-02-18,100052600,0
2025-02-18,100052602,0
2025-02-18,100052603,1
2025-02-18,100052605,0
2025-02-18,100053055,3
2025-02-18,100053059,0
2025-02-18,100053210,10
2025-02-18,100054073,63
2025-02-18,100055268,0
2025-02-18,100056188,100
2025-02-18,300014985,0
2025-02-18,300014986,0
2025-02-18,300014993,45
2025-02-18,300014994,7
2025-02-18,300014995,0
2025-02-18,300014996,0
2025-02-18,300020478,60
2025-02-18,300020679,0
2025-02-18,300020816,0
2025-02-18,300020817,51
2025-02-18,300021685,0
2025-02-18,300028650,0
2025-02-18,ZLT24020668,78
2025-02-18,ZLT24020669,33
2025-02-19,100001753,19
2025-02-19,100003032,130
2025-02-19,100003040,1
2025-02-19,100003041,120
2025-02-19,100003042,122
2025-02-19,100004575,0
2025-02-19,100007390,526
2025-02-19,100011747,24
2025-02-19,100011783,88
2025-02-19,100012217,0
2025-02-19,100017441,79
2025-02-19,100017523,0
2025-02-19,100025474,1484
2025-02-19,100035408,0
2025-02-19,100035409,0
2025-02-19,100041114,2
2025-02-19,100047030,18
2025-02-19,100052600,0
2025-02-19,100052602,0
2025-02-19,100052603,0
2025-02-19,100052605,2
2025-02-19,100053055,2
2025-02-19,100053059,2
2025-02-19,100053210,90
2025-02-19,100054073,98
2025-02-19,100055268,0
2025-02-19,100056188,159
2025-02-19,300014985,0
2025-02-19,300014986,2
2025-02-19,300014993,37
2025-02-19,300014994,26
2025-02-19,300014995,0
2025-02-19,300014996,0
2025-02-19,300020478,89
2025-02-19,300020679,0
2025-02-19,300020816,5
2025-02-19,300020817,82
2025-02-19,300021685,0
2025-02-19,300028650,0
2025-02-19,ZLT24020668,34
2025-02-19,ZLT24020669,20
2025-02-20,100001753,25
2025-02-20,100003032,225
2025-02-20,100003040,0
2025-02-20,100003041,149
2025-02-20,100003042,156
2025-02-20,100004575,0
2025-02-20,100007390,153
2025-02-20,100011747,30
2025-02-20,100011783,91
2025-02-20,100012217,0
2025-02-20,100017441,229
2025-02-20,100017523,0
2025-02-20,100025474,1186
2025-02-20,100035408,0
2025-02-20,100035409,0
2025-02-20,100041114,2
2025-02-20,100047030,44
2025-02-20,100052600,0
2025-02-20,100052602,0
2025-02-20,100052603,0
2025-02-20,100052605,0
2025-02-20,100053055,12
2025-02-20,100053059,0
2025-02-20,100053210,16
2025-02-20,100054073,18
2025-02-20,100055268,0
2025-02-20,100056188,294
2025-02-20,300014985,0
2025-02-20,300014986,277
2025-02-20,300014993,37
2025-02-20,300014994,41
2025-02-20,300014995,0
2025-02-20,300014996,240
2025-02-20,300020478,101
2025-02-20,300020679,5
2025-02-20,300020816,155
2025-02-20,300020817,136
2025-02-20,300021685,0
2025-02-20,300028650,0
2025-02-20,ZLT24020668,29
2025-02-20,ZLT24020669,14
2025-02-21,100001753,18
2025-02-21,100003032,276
2025-02-21,100003040,0
2025-02-21,100003041,290
2025-02-21,100003042,127
2025-02-21,100004575,0
2025-02-21,100007390,173
2025-02-21,100011747,34
2025-02-21,100011783,94
2025-02-21,100012217,0
2025-02-21,100017441,250
2025-02-21,100017523,0
2025-02-21,100025474,637
2025-02-21,100035408,0
2025-02-21,100035409,0
2025-02-21,100041114,14
2025-02-21,100047030,0
2025-02-21,100052600,0
2025-02-21,100052602,0
2025-02-21,100052603,5
2025-02-21,100052605,0
2025-02-21,100053055,7
2025-02-21,100053059,0
2025-02-21,100053210,30
2025-02-21,100054073,28
2025-02-21,100055268,0
2025-02-21,100056188,245
2025-02-21,300014985,35
2025-02-21,300014986,398
2025-02-21,300014993,44
2025-02-21,300014994,41
2025-02-21,300014995,277
2025-02-21,300014996,231
2025-02-21,300020478,74
2025-02-21,300020679,216
2025-02-21,300020816,175
2025-02-21,300020817,160
2025-02-21,300021685,0
2025-02-21,300028650,0
2025-02-21,ZLT24020668,22
2025-02-21,ZLT24020669,13
2025-02-22,100001753,14
2025-02-22,100003032,170
2025-02-22,100003040,3
2025-02-22,100003041,68
2025-02-22,100003042,100
2025-02-22,100004575,0
2025-02-22,100007390,154
2025-02-22,100011747,14
2025-02-22,100011783,59
2025-02-22,100012217,160
2025-02-22,100017441,136
2025-02-22,100017523,0
2025-02-22,100025474,525
2025-02-22,100035408,0
2025-02-22,100035409,0
2025-02-22,100041114,6
2025-02-22,100047030,0
2025-02-22,100052600,0
2025-02-22,100052602,2
2025-02-22,100052603,4
2025-02-22,100052605,0
2025-02-22,100053055,4
2025-02-22,100053059,1
2025-02-22,100053210,18
2025-02-22,100054073,46
2025-02-22,100055268,0
2025-02-22,100056188,156
2025-02-22,300014985,109
2025-02-22,300014986,236
2025-02-22,300014993,39
2025-02-22,300014994,36
2025-02-22,300014995,163
2025-02-22,300014996,150
2025-02-22,300020478,95
2025-02-22,300020679,206
2025-02-22,300020816,122
2025-02-22,300020817,106
2025-02-22,300021685,0
2025-02-22,300028650,0
2025-02-22,ZLT24020668,20
2025-02-22,ZLT24020669,1
2025-02-23,100001753,17
2025-02-23,100003032,188
2025-02-23,100003040,2
2025-02-23,100003041,65
2025-02-23,100003042,81
2025-02-23,100004575,0
2025-02-23,100007390,145
2025-02-23,100011747,22
2025-02-23,100011783,51
2025-02-23,100012217,114
2025-02-23,100017441,107
2025-02-23,100017523,0
2025-02-23,100025474,564
2025-02-23,100035408,0
2025-02-23,100035409,0
2025-02-23,100041114,8
2025-02-23,100047030,0
2025-02-23,100052600,0
2025-02-23,100052602,3
2025-02-23,100052603,7
2025-02-23,100052605,2
2025-02-23,100053055,7
2025-02-23,100053059,2
2025-02-23,100053210,13
2025-02-23,100054073,46
2025-02-23,100055268,0
2025-02-23,100056188,134
2025-02-23,300014985,121
2025-02-23,300014986,197
2025-02-23,300014993,23
2025-02-23,300014994,24
2025-02-23,300014995,164
2025-02-23,300014996,145
2025-02-23,300020478,39
2025-02-23,300020679,204
2025-02-23,300020816,107
2025-02-23,300020817,89
2025-02-23,300021685,0
2025-02-23,300028650,24
2025-02-23,ZLT24020668,21
2025-02-23,ZLT24020669,9
2025-02-24,100001753,60
2025-02-24,100003032,482
2025-02-24,100003040,11
2025-02-24,100003041,288
2025-02-24,100003042,248
2025-02-24,100004575,0
2025-02-24,100007390,281
2025-02-24,100011747,64
2025-02-24,100011783,140
2025-02-24,100012217,263
2025-02-24,100017441,445
2025-02-24,100017523,109
2025-02-24,100035409,0
2025-02-24,100041114,5
2025-02-24,100047030,0
2025-02-24,100052600,0
2025-02-24,100052602,1
2025-02-24,100052603,8
2025-02-24,100052605,5
2025-02-24,100053055,36
2025-02-24,100053059,3
2025-02-24,100053210,38
2025-02-24,100054073,67
2025-02-24,100055268,0
2025-02-24,100056188,275
2025-02-24,300014985,325
2025-02-24,300014986,506
2025-02-24,300014993,129
2025-02-24,300014994,98
2025-02-24,300014995,443
2025-02-24,300014996,434
2025-02-24,300020478,139
2025-02-24,300020679,569
2025-02-24,300020816,295
2025-02-24,300020817,263
2025-02-24,300021685,0
2025-02-24,300028650,59
2025-02-24,ZLT24020668,50
2025-02-24,ZLT24020669,17
2025-02-25,100001753,78
2025-02-25,100003032,587
2025-02-25,100003040,14
2025-02-25,100003041,359
2025-02-25,100003042,351
2025-02-25,100004575,0
2025-02-25,100007390,314
2025-02-25,100011747,109
2025-02-25,100011783,178
2025-02-25,100012217,304
2025-02-25,100017441,583
2025-02-25,100017523,133
2025-02-25,100035409,0
2025-02-25,100041114,158
2025-02-25,100047030,61
2025-02-25,100052600,0
2025-02-25,100052602,2
2025-02-25,100052603,4
2025-02-25,100052605,13
2025-02-25,100053055,50
2025-02-25,100053059,115
2025-02-25,100053210,37
2025-02-25,100054073,113
2025-02-25,100055268,0
2025-02-25,100056188,336
2025-02-25,300014985,563
2025-02-25,300014986,547
2025-02-25,300014993,154
2025-02-25,300014994,99
2025-02-25,300014995,541
2025-02-25,300014996,558
2025-02-25,300020478,196
2025-02-25,300020679,834
2025-02-25,300020816,357
2025-02-25,300020817,324
2025-02-25,300021685,0
2025-02-25,300028650,79
2025-02-25,ZLT24020668,71
2025-02-25,ZLT24020669,60
2025-02-26,100001753,83
2025-02-26,100003032,741
2025-02-26,100003040,17
2025-02-26,100003041,485
2025-02-26,100003042,426
2025-02-26,100004575,0
2025-02-26,100007390,318
2025-02-26,100011747,132
2025-02-26,100011783,237
2025-02-26,100012217,383
2025-02-26,100017441,674
2025-02-26,100017523,156
2025-02-26,100035409,0
2025-02-26,100041114,16
2025-02-26,100047030,254
2025-02-26,100052600,2
2025-02-26,100052602,5
2025-02-26,100052603,1
2025-02-26,100052605,32
2025-02-26,100053055,39
2025-02-26,100053059,121
2025-02-26,100053210,59
2025-02-26,100054073,62
2025-02-26,100055268,0
2025-02-26,100056188,440
2025-02-26,300014985,659
2025-02-26,300014986,616
2025-02-26,300014993,172
2025-02-26,300014994,139
2025-02-26,300014995,701
2025-02-26,300014996,658
2025-02-26,300020478,286
2025-02-26,300020679,941
2025-02-26,300020816,387
2025-02-26,300020817,342
2025-02-26,300021685,0
2025-02-26,300028650,173
2025-02-26,ZLT24020668,79
2025-02-26,ZLT24020669,77
2025-02-27,100001753,75
2025-02-27,100003032,561
2025-02-27,100003040,10
2025-02-27,100003041,300
2025-02-27,100003042,260
2025-02-27,100004575,0
2025-02-27,100007390,247
2025-02-27,100011747,107
2025-02-27,100011783,168
2025-02-27,100012217,250
2025-02-27,100017441,443
2025-02-27,100017523,82
2025-02-27,100035409,0
2025-02-27,100041114,3
2025-02-27,100047030,152
2025-02-27,100052600,3
2025-02-27,100052602,4
2025-02-27,100052603,11
2025-02-27,100052605,9
2025-02-27,100053055,28
2025-02-27,100053059,81
2025-02-27,100053210,20
2025-02-27,100054073,57
2025-02-27,100055268,0
2025-02-27,100056188,330
2025-02-27,300014985,562
2025-02-27,300014986,476
2025-02-27,300014993,132
2025-02-27,300014994,104
2025-02-27,300014995,578
2025-02-27,300014996,488
2025-02-27,300020478,119
2025-02-27,300020679,746
2025-02-27,300020816,344
2025-02-27,300020817,307
2025-02-27,300021685,0
2025-02-27,300028650,138
2025-02-27,ZLT24020668,53
2025-02-27,ZLT24020669,47
2025-02-28,100001753,51
2025-02-28,100003032,419
2025-02-28,100003040,7
2025-02-28,100003041,197
2025-02-28,100003042,187
2025-02-28,100004575,0
2025-02-28,100007390,197
2025-02-28,100011747,88
2025-02-28,100011783,99
2025-02-28,100012217,232
2025-02-28,100017441,279
2025-02-28,100017523,13
2025-02-28,100035409,0
2025-02-28,100041114,3
2025-02-28,100047030,146
2025-02-28,100052600,151
2025-02-28,100052602,2
2025-02-28,100052603,5
2025-02-28,100052605,8
2025-02-28,100053055,16
2025-02-28,100053059,59
2025-02-28,100053210,15
2025-02-28,100054073,35
2025-02-28,100055268,38
2025-02-28,100056188,295
2025-02-28,300014985,380
2025-02-28,300014986,386
2025-02-28,300014993,87
2025-02-28,300014994,81
2025-02-28,300014995,415
2025-02-28,300014996,338
2025-02-28,300020478,81
2025-02-28,300020679,667
2025-02-28,300020816,248
2025-02-28,300020817,191
2025-02-28,300021685,0
2025-02-28,300028650,87
2025-02-28,ZLT24020668,29
2025-02-28,ZLT24020669,46
2025-03-01,100001753,26
2025-03-01,100003032,160
2025-03-01,100003040,9
2025-03-01,100003041,24
2025-03-01,100003042,18
2025-03-01,100004575,0
2025-03-01,100007390,402
2025-03-01,100011747,29
2025-03-01,100011783,39
2025-03-01,100012217,148
2025-03-01,100017441,56
2025-03-01,100017523,8
2025-03-01,100025474,565
2025-03-01,100035409,0
2025-03-01,100041114,3
2025-03-01,100047030,33
2025-03-01,100052600,58
2025-03-01,100052602,11
2025-03-01,100052603,5
2025-03-01,100052605,1
2025-03-01,100053055,2
2025-03-01,100053059,34
2025-03-01,100053210,9
2025-03-01,100054073,22
2025-03-01,100055268,23
2025-03-01,100056188,149
2025-03-01,300014985,165
2025-03-01,300014986,149
2025-03-01,300014993,52
2025-03-01,300014994,19
2025-03-01,300014995,175
2025-03-01,300014996,162
2025-03-01,300020478,24
2025-03-01,300020679,234
2025-03-01,300020816,108
2025-03-01,300020817,99
2025-03-01,300021685,0
2025-03-01,300028650,51
2025-03-01,ZLT24020668,19
2025-03-01,ZLT24020669,12
2025-03-02,100001753,8
2025-03-02,100003032,115
2025-03-02,100003040,5
2025-03-02,100003041,35
2025-03-02,100003042,53
2025-03-02,100004575,0
2025-03-02,100007390,130
2025-03-02,100011747,22
2025-03-02,100011783,32
2025-03-02,100012217,69
2025-03-02,100017441,76
2025-03-02,100017523,2
2025-03-02,100025474,616
2025-03-02,100035409,0
2025-03-02,100041114,5
2025-03-02,100047030,31
2025-03-02,100052600,53
2025-03-02,100052602,0
2025-03-02,100052603,5
2025-03-02,100052605,4
2025-03-02,100053055,1
2025-03-02,100053059,55
2025-03-02,100053210,6
2025-03-02,100054073,12
2025-03-02,100055268,24
2025-03-02,100056188,86
2025-03-02,300014985,138
2025-03-02,300014986,107
2025-03-02,300014993,29
2025-03-02,300014994,24
2025-03-02,300014995,123
2025-03-02,300014996,100
2025-03-02,300020478,20
2025-03-02,300020679,209
2025-03-02,300020816,86
2025-03-02,300020817,86
2025-03-02,300021685,0
2025-03-02,300028650,40
2025-03-02,ZLT24020668,4
2025-03-02,ZLT24020669,11
2025-03-03,100001753,51
2025-03-03,100003032,308
2025-03-03,100003040,7
2025-03-03,100003041,144
2025-03-03,100003042,200
2025-03-03,100004575,0
2025-03-03,100007390,207
2025-03-03,100011747,69
2025-03-03,100011783,98
2025-03-03,100012217,185
2025-03-03,100017441,346
2025-03-03,100017523,5
2025-03-03,100025474,503
2025-03-03,100035409,0
2025-03-03,100041114,6
2025-03-03,100047030,121
2025-03-03,100052600,191
2025-03-03,100052602,5
2025-03-03,100052603,9
2025-03-03,100052605,11
2025-03-03,100053055,20
2025-03-03,100053059,46
2025-03-03,100053210,28
2025-03-03,100054073,35
2025-03-03,100055268,68
2025-03-03,100056188,212
2025-03-03,300014985,341
2025-03-03,300014986,320
2025-03-03,300014993,72
2025-03-03,300014994,59
2025-03-03,300014995,336
2025-03-03,300014996,301
2025-03-03,300020478,98
2025-03-03,300020679,483
2025-03-03,300020816,224
2025-03-03,300020817,192
2025-03-03,300021685,0
2025-03-03,300028650,75
2025-03-03,ZLT24020668,21
2025-03-03,ZLT24020669,36
2025-03-04,100001753,82
2025-03-04,100003032,480
2025-03-04,100003040,7
2025-03-04,100003041,240
2025-03-04,100003042,246
2025-03-04,100004575,0
2025-03-04,100007390,286
2025-03-04,100011747,88
2025-03-04,100011783,139
2025-03-04,100012217,243
2025-03-04,100017441,490
2025-03-04,100017523,19
2025-03-04,100025474,469
2025-03-04,100035409,0
2025-03-04,100041114,26
2025-03-04,100047030,157
2025-03-04,100052600,337
2025-03-04,100052602,4
2025-03-04,100052603,12
2025-03-04,100052605,14
2025-03-04,100053055,24
2025-03-04,100053059,42
2025-03-04,100053210,50
2025-03-04,100054073,38
2025-03-04,100055268,87
2025-03-04,100056188,277
2025-03-04,300014985,472
2025-03-04,300014986,466
2025-03-04,300014993,113
2025-03-04,300014994,91
2025-03-04,300014995,424
2025-03-04,300014996,452
2025-03-04,300020478,120
2025-03-04,300020679,700
2025-03-04,300020816,283
2025-03-04,300020817,255
2025-03-04,300021685,0
2025-03-04,300028650,113
2025-03-04,ZLT24020668,36
2025-03-04,ZLT24020669,38
2025-03-05,100001753,70
2025-03-05,100003032,396
2025-03-05,100003040,3
2025-03-05,100003041,243
2025-03-05,100003042,207
2025-03-05,100004575,0
2025-03-05,100007390,192
2025-03-05,100011747,60
2025-03-05,100011783,117
2025-03-05,100012217,202
2025-03-05,100017441,436
2025-03-05,100017523,24
2025-03-05,100025474,553
2025-03-05,100035409,0
2025-03-05,100041114,6
2025-03-05,100047030,128
2025-03-05,100052600,237
2025-03-05,100052602,0
2025-03-05,100052603,2
2025-03-05,100052605,5
2025-03-05,100053055,14
2025-03-05,100053059,37
2025-03-05,100053210,26
2025-03-05,100054073,45
2025-03-05,100055268,58
2025-03-05,100056188,273
2025-03-05,300014985,396
2025-03-05,300014986,338
2025-03-05,300014993,65
2025-03-05,300014994,58
2025-03-05,300014995,372
2025-03-05,300014996,382
2025-03-05,300020478,104
2025-03-05,300020679,589
2025-03-05,300020816,219
2025-03-05,300020817,148
2025-03-05,300021685,0
2025-03-05,300028650,108
2025-03-05,ZLT24020668,37
2025-03-05,ZLT24020669,44
2025-03-06,100001753,71
2025-03-06,100003032,529
2025-03-06,100003040,4
2025-03-06,100003041,237
2025-03-06,100003042,293
2025-03-06,100004575,0
2025-03-06,100007390,257
2025-03-06,100011747,97
2025-03-06,100011783,161
2025-03-06,100012217,327
2025-03-06,100017441,511
2025-03-06,100017523,122
2025-03-06,100025474,1027
2025-03-06,100035409,0
2025-03-06,100041114,13
2025-03-06,100047030,140
2025-03-06,100052600,298
2025-03-06,100052602,6
2025-03-06,100052603,2
2025-03-06,100052605,7
2025-03-06,100053055,18
2025-03-06,100053059,56
2025-03-06,100053210,48
2025-03-06,100054073,52
2025-03-06,100055268,103
2025-03-06,100056188,335
2025-03-06,300014985,489
2025-03-06,300014986,482
2025-03-06,300014993,104
2025-03-06,300014994,92
2025-03-06,300014995,475
2025-03-06,300014996,450
2025-03-06,300020478,176
2025-03-06,300020679,727
2025-03-06,300020816,298
2025-03-06,300020817,248
2025-03-06,300021685,0
2025-03-06,300028650,148
2025-03-06,ZLT24020668,51
2025-03-06,ZLT24020669,47
2025-03-07,100001753,66
2025-03-07,100003032,406
2025-03-07,100003040,11
2025-03-07,100003041,184
2025-03-07,100003042,193
2025-03-07,100004575,0
2025-03-07,100007390,264
2025-03-07,100011747,80
2025-03-07,100011783,121
2025-03-07,100012217,255
2025-03-07,100017441,313
2025-03-07,100017523,66
2025-03-07,100025474,671
2025-03-07,100035409,0
2025-03-07,100041114,29
2025-03-07,100047030,99
2025-03-07,100052600,238
2025-03-07,100052602,6
2025-03-07,100052603,3
2025-03-07,100052605,16
2025-03-07,100053055,17
2025-03-07,100053059,61
2025-03-07,100053210,25
2025-03-07,100054073,21
2025-03-07,100055268,61
2025-03-07,100056188,289
2025-03-07,300014985,397
2025-03-07,300014986,343
2025-03-07,300014993,80
2025-03-07,300014994,62
2025-03-07,300014995,386
2025-03-07,300014996,359
2025-03-07,300020478,151
2025-03-07,300020679,520
2025-03-07,300020816,216
2025-03-07,300020817,167
2025-03-07,300021685,0
2025-03-07,300028650,126
2025-03-07,ZLT24020668,31
2025-03-07,ZLT24020669,41
2025-03-08,100001753,27
2025-03-08,100003032,224
2025-03-08,100003040,2
2025-03-08,100003041,116
2025-03-08,100003042,130
2025-03-08,100004575,0
2025-03-08,100007390,212
2025-03-08,100011747,39
2025-03-08,100011783,73
2025-03-08,100012217,230
2025-03-08,100017441,196
2025-03-08,100017523,64
2025-03-08,100025474,569
2025-03-08,100035409,0
2025-03-08,100041114,13
2025-03-08,100047030,62
2025-03-08,100052600,136
2025-03-08,100052602,4
2025-03-08,100052603,9
2025-03-08,100052605,13
2025-03-08,100053055,9
2025-03-08,100053059,35
2025-03-08,100053210,19
2025-03-08,100054073,31
2025-03-08,100055268,43
2025-03-08,100056188,189
2025-03-08,300014985,295
2025-03-08,300014986,271
2025-03-08,300014993,51
2025-03-08,300014994,39
2025-03-08,300014995,253
2025-03-08,300014996,206
2025-03-08,300020478,73
2025-03-08,300020679,341
2025-03-08,300020816,159
2025-03-08,300020817,123
2025-03-08,300021685,0
2025-03-08,300028650,77
2025-03-08,ZLT24020668,37
2025-03-08,ZLT24020669,47
2025-03-09,100001753,45
2025-03-09,100003032,190
2025-03-09,100003040,5
2025-03-09,100003041,87
2025-03-09,100003042,89
2025-03-09,100004575,0
2025-03-09,100007390,156
2025-03-09,100011747,30
2025-03-09,100011783,70
2025-03-09,100012217,199
2025-03-09,100017441,143
2025-03-09,100017523,45
2025-03-09,100025474,558
2025-03-09,100035409,0
2025-03-09,100041114,31
2025-03-09,100047030,33
2025-03-09,100052600,101
2025-03-09,100052602,6
2025-03-09,100052603,6
2025-03-09,100052605,20
2025-03-09,100053055,3
2025-03-09,100053059,39
2025-03-09,100053210,24
2025-03-09,100054073,29
2025-03-09,100055268,58
2025-03-09,100056188,145
2025-03-09,300014985,212
2025-03-09,300014986,220
2025-03-09,300014993,62
2025-03-09,300014994,61
2025-03-09,300014995,196
2025-03-09,300014996,187
2025-03-09,300020478,87
2025-03-09,300020679,348
2025-03-09,300020816,134
2025-03-09,300020817,111
2025-03-09,300021685,0
2025-03-09,300028650,77
2025-03-09,ZLT24020668,21
2025-03-09,ZLT24020669,35
2025-03-10,100001753,105
2025-03-10,100003032,645
2025-03-10,100003040,12
2025-03-10,100003041,436
2025-03-10,100003042,314
2025-03-10,100004575,0
2025-03-10,100007390,221
2025-03-10,100011747,109
2025-03-10,100011783,206
2025-03-10,100012217,333
2025-03-10,100017441,555
2025-03-10,100017523,60
2025-03-10,100025474,601
2025-03-10,100035409,0
2025-03-10,100041114,15
2025-03-10,100047030,127
2025-03-10,100052600,362
2025-03-10,100052602,7
2025-03-10,100052603,8
2025-03-10,100052605,21
2025-03-10,100053055,23
2025-03-10,100053059,52
2025-03-10,100053210,40
2025-03-10,100054073,72
2025-03-10,100055268,119
2025-03-10,100056188,420
2025-03-10,300014985,590
2025-03-10,300014986,537
2025-03-10,300014993,153
2025-03-10,300014994,129
2025-03-10,300014995,561
2025-03-10,300014996,530
2025-03-10,300020478,218
2025-03-10,300020679,881
2025-03-10,300020816,367
2025-03-10,300020817,318
2025-03-10,300021685,0
2025-03-10,300028650,176
2025-03-10,ZLT24020668,40
2025-03-10,ZLT24020669,45
2025-03-11,100001753,150
2025-03-11,100003032,1010
2025-03-11,100003040,30
2025-03-11,100003041,565
2025-03-11,100003042,574
2025-03-11,100004575,0
2025-03-11,100007390,357
2025-03-11,100011747,188
2025-03-11,100011783,334
2025-03-11,100012217,511
2025-03-11,100017441,920
2025-03-11,100017523,193
2025-03-11,100025474,1075
2025-03-11,100035409,0
2025-03-11,100041114,63
2025-03-11,100047030,252
2025-03-11,100052600,519
2025-03-11,100052602,23
2025-03-11,100052603,12
2025-03-11,100052605,49
2025-03-11,100053055,42
2025-03-11,100053059,103
2025-03-11,100053210,76
2025-03-11,100054073,86
2025-03-11,100055268,162
2025-03-11,100056188,597
2025-03-11,300014985,842
2025-03-11,300014986,797
2025-03-11,300014993,265
2025-03-11,300014994,215
2025-03-11,300014995,809
2025-03-11,300014996,771
2025-03-11,300020478,409
2025-03-11,300020679,1296
2025-03-11,300020816,538
2025-03-11,300020817,428
2025-03-11,300021685,0
2025-03-11,300028650,277
2025-03-11,ZLT24020668,120
2025-03-11,ZLT24020669,101
2025-03-12,100001753,134
2025-03-12,100003032,873
2025-03-12,100003040,16
2025-03-12,100003041,602
2025-03-12,100003042,521
2025-03-12,100004575,0
2025-03-12,100007390,302
2025-03-12,100011747,144
2025-03-12,100011783,260
2025-03-12,100012217,438
2025-03-12,100017441,775
2025-03-12,100017523,169
2025-03-12,100025474,1011
2025-03-12,100035409,0
2025-03-12,100041114,36
2025-03-12,100047030,211
2025-03-12,100052600,442
2025-03-12,100052602,4
2025-03-12,100052603,4
2025-03-12,100052605,14
2025-03-12,100053055,38
2025-03-12,100053059,107
2025-03-12,100053210,52
2025-03-12,100054073,69
2025-03-12,100055268,133
2025-03-12,100056188,549
2025-03-12,300014985,751
2025-03-12,300014986,692
2025-03-12,300014993,189
2025-03-12,300014994,170
2025-03-12,300014995,725
2025-03-12,300014996,680
2025-03-12,300020478,325
2025-03-12,300020679,1151
2025-03-12,300020816,447
2025-03-12,300020817,383
2025-03-12,300021685,0
2025-03-12,300028650,188
2025-03-12,ZLT24020668,97
2025-03-12,ZLT24020669,101
2025-03-13,100001753,191
2025-03-13,100003032,1019
2025-03-13,100003040,23
2025-03-13,100003041,658
2025-03-13,100003042,608
2025-03-13,100004575,0
2025-03-13,100007390,321
2025-03-13,100011747,190
2025-03-13,100011783,283
2025-03-13,100012217,535
2025-03-13,100017441,866
2025-03-13,100017523,201
2025-03-13,100025474,1142
2025-03-13,100035409,0
2025-03-13,100041114,38
2025-03-13,100047030,277
2025-03-13,100052600,512
2025-03-13,100052602,19
2025-03-13,100052603,2
2025-03-13,100052605,23
2025-03-13,100053055,46
2025-03-13,100053059,103
2025-03-13,100053210,63
2025-03-13,100054073,98
2025-03-13,100055268,178
2025-03-13,100056188,595
2025-03-13,300014985,895
2025-03-13,300014986,828
2025-03-13,300014993,246
2025-03-13,300014994,181
2025-03-13,300014995,885
2025-03-13,300014996,791
2025-03-13,300020478,373
2025-03-13,300020679,1265
2025-03-13,300020816,481
2025-03-13,300020817,387
2025-03-13,300021685,0
2025-03-13,300028650,254
2025-03-13,ZLT24020668,107
2025-03-13,ZLT24020669,89
2025-03-14,100001753,188
2025-03-14,100003032,1064
2025-03-14,100003040,50
2025-03-14,100003041,650
2025-03-14,100003042,580
2025-03-14,100004575,0
2025-03-14,100007390,381
2025-03-14,100011747,208
2025-03-14,100011783,369
2025-03-14,100012217,748
2025-03-14,100017441,845
2025-03-14,100017523,226
2025-03-14,100025474,1249
2025-03-14,100035409,0
2025-03-14,100041114,130
2025-03-14,100047030,244
2025-03-14,100052600,656
2025-03-14,100052602,39
2025-03-14,100052603,13
2025-03-14,100052605,69
2025-03-14,100053055,48
2025-03-14,100053059,101
2025-03-14,100053210,116
2025-03-14,100054073,113
2025-03-14,100055268,245
2025-03-14,100056188,664
2025-03-14,300014985,973
2025-03-14,300014986,897
2025-03-14,300014993,335
2025-03-14,300014994,252
2025-03-14,300014995,945
2025-03-14,300014996,853
2025-03-14,300020478,498
2025-03-14,300020679,1335
2025-03-14,300020816,593
2025-03-14,300020817,520
2025-03-14,300021685,0
2025-03-14,300028650,329
2025-03-14,ZLT24020668,172
2025-03-14,ZLT24020669,146
2025-03-15,100001753,184
2025-03-15,100003032,1157
2025-03-15,100003040,96
2025-03-15,100003041,537
2025-03-15,100003042,572
2025-03-15,100004575,0
2025-03-15,100007390,457
2025-03-15,100011747,214
2025-03-15,100011783,441
2025-03-15,100012217,1024
2025-03-15,100017441,685
2025-03-15,100017523,270
2025-03-15,100025474,1366
2025-03-15,100035409,0
2025-03-15,100041114,351
2025-03-15,100047030,269
2025-03-15,100052600,866
2025-03-15,100052602,121
2025-03-15,100052603,22
2025-03-15,100052605,160
2025-03-15,100053055,55
2025-03-15,100053059,115
2025-03-15,100053210,167
2025-03-15,100054073,117
2025-03-15,100055268,527
2025-03-15,100056188,746
2025-03-15,300014985,1149
2025-03-15,300014986,1041
2025-03-15,300014993,384
2025-03-15,300014994,344
2025-03-15,300014995,985
2025-03-15,300014996,978
2025-03-15,300020478,449
2025-03-15,300020679,1316
2025-03-15,300020816,663
2025-03-15,300020817,574
2025-03-15,300021685,27
2025-03-15,300028650,441
2025-03-15,ZLT24020668,231
2025-03-15,ZLT24020669,205
2025-03-16,100001753,70
2025-03-16,100003032,414
2025-03-16,100003040,36
2025-03-16,100003041,257
2025-03-16,100003042,275
2025-03-16,100004575,0
2025-03-16,100007390,257
2025-03-16,100011747,66
2025-03-16,100011783,205
2025-03-16,100012217,400
2025-03-16,100017441,325
2025-03-16,100017523,118
2025-03-16,100025474,554
2025-03-16,100035409,0
2025-03-16,100041114,54
2025-03-16,100047030,108
2025-03-16,100052600,275
2025-03-16,100052602,13
2025-03-16,100052603,40
2025-03-16,100052605,41
2025-03-16,100053055,25
2025-03-16,100053059,68
2025-03-16,100053210,51
2025-03-16,100054073,53
2025-03-16,100055268,157
2025-03-16,100056188,314
2025-03-16,300014985,399
2025-03-16,300014986,397
2025-03-16,300014993,105
2025-03-16,300014994,73
2025-03-16,300014995,370
2025-03-16,300014996,338
2025-03-16,300020478,231
2025-03-16,300020679,615
2025-03-16,300020816,272
2025-03-16,300020817,223
2025-03-16,300021685,0
2025-03-16,300028650,182
2025-03-16,ZLT24020668,118
2025-03-16,ZLT24020669,104
2025-03-17,100001753,215
2025-03-17,100003032,1069
2025-03-17,100003040,31
2025-03-17,100003041,798
2025-03-17,100003042,689
2025-03-17,100004575,0
2025-03-17,100007390,387
2025-03-17,100011747,181
2025-03-17,100011783,370
2025-03-17,100012217,666
2025-03-17,100017441,983
2025-03-17,100017523,272
2025-03-17,100025474,1124
2025-03-17,100035409,0
2025-03-17,100041114,83
2025-03-17,100047030,256
2025-03-17,100052600,662
2025-03-17,100052602,23
2025-03-17,100052603,120
2025-03-17,100052605,47
2025-03-17,100053055,58
2025-03-17,100053059,85
2025-03-17,100053210,92
2025-03-17,100054073,132
2025-03-17,100055268,237
2025-03-17,100056188,655
2025-03-17,300014985,967
2025-03-17,300014986,850
2025-03-17,300014993,297
2025-03-17,300014994,228
2025-03-17,300014995,861
2025-03-17,300014996,814
2025-03-17,300020478,494
2025-03-17,300020679,1437
2025-03-17,300020816,581
2025-03-17,300020817,481
2025-03-17,300021685,10
2025-03-17,300028650,358
2025-03-17,ZLT24020668,169
2025-03-17,ZLT24020669,116
2025-03-18,100001753,374
2025-03-18,100003032,1530
2025-03-18,100003040,70
2025-03-18,100003041,1042
2025-03-18,100003042,968
2025-03-18,100004575,0
2025-03-18,100007390,510
2025-03-18,100011747,260
2025-03-18,100011783,518
2025-03-18,100012217,880
2025-03-18,100017441,1367
2025-03-18,100017523,373
2025-03-18,100025474,1372
2025-03-18,100035409,0
2025-03-18,100041114,233
2025-03-18,100047030,393
2025-03-18,100052600,869
2025-03-18,100052602,47
2025-03-18,100052603,307
2025-03-18,100052605,111
2025-03-18,100053055,80
2025-03-18,100053059,121
2025-03-18,100053210,172
2025-03-18,100054073,142
2025-03-18,100055268,398
2025-03-18,100056188,880
2025-03-18,300014985,1309
2025-03-18,300014986,1234
2025-03-18,300014993,404
2025-03-18,300014994,339
2025-03-18,300014995,1248
2025-03-18,300014996,1176
2025-03-18,300020478,621
2025-03-18,300020679,1815
2025-03-18,300020816,798
2025-03-18,300020817,665
2025-03-18,300021685,7
2025-03-18,300028650,411
2025-03-18,ZLT24020668,231
2025-03-18,ZLT24020669,162
2025-03-19,100001753,507
2025-03-19,100003032,2108
2025-03-19,100003040,164
2025-03-19,100003041,1443
2025-03-19,100003042,1224
2025-03-19,100004575,0
2025-03-19,100007390,730
2025-03-19,100011747,322
2025-03-19,100011783,715
2025-03-19,100012217,1335
2025-03-19,100017441,1593
2025-03-19,100017523,456
2025-03-19,100025474,1752
2025-03-19,100035409,0
2025-03-19,100041114,390
2025-03-19,100047030,466
2025-03-19,100052600,1128
2025-03-19,100052602,82
2025-03-19,100052603,525
2025-03-19,100052605,185
2025-03-19,100053055,102
2025-03-19,100053059,140
2025-03-19,100053210,255
2025-03-19,100054073,199
2025-03-19,100055268,558
2025-03-19,100056188,1102
2025-03-19,300014985,1716
2025-03-19,300014986,1543
2025-03-19,300014993,578
2025-03-19,300014994,498
2025-03-19,300014995,1573
2025-03-19,300014996,1465
2025-03-19,300020478,908
2025-03-19,300020679,2214
2025-03-19,300020816,1010
2025-03-19,300020817,835
2025-03-19,300021685,32
2025-03-19,300028650,570
2025-03-19,ZLT24020668,301
2025-03-19,ZLT24020669,249
2025-03-20,100001753,445
2025-03-20,100003032,1878
2025-03-20,100003040,114
2025-03-20,100003041,1177
2025-03-20,100003042,1218
2025-03-20,100004575,0
2025-03-20,100007390,598
2025-03-20,100011747,351
2025-03-20,100011783,708
2025-03-20,100012217,1212
2025-03-20,100017441,1646
2025-03-20,100017523,448
2025-03-20,100025474,1905
2025-03-20,100035409,0
2025-03-20,100041114,289
2025-03-20,100047030,462
2025-03-20,100052600,1108
2025-03-20,100052602,62
2025-03-20,100052603,596
2025-03-20,100052605,135
2025-03-20,100053055,106
2025-03-20,100053059,144
2025-03-20,100053210,196
2025-03-20,100054073,233
2025-03-20,100055268,503
2025-03-20,100056188,1076
2025-03-20,300014985,1609
2025-03-20,300014986,1452
2025-03-20,300014993,529
2025-03-20,300014994,420
2025-03-20,300014995,1461
2025-03-20,300014996,1318
2025-03-20,300020478,852
2025-03-20,300020679,2092
2025-03-20,300020816,974
2025-03-20,300020817,815
2025-03-20,300021685,24
2025-03-20,300028650,516
2025-03-20,ZLT24020668,332
2025-03-20,ZLT24020669,215
2025-03-21,100001753,306
2025-03-21,100003032,1248
2025-03-21,100003040,58
2025-03-21,100003041,873
2025-03-21,100003042,717
2025-03-21,100004575,0
2025-03-21,100007390,510
2025-03-21,100011747,200
2025-03-21,100011783,461
2025-03-21,100012217,970
2025-03-21,100017441,1038
2025-03-21,100017523,286
2025-03-21,100025474,1580
2025-03-21,100035409,0
2025-03-21,100041114,187
2025-03-21,100047030,299
2025-03-21,100052600,788
2025-03-21,100052602,43
2025-03-21,100052603,485
2025-03-21,100052605,102
2025-03-21,100053055,66
2025-03-21,100053059,131
2025-03-21,100053210,147
2025-03-21,100054073,160
2025-03-21,100055268,366
2025-03-21,100056188,668
2025-03-21,300014985,1153
2025-03-21,300014986,1028
2025-03-21,300014993,348
2025-03-21,300014994,264
2025-03-21,300014995,1035
2025-03-21,300014996,1009
2025-03-21,300020478,549
2025-03-21,300020679,1602
2025-03-21,300020816,726
2025-03-21,300020817,576
2025-03-21,300021685,35
2025-03-21,300028650,419
2025-03-21,ZLT24020668,203
2025-03-21,ZLT24020669,183
2025-03-22,100001753,219
2025-03-22,100003032,907
2025-03-22,100003040,68
2025-03-22,100003041,440
2025-03-22,100003042,407
2025-03-22,100004575,0
2025-03-22,100007390,379
2025-03-22,100011747,107
2025-03-22,100011783,339
2025-03-22,100012217,835
2025-03-22,100017441,515
2025-03-22,100017523,243
2025-03-22,100025474,1079
2025-03-22,100035409,0
2025-03-22,100041114,333
2025-03-22,100047030,204
2025-03-22,100052600,627
2025-03-22,100052602,60
2025-03-22,100052603,370
2025-03-22,100052605,131
2025-03-22,100053055,48
2025-03-22,100053059,77
2025-03-22,100053210,126
2025-03-22,100054073,107
2025-03-22,100055268,364
2025-03-22,100056188,549
2025-03-22,300014985,735
2025-03-22,300014986,718
2025-03-22,300014993,260
2025-03-22,300014994,201
2025-03-22,300014995,686
2025-03-22,300014996,675
2025-03-22,300020478,336
2025-03-22,300020679,995
2025-03-22,300020816,453
2025-03-22,300020817,381
2025-03-22,300021685,27
2025-03-22,300028650,278
2025-03-22,ZLT24020668,236
2025-03-22,ZLT24020669,195
2025-03-23,100001753,101
2025-03-23,100003032,528
2025-03-23,100003040,26
2025-03-23,100003041,282
2025-03-23,100003042,252
2025-03-23,100004575,0
2025-03-23,100007390,269
2025-03-23,100011747,60
2025-03-23,100011783,177
2025-03-23,100012217,499
2025-03-23,100017441,338
2025-03-23,100017523,145
2025-03-23,100025474,890
2025-03-23,100035409,0
2025-03-23,100041114,101
2025-03-23,100047030,123
2025-03-23,100052600,359
2025-03-23,100052602,23
2025-03-23,100052603,252
2025-03-23,100052605,66
2025-03-23,100053055,25
2025-03-23,100053059,75
2025-03-23,100053210,84
2025-03-23,100054073,71
2025-03-23,100055268,175
2025-03-23,100056188,336
2025-03-23,300014985,457
2025-03-23,300014986,436
2025-03-23,300014993,130
2025-03-23,300014994,97
2025-03-23,300014995,415
2025-03-23,300014996,404
2025-03-23,300020478,209
2025-03-23,300020679,695
2025-03-23,300020816,271
2025-03-23,300020817,246
2025-03-23,300021685,7
2025-03-23,300028650,160
2025-03-23,ZLT24020668,157
2025-03-23,ZLT24020669,134
2025-03-24,100001753,125
2025-03-24,100003032,593
2025-03-24,100003040,11
2025-03-24,100003041,469
2025-03-24,100003042,387
2025-03-24,100004575,0
2025-03-24,100007390,270
2025-03-24,100011747,119
2025-03-24,100011783,175
2025-03-24,100012217,380
2025-03-24,100017441,559
2025-03-24,100017523,119
2025-03-24,100025474,670
2025-03-24,100035409,0
2025-03-24,100041114,25
2025-03-24,100047030,166
2025-03-24,100052600,353
2025-03-24,100052602,8
2025-03-24,100052603,127
2025-03-24,100052605,22
2025-03-24,100053055,31
2025-03-24,100053059,60
2025-03-24,100053210,44
2025-03-24,100054073,80
2025-03-24,100055268,110
2025-03-24,100056188,329
2025-03-24,300014985,565
2025-03-24,300014986,468
2025-03-24,300014993,164
2025-03-24,300014994,144
2025-03-24,300014995,508
2025-03-24,300014996,490
2025-03-24,300020478,195
2025-03-24,300020679,766
2025-03-24,300020816,360
2025-03-24,300020817,306
2025-03-24,300021685,4
2025-03-24,300028650,157
2025-03-24,ZLT24020668,87
2025-03-24,ZLT24020669,52
2025-03-25,100001753,189
2025-03-25,100003032,952
2025-03-25,100003040,22
2025-03-25,100003041,678
2025-03-25,100003042,608
2025-03-25,100004575,0
2025-03-25,100007390,317
2025-03-25,100011747,146
2025-03-25,100011783,317
2025-03-25,100012217,560
2025-03-25,100017441,946
2025-03-25,100017523,205
2025-03-25,100025474,1140
2025-03-25,100035409,0
2025-03-25,100041114,57
2025-03-25,100047030,231
2025-03-25,100052600,509
2025-03-25,100052602,10
2025-03-25,100052603,185
2025-03-25,100052605,23
2025-03-25,100053055,55
2025-03-25,100053059,88
2025-03-25,100053210,81
2025-03-25,100054073,114
2025-03-25,100055268,211
2025-03-25,100056188,611
2025-03-25,300014985,745
2025-03-25,300014986,712
2025-03-25,300014993,232
2025-03-25,300014994,179
2025-03-25,300014995,780
2025-03-25,300014996,695
2025-03-25,300020478,339
2025-03-25,300020679,1173
2025-03-25,300020816,467
2025-03-25,300020817,419
2025-03-25,300021685,7
2025-03-25,300028650,262
2025-03-25,ZLT24020668,155
2025-03-25,ZLT24020669,103
2025-03-26,100001753,274
2025-03-26,100003032,1270
2025-03-26,100003040,47
2025-03-26,100003041,898
2025-03-26,100003042,835
2025-03-26,100004575,0
2025-03-26,100007390,502
2025-03-26,100011747,204
2025-03-26,100011783,394
2025-03-26,100012217,871
2025-03-26,100017441,1216
2025-03-26,100017523,292
2025-03-26,100025474,1430
2025-03-26,100035409,1
2025-03-26,100041114,132
2025-03-26,100047030,283
2025-03-26,100052600,675
2025-03-26,100052602,21
2025-03-26,100052603,390
2025-03-26,100052605,62
2025-03-26,100053055,66
2025-03-26,100053059,125
2025-03-26,100053210,115
2025-03-26,100054073,151
2025-03-26,100055268,361
2025-03-26,100056188,811
2025-03-26,300014985,1112
2025-03-26,300014986,952
2025-03-26,300014993,307
2025-03-26,300014994,264
2025-03-26,300014995,1001
2025-03-26,300014996,969
2025-03-26,300020478,455
2025-03-26,300020679,1446
2025-03-26,300020816,645
2025-03-26,300020817,524
2025-03-26,300021685,3
2025-03-26,300028650,362
2025-03-26,ZLT24020668,163
2025-03-26,ZLT24020669,134
2025-03-27,100001753,328
2025-03-27,100003032,1530
2025-03-27,100003040,77
2025-03-27,100003041,937
2025-03-27,100003042,981
2025-03-27,100004575,0
2025-03-27,100007390,536
2025-03-27,100011747,252
2025-03-27,100011783,487
2025-03-27,100012217,1038
2025-03-27,100017441,1426
2025-03-27,100017523,368
2025-03-27,100025474,1696
2025-03-27,100035409,1
2025-03-27,100041114,239
2025-03-27,100047030,359
2025-03-27,100052600,839
2025-03-27,100052602,40
2025-03-27,100052603,520
2025-03-27,100052605,112
2025-03-27,100053055,77
2025-03-27,100053059,146
2025-03-27,100053210,162
2025-03-27,100054073,189
2025-03-27,100055268,446
2025-03-27,100056188,971
2025-03-27,300014985,1306
2025-03-27,300014986,1208
2025-03-27,300014993,392
2025-03-27,300014994,317
2025-03-27,300014995,1234
2025-03-27,300014996,1185
2025-03-27,300020478,587
2025-03-27,300020679,1759
2025-03-27,300020816,806
2025-03-27,300020817,650
2025-03-27,300021685,23
2025-03-27,300028650,421
2025-03-27,ZLT24020668,196
2025-03-27,ZLT24020669,158
2025-03-28,100001753,222
2025-03-28,100003032,1113
2025-03-28,100003040,39
2025-03-28,100003041,712
2025-03-28,100003042,686
2025-03-28,100004575,0
2025-03-28,100007390,472
2025-03-28,100011747,160
2025-03-28,100011783,361
2025-03-28,100012217,823
2025-03-28,100017441,996
2025-03-28,100017523,282
2025-03-28,100025474,1402
2025-03-28,100035409,1
2025-03-28,100041114,111
2025-03-28,100047030,243
2025-03-28,100052600,653
2025-03-28,100052602,27
2025-03-28,100052603,538
2025-03-28,100052605,63
2025-03-28,100053055,62
2025-03-28,100053059,159
2025-03-28,100053210,121
2025-03-28,100054073,129
2025-03-28,100055268,298
2025-03-28,100056188,767
2025-03-28,300014985,1013
2025-03-28,300014986,887
2025-03-28,300014993,273
2025-03-28,300014994,215
2025-03-28,300014995,896
2025-03-28,300014996,885
2025-03-28,300020478,439
2025-03-28,300020679,1377
2025-03-28,300020816,561
2025-03-28,300020817,455
2025-03-28,300021685,11
2025-03-28,300028650,356
2025-03-28,ZLT24020668,139
2025-03-28,ZLT24020669,110
2025-03-29,100001753,88
2025-03-29,100003032,472
2025-03-29,100003040,19
2025-03-29,100003041,216
2025-03-29,100003042,239
2025-03-29,100004575,0
2025-03-29,100007390,369
2025-03-29,100011747,54
2025-03-29,100011783,129
2025-03-29,100012217,489
2025-03-29,100017441,338
2025-03-29,100017523,126
2025-03-29,100025474,1023
2025-03-29,100035409,1
2025-03-29,100041114,76
2025-03-29,100047030,110
2025-03-29,100052600,324
2025-03-29,100052602,6
2025-03-29,100052603,197
2025-03-29,100052605,39
2025-03-29,100053055,18
2025-03-29,100053059,64
2025-03-29,100053210,82
2025-03-29,100054073,33
2025-03-29,100055268,116
2025-03-29,100056188,384
2025-03-29,300014985,470
2025-03-29,300014986,426
2025-03-29,300014993,99
2025-03-29,300014994,72
2025-03-29,300014995,440
2025-03-29,300014996,444
2025-03-29,300020478,127
2025-03-29,300020679,582
2025-03-29,300020816,259
2025-03-29,300020817,218
2025-03-29,300021685,14
2025-03-29,300028650,193
2025-03-29,ZLT24020668,74
2025-03-29,ZLT24020669,67
2025-03-30,100001753,30
2025-03-30,100003032,187
2025-03-30,100003040,5
2025-03-30,100003041,73
2025-03-30,100003042,114
2025-03-30,100004575,0
2025-03-30,100007390,205
2025-03-30,100011747,27
2025-03-30,100011783,61
2025-03-30,100012217,203
2025-03-30,100017441,159
2025-03-30,100017523,54
2025-03-30,100025474,380
2025-03-30,100035409,0
2025-03-30,100041114,12
2025-03-30,100047030,47
2025-03-30,100052600,115
2025-03-30,100052602,4
2025-03-30,100052603,72
2025-03-30,100052605,4
2025-03-30,100053055,5
2025-03-30,100053059,60
2025-03-30,100053210,37
2025-03-30,100054073,32
2025-03-30,100055268,28
2025-03-30,100056188,177
2025-03-30,300014985,194
2025-03-30,300014986,199
2025-03-30,300014993,30
2025-03-30,300014994,33
2025-03-30,300014995,192
2025-03-30,300014996,158
2025-03-30,300020478,43
2025-03-30,300020679,259
2025-03-30,300020816,126
2025-03-30,300020817,94
2025-03-30,300021685,0
2025-03-30,300028650,96
2025-03-30,ZLT24020668,35
2025-03-30,ZLT24020669,45
2025-03-31,100001753,144
2025-03-31,100003032,732
2025-03-31,100003040,22
2025-03-31,100003041,514
2025-03-31,100003042,526
2025-03-31,100004575,0
2025-03-31,100007390,332
2025-03-31,100011747,132
2025-03-31,100011783,267
2025-03-31,100012217,519
2025-03-31,100017441,748
2025-03-31,100017523,181
2025-03-31,100025474,940
2025-03-31,100035409,1
2025-03-31,100041114,87
2025-03-31,100047030,213
2025-03-31,100052600,492
2025-03-31,100052602,13
2025-03-31,100052603,167
2025-03-31,100052605,37
2025-03-31,100053055,34
2025-03-31,100053059,102
2025-03-31,100053210,89
2025-03-31,100054073,111
2025-03-31,100055268,197
2025-03-31,100056188,469
2025-03-31,300014985,605
2025-03-31,300014986,570
2025-03-31,300014993,190
2025-03-31,300014994,150
2025-03-31,300014995,599
2025-03-31,300014996,589
2025-03-31,300020478,299
2025-03-31,300020679,1014
2025-03-31,300020816,394
2025-03-31,300020817,331
2025-03-31,300021685,7
2025-03-31,300028650,227
2025-03-31,ZLT24020668,119
2025-03-31,ZLT24020669,111
2025-04-01,100001753,332
2025-04-01,100003032,1614
2025-04-01,100003040,87
2025-04-01,100003041,1127
2025-04-01,100003042,989
2025-04-01,100004575,0
2025-04-01,100007390,585
2025-04-01,100011747,233
2025-04-01,100011783,490
2025-04-01,100012217,969
2025-04-01,100017441,1450
2025-04-01,100017523,334
2025-04-01,100025474,1727
2025-04-01,100035409,0
2025-04-01,100041114,192
2025-04-01,100047030,364
2025-04-01,100052600,892
2025-04-01,100052602,29
2025-04-01,100052603,647
2025-04-01,100052605,66
2025-04-01,100053055,90
2025-04-01,100053059,113
2025-04-01,100053210,147
2025-04-01,100054073,213
2025-04-01,100055268,446
2025-04-01,100056188,898
2025-04-01,300014985,1228
2025-04-01,300014986,1194
2025-04-01,300014993,413
2025-04-01,300014994,322
2025-04-01,300014995,1252
2025-04-01,300014996,1127
2025-04-01,300020478,632
2025-04-01,300020679,1754
2025-04-01,300020816,794
2025-04-01,300020817,645
2025-04-01,300021685,13
2025-04-01,300028650,412
2025-04-01,ZLT24020668,200
2025-04-01,ZLT24020669,164
2025-04-02,100001753,318
2025-04-02,100003032,1418
2025-04-02,100003040,59
2025-04-02,100003041,1093
2025-04-02,100003042,925
2025-04-02,100004575,0
2025-04-02,100007390,528
2025-04-02,100011747,247
2025-04-02,100011783,443
2025-04-02,100012217,862
2025-04-02,100017441,1408
2025-04-02,100017523,354
2025-04-02,100025474,1676
2025-04-02,100035409,0
2025-04-02,100041114,177
2025-04-02,100047030,367
2025-04-02,100052600,858
2025-04-02,100052602,28
2025-04-02,100052603,639
2025-04-02,100052605,62
2025-04-02,100053055,81
2025-04-02,100053059,112
2025-04-02,100053210,152
2025-04-02,100054073,177
2025-04-02,100055268,385
2025-04-02,100056188,792
2025-04-02,300014985,1224
2025-04-02,300014986,1075
2025-04-02,300014993,350
2025-04-02,300014994,264
2025-04-02,300014995,1033
2025-04-02,300014996,1057
2025-04-02,300020478,544
2025-04-02,300020679,1652
2025-04-02,300020816,676
2025-04-02,300020817,591
2025-04-02,300021685,6
2025-04-02,300028650,379
2025-04-02,ZLT24020668,159
2025-04-02,ZLT24020669,164
2025-04-03,100001753,263
2025-04-03,100003032,1336
2025-04-03,100003040,81
2025-04-03,100003041,791
2025-04-03,100003042,842
2025-04-03,100004575,0
2025-04-03,100007390,499
2025-04-03,100011747,210
2025-04-03,100011783,369
2025-04-03,100012217,873
2025-04-03,100017441,1192
2025-04-03,100017523,282
2025-04-03,100025474,1500
2025-04-03,100035409,3
2025-04-03,100041114,250
2025-04-03,100047030,290
2025-04-03,100052600,781
2025-04-03,100052602,14
2025-04-03,100052603,365
2025-04-03,100052605,71
2025-04-03,100053055,47
2025-04-03,100053059,126
2025-04-03,100053210,143
2025-04-03,100054073,139
2025-04-03,100055268,365
2025-04-03,100056188,778
2025-04-03,300014985,1106
2025-04-03,300014986,1006
2025-04-03,300014993,304
2025-04-03,300014994,244
2025-04-03,300014995,996
2025-04-03,300014996,977
2025-04-03,300020478,442
2025-04-03,300020679,1467
2025-04-03,300020816,606
2025-04-03,300020817,557
2025-04-03,300021685,31
2025-04-03,300028650,367
2025-04-03,ZLT24020668,152
2025-04-03,ZLT24020669,158
2025-04-04,100001753,495
2025-04-04,100003032,2095
2025-04-04,100003040,198
2025-04-04,100003041,1379
2025-04-04,100003042,1344
2025-04-04,100004575,0
2025-04-04,100007390,744
2025-04-04,100011747,266
2025-04-04,100011783,687
2025-04-04,100012217,1485
2025-04-04,100017441,1662
2025-04-04,100017523,466
2025-04-04,100025474,2430
2025-04-04,100035409,4
2025-04-04,100041114,510
2025-04-04,100047030,445
2025-04-04,100052600,1335
2025-04-04,100052602,89
2025-04-04,100052603,928
2025-04-04,100052605,204
2025-04-04,100053055,134
2025-04-04,100053059,142
2025-04-04,100053210,252
2025-04-04,100054073,214
2025-04-04,100055268,716
2025-04-04,100056188,1228
2025-04-04,300014985,1714
2025-04-04,300014986,1563
2025-04-04,300014993,543
2025-04-04,300014994,478
2025-04-04,300014995,1565
2025-04-04,300014996,1504
2025-04-04,300020478,847
2025-04-04,300020679,2217
2025-04-04,300020816,1051
2025-04-04,300020817,931
2025-04-04,300021685,74
2025-04-04,300028650,527
2025-04-04,ZLT24020668,264
2025-04-04,ZLT24020669,273
2025-04-05,100001753,98
2025-04-05,100003032,526
2025-04-05,100003040,41
2025-04-05,100003041,351
2025-04-05,100003042,358
2025-04-05,100004575,0
2025-04-05,100007390,465
2025-04-05,100011747,83
2025-04-05,100011783,152
2025-04-05,100012217,490
2025-04-05,100017441,460
2025-04-05,100017523,142
2025-04-05,100025474,889
2025-04-05,100035409,3
2025-04-05,100041114,126
2025-04-05,100047030,110
2025-04-05,100052600,377
2025-04-05,100052602,40
2025-04-05,100052603,283
2025-04-05,100052605,26
2025-04-05,100053055,28
2025-04-05,100053059,79
2025-04-05,100053210,45
2025-04-05,100054073,68
2025-04-05,100055268,161
2025-04-05,100056188,358
2025-04-05,300014985,579
2025-04-05,300014986,535
2025-04-05,300014993,120
2025-04-05,300014994,101
2025-04-05,300014995,445
2025-04-05,300014996,467
2025-04-05,300020478,196
2025-04-05,300020679,754
2025-04-05,300020816,319
2025-04-05,300020817,295
2025-04-05,300021685,14
2025-04-05,300028650,205
2025-04-05,ZLT24020668,89
2025-04-05,ZLT24020669,105
2025-04-06,100001753,183
2025-04-06,100003032,1028
2025-04-06,100003040,137
2025-04-06,100003041,634
2025-04-06,100003042,526
2025-04-06,100004575,0
2025-04-06,100007390,370
2025-04-06,100011747,91
2025-04-06,100011783,332
2025-04-06,100012217,1109
2025-04-06,100017441,660
2025-04-06,100017523,264
2025-04-06,100025474,1438
2025-04-06,100035409,0
2025-04-06,100041114,446
2025-04-06,100047030,198
2025-04-06,100052600,810
2025-04-06,100052602,63
2025-04-06,100052603,453
2025-04-06,100052605,141
2025-04-06,100053055,51
2025-04-06,100053059,83
2025-04-06,100053210,150
2025-04-06,100054073,116
2025-04-06,100055268,474
2025-04-06,100056188,617
2025-04-06,300014985,943
2025-04-06,300014986,920
2025-04-06,300014993,274
2025-04-06,300014994,257
2025-04-06,300014995,473
2025-04-06,300014996,561
2025-04-06,300020478,394
2025-04-06,300020679,1246
2025-04-06,300020816,558
2025-04-06,300020817,539
2025-04-06,300021685,43
2025-04-06,300028650,300
2025-04-06,ZLT24020668,168
2025-04-06,ZLT24020669,168
2025-04-07,100001753,479
2025-04-07,100003032,1920
2025-04-07,100003040,216
2025-04-07,100003041,1478
2025-04-07,100003042,1297
2025-04-07,100004575,0
2025-04-07,100007390,576
2025-04-07,100011747,312
2025-04-07,100011783,681
2025-04-07,100012217,1258
2025-04-07,100017441,1742
2025-04-07,100017523,451
2025-04-07,100025474,2096
2025-04-07,100035409,3
2025-04-07,100041114,461
2025-04-07,100047030,394
2025-04-07,100052600,1260
2025-04-07,100052602,105
2025-04-07,100052603,944
2025-04-07,100052605,187
2025-04-07,100053055,126
2025-04-07,100053059,177
2025-04-07,100053210,240
2025-04-07,100054073,261
2025-04-07,100055268,633
2025-04-07,100056188,1075
2025-04-07,300014985,1557
2025-04-07,300014986,1385
2025-04-07,300014993,552
2025-04-07,300014994,460
2025-04-07,300014995,1263
2025-04-07,300014996,1273
2025-04-07,300020478,895
2025-04-07,300020679,1205
2025-04-07,300020816,979
2025-04-07,300020817,879
2025-04-07,300021685,60
2025-04-07,300028650,620
2025-04-07,ZLT24020668,255
2025-04-07,ZLT24020669,204
2025-04-08,100001753,152
2025-04-08,100003032,725
2025-04-08,100003040,20
2025-04-08,100003041,595
2025-04-08,100003042,540
2025-04-08,100004575,0
2025-04-08,100007390,251
2025-04-08,100011747,147
2025-04-08,100011783,280
2025-04-08,100012217,425
2025-04-08,100017441,783
2025-04-08,100017523,163
2025-04-08,100025474,1172
2025-04-08,100035409,0
2025-04-08,100041114,34
2025-04-08,100047030,181
2025-04-08,100052600,389
2025-04-08,100052602,2
2025-04-08,100052603,177
2025-04-08,100052605,20
2025-04-08,100053055,31
2025-04-08,100053059,82
2025-04-08,100053210,52
2025-04-08,100054073,77
2025-04-08,100055268,144
2025-04-08,100056188,390
2025-04-08,300014985,589
2025-04-08,300014986,591
2025-04-08,300014993,155
2025-04-08,300014994,112
2025-04-08,300014995,560
2025-04-08,300014996,571
2025-04-08,300020478,232
2025-04-08,300020679,287
2025-04-08,300020816,337
2025-04-08,300020817,305
2025-04-08,300021685,2
2025-04-08,300028650,186
2025-04-08,ZLT24020668,77
2025-04-08,ZLT24020669,75
2025-04-09,100001753,230
2025-04-09,100003032,1010
2025-04-09,100003040,34
2025-04-09,100003041,734
2025-04-09,100003042,686
2025-04-09,100004575,0
2025-04-09,100007390,564
2025-04-09,100011747,166
2025-04-09,100011783,253
2025-04-09,100012217,577
2025-04-09,100017441,1007
2025-04-09,100017523,241
2025-04-09,100025474,1468
2025-04-09,100035409,0
2025-04-09,100041114,68
2025-04-09,100047030,221
2025-04-09,100052600,579
2025-04-09,100052602,4
2025-04-09,100052603,334
2025-04-09,100052605,52
2025-04-09,100053055,30
2025-04-09,100053059,107
2025-04-09,100053210,124
2025-04-09,100054073,136
2025-04-09,100055268,200
2025-04-09,100056188,598
2025-04-09,300014985,869
2025-04-09,300014986,811
2025-04-09,300014993,215
2025-04-09,300014994,179
2025-04-09,300014995,805
2025-04-09,300014996,819
2025-04-09,300020478,307
2025-04-09,300020679,198
2025-04-09,300020816,507
2025-04-09,300020817,397
2025-04-09,300021685,4
2025-04-09,300028650,313
2025-04-09,ZLT24020668,123
2025-04-09,ZLT24020669,59
2025-04-10,100001753,440
2025-04-10,100003032,1989
2025-04-10,100003040,137
2025-04-10,100003041,1231
2025-04-10,100003042,1237
2025-04-10,100004575,0
2025-04-10,100007390,654
2025-04-10,100011747,268
2025-04-10,100011783,678
2025-04-10,100012217,1099
2025-04-10,100017441,1623
2025-04-10,100017523,450
2025-04-10,100025474,2091
2025-04-10,100035409,4
2025-04-10,100041114,307
2025-04-10,100047030,444
2025-04-10,100052600,1099
2025-04-10,100052602,59
2025-04-10,100052603,738
2025-04-10,100052605,121
2025-04-10,100053055,102
2025-04-10,100053059,129
2025-04-10,100053210,181
2025-04-10,100054073,223
2025-04-10,100055268,519
2025-04-10,100056188,1093
2025-04-10,300014985,1565
2025-04-10,300014986,1380
2025-04-10,300014993,479
2025-04-10,300014994,411
2025-04-10,300014995,1443
2025-04-10,300014996,1344
2025-04-10,300020478,830
2025-04-10,300020679,413
2025-04-10,300020816,871
2025-04-10,300020817,756
2025-04-10,300021685,27
2025-04-10,300028650,504
2025-04-10,ZLT24020668,202
2025-04-10,ZLT24020669,198
2025-04-11,100001753,277
2025-04-11,100003032,1565
2025-04-11,100003040,59
2025-04-11,100003041,1024
2025-04-11,100003042,949
2025-04-11,100004575,0
2025-04-11,100007390,462
2025-04-11,100011747,195
2025-04-11,100011783,478
2025-04-11,100012217,1004
2025-04-11,100017441,1264
2025-04-11,100017523,348
2025-04-11,100025474,1672
2025-04-11,100035409,1
2025-04-11,100041114,150
2025-04-11,100047030,343
2025-04-11,100052600,838
2025-04-11,100052602,23
2025-04-11,100052603,541
2025-04-11,100052605,82
2025-04-11,100053055,67
2025-04-11,100053059,144
2025-04-11,100053210,99
2025-04-11,100054073,163
2025-04-11,100055268,358
2025-04-11,100056188,838
2025-04-11,300014985,1447
2025-04-11,300014986,1191
2025-04-11,300014993,353
2025-04-11,300014994,309
2025-04-11,300014995,1175
2025-04-11,300014996,1223
2025-04-11,300020478,603
2025-04-11,300020679,385
2025-04-11,300020816,758
2025-04-11,300020817,636
2025-04-11,300021685,16
2025-04-11,300028650,452
2025-04-11,ZLT24020668,155
2025-04-11,ZLT24020669,161
2025-04-12,100001753,322
2025-04-12,100003032,1422
2025-04-12,100003040,244
2025-04-12,100003041,791
2025-04-12,100003042,744
2025-04-12,100004575,0
2025-04-12,100007390,529
2025-04-12,100011747,131
2025-04-12,100011783,452
2025-04-12,100012217,1166
2025-04-12,100017441,913
2025-04-12,100017523,378
2025-04-12,100025474,1913
2025-04-12,100035409,0
2025-04-12,100041114,605
2025-04-12,100047030,237
2025-04-12,100052600,1000
2025-04-12,100052602,99
2025-04-12,100052603,762
2025-04-12,100052605,165
2025-04-12,100053055,57
2025-04-12,100053059,102
2025-04-12,100053210,156
2025-04-12,100054073,136
2025-04-12,100055268,580
2025-04-12,100056188,781
2025-04-12,300014985,1296
2025-04-12,300014986,1249
2025-04-12,300014993,374
2025-04-12,300014994,310
2025-04-12,300014995,1117
2025-04-12,300014996,1055
2025-04-12,300020478,490
2025-04-12,300020679,341
2025-04-12,300020816,759
2025-04-12,300020817,689
2025-04-12,300021685,107
2025-04-12,300028650,506
2025-04-12,ZLT24020668,164
2025-04-12,ZLT24020669,186
2025-04-13,100001753,633
2025-04-13,100003032,2577
2025-04-13,100003040,654
2025-04-13,100003041,1139
2025-04-13,100003042,1130
2025-04-13,100004575,0
2025-04-13,100007390,1056
2025-04-13,100011747,214
2025-04-13,100011783,720
2025-04-13,100012217,1944
2025-04-13,100017441,1150
2025-04-13,100017523,428
2025-04-13,100025474,2403
2025-04-13,100035409,13
2025-04-13,100041114,1964
2025-04-13,100047030,382
2025-04-13,100052600,1663
2025-04-13,100052602,229
2025-04-13,100052603,1179
2025-04-13,100052605,486
2025-04-13,100053055,102
2025-04-13,100053059,150
2025-04-13,100053210,334
2025-04-13,100054073,196
2025-04-13,100055268,1149
2025-04-13,100056188,1109
2025-04-13,300014985,1771
2025-04-13,300014986,1620
2025-04-13,300014993,808
2025-04-13,300014994,637
2025-04-13,300014995,1578
2025-04-13,300014996,1394
2025-04-13,300020478,741
2025-04-13,300020679,505
2025-04-13,300020816,1069
2025-04-13,300020817,972
2025-04-13,300021685,201
2025-04-13,300028650,666
2025-04-13,ZLT24020668,266
2025-04-13,ZLT24020669,260
2025-04-14,100001753,892
2025-04-14,100003032,3278
2025-04-14,100003040,523
2025-04-14,100003041,2015
2025-04-14,100003042,1834
2025-04-14,100004575,0
2025-04-14,100007390,2632
2025-04-14,100011747,451
2025-04-14,100011783,1053
2025-04-14,100012217,1879
2025-04-14,100017441,2238
2025-04-14,100017523,656
2025-04-14,100025474,3140
2025-04-14,100035409,5
2025-04-14,100041114,1098
2025-04-14,100047030,644
2025-04-14,100052600,1861
2025-04-14,100052602,202
2025-04-14,100052603,1478
2025-04-14,100052605,356
2025-04-14,100053055,175
2025-04-14,100053059,162
2025-04-14,100053210,383
2025-04-14,100054073,326
2025-04-14,100055268,1043
2025-04-14,100056188,1479
2025-04-14,300014985,2409
2025-04-14,300014986,2168
2025-04-14,300014993,946
2025-04-14,300014994,773
2025-04-14,300014995,2221
2025-04-14,300014996,1911
2025-04-14,300020478,1372
2025-04-14,300020679,571
2025-04-14,300020816,1546
2025-04-14,300020817,1366
2025-04-14,300021685,145
2025-04-14,300028650,852
2025-04-14,ZLT24020668,347
2025-04-14,ZLT24020669,293
2025-04-15,100001753,535
2025-04-15,100003032,2470
2025-04-15,100003040,135
2025-04-15,100003041,1603
2025-04-15,100003042,1544
2025-04-15,100004575,0
2025-04-15,100007390,1138
2025-04-15,100011747,366
2025-04-15,100011783,820
2025-04-15,100012217,1367
2025-04-15,100017441,2099
2025-04-15,100017523,557
2025-04-15,100025474,2638
2025-04-15,100035409,0
2025-04-15,100041114,339
2025-04-15,100047030,592
2025-04-15,100052600,1335
2025-04-15,100052602,57
2025-04-15,100052603,1063
2025-04-15,100052605,135
2025-04-15,100053055,139
2025-04-15,100053059,152
2025-04-15,100053210,223
2025-04-15,100054073,244
2025-04-15,100055268,627
2025-04-15,100056188,1346
2025-04-15,300014985,2061
2025-04-15,300014986,1851
2025-04-15,300014993,598
2025-04-15,300014994,466
2025-04-15,300014995,1868
2025-04-15,300014996,1631
2025-04-15,300020478,975
2025-04-15,300020679,676
2025-04-15,300020816,1086
2025-04-15,300020817,949
2025-04-15,300021685,58
2025-04-15,300028650,691
2025-04-15,ZLT24020668,265
2025-04-15,ZLT24020669,236
2025-04-16,100001753,355
2025-04-16,100003032,1454
2025-04-16,100003040,51
2025-04-16,100003041,1048
2025-04-16,100003042,913
2025-04-16,100004575,0
2025-04-16,100007390,601
2025-04-16,100011747,253
2025-04-16,100011783,454
2025-04-16,100012217,874
2025-04-16,100017441,1373
2025-04-16,100017523,336
2025-04-16,100025474,1703
2025-04-16,100035409,2
2025-04-16,100041114,112
2025-04-16,100047030,363
2025-04-16,100052600,860
2025-04-16,100052602,15
2025-04-16,100052603,586
2025-04-16,100052605,70
2025-04-16,100053055,72
2025-04-16,100053059,153
2025-04-16,100053210,146
2025-04-16,100054073,179
2025-04-16,100055268,403
2025-04-16,100056188,814
2025-04-16,300014985,1280
2025-04-16,300014986,1074
2025-04-16,300014993,343
2025-04-16,300014994,303
2025-04-16,300014995,1058
2025-04-16,300014996,973
2025-04-16,300020478,388
2025-04-16,300020679,184
2025-04-16,300020816,665
2025-04-16,300020817,589
2025-04-16,300021685,20
2025-04-16,300028650,491
2025-04-16,ZLT24020668,166
2025-04-16,ZLT24020669,118
2025-04-17,100001753,576
2025-04-17,100003032,2776
2025-04-17,100003040,269
2025-04-17,100003041,1707
2025-04-17,100003042,1649
2025-04-17,100004575,0
2025-04-17,100007390,870
2025-04-17,100011747,439
2025-04-17,100011783,782
2025-04-17,100012217,1698
2025-04-17,100017441,2088
2025-04-17,100017523,580
2025-04-17,100025474,2820
2025-04-17,100035409,1
2025-04-17,100041114,561
2025-04-17,100047030,567
2025-04-17,100052600,1625
2025-04-17,100052602,93
2025-04-17,100052603,1362
2025-04-17,100052605,227
2025-04-17,100053055,141
2025-04-17,100053059,170
2025-04-17,100053210,253
2025-04-17,100054073,273
2025-04-17,100055268,828
2025-04-17,100056188,1555
2025-04-17,300014985,2308
2025-04-17,300014986,2010
2025-04-17,300014993,684
2025-04-17,300014994,530
2025-04-17,300014995,1987
2025-04-17,300014996,1856
2025-04-17,300020478,1088
2025-04-17,300020679,355
2025-04-17,300020816,1243
2025-04-17,300020817,1023
2025-04-17,300021685,128
2025-04-17,300028650,711
2025-04-17,ZLT24020668,244
2025-04-17,ZLT24020669,223
2025-04-18,100001753,469
2025-04-18,100003032,1932
2025-04-18,100003040,414
2025-04-18,100003041,1081
2025-04-18,100003042,982
2025-04-18,100004575,0
2025-04-18,100007390,699
2025-04-18,100011747,271
2025-04-18,100011783,721
2025-04-18,100012217,1610
2025-04-18,100017441,1164
2025-04-18,100017523,475
2025-04-18,100025474,2214
2025-04-18,100035409,16
2025-04-18,100041114,696
2025-04-18,100047030,368
2025-04-18,100052600,1312
2025-04-18,100052602,140
2025-04-18,100052603,1169
2025-04-18,100052605,270
2025-04-18,100053055,86
2025-04-18,100053059,163
2025-04-18,100053210,222
2025-04-18,100054073,176
2025-04-18,100055268,804
2025-04-18,100056188,1295
2025-04-18,300014985,1844
2025-04-18,300014986,1586
2025-04-18,300014993,541
2025-04-18,300014994,408
2025-04-18,300014995,1433
2025-04-18,300014996,1437
2025-04-18,300020478,853
2025-04-18,300020679,272
2025-04-18,300020816,1050
2025-04-18,300020817,879
2025-04-18,300021685,196
2025-04-18,300028650,584
2025-04-18,ZLT24020668,280
2025-04-18,ZLT24020669,224
2025-04-19,100001753,382
2025-04-19,100003032,1794
2025-04-19,100003040,222
2025-04-19,100003041,784
2025-04-19,100003042,998
2025-04-19,100004575,0
2025-04-19,100007390,1069
2025-04-19,100011747,200
2025-04-19,100011783,585
2025-04-19,100012217,1586
2025-04-19,100017441,1111
2025-04-19,100017523,387
2025-04-19,100025474,1987
2025-04-19,100035409,5
2025-04-19,100041114,547
2025-04-19,100047030,353
2025-04-19,100052600,1249
2025-04-19,100052602,65
2025-04-19,100052603,812
2025-04-19,100052605,176
2025-04-19,100053055,60
2025-04-19,100053059,167
2025-04-19,100053210,196
2025-04-19,100054073,120
2025-04-19,100055268,802
2025-04-19,100056188,1069
2025-04-19,300014985,1637
2025-04-19,300014986,1320
2025-04-19,300014993,351
2025-04-19,300014994,303
2025-04-19,300014995,1335
2025-04-19,300014996,1390
2025-04-19,300020478,614
2025-04-19,300020679,171
2025-04-19,300020816,814
2025-04-19,300020817,670
2025-04-19,300021685,133
2025-04-19,300028650,545
2025-04-19,ZLT24020668,219
2025-04-19,ZLT24020669,201
2025-04-20,100001753,575
2025-04-20,100003032,2239
2025-04-20,100003040,534
2025-04-20,100003041,1023
2025-04-20,100003042,1176
2025-04-20,100004575,0
2025-04-20,100007390,2104
2025-04-20,100011747,232
2025-04-20,100011783,678
2025-04-20,100012217,2092
2025-04-20,100017441,1123
2025-04-20,100017523,416
2025-04-20,100025474,2226
2025-04-20,100035409,4
2025-04-20,100041114,1026
2025-04-20,100047030,383
2025-04-20,100052600,1532
2025-04-20,100052602,159
2025-04-20,100052603,1066
2025-04-20,100052605,400
2025-04-20,100053055,98
2025-04-20,100053059,126
2025-04-20,100053210,299
2025-04-20,100054073,165
2025-04-20,100055268,1028
2025-04-20,100056188,1081
2025-04-20,300014985,1626
2025-04-20,300014986,1422
2025-04-20,300014993,594
2025-04-20,300014994,472
2025-04-20,300014995,1387
2025-04-20,300014996,1270
2025-04-20,300020478,766
2025-04-20,300020679,253
2025-04-20,300020816,888
2025-04-20,300020817,764
2025-04-20,300021685,209
2025-04-20,300028650,540
2025-04-20,ZLT24020668,214
2025-04-20,ZLT24020669,191
2025-04-21,100001753,538
2025-04-21,100003032,1647
2025-04-21,100003040,437
2025-04-21,100003041,992
2025-04-21,100003042,890
2025-04-21,100004575,0
2025-04-21,100007390,1753
2025-04-21,100011747,226
2025-04-21,100011783,689
2025-04-21,100012217,1373
2025-04-21,100017441,1204
2025-04-21,100017523,354
2025-04-21,100025474,1781
2025-04-21,100035409,10
2025-04-21,100041114,1099
2025-04-21,100047030,333
2025-04-21,100052600,1328
2025-04-21,100052602,245
2025-04-21,100052603,1068
2025-04-21,100052605,379
2025-04-21,100053055,97
2025-04-21,100053059,175
2025-04-21,100053210,348
2025-04-21,100054073,172
2025-04-21,100055268,1000
2025-04-21,100056188,923
2025-04-21,300014985,1447
2025-04-21,300014986,1220
2025-04-21,300014993,588
2025-04-21,300014994,481
2025-04-21,300014995,1159
2025-04-21,300014996,1136
2025-04-21,300020478,704
2025-04-21,300020679,253
2025-04-21,300020816,929
2025-04-21,300020817,794
2025-04-21,300021685,331
2025-04-21,300028650,596
2025-04-21,ZLT24020668,237
2025-04-21,ZLT24020669,256
2025-04-22,100001753,715
2025-04-22,100003032,2715
2025-04-22,100003040,211
2025-04-22,100003041,1951
2025-04-22,100003042,1734
2025-04-22,100004575,0
2025-04-22,100007390,2216
2025-04-22,100011747,409
2025-04-22,100011783,938
2025-04-22,100012217,1610
2025-04-22,100017441,2378
2025-04-22,100017523,684
2025-04-22,100025474,2922
2025-04-22,100035409,4
2025-04-22,100041114,383
2025-04-22,100047030,630
2025-04-22,100052600,1546
2025-04-22,100052602,69
2025-04-22,100052603,1254
2025-04-22,100052605,196
2025-04-22,100053055,169
2025-04-22,100053059,176
2025-04-22,100053210,265
2025-04-22,100054073,308
2025-04-22,100055268,791
2025-04-22,100056188,1537
2025-04-22,300014985,2395
2025-04-22,300014986,2188
2025-04-22,300014993,725
2025-04-22,300014994,596
2025-04-22,300014995,2195
2025-04-22,300014996,1932
2025-04-22,300020478,1231
2025-04-22,300020679,397
2025-04-22,300020816,1370
2025-04-22,300020817,1229
2025-04-22,300021685,52
2025-04-22,300028650,842
2025-04-22,ZLT24020668,298
2025-04-22,ZLT24020669,263
2025-04-23,100001753,918
2025-04-23,100003032,3596
2025-04-23,100003040,487
2025-04-23,100003041,2243
2025-04-23,100003042,2284
2025-04-23,100004575,0
2025-04-23,100007390,3202
2025-04-23,100011747,597
2025-04-23,100011783,1228
2025-04-23,100012217,2137
2025-04-23,100017441,2898
2025-04-23,100017523,818
2025-04-23,100025474,3855
2025-04-23,100035409,7
2025-04-23,100041114,871
2025-04-23,100047030,810
2025-04-23,100052600,2189
2025-04-23,100052602,205
2025-04-23,100052603,1923
2025-04-23,100052605,318
2025-04-23,100053055,222
2025-04-23,100053059,178
2025-04-23,100053210,409
2025-04-23,100054073,398
2025-04-23,100055268,1124
2025-04-23,100056188,2263
2025-04-23,300014985,3113
2025-04-23,300014986,2739
2025-04-23,300014993,969
2025-04-23,300014994,826
2025-04-23,300014995,2860
2025-04-23,300020478,1629
2025-04-23,300020679,493
2025-04-23,300020816,1788
2025-04-23,300020817,1503
2025-04-23,300021685,177
2025-04-23,300028650,1108
2025-04-23,ZLT24020668,364
2025-04-23,ZLT24020669,355
2025-04-24,100001753,1001
2025-04-24,100003032,3917
2025-04-24,100003040,477
2025-04-24,100003041,2190
2025-04-24,100003042,2505
2025-04-24,100004575,0
2025-04-24,100007390,1131
2025-04-24,100011747,620
2025-04-24,100011783,1371
2025-04-24,100012217,2194
2025-04-24,100017441,3161
2025-04-24,100017523,968
2025-04-24,100025474,4110
2025-04-24,100035409,7
2025-04-24,100041114,956
2025-04-24,100047030,942
2025-04-24,100052600,2413
2025-04-24,100052602,169
2025-04-24,100052603,2187
2025-04-24,100052605,379
2025-04-24,100053055,213
2025-04-24,100053059,186
2025-04-24,100053210,465
2025-04-24,100054073,414
2025-04-24,100055268,1257
2025-04-24,100056188,2364
2025-04-24,300014985,3308
2025-04-24,300014986,2907
2025-04-24,300014993,1023
2025-04-24,300014994,852
2025-04-24,300014995,3034
2025-04-24,300020478,1739
2025-04-24,300020679,533
2025-04-24,300020816,1864
2025-04-24,300020817,1638
2025-04-24,300021685,204
2025-04-24,300028650,1093
2025-04-24,ZLT24020668,373
2025-04-24,ZLT24020669,365
2025-04-25,100001753,861
2025-04-25,100003032,3567
2025-04-25,100003040,521
2025-04-25,100003041,1725
2025-04-25,100003042,2251
2025-04-25,100004575,0
2025-04-25,100007390,950
2025-04-25,100011747,490
2025-04-25,100011783,1016
2025-04-25,100012217,2372
2025-04-25,100017441,2767
2025-04-25,100017523,805
2025-04-25,100025474,4119
2025-04-25,100035409,9
2025-04-25,100041114,1041
2025-04-25,100047030,521
2025-04-25,100052600,2245
2025-04-25,100052602,215
2025-04-25,100052603,1915
2025-04-25,100052605,375
2025-04-25,100053055,192
2025-04-25,100053059,219
2025-04-25,100053210,434
2025-04-25,100054073,364
2025-04-25,100055268,1159
2025-04-25,100056188,2213
2025-04-25,300014985,3122
2025-04-25,300014986,2546
2025-04-25,300014993,978
2025-04-25,300014994,789
2025-04-25,300014995,2775
2025-04-25,300020478,1694
2025-04-25,300020679,428
2025-04-25,300020816,1767
2025-04-25,300020817,1478
2025-04-25,300021685,295
2025-04-25,300028650,1182
2025-04-25,ZLT24020668,410
2025-04-25,ZLT24020669,406
2025-04-26,100001753,133
2025-04-26,100003032,768
2025-04-26,100003040,67
2025-04-26,100003041,416
2025-04-26,100003042,522
2025-04-26,100004575,0
2025-04-26,100007390,450
2025-04-26,100011747,95
2025-04-26,100011783,275
2025-04-26,100012217,729
2025-04-26,100017441,669
2025-04-26,100017523,255
2025-04-26,100025474,1011
2025-04-26,100035409,0
2025-04-26,100041114,91
2025-04-26,100047030,190
2025-04-26,100052600,499
2025-04-26,100052602,22
2025-04-26,100052603,316
2025-04-26,100052605,29
2025-04-26,100053055,15
2025-04-26,100053059,109
2025-04-26,100053210,80
2025-04-26,100054073,64
2025-04-26,100055268,155
2025-04-26,100056188,537
2025-04-26,300014985,732
2025-04-26,300014986,732
2025-04-26,300014993,157
2025-04-26,300014994,103
2025-04-26,300014995,883
2025-04-26,300020478,327
2025-04-26,300020679,150
2025-04-26,300020816,321
2025-04-26,300020817,369
2025-04-26,300021685,11
2025-04-26,300028650,302
2025-04-26,ZLT24020668,105
2025-04-26,ZLT24020669,100
2025-04-27,100001753,317
2025-04-27,100003032,1521
2025-04-27,100003040,298
2025-04-27,100003041,688
2025-04-27,100003042,940
2025-04-27,100004575,0
2025-04-27,100007390,668
2025-04-27,100011747,169
2025-04-27,100011783,485
2025-04-27,100012217,1324
2025-04-27,100017441,1088
2025-04-27,100017523,351
2025-04-27,100025474,1743
2025-04-27,100035409,2
2025-04-27,100041114,725
2025-04-27,100047030,308
2025-04-27,100052600,1015
2025-04-27,100052602,91
2025-04-27,100052603,573
2025-04-27,100052605,277
2025-04-27,100053055,79
2025-04-27,100053059,128
2025-04-27,100053210,220
2025-04-27,100054073,155
2025-04-27,100055268,639
2025-04-27,100056188,931
2025-04-27,300014985,1292
2025-04-27,300014986,1106
2025-04-27,300014993,388
2025-04-27,300014994,330
2025-04-27,300014995,1317
2025-04-27,300020478,617
2025-04-27,300020679,329
2025-04-27,300020816,708
2025-04-27,300020817,613
2025-04-27,300021685,140
2025-04-27,300028650,517
2025-04-27,ZLT24020668,150
2025-04-27,ZLT24020669,164
2025-04-28,100001753,1432
2025-04-28,100003032,5031
2025-04-28,100003040,1142
2025-04-28,100003041,2180
2025-04-28,100003042,2666
2025-04-28,100004575,0
2025-04-28,100007390,1505
2025-04-28,100011747,639
2025-04-28,100011783,1700
2025-04-28,100012217,2926
2025-04-28,100017441,3152
2025-04-28,100017523,936
2025-04-28,100025474,4532
2025-04-28,100035409,9
2025-04-28,100041114,2089
2025-04-28,100047030,826
2025-04-28,100052600,3295
2025-04-28,100052602,412
2025-04-28,100052603,2232
2025-04-28,100052605,716
2025-04-28,100053055,278
2025-04-28,100053059,241
2025-04-28,100053210,646
2025-04-28,100054073,495
2025-04-28,100055268,1944
2025-04-28,100056188,2688
2025-04-28,300014985,3735
2025-04-28,300014986,3355
2025-04-28,300014993,1472
2025-04-28,300014994,1245
2025-04-28,300014995,3605
2025-04-28,300020478,2129
2025-04-28,300020679,406
2025-04-28,300020816,2339
2025-04-28,300020817,2039
2025-04-28,300021685,569
2025-04-28,300028650,1403
2025-04-28,ZLT24020668,513
2025-04-28,ZLT24020669,430
2025-04-29,100001753,938
2025-04-29,100003032,3272
2025-04-29,100003040,283
2025-04-29,100003041,1554
2025-04-29,100003042,2130
2025-04-29,100004575,0
2025-04-29,100007390,913
2025-04-29,100011747,490
2025-04-29,100011783,1178
2025-04-29,100012217,1816
2025-04-29,100017441,2713
2025-04-29,100017523,785
2025-04-29,100025474,3499
2025-04-29,100035409,4
2025-04-29,100041114,661
2025-04-29,100047030,792
2025-04-29,100052600,1975
2025-04-29,100052602,111
2025-04-29,100052603,1320
2025-04-29,100052605,234
2025-04-29,100053055,185
2025-04-29,100053059,220
2025-04-29,100053210,323
2025-04-29,100054073,372
2025-04-29,100055268,1012
2025-04-29,100056188,1905
2025-04-29,300014985,2583
2025-04-29,300014986,2196
2025-04-29,300014993,811
2025-04-29,300014994,681
2025-04-29,300014995,2519
2025-04-29,300020478,1405
2025-04-29,300020679,395
2025-04-29,300020816,1459
2025-04-29,300020817,1284
2025-04-29,300021685,126
2025-04-29,300028650,899
2025-04-29,ZLT24020668,290
2025-04-29,ZLT24020669,261
2025-04-30,100001753,1017
2025-04-30,100003032,3987
2025-04-30,100003040,443
2025-04-30,100003041,1794
2025-04-30,100003042,2274
2025-04-30,100004575,0
2025-04-30,100007390,1877
2025-04-30,100011747,594
2025-04-30,100011783,1317
2025-04-30,100012217,2327
2025-04-30,100017441,2935
2025-04-30,100017523,881
2025-04-30,100025474,4111
2025-04-30,100035409,4
2025-04-30,100041114,665
2025-04-30,100047030,886
2025-04-30,100052600,2356
2025-04-30,100052602,110
2025-04-30,100052603,1553
2025-04-30,100052605,294
2025-04-30,100053055,223
2025-04-30,100053059,228
2025-04-30,100053210,407
2025-04-30,100054073,399
2025-04-30,100055268,1209
2025-04-30,100056188,2377
2025-04-30,300014985,3181
2025-04-30,300014986,2892
2025-04-30,300014993,997
2025-04-30,300014994,830
2025-04-30,300014995,3096
2025-04-30,300020478,1740
2025-04-30,300020679,468
2025-04-30,300020816,1798
2025-04-30,300020817,1582
2025-04-30,300021685,158
2025-04-30,300028650,1107
2025-04-30,ZLT24020668,412
2025-04-30,ZLT24020669,363
2025-05-01,100001753,1274
2025-05-01,100003040,614
2025-05-01,100003041,2246
2025-05-01,100003042,2589
2025-05-01,100004575,0
2025-05-01,100007390,1453
2025-05-01,100011747,711
2025-05-01,100011783,1571
2025-05-01,100012217,2594
2025-05-01,100012218,882
2025-05-01,100017441,3330
2025-05-01,100017523,978
2025-05-01,100025474,4768
2025-05-01,100035409,7
2025-05-01,100041114,1087
2025-05-01,100047030,1015
2025-05-01,100052600,2826
2025-05-01,100052602,221
2025-05-01,100052603,1925
2025-05-01,100052605,444
2025-05-01,100052606,4749
2025-05-01,100053055,233
2025-05-01,100053059,268
2025-05-01,100053210,481
2025-05-01,100054073,433
2025-05-01,100055268,1450
2025-05-01,100056188,2813
2025-05-01,300014985,3573
2025-05-01,300014986,3162
2025-05-01,300014993,1151
2025-05-01,300014994,916
2025-05-01,300014995,3371
2025-05-01,300020478,1958
2025-05-01,300020679,511
2025-05-01,300020816,2022
2025-05-01,300020817,1743
2025-05-01,300021685,273
2025-05-01,300028650,1188
2025-05-01,ZLT24020668,451
2025-05-01,ZLT24020669,357
2025-05-02,100001753,752
2025-05-02,100003040,375
2025-05-02,100003041,1825
2025-05-02,100003042,1875
2025-05-02,100004575,0
2025-05-02,100007390,1616
2025-05-02,100011747,393
2025-05-02,100011783,1065
2025-05-02,100012217,2354
2025-05-02,100012218,582
2025-05-02,100017441,2185
2025-05-02,100017523,769
2025-05-02,100025474,3811
2025-05-02,100035409,7
2025-05-02,100041114,734
2025-05-02,100047030,665
2025-05-02,100052600,2061
2025-05-02,100052602,105
2025-05-02,100052603,1173
2025-05-02,100052605,272
2025-05-02,100052606,3173
2025-05-02,100053055,124
2025-05-02,100053059,278
2025-05-02,100053210,263
2025-05-02,100054073,319
2025-05-02,100055268,1042
2025-05-02,100056188,1974
2025-05-02,300014985,2825
2025-05-02,300014986,2427
2025-05-02,300014993,745
2025-05-02,300014994,572
2025-05-02,300014995,2760
2025-05-02,300020478,1300
2025-05-02,300020679,309
2025-05-02,300020816,1481
2025-05-02,300020817,1231
2025-05-02,300021685,124
2025-05-02,300028650,985
2025-05-02,ZLT24020668,357
2025-05-02,ZLT24020669,330
2025-05-03,100001753,696
2025-05-03,100003040,529
2025-05-03,100003041,1558
2025-05-03,100003042,1553
2025-05-03,100004575,0
2025-05-03,100007390,1445
2025-05-03,100011747,385
2025-05-03,100011783,1030
2025-05-03,100012217,2377
2025-05-03,100012218,822
2025-05-03,100017441,1814
2025-05-03,100017523,726
2025-05-03,100025474,3247
2025-05-03,100035409,4
2025-05-03,100041114,1193
2025-05-03,100047030,612
2025-05-03,100052600,2149
2025-05-03,100052602,226
2025-05-03,100052603,1482
2025-05-03,100052605,354
2025-05-03,100052606,3346
2025-05-03,100053055,139
2025-05-03,100053059,203
2025-05-03,100053210,302
2025-05-03,100054073,300
2025-05-03,100055268,1362
2025-05-03,100056188,1875
2025-05-03,300014985,2947
2025-05-03,300014986,2548
2025-05-03,300014993,833
2025-05-03,300014994,700
2025-05-03,300014995,2777
2025-05-03,300020478,1252
2025-05-03,300020679,384
2025-05-03,300020816,1603
2025-05-03,300020817,1299
2025-05-03,300021685,283
2025-05-03,300028650,1004
2025-05-03,ZLT24020668,315
2025-05-03,ZLT24020669,327
2025-05-04,100001753,1265
2025-05-04,100003040,1466
2025-05-04,100003041,2293
2025-05-04,100003042,1928
2025-05-04,100004575,0
2025-05-04,100007390,1667
2025-05-04,100011747,545
2025-05-04,100011783,1563
2025-05-04,100012217,3258
2025-05-04,100012218,1055
2025-05-04,100017441,2101
2025-05-04,100017523,837
2025-05-04,100025474,4055
2025-05-04,100035409,15
2025-05-04,100041114,2973
2025-05-04,100047030,738
2025-05-04,100052600,3346
2025-05-04,100052602,636
2025-05-04,100052603,1931
2025-05-04,100052605,994
2025-05-04,100052606,5097
2025-05-04,100053055,183
2025-05-04,100053059,256
2025-05-04,100053210,659
2025-05-04,100054073,326
2025-05-04,100055268,2569
2025-05-04,100056188,2249
2025-05-04,300014985,3485
2025-05-04,300014986,3046
2025-05-04,300014993,1480
2025-05-04,300014994,1214
2025-05-04,300014995,3348
2025-05-04,300020478,1554
2025-05-04,300020679,425
2025-05-04,300020816,2149
2025-05-04,300020817,1803
2025-05-04,300021685,765
2025-05-04,300028650,1242
2025-05-04,ZLT24020668,467
2025-05-04,ZLT24020669,405
2025-05-05,100001753,1486
2025-05-05,100003040,828
2025-05-05,100003041,3137
2025-05-05,100003042,2671
2025-05-05,100004575,0
2025-05-05,100007390,1265
2025-05-05,100011747,713
2025-05-05,100011783,1785
2025-05-05,100012217,2733
2025-05-05,100012218,708
2025-05-05,100017441,3468
2025-05-05,100017523,1037
2025-05-05,100025474,6687
2025-05-05,100035409,17
2025-05-05,100041114,1531
2025-05-05,100047030,1026
2025-05-05,100052600,3240
2025-05-05,100052602,282
2025-05-05,100052603,2087
2025-05-05,100052605,497
2025-05-05,100052606,4903
2025-05-05,100053055,294
2025-05-05,100053059,280
2025-05-05,100053210,606
2025-05-05,100054073,467
2025-05-05,100055268,1906
2025-05-05,100056188,2935
2025-05-05,300014985,4006
2025-05-05,300014986,3445
2025-05-05,300014993,1469
2025-05-05,300014994,1266
2025-05-05,300014995,3751
2025-05-05,300020478,2157
2025-05-05,300020679,524
2025-05-05,300020816,2428
2025-05-05,300020817,2127
2025-05-05,300021685,361
2025-05-05,300028650,1375
2025-05-05,ZLT24020668,456
2025-05-05,ZLT24020669,393
2025-05-06,100001753,868
2025-05-06,100003040,441
2025-05-06,100003041,2193
2025-05-06,100003042,2000
2025-05-06,100004575,0
2025-05-06,100007390,1197
2025-05-06,100011747,479
2025-05-06,100011783,1128
2025-05-06,100012217,2055
2025-05-06,100012218,490
2025-05-06,100017441,2366
2025-05-06,100017523,739
2025-05-06,100025474,3656
2025-05-06,100035409,6
2025-05-06,100041114,743
2025-05-06,100047030,641
2025-05-06,100052600,2160
2025-05-06,100052602,112
2025-05-06,100052603,1107
2025-05-06,100052605,280
2025-05-06,100052606,3072
2025-05-06,100053055,150
2025-05-06,100053059,260
2025-05-06,100053210,333
2025-05-06,100054073,363
2025-05-06,100055268,1146
2025-05-06,100056188,1912
2025-05-06,300014985,2709
2025-05-06,300014986,2414
2025-05-06,300014993,800
2025-05-06,300014994,591
2025-05-06,300014995,2557
2025-05-06,300020478,1450
2025-05-06,300020679,369
2025-05-06,300020816,1463
2025-05-06,300020817,1372
2025-05-06,300021685,156
2025-05-06,300028650,953
2025-05-06,ZLT24020668,368
2025-05-06,ZLT24020669,281
2025-05-07,100001753,1280
2025-05-07,100003040,609
2025-05-07,100003041,2938
2025-05-07,100003042,2824
2025-05-07,100004575,0
2025-05-07,100007390,1306
2025-05-07,100011747,721
2025-05-07,100011783,1638
2025-05-07,100012217,2701
2025-05-07,100012218,687
2025-05-07,100017441,3631
2025-05-07,100017523,1178
2025-05-07,100025474,4375
2025-05-07,100035409,8
2025-05-07,100041114,1087
2025-05-07,100047030,1021
2025-05-07,100052600,2921
2025-05-07,100052602,180
2025-05-07,100052603,2018
2025-05-07,100052605,393
2025-05-07,100052606,4786
2025-05-07,100053055,265
2025-05-07,100053059,260
2025-05-07,100053210,477
2025-05-07,100054073,431
2025-05-07,100055268,1587
2025-05-07,100056188,2819
2025-05-07,300014985,3809
2025-05-07,300014986,3445
2025-05-07,300014993,1211
2025-05-07,300014994,999
2025-05-07,300014995,3670
2025-05-07,300020478,2089
2025-05-07,300020679,555
2025-05-07,300020816,2141
2025-05-07,300020817,1874
2025-05-07,300021685,302
2025-05-07,300028650,1291
2025-05-07,ZLT24020668,469
2025-05-07,ZLT24020669,409
2025-05-08,100001753,1008
2025-05-08,100003040,370
2025-05-08,100003041,2595
2025-05-08,100003042,2216
2025-05-08,100004575,0
2025-05-08,100007390,934
2025-05-08,100011747,591
2025-05-08,100011783,1257
2025-05-08,100012217,2080
2025-05-08,100012218,494
2025-05-08,100017441,2923
2025-05-08,100017523,944
2025-05-08,100025474,4430
2025-05-08,100035409,8
2025-05-08,100041114,580
2025-05-08,100047030,875
2025-05-08,100052600,2190
2025-05-08,100052602,91
2025-05-08,100052603,1454
2025-05-08,100052605,292
2025-05-08,100052606,3656
2025-05-08,100053055,216
2025-05-08,100053059,210
2025-05-08,100053210,366
2025-05-08,100054073,392
2025-05-08,100055268,963
2025-05-08,100056188,2155
2025-05-08,300014985,2974
2025-05-08,300014986,2793
2025-05-08,300014993,938
2025-05-08,300014994,757
2025-05-08,300014995,2827
2025-05-08,300020478,1745
2025-05-08,300020679,709
2025-05-08,300020816,1643
2025-05-08,300020817,1537
2025-05-08,300021685,117
2025-05-08,300028650,1046
2025-05-08,ZLT24020668,384
2025-05-08,ZLT24020669,290
2025-05-09,100001753,330
2025-05-09,100003040,57
2025-05-09,100003041,1033
2025-05-09,100003042,882
2025-05-09,100004575,0
2025-05-09,100007390,603
2025-05-09,100011747,199
2025-05-09,100011783,547
2025-05-09,100012217,1059
2025-05-09,100012218,240
2025-05-09,100017441,1211
2025-05-09,100017523,424
2025-05-09,100025474,1949
2025-05-09,100035409,5
2025-05-09,100041114,130
2025-05-09,100047030,365
2025-05-09,100052600,955
2025-05-09,100052602,20
2025-05-09,100052603,490
2025-05-09,100052605,70
2025-05-09,100052606,1421
2025-05-09,100053055,95
2025-05-09,100053059,148
2025-05-09,100053210,154
2025-05-09,100054073,197
2025-05-09,100055268,421
2025-05-09,100056188,909
2025-05-09,300014985,1267
2025-05-09,300014986,1140
2025-05-09,300014993,370
2025-05-09,300014994,250
2025-05-09,300014995,1254
2025-05-09,300020478,648
2025-05-09,300020679,261
2025-05-09,300020816,706
2025-05-09,300020817,623
2025-05-09,300021685,18
2025-05-09,300028650,535
2025-05-09,ZLT24020668,152
2025-05-09,ZLT24020669,117
2025-05-10,100001753,564
2025-05-10,100003040,512
2025-05-10,100003041,1284
2025-05-10,100003042,1299
2025-05-10,100004575,0
2025-05-10,100007390,1400
2025-05-10,100011747,309
2025-05-10,100011783,836
2025-05-10,100012217,1969
2025-05-10,100012218,541
2025-05-10,100017441,1421
2025-05-10,100017523,569
2025-05-10,100025474,2515
2025-05-10,100035409,6
2025-05-10,100041114,855
2025-05-10,100047030,478
2025-05-10,100052600,1548
2025-05-10,100052602,153
2025-05-10,100052603,952
2025-05-10,100052605,335
2025-05-10,100052606,2708
2025-05-10,100053055,105
2025-05-10,100053059,203
2025-05-10,100053210,294
2025-05-10,100054073,219
2025-05-10,100055268,897
2025-05-10,100056188,1379
2025-05-10,300014985,2220
2025-05-10,300014986,1863
2025-05-10,300014993,595
2025-05-10,300014994,289
2025-05-10,300014995,2256
2025-05-10,300020478,965
2025-05-10,300020679,473
2025-05-10,300020816,1155
2025-05-10,300020817,970
2025-05-10,300021685,202
2025-05-10,300028650,753
2025-05-10,ZLT24020668,285
2025-05-10,ZLT24020669,266
2025-05-11,100001753,1200
2025-05-11,100003040,1377
2025-05-11,100003041,2072
2025-05-11,100003042,1824
2025-05-11,100004575,0
2025-05-11,100007390,3550
2025-05-11,100011747,483
2025-05-11,100011783,1372
2025-05-11,100012217,3207
2025-05-11,100012218,849
2025-05-11,100017441,1886
2025-05-11,100017523,746
2025-05-11,100025474,4027
2025-05-11,100035409,14
2025-05-11,100041114,2458
2025-05-11,100047030,660
2025-05-11,100052600,3428
2025-05-11,100052602,555
2025-05-11,100052603,1558
2025-05-11,100052605,788
2025-05-11,100052606,4807
2025-05-11,100053055,149
2025-05-11,100053059,242
2025-05-11,100053210,589
2025-05-11,100054073,311
2025-05-11,100055268,2843
2025-05-11,100056188,2004
2025-05-11,300014985,3327
2025-05-11,300014986,2958
2025-05-11,300014993,1374
2025-05-11,300014994,772
2025-05-11,300014995,3118
2025-05-11,300020478,1534
2025-05-11,300020679,591
2025-05-11,300020816,1927
2025-05-11,300020817,1724
2025-05-11,300021685,653
2025-05-11,300028650,1152
2025-05-11,ZLT24020668,433
2025-05-11,ZLT24020669,387
2025-05-12,100001753,1427
2025-05-12,100003040,712
2025-05-12,100003041,3751
2025-05-12,100003042,2625
2025-05-12,100004575,0
2025-05-12,100007390,2948
2025-05-12,100011747,641
2025-05-12,100011783,1683
2025-05-12,100012217,2464
2025-05-12,100012218,710
2025-05-12,100017441,3375
2025-05-12,100017523,1020
2025-05-12,100025474,4660
2025-05-12,100035409,6
2025-05-12,100041114,1221
2025-05-12,100047030,1025
2025-05-12,100052600,3078
2025-05-12,100052602,195
2025-05-12,100052603,2053
2025-05-12,100052605,443
2025-05-12,100052606,4558
2025-05-12,100053055,307
2025-05-12,100053059,201
2025-05-12,100053210,511
2025-05-12,100054073,454
2025-05-12,100055268,1550
2025-05-12,100056188,2551
2025-05-12,300014985,3662
2025-05-12,300014986,3352
2025-05-12,300014993,1384
2025-05-12,300014994,1173
2025-05-12,300014995,3563
2025-05-12,300020478,2211
2025-05-12,300020679,795
2025-05-12,300020816,2211
2025-05-12,300020817,1981
2025-05-12,300021685,286
2025-05-12,300028650,1344
2025-05-12,ZLT24020668,520
2025-05-12,ZLT24020669,444
2025-05-13,100001753,2087
2025-05-13,100003040,1286
2025-05-13,100003041,5364
2025-05-13,100003042,3637
2025-05-13,100004575,0
2025-05-13,100007390,3543
2025-05-13,100011747,942
2025-05-13,100011783,2396
2025-05-13,100012217,3732
2025-05-13,100012218,995
2025-05-13,100017441,4457
2025-05-13,100017523,1150
2025-05-13,100025474,6111
2025-05-13,100035409,11
2025-05-13,100041114,2249
2025-05-13,100047030,1426
2025-05-13,100052600,4270
2025-05-13,100052602,484
2025-05-13,100052603,2753
2025-05-13,100052605,787
2025-05-13,100052606,6791
2025-05-13,100053055,375
2025-05-13,100053059,364
2025-05-13,100053210,805
2025-05-13,100054073,639
2025-05-13,100055268,2625
2025-05-13,100056188,3741
2025-05-13,300014985,5185
2025-05-13,300014986,4538
2025-05-13,300014993,1866
2025-05-13,300014994,1570
2025-05-13,300014995,4916
2025-05-13,300020478,2970
2025-05-13,300020679,1107
2025-05-13,300020816,3125
2025-05-13,300020817,2752
2025-05-13,300021685,622
2025-05-13,300028650,1769
2025-05-13,ZLT24020668,609
2025-05-13,ZLT24020669,541
2025-05-14,100001753,2165
2025-05-14,100003040,1212
2025-05-14,100003041,5324
2025-05-14,100003042,3737
2025-05-14,100004575,0
2025-05-14,100007390,3426
2025-05-14,100011747,988
2025-05-14,100011783,2229
2025-05-14,100012217,3699
2025-05-14,100012218,1071
2025-05-14,100017441,4542
2025-05-14,100017523,1483
2025-05-14,100025474,6197
2025-05-14,100035409,13
2025-05-14,100041114,2095
2025-05-14,100047030,1452
2025-05-14,100052600,4396
2025-05-14,100052602,556
2025-05-14,100052603,2833
2025-05-14,100052605,796
2025-05-14,100052606,7330
2025-05-14,100053055,365
2025-05-14,100053059,372
2025-05-14,100053210,842
2025-05-14,100054073,693
2025-05-14,100055268,2701
2025-05-14,100056188,4015
2025-05-14,300014985,5117
2025-05-14,300014986,4630
2025-05-14,300014993,1815
2025-05-14,300014994,1558
2025-05-14,300014995,4961
2025-05-14,300020478,2869
2025-05-14,300020679,1233
2025-05-14,300020816,3182
2025-05-14,300020817,2803
2025-05-14,300021685,601
2025-05-14,300028650,1813
2025-05-14,ZLT24020668,606
2025-05-14,ZLT24020669,547
2025-05-15,100001753,1977
2025-05-15,100003040,1061
2025-05-15,100003041,4964
2025-05-15,100003042,3524
2025-05-15,100004575,0
2025-05-15,100007390,3156
2025-05-15,100011747,993
2025-05-15,100011783,2128
2025-05-15,100012217,3497
2025-05-15,100012218,1032
2025-05-15,100017441,4395
2025-05-15,100017523,1316
2025-05-15,100025474,4768
2025-05-15,100035409,18
2025-05-15,100041114,1770
2025-05-15,100047030,1468
2025-05-15,100052600,4003
2025-05-15,100052602,394
2025-05-15,100052603,2828
2025-05-15,100052605,722
2025-05-15,100052606,6803
2025-05-15,100053055,336
2025-05-15,100053059,337
2025-05-15,100053210,755
2025-05-15,100054073,629
2025-05-15,100055268,2221
2025-05-15,100056188,3837
2025-05-15,300014985,5231
2025-05-15,300014986,4562
2025-05-15,300014993,1778
2025-05-15,300014994,1425
2025-05-15,300014995,4845
2025-05-15,300020478,2848
2025-05-15,300020679,985
2025-05-15,300020816,2983
2025-05-15,300020817,2666
2025-05-15,300021685,477
2025-05-15,300028650,1717
2025-05-15,ZLT24020668,677
2025-05-15,ZLT24020669,540
2025-05-16,100001753,1183
2025-05-16,100003040,572
2025-05-16,100003041,3099
2025-05-16,100003042,2267
2025-05-16,100004575,0
2025-05-16,100007390,1524
2025-05-16,100011747,568
2025-05-16,100011783,1470
2025-05-16,100012217,2605
2025-05-16,100012218,705
2025-05-16,100017441,2702
2025-05-16,100017523,924
2025-05-16,100025474,3913
2025-05-16,100035409,9
2025-05-16,100041114,1387
2025-05-16,100047030,868
2025-05-16,100052600,2722
2025-05-16,100052602,268
2025-05-16,100052603,1706
2025-05-16,100052605,469
2025-05-16,100052606,4491
2025-05-16,100053055,230
2025-05-16,100053059,257
2025-05-16,100053210,545
2025-05-16,100054073,377
2025-05-16,100055268,1617
2025-05-16,100056188,2539
2025-05-16,300014985,3617
2025-05-16,300014986,2886
2025-05-16,300014993,1102
2025-05-16,300014994,916
2025-05-16,300014995,3329
2025-05-16,300020478,1764
2025-05-16,300020679,589
2025-05-16,300020816,2004
2025-05-16,300020817,1715
2025-05-16,300021685,355
2025-05-16,300028650,1206
2025-05-16,ZLT24020668,403
2025-05-16,ZLT24020669,389
2025-05-17,100001753,396
2025-05-17,100003040,324
2025-05-17,100003041,963
2025-05-17,100003042,940
2025-05-17,100004575,0
2025-05-17,100007390,971
2025-05-17,100011747,216
2025-05-17,100011783,507
2025-05-17,100012217,1434
2025-05-17,100012218,284
2025-05-17,100017441,1162
2025-05-17,100017523,450
2025-05-17,100025474,1998
2025-05-17,100035409,2
2025-05-17,100041114,351
2025-05-17,100047030,439
2025-05-17,100052600,1190
2025-05-17,100052602,88
2025-05-17,100052603,454
2025-05-17,100052605,165
2025-05-17,100052606,1906
2025-05-17,100053055,57
2025-05-17,100053059,148
2025-05-17,100053210,135
2025-05-17,100054073,150
2025-05-17,100055268,668
2025-05-17,100056188,1217
2025-05-17,300014985,1408
2025-05-17,300014986,1384
2025-05-17,300014993,380
2025-05-17,300014994,263
2025-05-17,300014995,1709
2025-05-17,300020478,642
2025-05-17,300020679,269
2025-05-17,300020816,708
2025-05-17,300020817,715
2025-05-17,300021685,115
2025-05-17,300028650,493
2025-05-17,ZLT24020668,209
2025-05-17,ZLT24020669,193
2025-05-18,100001753,328
2025-05-18,100003040,294
2025-05-18,100003041,811
2025-05-18,100003042,634
2025-05-18,100004575,0
2025-05-18,100011747,165
2025-05-18,100011783,458
2025-05-18,100012217,1191
2025-05-18,100012218,252
2025-05-18,100017441,874
2025-05-18,100017523,334
2025-05-18,100025474,1553
2025-05-18,100035409,1
2025-05-18,100041114,487
2025-05-18,100047030,296
2025-05-18,100052600,1025
2025-05-18,100052602,105
2025-05-18,100052603,497
2025-05-18,100052605,205
2025-05-18,100052606,1589
2025-05-18,100053055,54
2025-05-18,100053059,118
2025-05-18,100053210,161
2025-05-18,100054073,113
2025-05-18,100055268,665
2025-05-18,100056188,946
2025-05-18,300014985,1168
2025-05-18,300014986,1054
2025-05-18,300014993,324
2025-05-18,300014994,277
2025-05-18,300014995,1243
2025-05-18,300020478,546
2025-05-18,300020679,248
2025-05-18,300020816,634
2025-05-18,300020817,553
2025-05-18,300021685,146
2025-05-18,300028650,441
2025-05-18,ZLT24020668,173
2025-05-18,ZLT24020669,142
2025-05-19,100001753,447
2025-05-19,100003040,418
2025-05-19,100003041,1074
2025-05-19,100003042,928
2025-05-19,100004575,0
2025-05-19,100011747,218
2025-05-19,100011783,634
2025-05-19,100012217,1477
2025-05-19,100012218,354
2025-05-19,100017441,1074
2025-05-19,100017523,418
2025-05-19,100025474,1701
2025-05-19,100035409,9
2025-05-19,100041114,697
2025-05-19,100047030,373
2025-05-19,100052600,1381
2025-05-19,100052602,116
2025-05-19,100052603,725
2025-05-19,100052605,260
2025-05-19,100052606,1792
2025-05-19,100053055,72
2025-05-19,100053059,174
2025-05-19,100053210,241
2025-05-19,100054073,174
2025-05-19,100055268,871
2025-05-19,100056188,1110
2025-05-19,300014985,1559
2025-05-19,300014986,1373
2025-05-19,300014993,463
2025-05-19,300014994,470
2025-05-19,300014995,1457
2025-05-19,300020478,771
2025-05-19,300020679,356
2025-05-19,300020816,951
2025-05-19,300020817,838
2025-05-19,300021685,148
2025-05-19,300028650,572
2025-05-19,ZLT24020668,215
2025-05-19,ZLT24020669,200
2025-05-20,100001753,1055
2025-05-20,100003040,355
2025-05-20,100003041,2778
2025-05-20,100003042,2359
2025-05-20,100004575,0
2025-05-20,100011747,621
2025-05-20,100011783,1370
2025-05-20,100012217,2155
2025-05-20,100012218,482
2025-05-20,100017441,3212
2025-05-20,100017523,1045
2025-05-20,100025474,4154
2025-05-20,100035409,3
2025-05-20,100041114,705
2025-05-20,100047030,872
2025-05-20,100052600,2435
2025-05-20,100052602,140
2025-05-20,100052603,1631
2025-05-20,100052605,292
2025-05-20,100052606,3960
2025-05-20,100053055,215
2025-05-20,100053059,236
2025-05-20,100053210,353
2025-05-20,100054073,386
2025-05-20,100055268,1254
2025-05-20,100056188,2367
2025-05-20,300014985,3242
2025-05-20,300014986,2977
2025-05-20,300014993,1000
2025-05-20,300014994,637
2025-05-20,300014995,3286
2025-05-20,300020478,1744
2025-05-20,300020679,812
2025-05-20,300020816,1840
2025-05-20,300020817,1668
2025-05-20,300021685,214
2025-05-20,300028650,1098
2025-05-20,ZLT24020668,386
2025-05-20,ZLT24020669,389
2025-05-21,100001753,1241
2025-05-21,100003040,669
2025-05-21,100003041,3146
2025-05-21,100003042,2563
2025-05-21,100004575,0
2025-05-21,100011747,718
2025-05-21,100011783,1568
2025-05-21,100012217,2820
2025-05-21,100012218,573
2025-05-21,100017441,3446
2025-05-21,100017523,1198
2025-05-21,100025474,5026
2025-05-21,100035409,8
2025-05-21,100041114,912
2025-05-21,100047030,975
2025-05-21,100052600,2583
2025-05-21,100052602,144
2025-05-21,100052603,1768
2025-05-21,100052605,371
2025-05-21,100052606,4563
2025-05-21,100053055,203
2025-05-21,100053059,234
2025-05-21,100053210,421
2025-05-21,100054073,401
2025-05-21,100055268,1372
2025-05-21,100056188,2749
2025-05-21,300014985,3608
2025-05-21,300014986,2794
2025-05-21,300014993,1123
2025-05-21,300014994,743
2025-05-21,300014995,343
2025-05-21,300020478,2007
2025-05-21,300020679,836
2025-05-21,300020816,2063
2025-05-21,300020817,1804
2025-05-21,300021685,262
2025-05-21,300028650,1241
2025-05-21,ZLT24020668,498
2025-05-21,ZLT24020669,436
2025-05-22,100001753,884
2025-05-22,100003040,227
2025-05-22,100003041,2091
2025-05-22,100003042,2048
2025-05-22,100004575,0
2025-05-22,100011747,513
2025-05-22,100011783,945
2025-05-22,100012217,1951
2025-05-22,100012218,537
2025-05-22,100017441,2735
2025-05-22,100017523,1026
2025-05-22,100025474,3624
2025-05-22,100035409,4
2025-05-22,100041114,383
2025-05-22,100047030,824
2025-05-22,100052600,1931
2025-05-22,100052602,135
2025-05-22,100052603,1351
2025-05-22,100052605,196
2025-05-22,100052606,3265
2025-05-22,100053055,168
2025-05-22,100053059,236
2025-05-22,100053210,261
2025-05-22,100054073,296
2025-05-22,100055268,900
2025-05-22,100056188,1940
2025-05-22,300014985,2544
2025-05-22,300014986,1968
2025-05-22,300014993,774
2025-05-22,300014994,577
2025-05-22,300014995,133
2025-05-22,300020478,1193
2025-05-22,300020679,681
2025-05-22,300020816,1441
2025-05-22,300020817,1249
2025-05-22,300021685,76
2025-05-22,300028650,878
2025-05-22,ZLT24020668,311
2025-05-22,ZLT24020669,247
2025-05-23,100001753,427
2025-05-23,100003040,110
2025-05-23,100003041,1379
2025-05-23,100003042,1159
2025-05-23,100004575,0
2025-05-23,100011747,299
2025-05-23,100011783,711
2025-05-23,100012217,1481
2025-05-23,100012218,319
2025-05-23,100017441,1587
2025-05-23,100017523,636
2025-05-23,100025474,2468
2025-05-23,100035409,4
2025-05-23,100041114,223
2025-05-23,100047030,445
2025-05-23,100052600,1299
2025-05-23,100052602,21
2025-05-23,100052603,636
2025-05-23,100052605,98
2025-05-23,100052606,1981
2025-05-23,100053055,82
2025-05-23,100053059,190
2025-05-23,100053210,178
2025-05-23,100054073,246
2025-05-23,100055268,632
2025-05-23,100056188,1209
2025-05-23,300014985,1657
2025-05-23,300014986,1338
2025-05-23,300014993,479
2025-05-23,300014994,331
2025-05-23,300014995,98
2025-05-23,300020478,747
2025-05-23,300020679,485
2025-05-23,300020816,886
2025-05-23,300020817,768
2025-05-23,300021685,34
2025-05-23,300028650,671
2025-05-23,ZLT24020668,227
2025-05-23,ZLT24020669,21
2025-05-24,100001753,292
2025-05-24,100003040,141
2025-05-24,100003041,782
2025-05-24,100003042,796
2025-05-24,100004575,0
2025-05-24,100011747,176
2025-05-24,100011783,448
2025-05-24,100012217,1439
2025-05-24,100012218,306
2025-05-24,100017441,1012
2025-05-24,100017523,569
2025-05-24,100025474,1799
2025-05-24,100035409,3
2025-05-24,100041114,266
2025-05-24,100047030,349
2025-05-24,100052600,1196
2025-05-24,100052602,26
2025-05-24,100052603,442
2025-05-24,100052605,118
2025-05-24,100052606,1461
2025-05-24,100053055,85
2025-05-24,100053059,180
2025-05-24,100053210,125
2025-05-24,100054073,122
2025-05-24,100055268,675
2025-05-24,100056188,968
2025-05-24,300014985,1411
2025-05-24,300014986,1088
2025-05-24,300014993,316
2025-05-24,300014994,187
2025-05-24,300014995,109
2025-05-24,300020478,597
2025-05-24,300020679,408
2025-05-24,300020816,684
2025-05-24,300020817,593
2025-05-24,300021685,54
2025-05-24,300028650,490
2025-05-24,ZLT24020668,201
2025-05-24,ZLT24020669,210
2025-05-25,100001753,908
2025-05-25,100003040,962
2025-05-25,100003041,1840
2025-05-25,100003042,1583
2025-05-25,100004575,0
2025-05-25,100011747,436
2025-05-25,100011783,1137
2025-05-25,100012217,2866
2025-05-25,100012218,600
2025-05-25,100017441,1634
2025-05-25,100017523,843
2025-05-25,100025474,3500
2025-05-25,100035409,6
2025-05-25,100041114,1686
2025-05-25,100047030,581
2025-05-25,100052600,2693
2025-05-25,100052602,445
2025-05-25,100052603,1181
2025-05-25,100052605,584
2025-05-25,100052606,3786
2025-05-25,100053055,136
2025-05-25,100053059,218
2025-05-25,100053210,443
2025-05-25,100054073,287
2025-05-25,100055268,1844
2025-05-25,100056188,1878
2025-05-25,300014985,3088
2025-05-25,300014986,2368
2025-05-25,300014993,967
2025-05-25,300014994,773
2025-05-25,300014995,240
2025-05-25,300020478,1265
2025-05-25,300020679,610
2025-05-25,300020816,1693
2025-05-25,300020817,1472
2025-05-25,300021685,620
2025-05-25,300028650,992
2025-05-25,ZLT24020668,411
2025-05-25,ZLT24020669,373
2025-05-26,100001753,1624
2025-05-26,100003040,848
2025-05-26,100003041,3619
2025-05-26,100003042,3064
2025-05-26,100004575,0
2025-05-26,100011747,749
2025-05-26,100011783,1830
2025-05-26,100012217,3134
2025-05-26,100012218,810
2025-05-26,100017441,3764
2025-05-26,100017523,1300
2025-05-26,100025474,5296
2025-05-26,100035409,7
2025-05-26,100041114,1724
2025-05-26,100047030,1045
2025-05-26,100052600,3519
2025-05-26,100052602,440
2025-05-26,100052603,1834
2025-05-26,100052605,687
2025-05-26,100052606,5355
2025-05-26,100053055,302
2025-05-26,100053059,338
2025-05-26,100053210,683
2025-05-26,100054073,551
2025-05-26,100055268,2139
2025-05-26,100056188,3120
2025-05-26,300014985,4103
2025-05-26,300014986,3432
2025-05-26,300014993,1471
2025-05-26,300014994,558
2025-05-26,300014995,2588
2025-05-26,300020478,650
2025-05-26,300020679,732
2025-05-26,300020816,2398
2025-05-26,300020817,2099
2025-05-26,300021685,486
2025-05-26,300028650,1522
2025-05-26,ZLT24020668,347
2025-05-26,ZLT24020669,150
2025-05-27,100001753,2200
2025-05-27,100003040,1096
2025-05-27,100003041,4279
2025-05-27,100003042,3703
2025-05-27,100004575,0
2025-05-27,100011747,1029
2025-05-27,100011783,2264
2025-05-27,100012217,3736
2025-05-27,100012218,1020
2025-05-27,100017441,4605
2025-05-27,100017523,1178
2025-05-27,100025474,6330
2025-05-27,100035409,13
2025-05-27,100041114,2661
2025-05-27,100047030,1391
2025-05-27,100052600,4301
2025-05-27,100052602,583
2025-05-27,100052603,2769
2025-05-27,100052605,913
2025-05-27,100052606,7390
2025-05-27,100053055,379
2025-05-27,100053059,363
2025-05-27,100053210,843
2025-05-27,100054073,659
2025-05-27,100055268,2548
2025-05-27,100056188,3910
2025-05-27,300014985,5199
2025-05-27,300014986,4660
2025-05-27,300014993,1940
2025-05-27,300014994,702
2025-05-27,300014995,4964
2025-05-27,300020478,223
2025-05-27,300020679,1079
2025-05-27,300020816,3159
2025-05-27,300020817,2850
2025-05-27,300021685,732
2025-05-27,300028650,1839
2025-05-27,ZLT24020668,350
2025-05-27,ZLT24020669,47
2025-05-28,100001753,2357
2025-05-28,100003040,1102
2025-05-28,100003041,4871
2025-05-28,100003042,4060
2025-05-28,100004575,0
2025-05-28,100011747,1084
2025-05-28,100011783,2417
2025-05-28,100012217,3954
2025-05-28,100012218,1106
2025-05-28,100017441,5008
2025-05-28,100025474,6347
2025-05-28,100035409,19
2025-05-28,100041114,2550
2025-05-28,100047030,1566
2025-05-28,100052600,4423
2025-05-28,100052602,604
2025-05-28,100052603,3029
2025-05-28,100052605,971
2025-05-28,100052606,7760
2025-05-28,100053055,365
2025-05-28,100053059,355
2025-05-28,100053210,902
2025-05-28,100054073,673
2025-05-28,100055268,2590
2025-05-28,100056188,4099
2025-05-28,300014985,5447
2025-05-28,300014986,4868
2025-05-28,300014993,2065
2025-05-28,300014994,176
2025-05-28,300014995,5479
2025-05-28,300020478,382
2025-05-28,300020679,767
2025-05-28,300020816,3280
2025-05-28,300020817,2901
2025-05-28,300021685,789
2025-05-28,300028650,1894
2025-05-28,ZLT24020668,677
2025-05-28,ZLT24020669,86
2025-05-29,100001753,1236
2025-05-29,100003040,377
2025-05-29,100003041,2881
2025-05-29,100003042,2745
2025-05-29,100004575,0
2025-05-29,100011747,756
2025-05-29,100011783,1550
2025-05-29,100012217,2483
2025-05-29,100012218,667
2025-05-29,100017441,3686
2025-05-29,100025474,4531
2025-05-29,100035409,10
2025-05-29,100041114,914
2025-05-29,100047030,1050
2025-05-29,100052600,2684
2025-05-29,100052602,140
2025-05-29,100052603,1971
2025-05-29,100052605,368
2025-05-29,100052606,5061
2025-05-29,100053055,205
2025-05-29,100053059,290
2025-05-29,100053210,416
2025-05-29,100054073,440
2025-05-29,100055268,1340
2025-05-29,100056188,3013
2025-05-29,300014985,3551
2025-05-29,300014986,3359
2025-05-29,300014993,1122
2025-05-29,300014994,0
2025-05-29,300014995,4096
2025-05-29,300020478,207
2025-05-29,300020679,600
2025-05-29,300020816,1899
2025-05-29,300020817,1729
2025-05-29,300021685,133
2025-05-29,300028650,1224
2025-05-29,ZLT24020668,397
2025-05-29,ZLT24020669,42
2025-05-30,100001753,1716
2025-05-30,100003040,688
2025-05-30,100003041,3418
2025-05-30,100003042,2992
2025-05-30,100004575,0
2025-05-30,100011747,709
2025-05-30,100011783,1942
2025-05-30,100012217,3672
2025-05-30,100012218,1236
2025-05-30,100017441,3669
2025-05-30,100025474,5381
2025-05-30,100035409,17
2025-05-30,100041114,1800
2025-05-30,100047030,1004
2025-05-30,100052600,6638
2025-05-30,100052602,360
2025-05-30,100052603,2338
2025-05-30,100052605,639
2025-05-30,100052606,6351
2025-05-30,100053055,247
2025-05-30,100053059,306
2025-05-30,100053210,665
2025-05-30,100054073,719
2025-05-30,100055268,6711
2025-05-30,100056188,3328
2025-05-30,300014985,4418
2025-05-30,300014986,3983
2025-05-30,300014993,1494
2025-05-30,300014994,0
2025-05-30,300014995,4671
2025-05-30,300020478,594
2025-05-30,300020679,841
2025-05-30,300020816,2788
2025-05-30,300020817,2184
2025-05-30,300021685,421
2025-05-30,300028650,1744
2025-05-30,ZLT24020668,587
2025-05-30,ZLT24020669,505
2025-05-31,100001753,440
2025-05-31,100003040,154
2025-05-31,100003041,885
2025-05-31,100003042,833
2025-05-31,100004575,0
2025-05-31,100011747,163
2025-05-31,100011783,506
2025-05-31,100012217,1416
2025-05-31,100012218,295
2025-05-31,100017441,1103
2025-05-31,100025474,1732
2025-05-31,100035409,2
2025-05-31,100041114,326
2025-05-31,100047030,351
2025-05-31,100052600,1363
2025-05-31,100052602,83
2025-05-31,100052603,637
2025-05-31,100052605,157
2025-05-31,100052606,1862
2025-05-31,100053055,84
2025-05-31,100053059,156
2025-05-31,100053210,145
2025-05-31,100054073,144
2025-05-31,100055268,848
2025-05-31,100056188,1093
2025-05-31,300014985,1408
2025-05-31,300014986,1493
2025-05-31,300014993,467
2025-05-31,300014994,0
2025-05-31,300014995,1726
2025-05-31,300020478,568
2025-05-31,300020679,200
2025-05-31,300020816,698
2025-05-31,300020817,802
2025-05-31,300021685,100
2025-05-31,300028650,564
2025-05-31,ZLT24020668,174
2025-05-31,ZLT24020669,161
2025-06-01,100001753,603
2025-06-01,100003032,2459
2025-06-01,100003040,216
2025-06-01,100003041,1081
2025-06-01,100003042,1023
2025-06-01,100004575,0
2025-06-01,100011747,231
2025-06-01,100011783,660
2025-06-01,100012217,1676
2025-06-01,100012218,437
2025-06-01,100017441,1327
2025-06-01,100025474,2505
2025-06-01,100035409,3
2025-06-01,100041114,585
2025-06-01,100047030,419
2025-06-01,100052600,3970
2025-06-01,100052602,2640
2025-06-01,100052603,1244
2025-06-01,100052605,382
2025-06-01,100053055,68
2025-06-01,100053059,173
2025-06-01,100053210,398
2025-06-01,100054073,390
2025-06-01,100055268,4400
2025-06-01,100056188,1279
2025-06-01,300014985,1698
2025-06-01,300014986,1623
2025-06-01,300014993,604
2025-06-01,300014994,0
2025-06-01,300014995,1873
2025-06-01,300014996,1512
2025-06-01,300020478,800
2025-06-01,300020679,423
2025-06-01,300020816,1105
2025-06-01,300020817,1026
2025-06-01,300021685,125
2025-06-01,300028650,777
2025-06-01,ZLT24020668,221
2025-06-01,ZLT24020669,217
2025-06-02,100001753,1636
2025-06-02,100003032,5621
2025-06-02,100003040,698
2025-06-02,100003041,3747
2025-06-02,100003042,3114
2025-06-02,100004575,0
2025-06-02,100011747,736
2025-06-02,100011783,2011
2025-06-02,100012217,3055
2025-06-02,100012218,832
2025-06-02,100017441,4007
2025-06-02,100025474,5652
2025-06-02,100035409,13
2025-06-02,100041114,1801
2025-06-02,100047030,1096
2025-06-02,100052600,3594
2025-06-02,100052602,357
2025-06-02,100052603,2669
2025-06-02,100052605,694
2025-06-02,100053055,306
2025-06-02,100053059,314
2025-06-02,100053210,716
2025-06-02,100054073,565
2025-06-02,100055268,2093
2025-06-02,100056188,3199
2025-06-02,300014985,4281
2025-06-02,300014986,3822
2025-06-02,300014993,1613
2025-06-02,300014994,0
2025-06-02,300014995,4209
2025-06-02,300014996,3350
2025-06-02,300020478,2303
2025-06-02,300020679,305
2025-06-02,300020816,2660
2025-06-02,300020817,2245
2025-06-02,300021685,491
2025-06-02,300028650,1696
2025-06-02,ZLT24020668,591
2025-06-02,ZLT24020669,427
2025-06-03,100001753,2359
2025-06-03,100003032,8039
2025-06-03,100003040,1009
2025-06-03,100003041,4538
2025-06-03,100003042,3827
2025-06-03,100004575,0
2025-06-03,100011747,969
2025-06-03,100011783,2371
2025-06-03,100012217,3802
2025-06-03,100012218,1047
2025-06-03,100017441,4838
2025-06-03,100025474,6726
2025-06-03,100035409,13
2025-06-03,100041114,2396
2025-06-03,100047030,1601
2025-06-03,100052600,4464
2025-06-03,100052602,527
2025-06-03,100052603,3199
2025-06-03,100052605,967
2025-06-03,100053055,359
2025-06-03,100053059,354
2025-06-03,100053210,872
2025-06-03,100054073,669
2025-06-03,100055268,2679
2025-06-03,100056188,4118
2025-06-03,300014985,5607
2025-06-03,300014986,5035
2025-06-03,300014993,2098
2025-06-03,300014994,2
2025-06-03,300014995,5473
2025-06-03,300014996,4557
2025-06-03,300020478,3005
2025-06-03,300020679,342
2025-06-03,300020816,3327
2025-06-03,300020817,2877
2025-06-03,300021685,673
2025-06-03,300028650,1807
2025-06-03,ZLT24020668,592
2025-06-03,ZLT24020669,518
2025-06-04,100001753,2347
2025-06-04,100003032,8310
2025-06-04,100003040,998
2025-06-04,100003041,4561
2025-06-04,100003042,3822
2025-06-04,100004575,0
2025-06-04,100011747,959
2025-06-04,100011783,2404
2025-06-04,100012217,3949
2025-06-04,100012218,1227
2025-06-04,100017441,4803
2025-06-04,100025474,6544
2025-06-04,100035409,19
2025-06-04,100041114,2367
2025-06-04,100047030,1620
2025-06-04,100052600,4393
2025-06-04,100052602,537
2025-06-04,100052603,3225
2025-06-04,100052605,899
2025-06-04,100053055,377
2025-06-04,100053059,420
2025-06-04,100053210,814
2025-06-04,100054073,693
2025-06-04,100055268,2469
2025-06-04,100056188,4288
2025-06-04,300014985,5394
2025-06-04,300014986,4991
2025-06-04,300014993,2000
2025-06-04,300014994,11
2025-06-04,300014995,5616
2025-06-04,300014996,4329
2025-06-04,300020478,2980
2025-06-04,300020679,196
2025-06-04,300020816,3242
2025-06-04,300020817,2759
2025-06-04,300021685,764
2025-06-04,300028650,1923
2025-06-04,ZLT24020668,566
2025-06-04,ZLT24020669,453
2025-06-05,100001753,1995
2025-06-05,100003032,7111
2025-06-05,100003040,564
2025-06-05,100003041,4082
2025-06-05,100003042,3349
2025-06-05,100004575,0
2025-06-05,100011747,896
2025-06-05,100011783,2139
2025-06-05,100012217,3467
2025-06-05,100012218,1048
2025-06-05,100017441,4545
2025-06-05,100025474,7043
2025-06-05,100035409,3
2025-06-05,100041114,1566
2025-06-05,100047030,1433
2025-06-05,100052600,3851
2025-06-05,100052602,249
2025-06-05,100052603,3103
2025-06-05,100052605,579
2025-06-05,100053055,307
2025-06-05,100053059,380
2025-06-05,100053210,750
2025-06-05,100054073,605
2025-06-05,100055268,2057
2025-06-05,100056188,4184
2025-06-05,300014985,5091
2025-06-05,300014986,4616
2025-06-05,300014993,1555
2025-06-05,300014994,7
2025-06-05,300014995,5388
2025-06-05,300014996,4081
2025-06-05,300020478,2835
2025-06-05,300020679,1737
2025-06-05,300020816,2878
2025-06-05,300020817,2454
2025-06-05,300021685,358
2025-06-05,300028650,1816
2025-06-05,ZLT24020668,565
2025-06-05,ZLT24020669,469
2025-06-06,100001753,1657
2025-06-06,100003032,6049
2025-06-06,100003040,629
2025-06-06,100003041,3597
2025-06-06,100003042,2760
2025-06-06,100004575,0
2025-06-06,100011747,654
2025-06-06,100011783,1756
2025-06-06,100012217,3475
2025-06-06,100012218,1078
2025-06-06,100017441,3523
2025-06-06,100025474,6412
2025-06-06,100035409,13
2025-06-06,100041114,1612
2025-06-06,100047030,1159
2025-06-06,100052600,3551
2025-06-06,100052602,376
2025-06-06,100052603,2589
2025-06-06,100052605,641
2025-06-06,100053055,268
2025-06-06,100053059,377
2025-06-06,100053210,668
2025-06-06,100054073,519
2025-06-06,100055268,2070
2025-06-06,100056188,3599
2025-06-06,300014985,4379
2025-06-06,300014986,3932
2025-06-06,300014993,1500
2025-06-06,300014994,2
2025-06-06,300014995,4672
2025-06-06,300014996,3687
2025-06-06,300020478,2327
2025-06-06,300020679,1985
2025-06-06,300020816,2443
2025-06-06,300020817,2147
2025-06-06,300021685,416
2025-06-06,300028650,1684
2025-06-06,ZLT24020668,527
2025-06-06,ZLT24020669,474
2025-06-07,100001753,1315
2025-06-07,100003032,5682
2025-06-07,100003040,790
2025-06-07,100003041,2310
2025-06-07,100003042,1893
2025-06-07,100004575,0
2025-06-07,100011747,543
2025-06-07,100011783,1377
2025-06-07,100012217,3630
2025-06-07,100012218,1065
2025-06-07,100017441,2324
2025-06-07,100025474,5554
2025-06-07,100035409,13
2025-06-07,100041114,1595
2025-06-07,100047030,987
2025-06-07,100052600,3302
2025-06-07,100052602,478
2025-06-07,100052603,2069
2025-06-07,100052605,699
2025-06-07,100053055,148
2025-06-07,100053059,316
2025-06-07,100053210,517
2025-06-07,100054073,336
2025-06-07,100055268,1847
2025-06-07,100056188,2984
2025-06-07,300014985,4089
2025-06-07,300014986,3578
2025-06-07,300014993,1234
2025-06-07,300014994,1
2025-06-07,300014995,4325
2025-06-07,300014996,3160
2025-06-07,300020478,1740
2025-06-07,300020679,1751
2025-06-07,300020816,2250
2025-06-07,300020817,1855
2025-06-07,300021685,513
2025-06-07,300028650,1414
2025-06-07,ZLT24020668,452
2025-06-07,ZLT24020669,467
2025-06-08,100001753,1710
2025-06-08,100003032,6647
2025-06-08,100003040,1101
2025-06-08,100003041,3010
2025-06-08,100003042,2154
2025-06-08,100004575,0
2025-06-08,100011747,591
2025-06-08,100011783,1791
2025-06-08,100012217,4195
2025-06-08,100012218,1161
2025-06-08,100017441,2475
2025-06-08,100025474,5766
2025-06-08,100035409,16
2025-06-08,100041114,3213
2025-06-08,100047030,1091
2025-06-08,100052600,3926
2025-06-08,100052602,744
2025-06-08,100052603,2333
2025-06-08,100052605,1234
2025-06-08,100053055,241
2025-06-08,100053059,340
2025-06-08,100053210,824
2025-06-08,100054073,404
2025-06-08,100055268,2792
2025-06-08,100056188,3160
2025-06-08,300014985,4250
2025-06-08,300014986,3852
2025-06-08,300014993,1707
2025-06-08,300014994,0
2025-06-08,300014995,4560
2025-06-08,300014996,3316
2025-06-08,300020478,1968
2025-06-08,300020679,1932
2025-06-08,300020816,2542
2025-06-08,300020817,2212
2025-06-08,300021685,1003
2025-06-08,300028650,1518
2025-06-08,ZLT24020668,566
2025-06-08,ZLT24020669,560
2025-06-09,100001753,2113
2025-06-09,100003032,7041
2025-06-09,100003040,315
2025-06-09,100003041,5049
2025-06-09,100003042,3277
2025-06-09,100004575,0
2025-06-09,100011747,878
2025-06-09,100011783,2126
2025-06-09,100012217,2813
2025-06-09,100012218,961
2025-06-09,100017441,4586
2025-06-09,100025474,5938
2025-06-09,100035409,5
2025-06-09,100041114,1906
2025-06-09,100047030,1388
2025-06-09,100052600,3730
2025-06-09,100052602,203
2025-06-09,100052603,2594
2025-06-09,100052605,507
2025-06-09,100053055,328
2025-06-09,100053059,307
2025-06-09,100053210,620
2025-06-09,100054073,598
2025-06-09,100055268,1962
2025-06-09,100056188,4383
2025-06-09,300014985,5369
2025-06-09,300014986,4806
2025-06-09,300014993,1705
2025-06-09,300014994,11
2025-06-09,300014995,5750
2025-06-09,300014996,4297
2025-06-09,300020478,3525
2025-06-09,300020679,2096
2025-06-09,300020816,3182
2025-06-09,300020817,2778
2025-06-09,300021685,265
2025-06-09,300028650,1649
2025-06-09,ZLT24020668,641
2025-06-09,ZLT24020669,519
2025-06-10,100001753,1851
2025-06-10,100003032,7421
2025-06-10,100003040,336
2025-06-10,100003041,5017
2025-06-10,100003042,3303
2025-06-10,100004575,0
2025-06-10,100011747,820
2025-06-10,100011783,2132
2025-06-10,100012217,3351
2025-06-10,100012218,997
2025-06-10,100017441,4483
2025-06-10,100025474,6153
2025-06-10,100035409,16
2025-06-10,100041114,1107
2025-06-10,100047030,1428
2025-06-10,100052600,3677
2025-06-10,100052602,176
2025-06-10,100052603,2131
2025-06-10,100052605,516
2025-06-10,100053055,280
2025-06-10,100053059,365
2025-06-10,100053210,547
2025-06-10,100054073,536
2025-06-10,100055268,1901
2025-06-10,100056188,4229
2025-06-10,300014985,5224
2025-06-10,300014986,5004
2025-06-10,300014993,1447
2025-06-10,300014994,0
2025-06-10,300014995,6612
2025-06-10,300014996,4432
2025-06-10,300020478,3379
2025-06-10,300020679,1792
2025-06-10,300020816,3074
2025-06-10,300020817,2648
2025-06-10,300021685,221
2025-06-10,300028650,1596
2025-06-10,ZLT24020668,592
2025-06-10,ZLT24020669,479
2025-06-11,100001753,3159
2025-06-11,100003032,10823
2025-06-11,100003040,601
2025-06-11,100003041,7709
2025-06-11,100003042,4502
2025-06-11,100004575,0
2025-06-11,100011747,1173
2025-06-11,100011783,3160
2025-06-11,100012217,4435
2025-06-11,100012218,1511
2025-06-11,100017441,6001
2025-06-11,100025474,8590
2025-06-11,100035409,22
2025-06-11,100041114,1980
2025-06-11,100047030,2090
2025-06-11,100052600,5459
2025-06-11,100052602,444
2025-06-11,100052603,3802
2025-06-11,100052605,958
2025-06-11,100053055,514
2025-06-11,100053059,467
2025-06-11,100053210,936
2025-06-11,100054073,832
2025-06-11,100055268,2886
2025-06-11,100056188,5886
2025-06-11,300014985,7465
2025-06-11,300014986,6981
2025-06-11,300014993,2544
2025-06-11,300014994,0
2025-06-11,300014995,8419
2025-06-11,300014996,6257
2025-06-11,300020478,4708
2025-06-11,300020679,3178
2025-06-11,300020816,4495
2025-06-11,300020817,3858
2025-06-11,300021685,493
2025-06-11,300028650,2309
2025-06-11,ZLT24020668,784
2025-06-11,ZLT24020669,595
2025-06-12,100001753,2602
2025-06-12,100003032,9076
2025-06-12,100003040,447
2025-06-12,100003041,6225
2025-06-12,100003042,3868
2025-06-12,100004575,0
2025-06-12,100011747,1063
2025-06-12,100011783,2751
2025-06-12,100012217,3711
2025-06-12,100012218,1259
2025-06-12,100017441,5303
2025-06-12,100025474,7688
2025-06-12,100035409,17
2025-06-12,100041114,1596
2025-06-12,100047030,1819
2025-06-12,100052600,4615
2025-06-12,100052602,330
2025-06-12,100052603,3485
2025-06-12,100052605,837
2025-06-12,100053055,457
2025-06-12,100053059,386
2025-06-12,100053210,860
2025-06-12,100054073,737
2025-06-12,100055268,1096
2025-06-12,100056188,5235
2025-06-12,300014985,6443
2025-06-12,300014986,5901
2025-06-12,300014993,2119
2025-06-12,300014994,0
2025-06-12,300014995,7029
2025-06-12,300014996,5278
2025-06-12,300020478,3768
2025-06-12,300020679,2950
2025-06-12,300020816,3777
2025-06-12,300020817,3187
2025-06-12,300021685,405
2025-06-12,300028650,2162
2025-06-12,ZLT24020668,698
2025-06-12,ZLT24020669,641
2025-06-13,100001753,1958
2025-06-13,100003032,7588
2025-06-13,100003040,193
2025-06-13,100003041,4586
2025-06-13,100003042,3007
2025-06-13,100004575,0
2025-06-13,100011747,848
2025-06-13,100011783,2280
2025-06-13,100012217,3515
2025-06-13,100012218,1199
2025-06-13,100017441,3791
2025-06-13,100025474,6527
2025-06-13,100035409,14
2025-06-13,100041114,1725
2025-06-13,100047030,1420
2025-06-13,100052600,3920
2025-06-13,100052602,361
2025-06-13,100052603,2747
2025-06-13,100052605,760
2025-06-13,100053055,308
2025-06-13,100053059,370
2025-06-13,100053210,696
2025-06-13,100054073,641
2025-06-13,100055268,0
2025-06-13,100056188,4757
2025-06-13,300014985,5359
2025-06-13,300014986,4605
2025-06-13,300014993,1667
2025-06-13,300014994,0
2025-06-13,300014995,5627
2025-06-13,300014996,4624
2025-06-13,300020478,2871
2025-06-13,300020679,2485
2025-06-13,300020816,3095
2025-06-13,300020817,2574
2025-06-13,300021685,427
2025-06-13,300028650,1702
2025-06-13,ZLT24020668,602
2025-06-13,ZLT24020669,561
2025-06-14,100001753,1849
2025-06-14,100003032,7615
2025-06-14,100003040,246
2025-06-14,100003041,3332
2025-06-14,100003042,2604
2025-06-14,100004575,0
2025-06-14,100011747,764
2025-06-14,100011783,2052
2025-06-14,100012217,4385
2025-06-14,100012218,1379
2025-06-14,100017441,3040
2025-06-14,100025474,5976
2025-06-14,100035409,17
2025-06-14,100041114,2528
2025-06-14,100047030,1281
2025-06-14,100052600,3813
2025-06-14,100052602,585
2025-06-14,100052603,2446
2025-06-14,100052605,1037
2025-06-14,100053055,222
2025-06-14,100053059,304
2025-06-14,100053210,634
2025-06-14,100054073,406
2025-06-14,100055268,0
2025-06-14,100056188,4365
2025-06-14,300014985,5107
2025-06-14,300014986,4583
2025-06-14,300014993,1663
2025-06-14,300014994,0
2025-06-14,300014995,5749
2025-06-14,300014996,4383
2025-06-14,300020478,2437
2025-06-14,300020679,2227
2025-06-14,300020816,2842
2025-06-14,300020817,2458
2025-06-14,300021685,735
2025-06-14,300028650,1684
2025-06-14,ZLT24020668,563
2025-06-14,ZLT24020669,507
2025-06-15,100001753,1777
2025-06-15,100003032,6846
2025-06-15,100003040,436
2025-06-15,100003041,3490
2025-06-15,100003042,2256
2025-06-15,100004575,0
2025-06-15,100011747,633
2025-06-15,100011783,1906
2025-06-15,100012217,3936
2025-06-15,100012218,1187
2025-06-15,100017441,2462
2025-06-15,100025474,5355
2025-06-15,100035409,15
2025-06-15,100041114,2991
2025-06-15,100047030,1155
2025-06-15,100052600,3696
2025-06-15,100052602,738
2025-06-15,100052603,2240
2025-06-15,100052605,1173
2025-06-15,100053055,214
2025-06-15,100053059,334
2025-06-15,100053210,797
2025-06-15,100054073,408
2025-06-15,100055268,2068
2025-06-15,100056188,3631
2025-06-15,300014985,4172
2025-06-15,300014986,3909
2025-06-15,300014993,1778
2025-06-15,300014994,0
2025-06-15,300014995,4991
2025-06-15,300014996,3544
2025-06-15,300020478,2119
2025-06-15,300020679,1943
2025-06-15,300020816,2587
2025-06-15,300020817,2239
2025-06-15,300021685,905
2025-06-15,300028650,1531
2025-06-15,ZLT24020668,483
2025-06-15,ZLT24020669,466
2025-06-16,100001753,2166
2025-06-16,100003032,7306
2025-06-16,100003040,569
2025-06-16,100003041,5772
2025-06-16,100003042,3404
2025-06-16,100004575,0
2025-06-16,100011747,971
2025-06-16,100011783,2630
2025-06-16,100012217,3324
2025-06-16,100012218,1181
2025-06-16,100017441,4431
2025-06-16,100025474,7044
2025-06-16,100035409,9
2025-06-16,100041114,2147
2025-06-16,100047030,1537
2025-06-16,100052600,4438
2025-06-16,100052602,617
2025-06-16,100052603,3070
2025-06-16,100052605,962
2025-06-16,100053055,368
2025-06-16,100053059,347
2025-06-16,100053210,864
2025-06-16,100054073,782
2025-06-16,100055268,2584
2025-06-16,100056188,4121
2025-06-16,300014985,5235
2025-06-16,300014986,4575
2025-06-16,300014993,2109
2025-06-16,300014994,0
2025-06-16,300014995,3216
2025-06-16,300014996,3385
2025-06-16,300020478,3453
2025-06-16,300020679,2393
2025-06-16,300020816,3298
2025-06-16,300020817,2748
2025-06-16,300021685,526
2025-06-16,300028650,1692
2025-06-16,ZLT24020668,572
2025-06-16,ZLT24020669,471
2025-06-17,100001753,2384
2025-06-17,100003032,8525
2025-06-17,100003040,620
2025-06-17,100003041,5824
2025-06-17,100003042,3648
2025-06-17,100004575,0
2025-06-17,100011747,1065
2025-06-17,100011783,2638
2025-06-17,100012217,3595
2025-06-17,100012218,1279
2025-06-17,100017441,5073
2025-06-17,100025474,7608
2025-06-17,100035409,17
2025-06-17,100041114,1954
2025-06-17,100047030,1705
2025-06-17,100052600,4409
2025-06-17,100052602,458
2025-06-17,100052603,3420
2025-06-17,100052605,923
2025-06-17,100053055,419
2025-06-17,100053059,372
2025-06-17,100053210,803
2025-06-17,100054073,723
2025-06-17,100055268,2437
2025-06-17,100056188,4777
2025-06-17,300014985,5935
2025-06-17,300014986,5242
2025-06-17,300014993,2033
2025-06-17,300014994,0
2025-06-17,300014995,4923
2025-06-17,300014996,4801
2025-06-17,300020478,3574
2025-06-17,300020679,2804
2025-06-17,300020816,3560
2025-06-17,300020817,3151
2025-06-17,300021685,521
2025-06-17,300028650,2066
2025-06-17,ZLT24020668,677
2025-06-17,ZLT24020669,612
2025-06-18,100001753,2028
2025-06-18,100003032,8100
2025-06-18,100003040,465
2025-06-18,100003041,5025
2025-06-18,100003042,3170
2025-06-18,100004575,0
2025-06-18,100011747,779
2025-06-18,100011783,2242
2025-06-18,100012217,3369
2025-06-18,100012218,1156
2025-06-18,100017441,4324
2025-06-18,100025474,7261
2025-06-18,100035409,4
2025-06-18,100041114,1472
2025-06-18,100047030,1579
2025-06-18,100052600,3830
2025-06-18,100052602,312
2025-06-18,100052603,3000
2025-06-18,100052605,691
2025-06-18,100053055,351
2025-06-18,100053059,334
2025-06-18,100053210,774
2025-06-18,100054073,627
2025-06-18,100055268,2136
2025-06-18,100056188,4816
2025-06-18,300014985,5346
2025-06-18,300014986,4723
2025-06-18,300014993,1567
2025-06-18,300014994,0
2025-06-18,300014995,4625
2025-06-18,300014996,4625
2025-06-18,300020478,3161
2025-06-18,300020679,2182
2025-06-18,300020816,2992
2025-06-18,300020817,2699
2025-06-18,300021685,425
2025-06-18,300028650,1811
2025-06-18,ZLT24020668,575
2025-06-18,ZLT24020669,638
2025-06-19,100001753,1305
2025-06-19,100003032,5676
2025-06-19,100003040,21
2025-06-19,100003041,3734
2025-06-19,100003042,2483
2025-06-19,100004575,0
2025-06-19,100011747,583
2025-06-19,100011783,1500
2025-06-19,100012217,2460
2025-06-19,100012218,902
2025-06-19,100017441,3264
2025-06-19,100025474,5659
2025-06-19,100035409,5
2025-06-19,100041114,747
2025-06-19,100047030,1215
2025-06-19,100052600,2747
2025-06-19,100052602,136
2025-06-19,100052603,2107
2025-06-19,100052605,373
2025-06-19,100053055,214
2025-06-19,100053059,279
2025-06-19,100053210,473
2025-06-19,100054073,438
2025-06-19,100055268,1344
2025-06-19,100056188,3618
2025-06-19,300014985,3780
2025-06-19,300014986,3488
2025-06-19,300014993,1064
2025-06-19,300014994,0
2025-06-19,300014995,3407
2025-06-19,300014996,3559
2025-06-19,300020478,2125
2025-06-19,300020679,1634
2025-06-19,300020816,1990
2025-06-19,300020817,1857
2025-06-19,300021685,170
2025-06-19,300028650,1275
2025-06-19,ZLT24020668,434
2025-06-19,ZLT24020669,388
2025-06-20,100001753,1180
2025-06-20,100003032,5680
2025-06-20,100003040,0
2025-06-20,100003041,3057
2025-06-20,100003042,2076
2025-06-20,100004575,0
2025-06-20,100011747,492
2025-06-20,100011783,1403
2025-06-20,100012217,2304
2025-06-20,100012218,899
2025-06-20,100017441,2479
2025-06-20,100025474,5721
2025-06-20,100035409,10
2025-06-20,100041114,1023
2025-06-20,100047030,1039
2025-06-20,100052600,2612
2025-06-20,100052602,189
2025-06-20,100052603,1818
2025-06-20,100052605,469
2025-06-20,100053055,185
2025-06-20,100053059,293
2025-06-20,100053210,461
2025-06-20,100054073,425
2025-06-20,100055268,1307
2025-06-20,100056188,3431
2025-06-20,300014985,3816
2025-06-20,300014986,3232
2025-06-20,300014993,1048
2025-06-20,300014994,0
2025-06-20,300014995,3236
2025-06-20,300014996,1805
2025-06-20,300020478,1914
2025-06-20,300020679,1537
2025-06-20,300020816,2097
2025-06-20,300020817,1913
2025-06-20,300021685,277
2025-06-20,300028650,1052
2025-06-20,ZLT24020668,506
2025-06-20,ZLT24020669,568
2025-06-21,100001753,1778
2025-06-21,100003032,7506
2025-06-21,100003040,0
2025-06-21,100003041,2809
2025-06-21,100003042,2133
2025-06-21,100004575,0
2025-06-21,100011747,525
2025-06-21,100011783,1871
2025-06-21,100012217,3401
2025-06-21,100012218,1320
2025-06-21,100017441,2446
2025-06-21,100025474,5884
2025-06-21,100035409,11
2025-06-21,100041114,2613
2025-06-21,100047030,1149
2025-06-21,100052600,3709
2025-06-21,100052602,912
2025-06-21,100052603,2112
2025-06-21,100052605,1211
2025-06-21,100053055,211
2025-06-21,100053059,269
2025-06-21,100053210,795
2025-06-21,100054073,495
2025-06-21,100055268,2406
2025-06-21,100056188,3788
2025-06-21,300014985,4364
2025-06-21,300014986,3917
2025-06-21,300014993,1634
2025-06-21,300014994,0
2025-06-21,300014995,3736
2025-06-21,300014996,3932
2025-06-21,300020478,2029
2025-06-21,300020679,1919
2025-06-21,300020816,2546
2025-06-21,300020817,2356
2025-06-21,300021685,998
2025-06-21,300028650,1449
2025-06-21,ZLT24020668,593
2025-06-21,ZLT24020669,654
2025-06-22,100001753,1209
2025-06-22,100003032,4815
2025-06-22,100003040,0
2025-06-22,100003041,2474
2025-06-22,100003042,1600
2025-06-22,100004575,0
2025-06-22,100011747,447
2025-06-22,100011783,1462
2025-06-22,100012217,2659
2025-06-22,100012218,1018
2025-06-22,100017441,1875
2025-06-22,100025474,4628
2025-06-22,100035409,8
2025-06-22,100041114,1955
2025-06-22,100047030,870
2025-06-22,100052600,2656
2025-06-22,100052602,417
2025-06-22,100052603,1569
2025-06-22,100052605,822
2025-06-22,100053055,170
2025-06-22,100053059,242
2025-06-22,100053210,574
2025-06-22,100054073,340
2025-06-22,100055268,1634
2025-06-22,100056188,2463
2025-06-22,300014985,3041
2025-06-22,300014986,2815
2025-06-22,300014993,1176
2025-06-22,300014994,0
2025-06-22,300014995,2705
2025-06-22,300014996,2521
2025-06-22,300020478,1662
2025-06-22,300020679,1494
2025-06-22,300020816,1825
2025-06-22,300020817,1739
2025-06-22,300021685,575
2025-06-22,300028650,1149
2025-06-22,ZLT24020668,444
2025-06-22,ZLT24020669,503
2025-06-23,100001753,1298
2025-06-23,100003032,4575
2025-06-23,100003040,0
2025-06-23,100003041,3141
2025-06-23,100003042,1607
2025-06-23,100004575,0
2025-06-23,100011747,451
2025-06-23,100011783,1502
2025-06-23,100012217,2296
2025-06-23,100012218,908
2025-06-23,100017441,2471
2025-06-23,100025474,4792
2025-06-23,100035409,7
2025-06-23,100041114,1143
2025-06-23,100047030,977
2025-06-23,100052600,2543
2025-06-23,100052602,279
2025-06-23,100052603,1908
2025-06-23,100052605,626
2025-06-23,100053055,219
2025-06-23,100053059,305
2025-06-23,100053210,593
2025-06-23,100054073,496
2025-06-23,100055268,1469
2025-06-23,100056188,2584
2025-06-23,300014985,3227
2025-06-23,300014986,2745
2025-06-23,300014993,1120
2025-06-23,300014994,0
2025-06-23,300014995,2491
2025-06-23,300014996,2682
2025-06-23,300020478,2003
2025-06-23,300020679,1384
2025-06-23,300020816,2060
2025-06-23,300020817,1731
2025-06-23,300021685,395
2025-06-23,300028650,1364
2025-06-23,ZLT24020668,488
2025-06-23,ZLT24020669,468
2025-06-24,100001753,1192
2025-06-24,100003032,4037
2025-06-24,100003040,0
2025-06-24,100003041,2059
2025-06-24,100003042,1380
2025-06-24,100004575,0
2025-06-24,100011747,332
2025-06-24,100011783,1237
2025-06-24,100012217,2415
2025-06-24,100012218,993
2025-06-24,100017441,1740
2025-06-24,100025474,3675
2025-06-24,100035409,7
2025-06-24,100041114,1625
2025-06-24,100047030,800
2025-06-24,100052600,3955
2025-06-24,100052602,357
2025-06-24,100052603,1746
2025-06-24,100052605,796
2025-06-24,100053055,152
2025-06-24,100053059,240
2025-06-24,100053210,515
2025-06-24,100054073,385
2025-06-24,100055268,3073
2025-06-24,100056188,2270
2025-06-24,300014985,2457
2025-06-24,300014986,2471
2025-06-24,300014993,1078
2025-06-24,300014994,0
2025-06-24,300014995,2043
2025-06-24,300014996,2162
2025-06-24,300020478,1461
2025-06-24,300020679,1089
2025-06-24,300020816,1699
2025-06-24,300020817,1490
2025-06-24,300021685,538
2025-06-24,300028650,1151
2025-06-24,ZLT24020668,436
2025-06-24,ZLT24020669,496
2025-06-25,100001753,1971
2025-06-25,100003032,6900
2025-06-25,100003040,0
2025-06-25,100003041,4481
2025-06-25,100003042,2861
2025-06-25,100004575,0
2025-06-25,100011747,614
2025-06-25,100011783,2269
2025-06-25,100012217,3294
2025-06-25,100012218,1202
2025-06-25,100017441,4162
2025-06-25,100025474,7148
2025-06-25,100035409,10
2025-06-25,100041114,1830
2025-06-25,100047030,1488
2025-06-25,100052600,3911
2025-06-25,100052602,476
2025-06-25,100052603,2888
2025-06-25,100052605,846
2025-06-25,100053055,318
2025-06-25,100053059,340
2025-06-25,100053210,791
2025-06-25,100054073,609
2025-06-25,100055268,2383
2025-06-25,100056188,3967
2025-06-25,300014985,4866
2025-06-25,300014986,4482
2025-06-25,300014993,1804
2025-06-25,300014994,0
2025-06-25,300014995,3969
2025-06-25,300014996,3969
2025-06-25,300020478,2855
2025-06-25,300020679,2366
2025-06-25,300020816,3028
2025-06-25,300020817,2502
2025-06-25,300021685,613
2025-06-25,300028650,1784
2025-06-25,ZLT24020668,589
2025-06-25,ZLT24020669,596
2025-06-26,100001753,2499
2025-06-26,100003032,8266
2025-06-26,100003040,0
2025-06-26,100003041,4422
2025-06-26,100003042,2944
2025-06-26,100004575,0
2025-06-26,100011747,756
2025-06-26,100011783,2277
2025-06-26,100012217,3142
2025-06-26,100012218,1174
2025-06-26,100017441,4286
2025-06-26,100025474,7131
2025-06-26,100035409,8
2025-06-26,100041114,1540
2025-06-26,100047030,1621
2025-06-26,100052600,3772
2025-06-26,100052602,364
2025-06-26,100052603,2985
2025-06-26,100052605,800
2025-06-26,100053055,337
2025-06-26,100053059,295
2025-06-26,100053210,778
2025-06-26,100054073,614
2025-06-26,100055268,1981
2025-06-26,100056188,5310
2025-06-26,300014985,5274
2025-06-26,300014986,4584
2025-06-26,300014993,1642
2025-06-26,300014994,0
2025-06-26,300014995,4273
2025-06-26,300014996,4416
2025-06-26,300020478,3010
2025-06-26,300020679,2519
2025-06-26,300020816,3104
2025-06-26,300020817,2635
2025-06-26,300021685,409
2025-06-26,300028650,1700
2025-06-26,ZLT24020668,655
2025-06-26,ZLT24020669,579
2025-06-27,100001753,1203
2025-06-27,100003032,4463
2025-06-27,100003040,0
2025-06-27,100003041,2872
2025-06-27,100003042,1809
2025-06-27,100004575,0
2025-06-27,100011747,340
2025-06-27,100011783,1537
2025-06-27,100012217,2376
2025-06-27,100012218,740
2025-06-27,100017441,2664
2025-06-27,100025474,4629
2025-06-27,100035409,8
2025-06-27,100041114,1230
2025-06-27,100047030,985
2025-06-27,100052600,2572
2025-06-27,100052602,301
2025-06-27,100052603,1778
2025-06-27,100052605,495
2025-06-27,100053055,183
2025-06-27,100053059,264
2025-06-27,100053210,519
2025-06-27,100054073,406
2025-06-27,100055268,1446
2025-06-27,100056188,2651
2025-06-27,300014985,3061
2025-06-27,300014986,2873
2025-06-27,300014993,1034
2025-06-27,300014994,0
2025-06-27,300014995,2625
2025-06-27,300014996,2662
2025-06-27,300020478,1962
2025-06-27,300020679,1742
2025-06-27,300020816,1865
2025-06-27,300020817,1576
2025-06-27,300021685,337
2025-06-27,300028650,1125
2025-06-27,ZLT24020668,481
2025-06-27,ZLT24020669,477
2025-06-28,100001753,625
2025-06-28,100003032,3375
2025-06-28,100003040,0
2025-06-28,100003041,1565
2025-06-28,100003042,1136
2025-06-28,100004575,0
2025-06-28,100011747,314
2025-06-28,100011783,956
2025-06-28,100012217,1827
2025-06-28,100012218,572
2025-06-28,100017441,1348
2025-06-28,100025474,3271
2025-06-28,100035409,0
2025-06-28,100041114,794
2025-06-28,100047030,732
2025-06-28,100052600,1737
2025-06-28,100052602,78
2025-06-28,100052603,867
2025-06-28,100052605,340
2025-06-28,100053055,86
2025-06-28,100053059,171
2025-06-28,100053210,265
2025-06-28,100054073,206
2025-06-28,100055268,1009
2025-06-28,100056188,2266
2025-06-28,300014985,2445
2025-06-28,300014986,1899
2025-06-28,300014993,528
2025-06-28,300014994,0
2025-06-28,300014995,1965
2025-06-28,300014996,2390
2025-06-28,300020478,1323
2025-06-28,300020679,1131
2025-06-28,300020816,1142
2025-06-28,300020817,934
2025-06-28,300021685,134
2025-06-28,300028650,682
2025-06-28,ZLT24020668,305
2025-06-28,ZLT24020669,327
2025-06-29,100001753,1580
2025-06-29,100003032,6042
2025-06-29,100003040,0
2025-06-29,100003041,2579
2025-06-29,100003042,1888
2025-06-29,100004575,0
2025-06-29,100011747,461
2025-06-29,100011783,1676
2025-06-29,100012217,3109
2025-06-29,100012218,1106
2025-06-29,100017441,2052
2025-06-29,100025474,5118
2025-06-29,100035409,12
2025-06-29,100041114,2343
2025-06-29,100047030,1032
2025-06-29,100052600,3187
2025-06-29,100052602,712
2025-06-29,100052603,1914
2025-06-29,100052605,1029
2025-06-29,100053055,200
2025-06-29,100053059,271
2025-06-29,100053210,680
2025-06-29,100054073,331
2025-06-29,100055268,2139
2025-06-29,100056188,3259
2025-06-29,300014985,3741
2025-06-29,300014986,3356
2025-06-29,300014993,1378
2025-06-29,300014994,0
2025-06-29,300014995,3114
2025-06-29,300014996,3094
2025-06-29,300020478,1975
2025-06-29,300020679,1897
2025-06-29,300020816,2311
2025-06-29,300020817,1893
2025-06-29,300021685,873
2025-06-29,300028650,1191
2025-06-29,ZLT24020668,468
2025-06-29,ZLT24020669,537
2025-06-30,100001753,1812
2025-06-30,100003032,6833
2025-06-30,100003040,0
2025-06-30,100003041,3662
2025-06-30,100003042,2379
2025-06-30,100004575,0
2025-06-30,100011747,477
2025-06-30,100011783,2073
2025-06-30,100012217,3114
2025-06-30,100012218,1207
2025-06-30,100017441,2981
2025-06-30,100025474,5938
2025-06-30,100035409,28
2025-06-30,100041114,2273
2025-06-30,100047030,1266
2025-06-30,100052600,3660
2025-06-30,100052602,620
2025-06-30,100052603,2334
2025-06-30,100052605,942
2025-06-30,100053055,273
2025-06-30,100053059,310
2025-06-30,100053210,789
2025-06-30,100054073,540
2025-06-30,100055268,2230
2025-06-30,100056188,3655
2025-06-30,300014985,4332
2025-06-30,300014986,3778
2025-06-30,300014993,1646
2025-06-30,300014994,0
2025-06-30,300014995,3575
2025-06-30,300014996,3783
2025-06-30,300020478,2551
2025-06-30,300020679,2039
2025-06-30,300020816,2735
2025-06-30,300020817,2326
2025-06-30,300021685,715
2025-06-30,300028650,1720
2025-06-30,ZLT24020668,661
2025-06-30,ZLT24020669,736
2025-07-01,100001753,1189
2025-07-01,100003032,4761
2025-07-01,100003040,0
2025-07-01,100003041,2173
2025-07-01,100003042,1476
2025-07-01,100004575,0
2025-07-01,100011747,413
2025-07-01,100011783,1403
2025-07-01,100012217,2402
2025-07-01,100012218,838
2025-07-01,100017441,1754
2025-07-01,100025474,4092
2025-07-01,100035408,0
2025-07-01,100035409,12
2025-07-01,100041114,1295
2025-07-01,100047030,898
2025-07-01,100052600,2554
2025-07-01,100052602,250
2025-07-01,100052603,1439
2025-07-01,100052605,633
2025-07-01,100053055,123
2025-07-01,100053059,231
2025-07-01,100053210,546
2025-07-01,100054073,320
2025-07-01,100055268,1595
2025-07-01,100056188,2666
2025-07-01,300014985,3011
2025-07-01,300014986,2657
2025-07-01,300014993,926
2025-07-01,300014994,0
2025-07-01,300014995,2687
2025-07-01,300014996,2691
2025-07-01,300020478,1615
2025-07-01,300020679,1531
2025-07-01,300020816,1749
2025-07-01,300020817,1382
2025-07-01,300021685,319
2025-07-01,300028650,1042
2025-07-01,ZLT24020668,431
2025-07-01,ZLT24020669,465
2025-07-02,100001753,2231
2025-07-02,100003032,7846
2025-07-02,100003040,0
2025-07-02,100003041,4458
2025-07-02,100003042,2986
2025-07-02,100004575,0
2025-07-02,100011747,619
2025-07-02,100011783,2328
2025-07-02,100012217,3184
2025-07-02,100012218,1120
2025-07-02,100017441,4290
2025-07-02,100025474,6923
2025-07-02,100035408,0
2025-07-02,100035409,13
2025-07-02,100041114,1661
2025-07-02,100047030,1566
2025-07-02,100052600,3908
2025-07-02,100052602,460
2025-07-02,100052603,2901
2025-07-02,100052605,857
2025-07-02,100053055,324
2025-07-02,100053059,343
2025-07-02,100053210,772
2025-07-02,100054073,583
2025-07-02,100055268,2214
2025-07-02,100056188,4390
2025-07-02,300014985,5249
2025-07-02,300014986,4629
2025-07-02,300014993,1831
2025-07-02,300014994,0
2025-07-02,300014995,4386
2025-07-02,300014996,4783
2025-07-02,300020478,3202
2025-07-02,300020679,2450
2025-07-02,300020816,3249
2025-07-02,300020817,2612
2025-07-02,300021685,631
2025-07-02,300028650,1873
2025-07-02,ZLT24020668,691
2025-07-02,ZLT24020669,585
2025-07-03,100001753,2120
2025-07-03,100003032,7274
2025-07-03,100003040,0
2025-07-03,100003041,3401
2025-07-03,100003042,2617
2025-07-03,100004575,0
2025-07-03,100011747,693
2025-07-03,100011783,1960
2025-07-03,100012217,2914
2025-07-03,100012218,997
2025-07-03,100017441,3659
2025-07-03,100025474,6219
2025-07-03,100035408,0
2025-07-03,100035409,11
2025-07-03,100041114,1027
2025-07-03,100047030,1473
2025-07-03,100052600,3230
2025-07-03,100052602,224
2025-07-03,100052603,2351
2025-07-03,100052605,632
2025-07-03,100053055,251
2025-07-03,100053059,347
2025-07-03,100053210,609
2025-07-03,100054073,465
2025-07-03,100055268,1755
2025-07-03,100056188,4865
2025-07-03,300014985,4318
2025-07-03,300014986,4125
2025-07-03,300014993,1326
2025-07-03,300014994,0
2025-07-03,300014995,5060
2025-07-03,300014996,4106
2025-07-03,300020478,2769
2025-07-03,300020679,2272
2025-07-03,300020816,2516
2025-07-03,300020817,2148
2025-07-03,300021685,281
2025-07-03,300028650,1607
2025-07-03,ZLT24020668,629
2025-07-03,ZLT24020669,540
2025-07-04,100001753,2092
2025-07-04,100003032,7203
2025-07-04,100003040,0
2025-07-04,100003041,3107
2025-07-04,100003042,2603
2025-07-04,100004575,0
2025-07-04,100011747,599
2025-07-04,100011783,2191
2025-07-04,100012217,3418
2025-07-04,100012218,1250
2025-07-04,100017441,3312
2025-07-04,100025474,6615
2025-07-04,100035408,886
2025-07-04,100035409,19
2025-07-04,100041114,2060
2025-07-04,100047030,1407
2025-07-04,100052600,4078
2025-07-04,100052602,691
2025-07-04,100052603,2596
2025-07-04,100052605,938
2025-07-04,100053055,281
2025-07-04,100053059,373
2025-07-04,100053210,743
2025-07-04,100054073,559
2025-07-04,100055268,2601
2025-07-04,100056188,4305
2025-07-04,300014985,4708
2025-07-04,300014986,4348
2025-07-04,300014993,1723
2025-07-04,300014994,0
2025-07-04,300014995,5395
2025-07-04,300014996,4227
2025-07-04,300020478,2932
2025-07-04,300020679,2537
2025-07-04,300020816,2860
2025-07-04,300020817,2381
2025-07-04,300021685,647
2025-07-04,300028650,1900
2025-07-04,ZLT24020668,719
2025-07-04,ZLT24020669,826
2025-07-05,100001753,1535
2025-07-05,100003032,7042
2025-07-05,100003040,0
2025-07-05,100003041,2336
2025-07-05,100003042,2108
2025-07-05,100004575,0
2025-07-05,100011747,509
2025-07-05,100011783,1849
2025-07-05,100012217,3267
2025-07-05,100012218,1157
2025-07-05,100017441,2397
2025-07-05,100025474,5360
2025-07-05,100035408,1072
2025-07-05,100035409,4
2025-07-05,100041114,2006
2025-07-05,100047030,1256
2025-07-05,100052600,3492
2025-07-05,100052602,627
2025-07-05,100052603,2108
2025-07-05,100052605,950
2025-07-05,100053055,224
2025-07-05,100053059,335
2025-07-05,100053210,596
2025-07-05,100054073,412
2025-07-05,100055268,2215
2025-07-05,100056188,3824
2025-07-05,300014985,4253
2025-07-05,300014986,3713
2025-07-05,300014993,1341
2025-07-05,300014994,0
2025-07-05,300014995,5180
2025-07-05,300014996,4176
2025-07-05,300020478,2333
2025-07-05,300020679,2100
2025-07-05,300020816,2310
2025-07-05,300020817,2034
2025-07-05,300021685,791
2025-07-05,300028650,1349
2025-07-05,ZLT24020668,597
2025-07-05,ZLT24020669,573
2025-07-06,100001753,1311
2025-07-06,100003032,4360
2025-07-06,100003040,0
2025-07-06,100003041,1664
2025-07-06,100003042,1315
2025-07-06,100004575,0
2025-07-06,100011747,382
2025-07-06,100011783,1257
2025-07-06,100012217,2196
2025-07-06,100012218,780
2025-07-06,100017441,1628
2025-07-06,100025474,3882
2025-07-06,100035408,660
2025-07-06,100035409,6
2025-07-06,100041114,1467
2025-07-06,100047030,939
2025-07-06,100052600,2255
2025-07-06,100052602,445
2025-07-06,100052603,1333
2025-07-06,100052605,689
2025-07-06,100053055,133
2025-07-06,100053059,279
2025-07-06,100053210,443
2025-07-06,100054073,279
2025-07-06,100055268,1428
2025-07-06,100056188,2771
2025-07-06,300014985,2579
2025-07-06,300014986,2578
2025-07-06,300014993,876
2025-07-06,300014994,0
2025-07-06,300014995,3329
2025-07-06,300014996,2323
2025-07-06,300020478,1490
2025-07-06,300020679,1379
2025-07-06,300020816,1513
2025-07-06,300020817,1404
2025-07-06,300021685,480
2025-07-06,300028650,1093
2025-07-06,ZLT24020668,446
2025-07-06,ZLT24020669,489
2025-07-07,100001753,766
2025-07-07,100003032,2857
2025-07-07,100003040,0
2025-07-07,100003041,1731
2025-07-07,100003042,1313
2025-07-07,100004575,0
2025-07-07,100011747,317
2025-07-07,100011783,1164
2025-07-07,100012217,1423
2025-07-07,100012218,420
2025-07-07,100017441,2126
2025-07-07,100025474,3226
2025-07-07,100035408,640
2025-07-07,100035409,12
2025-07-07,100041114,386
2025-07-07,100047030,749
2025-07-07,100052600,1587
2025-07-07,100052602,60
2025-07-07,100052603,995
2025-07-07,100052605,225
2025-07-07,100053055,124
2025-07-07,100053059,206
2025-07-07,100053210,277
2025-07-07,100054073,275
2025-07-07,100055268,766
2025-07-07,100056188,1644
2025-07-07,300014985,2105
2025-07-07,300014986,1804
2025-07-07,300014993,617
2025-07-07,300014994,0
2025-07-07,300014995,2302
2025-07-07,300014996,1803
2025-07-07,300020478,1384
2025-07-07,300020679,1115
2025-07-07,300020816,1200
2025-07-07,300020817,1041
2025-07-07,300021685,73
2025-07-07,300028650,636
2025-07-07,ZLT24020668,360
2025-07-07,ZLT24020669,365
2025-07-08,100001753,2299
2025-07-08,100003032,7701
2025-07-08,100003040,0
2025-07-08,100003041,4048
2025-07-08,100003042,3160
2025-07-08,100004575,0
2025-07-08,100011747,733
2025-07-08,100011783,2558
2025-07-08,100012217,3510
2025-07-08,100012218,1195
2025-07-08,100017441,4578
2025-07-08,100025474,7128
2025-07-08,100035408,1797
2025-07-08,100035409,23
2025-07-08,100041114,2385
2025-07-08,100047030,1589
2025-07-08,100052600,4134
2025-07-08,100052602,650
2025-07-08,100052603,2762
2025-07-08,100052605,1036
2025-07-08,100053055,348
2025-07-08,100053059,402
2025-07-08,100053210,830
2025-07-08,100054073,630
2025-07-08,100055268,2394
2025-07-08,100056188,4223
2025-07-08,300014985,5251
2025-07-08,300014986,4711
2025-07-08,300014993,1920
2025-07-08,300014994,0
2025-07-08,300014995,5507
2025-07-08,300014996,4620
2025-07-08,300020478,3286
2025-07-08,300020679,2838
2025-07-08,300020816,3155
2025-07-08,300020817,2738
2025-07-08,300021685,746
2025-07-08,300028650,1262
2025-07-08,ZLT24020668,787
2025-07-08,ZLT24020669,600
2025-07-09,100001753,2308
2025-07-09,100003032,7737
2025-07-09,100003040,0
2025-07-09,100003041,3725
2025-07-09,100003042,3035
2025-07-09,100004575,0
2025-07-09,100011747,646
2025-07-09,100011783,2442
2025-07-09,100012217,3404
2025-07-09,100012218,1315
2025-07-09,100017441,4374
2025-07-09,100025474,7921
2025-07-09,100035408,1901
2025-07-09,100035409,25
2025-07-09,100041114,1935
2025-07-09,100047030,1565
2025-07-09,100052600,4166
2025-07-09,100052602,532
2025-07-09,100052603,2994
2025-07-09,100052605,931
2025-07-09,100053055,326
2025-07-09,100053059,399
2025-07-09,100053210,835
2025-07-09,100054073,621
2025-07-09,100055268,2441
2025-07-09,100056188,4207
2025-07-09,300014985,5183
2025-07-09,300014986,4820
2025-07-09,300014993,1913
2025-07-09,300014994,0
2025-07-09,300014995,5482
2025-07-09,300014996,4366
2025-07-09,300020478,3300
2025-07-09,300020679,2757
2025-07-09,300020816,3147
2025-07-09,300020817,2814
2025-07-09,300021685,684
2025-07-09,300028650,1201
2025-07-09,ZLT24020668,743
2025-07-09,ZLT24020669,708
2025-07-10,100001753,2403
2025-07-10,100003032,7645
2025-07-10,100003040,0
2025-07-10,100003041,3376
2025-07-10,100003042,2705
2025-07-10,100004575,0
2025-07-10,100011747,763
2025-07-10,100011783,2175
2025-07-10,100012217,3348
2025-07-10,100012218,1327
2025-07-10,100017441,3963
2025-07-10,100025474,7108
2025-07-10,100035408,1713
2025-07-10,100035409,20
2025-07-10,100041114,1375
2025-07-10,100047030,1752
2025-07-10,100052600,3662
2025-07-10,100052602,282
2025-07-10,100052603,2724
2025-07-10,100052605,752
2025-07-10,100053055,286
2025-07-10,100053059,434
2025-07-10,100053210,729
2025-07-10,100054073,533
2025-07-10,100055268,1963
2025-07-10,100056188,4864
2025-07-10,300014985,4933
2025-07-10,300014986,4346
2025-07-10,300014993,1440
2025-07-10,300014994,0
2025-07-10,300014995,5177
2025-07-10,300014996,4345
2025-07-10,300020478,2883
2025-07-10,300020679,2599
2025-07-10,300020816,2829
2025-07-10,300020817,2402
2025-07-10,300021685,392
2025-07-10,300028650,998
2025-07-10,ZLT24020668,706
2025-07-10,ZLT24020669,650
2025-07-11,100001753,1823
2025-07-11,100003032,6554
2025-07-11,100003040,0
2025-07-11,100003041,3000
2025-07-11,100003042,2160
2025-07-11,100004575,0
2025-07-11,100011747,600
2025-07-11,100011783,1994
2025-07-11,100012217,3191
2025-07-11,100012218,1259
2025-07-11,100017441,3105
2025-07-11,100025474,6827
2025-07-11,100035408,1652
2025-07-11,100035409,31
2025-07-11,100041114,1676
2025-07-11,100047030,1329
2025-07-11,100052600,3392
2025-07-11,100052602,466
2025-07-11,100052603,2433
2025-07-11,100052605,705
2025-07-11,100053055,268
2025-07-11,100053059,339
2025-07-11,100053210,684
2025-07-11,100054073,565
2025-07-11,100055268,1838
2025-07-11,100056188,3555
2025-07-11,300014985,4397
2025-07-11,300014986,3964
2025-07-11,300014993,1619
2025-07-11,300014994,0
2025-07-11,300014995,5036
2025-07-11,300014996,4064
2025-07-11,300020478,2614
2025-07-11,300020679,2481
2025-07-11,300020816,2585
2025-07-11,300020817,2274
2025-07-11,300021685,574
2025-07-11,300028650,1014
2025-07-11,ZLT24020668,670
2025-07-11,ZLT24020669,752
2025-07-12,100001753,1509
2025-07-12,100003032,6410
2025-07-12,100003040,0
2025-07-12,100003041,2113
2025-07-12,100003042,1597
2025-07-12,100004575,0
2025-07-12,100011747,495
2025-07-12,100011783,1584
2025-07-12,100012217,2959
2025-07-12,100012218,1223
2025-07-12,100017441,2146
2025-07-12,100025474,4592
2025-07-12,100035408,63
2025-07-12,100035409,9
2025-07-12,100041114,1851
2025-07-12,100047030,1221
2025-07-12,100052600,3026
2025-07-12,100052602,644
2025-07-12,100052603,1843
2025-07-12,100052605,1005
2025-07-12,100053055,190
2025-07-12,100053059,288
2025-07-12,100053210,641
2025-07-12,100054073,342
2025-07-12,100055268,1785
2025-07-12,100056188,3237
2025-07-12,300014985,3760
2025-07-12,300014986,3320
2025-07-12,300014993,1264
2025-07-12,300014994,0
2025-07-12,300014995,4359
2025-07-12,300014996,3650
2025-07-12,300020478,1980
2025-07-12,300020679,1881
2025-07-12,300020816,2247
2025-07-12,300020817,1906
2025-07-12,300021685,726
2025-07-12,300028650,814
2025-07-12,ZLT24020668,574
2025-07-12,ZLT24020669,572
2025-07-13,100001753,758
2025-07-13,100003032,3168
2025-07-13,100003040,0
2025-07-13,100003041,1228
2025-07-13,100003042,1054
2025-07-13,100004575,0
2025-07-13,100011747,368
2025-07-13,100011783,934
2025-07-13,100012217,1712
2025-07-13,100012218,585
2025-07-13,100017441,1341
2025-07-13,100025474,3017
2025-07-13,100035408,0
2025-07-13,100035409,6
2025-07-13,100041114,1088
2025-07-13,100047030,699
2025-07-13,100052600,1706
2025-07-13,100052602,295
2025-07-13,100052603,953
2025-07-13,100052605,442
2025-07-13,100053055,104
2025-07-13,100053059,230
2025-07-13,100053210,329
2025-07-13,100054073,208
2025-07-13,100055268,1047
2025-07-13,100056188,1788
2025-07-13,300014985,1946
2025-07-13,300014986,1880
2025-07-13,300014993,659
2025-07-13,300014994,0
2025-07-13,300014995,2796
2025-07-13,300014996,1787
2025-07-13,300020478,1087
2025-07-13,300020679,1043
2025-07-13,300020816,1131
2025-07-13,300020817,963
2025-07-13,300021685,384
2025-07-13,300028650,482
2025-07-13,ZLT24020668,393
2025-07-13,ZLT24020669,401
2025-07-14,100001753,1716
2025-07-14,100003032,5398
2025-07-14,100003040,0
2025-07-14,100003041,3263
2025-07-14,100003042,2425
2025-07-14,100004575,0
2025-07-14,100011747,547
2025-07-14,100011783,1928
2025-07-14,100012217,2823
2025-07-14,100012218,1015
2025-07-14,100017441,3762
2025-07-14,100025474,5991
2025-07-14,100035408,0
2025-07-14,100035409,11
2025-07-14,100041114,1551
2025-07-14,100047030,1209
2025-07-14,100052600,3274
2025-07-14,100052602,359
2025-07-14,100052603,2095
2025-07-14,100052605,672
2025-07-14,100053055,264
2025-07-14,100053059,386
2025-07-14,100053210,633
2025-07-14,100054073,524
2025-07-14,100055268,1920
2025-07-14,100056188,2959
2025-07-14,300014985,3881
2025-07-14,300014986,3567
2025-07-14,300014993,1457
2025-07-14,300014994,0
2025-07-14,300014995,3945
2025-07-14,300014996,3428
2025-07-14,300020478,2512
2025-07-14,300020679,2091
2025-07-14,300020816,2417
2025-07-14,300020817,2067
2025-07-14,300021685,486
2025-07-14,300028650,938
2025-07-14,ZLT24020668,595
2025-07-14,ZLT24020669,671
2025-07-15,100001753,2309
2025-07-15,100003032,6936
2025-07-15,100003040,0
2025-07-15,100003041,3601
2025-07-15,100003042,2867
2025-07-15,100004575,0
2025-07-15,100011747,695
2025-07-15,100011783,2174
2025-07-15,100012217,3212
2025-07-15,100012218,1148
2025-07-15,100017441,4223
2025-07-15,100025474,7036
2025-07-15,100035408,0
2025-07-15,100035409,23
2025-07-15,100041114,1576
2025-07-15,100047030,1541
2025-07-15,100052600,3719
2025-07-15,100052602,487
2025-07-15,100052603,2604
2025-07-15,100052605,824
2025-07-15,100053055,321
2025-07-15,100053059,384
2025-07-15,100053210,799
2025-07-15,100054073,555
2025-07-15,100055268,2170
2025-07-15,100056188,3659
2025-07-15,300014985,4733
2025-07-15,300014986,4340
2025-07-15,300014993,1714
2025-07-15,300014994,0
2025-07-15,300014995,5204
2025-07-15,300014996,4293
2025-07-15,300020478,3115
2025-07-15,300020679,2621
2025-07-15,300020816,2965
2025-07-15,300020817,2423
2025-07-15,300021685,530
2025-07-15,300028650,1025
2025-07-15,ZLT24020668,734
2025-07-15,ZLT24020669,706
2025-07-16,100001753,2182
2025-07-16,100003032,6787
2025-07-16,100003040,0
2025-07-16,100003041,2379
2025-07-16,100003042,2736
2025-07-16,100004575,0
2025-07-16,100011747,697
2025-07-16,100011783,2157
2025-07-16,100012217,3104
2025-07-16,100012218,1271
2025-07-16,100017441,4019
2025-07-16,100025474,6841
2025-07-16,100035408,0
2025-07-16,100035409,23
2025-07-16,100041114,1511
2025-07-16,100047030,1557
2025-07-16,100052600,3672
2025-07-16,100052602,390
2025-07-16,100052603,2415
2025-07-16,100052605,725
2025-07-16,100053055,309
2025-07-16,100053059,419
2025-07-16,100053210,656
2025-07-16,100054073,546
2025-07-16,100055268,2010
2025-07-16,100056188,3544
2025-07-16,300014985,4437
2025-07-16,300014986,4097
2025-07-16,300014993,1586
2025-07-16,300014994,0
2025-07-16,300014995,4547
2025-07-16,300014996,4014
2025-07-16,300020478,2894
2025-07-16,300020679,2417
2025-07-16,300020816,2824
2025-07-16,300020817,2335
2025-07-16,300021685,452
2025-07-16,300028650,1040
2025-07-16,ZLT24020668,659
2025-07-16,ZLT24020669,720
2025-07-17,100001753,1162
2025-07-17,100003032,4061
2025-07-17,100003040,0
2025-07-17,100003041,1215
2025-07-17,100003042,1671
2025-07-17,100004575,0
2025-07-17,100011747,538
2025-07-17,100011783,1193
2025-07-17,100012217,2014
2025-07-17,100012218,713
2025-07-17,100017441,2463
2025-07-17,100025474,4267
2025-07-17,100035408,0
2025-07-17,100035409,5
2025-07-17,100041114,426
2025-07-17,100047030,966
2025-07-17,100052600,1876
2025-07-17,100052602,83
2025-07-17,100052603,1083
2025-07-17,100052605,286
2025-07-17,100053055,147
2025-07-17,100053059,284
2025-07-17,100053210,286
2025-07-17,100054073,281
2025-07-17,100055268,889
2025-07-17,100056188,2911
2025-07-17,300014985,2496
2025-07-17,300014986,2263
2025-07-17,300014993,669
2025-07-17,300014994,0
2025-07-17,300014995,3120
2025-07-17,300014996,2441
2025-07-17,300020478,1622
2025-07-17,300020679,1529
2025-07-17,300020816,1323
2025-07-17,300020817,1161
2025-07-17,300021685,119
2025-07-17,300028650,563
2025-07-17,ZLT24020668,379
2025-07-17,ZLT24020669,380
2025-07-18,100001753,2188
2025-07-18,100003032,7106
2025-07-18,100003040,0
2025-07-18,100003041,2141
2025-07-18,100003042,2472
2025-07-18,100004575,0
2025-07-18,100011747,565
2025-07-18,100011783,2156
2025-07-18,100012217,3543
2025-07-18,100012218,1332
2025-07-18,100017441,3382
2025-07-18,100025474,5971
2025-07-18,100035408,0
2025-07-18,100035409,21
2025-07-18,100041114,2191
2025-07-18,100047030,1376
2025-07-18,100052600,3806
2025-07-18,100052602,611
2025-07-18,100052603,2413
2025-07-18,100052605,868
2025-07-18,100053055,293
2025-07-18,100053059,372
2025-07-18,100053210,765
2025-07-18,100054073,570
2025-07-18,100055268,2388
2025-07-18,100056188,3736
2025-07-18,300014985,4641
2025-07-18,300014986,4160
2025-07-18,300014993,1680
2025-07-18,300014994,0
2025-07-18,300014995,4811
2025-07-18,300014996,4277
2025-07-18,300020478,2670
2025-07-18,300020679,2671
2025-07-18,300020816,2772
2025-07-18,300020817,2313
2025-07-18,300021685,631
2025-07-18,300028650,872
2025-07-18,ZLT24020668,728
2025-07-18,ZLT24020669,716
2025-07-19,100001753,1770
2025-07-19,100003032,6992
2025-07-19,100003040,0
2025-07-19,100003041,1392
2025-07-19,100003042,2028
2025-07-19,100004575,0
2025-07-19,100011747,505
2025-07-19,100011783,1759
2025-07-19,100012217,3287
2025-07-19,100012218,1192
2025-07-19,100017441,2455
2025-07-19,100025474,5267
2025-07-19,100035408,0
2025-07-19,100035409,14
2025-07-19,100041114,2416
2025-07-19,100047030,1145
2025-07-19,100052600,3638
2025-07-19,100052602,775
2025-07-19,100052603,2063
2025-07-19,100052605,1127
2025-07-19,100053055,231
2025-07-19,100053059,278
2025-07-19,100053210,727
2025-07-19,100054073,392
2025-07-19,100055268,2435
2025-07-19,100056188,3364
2025-07-19,300014985,3898
2025-07-19,300014986,3610
2025-07-19,300014993,1336
2025-07-19,300014994,0
2025-07-19,300014995,4326
2025-07-19,300014996,3678
2025-07-19,300020478,2049
2025-07-19,300020679,2251
2025-07-19,300020816,2227
2025-07-19,300020817,2005
2025-07-19,300021685,856
2025-07-19,300028650,789
2025-07-19,ZLT24020668,625
2025-07-19,ZLT24020669,688
2025-07-20,100001753,1215
2025-07-20,100003032,4781
2025-07-20,100003040,0
2025-07-20,100003041,1088
2025-07-20,100003042,1511
2025-07-20,100004575,0
2025-07-20,100011747,393
2025-07-20,100011783,1227
2025-07-20,100012217,2493
2025-07-20,100012218,890
2025-07-20,100017441,1820
2025-07-20,100025474,4239
2025-07-20,100035408,0
2025-07-20,100035409,17
2025-07-20,100041114,1434
2025-07-20,100047030,872
2025-07-20,100052600,2488
2025-07-20,100052602,285
2025-07-20,100052603,1632
2025-07-20,100052605,680
2025-07-20,100053055,170
2025-07-20,100053059,251
2025-07-20,100053210,496
2025-07-20,100054073,306
2025-07-20,100055268,1758
2025-07-20,100056188,2568
2025-07-20,300014985,2819
2025-07-20,300014986,2490
2025-07-20,300014993,912
2025-07-20,300014994,0
2025-07-20,300014995,3270
2025-07-20,300014996,2730
2025-07-20,300020478,1581
2025-07-20,300020679,1635
2025-07-20,300020816,1583
2025-07-20,300020817,1415
2025-07-20,300021685,389
2025-07-20,300028650,647
2025-07-20,ZLT24020668,432
2025-07-20,ZLT24020669,534
2025-07-21,100001753,1977
2025-07-21,100003032,5781
2025-07-21,100003040,0
2025-07-21,100003041,2229
2025-07-21,100003042,2464
2025-07-21,100004575,0
2025-07-21,100011747,497
2025-07-21,100011783,2038
2025-07-21,100012217,2932
2025-07-21,100012218,1074
2025-07-21,100017441,3596
2025-07-21,100025474,5652
2025-07-21,100035408,0
2025-07-21,100035409,22
2025-07-21,100041114,1844
2025-07-21,100047030,1241
2025-07-21,100052600,3555
2025-07-21,100052602,480
2025-07-21,100052603,2513
2025-07-21,100052605,831
2025-07-21,100053055,282
2025-07-21,100053059,307
2025-07-21,100053210,700
2025-07-21,100054073,477
2025-07-21,100055268,2223
2025-07-21,100056188,3238
2025-07-21,300014985,4072
2025-07-21,300014986,3656
2025-07-21,300014993,1622
2025-07-21,300014994,0
2025-07-21,300014995,4225
2025-07-21,300014996,3530
2025-07-21,300020478,2581
2025-07-21,300020679,2431
2025-07-21,300020816,2510
2025-07-21,300020817,2150
2025-07-21,300021685,507
2025-07-21,300028650,897
2025-07-21,ZLT24020668,591
2025-07-21,ZLT24020669,669
2025-07-22,100001753,2334
2025-07-22,100003032,7211
2025-07-22,100003040,0
2025-07-22,100003041,3061
2025-07-22,100003042,2987
2025-07-22,100004575,0
2025-07-22,100011747,675
2025-07-22,100011783,2359
2025-07-22,100012217,3343
2025-07-22,100012218,1257
2025-07-22,100017441,4424
2025-07-22,100025474,6578
2025-07-22,100035408,0
2025-07-22,100035409,15
2025-07-22,100041114,1992
2025-07-22,100047030,1603
2025-07-22,100052600,3991
2025-07-22,100052602,589
2025-07-22,100052603,2788
2025-07-22,100052605,936
2025-07-22,100053055,362
2025-07-22,100053059,356
2025-07-22,100053210,848
2025-07-22,100054073,554
2025-07-22,100055268,2533
2025-07-22,100056188,3820
2025-07-22,300014985,4969
2025-07-22,300014986,4483
2025-07-22,300014993,1846
2025-07-22,300014994,0
2025-07-22,300014995,5067
2025-07-22,300014996,4244
2025-07-22,300020478,3287
2025-07-22,300020679,2911
2025-07-22,300020816,2996
2025-07-22,300020817,2608
2025-07-22,300021685,583
2025-07-22,300028650,943
2025-07-22,ZLT24020668,697
2025-07-22,ZLT24020669,818
2025-07-23,100001753,2513
2025-07-23,100003032,7187
2025-07-23,100003040,0
2025-07-23,100003041,3585
2025-07-23,100003042,2874
2025-07-23,100004575,0
2025-07-23,100011747,643
2025-07-23,100011783,2491
2025-07-23,100012217,3441
2025-07-23,100012218,1251
2025-07-23,100017441,4154
2025-07-23,100025474,6476
2025-07-23,100035408,0
2025-07-23,100035409,30
2025-07-23,100041114,1945
2025-07-23,100047030,1607
2025-07-23,100052600,3986
2025-07-23,100052602,627
2025-07-23,100052603,2764
2025-07-23,100052605,948
2025-07-23,100053055,334
2025-07-23,100053059,410
2025-07-23,100053210,797
2025-07-23,100054073,563
2025-07-23,100055268,2537
2025-07-23,100056188,3905
2025-07-23,300014985,5149
2025-07-23,300014986,4485
2025-07-23,300014993,1856
2025-07-23,300014994,0
2025-07-23,300014995,5256
2025-07-23,300014996,4462
2025-07-23,300020478,3108
2025-07-23,300020679,2923
2025-07-23,300020816,3082
2025-07-23,300020817,2566
2025-07-23,300021685,676
2025-07-23,300028650,975
2025-07-23,ZLT24020668,642
2025-07-23,ZLT24020669,689
2025-07-24,100001753,2222
2025-07-24,100003032,7328
2025-07-24,100003040,0
2025-07-24,100003041,3051
2025-07-24,100003042,2656
2025-07-24,100004575,0
2025-07-24,100011747,703
2025-07-24,100011783,2261
2025-07-24,100012217,3056
2025-07-24,100012218,1051
2025-07-24,100017441,3856
2025-07-24,100025474,5822
2025-07-24,100035408,0
2025-07-24,100035409,15
2025-07-24,100041114,1349
2025-07-24,100047030,1566
2025-07-24,100052600,3326
2025-07-24,100052602,363
2025-07-24,100052603,2548
2025-07-24,100052605,725
2025-07-24,100053055,255
2025-07-24,100053059,387
2025-07-24,100053210,630
2025-07-24,100054073,471
2025-07-24,100055268,1848
2025-07-24,100056188,4988
2025-07-24,300014985,4561
2025-07-24,300014986,4180
2025-07-24,300014993,1540
2025-07-24,300014994,0
2025-07-24,300014995,5009
2025-07-24,300014996,4104
2025-07-24,300020478,2862
2025-07-24,300020679,2603
2025-07-24,300020816,2697
2025-07-24,300020817,2210
2025-07-24,300021685,463
2025-07-24,300028650,901
2025-07-24,ZLT24020668,649
2025-07-24,ZLT24020669,710
2025-07-25,100001753,1453
2025-07-25,100003032,5216
2025-07-25,100003040,0
2025-07-25,100003041,2283
2025-07-25,100003042,1935
2025-07-25,100004575,0
2025-07-25,100011747,19
2025-07-25,100011783,1595
2025-07-25,100012217,2925
2025-07-25,100012218,1006
2025-07-25,100017441,2775
2025-07-25,100025474,5986
2025-07-25,100035408,0
2025-07-25,100035409,10
2025-07-25,100041114,1142
2025-07-25,100047030,1139
2025-07-25,100052600,2807
2025-07-25,100052602,271
2025-07-25,100052603,1879
2025-07-25,100052605,521
2025-07-25,100053055,195
2025-07-25,100053059,316
2025-07-25,100053210,522
2025-07-25,100054073,399
2025-07-25,100055268,1591
2025-07-25,100056188,3098
2025-07-25,300014985,3597
2025-07-25,300014986,3171
2025-07-25,300014993,1091
2025-07-25,300014994,0
2025-07-25,300014995,3872
2025-07-25,300014996,3317
2025-07-25,300020478,2037
2025-07-25,300020679,2196
2025-07-25,300020816,2023
2025-07-25,300020817,1695
2025-07-25,300021685,312
2025-07-25,300028650,753
2025-07-25,ZLT24020668,607
2025-07-25,ZLT24020669,662
2025-07-26,100001753,1385
2025-07-26,100003032,5546
2025-07-26,100003040,0
2025-07-26,100003041,1726
2025-07-26,100003042,1635
2025-07-26,100004575,0
2025-07-26,100011783,1427
2025-07-26,100012217,2750
2025-07-26,100012218,1033
2025-07-26,100017441,2061
2025-07-26,100025474,4794
2025-07-26,100035408,0
2025-07-26,100035409,10
2025-07-26,100041114,1686
2025-07-26,100047030,1167
2025-07-26,100052600,2859
2025-07-26,100052602,543
2025-07-26,100052603,1707
2025-07-26,100052605,832
2025-07-26,100053055,197
2025-07-26,100053059,291
2025-07-26,100053210,531
2025-07-26,100054073,301
2025-07-26,100055268,1572
2025-07-26,100056188,2975
2025-07-26,300014985,3505
2025-07-26,300014986,3061
2025-07-26,300014993,1155
2025-07-26,300014994,0
2025-07-26,300014995,3836
2025-07-26,300014996,3143
2025-07-26,300020478,1709
2025-07-26,300020679,2012
2025-07-26,300020816,2118
2025-07-26,300020817,1875
2025-07-26,300021685,677
2025-07-26,300028650,648
2025-07-26,ZLT24020668,526
2025-07-26,ZLT24020669,656
2025-07-27,100001753,1512
2025-07-27,100003032,5540
2025-07-27,100003040,0
2025-07-27,100003041,1730
2025-07-27,100003042,1572
2025-07-27,100004575,0
2025-07-27,100011783,1476
2025-07-27,100012217,2592
2025-07-27,100012218,829
2025-07-27,100017441,1946
2025-07-27,100025474,4248
2025-07-27,100035408,0
2025-07-27,100035409,12
2025-07-27,100041114,1474
2025-07-27,100047030,1036
2025-07-27,100052600,2527
2025-07-27,100052602,407
2025-07-27,100052603,1533
2025-07-27,100052605,788
2025-07-27,100053055,139
2025-07-27,100053059,243
2025-07-27,100053210,504
2025-07-27,100054073,284
2025-07-27,100055268,1582
2025-07-27,100056188,4007
2025-07-27,300014985,3049
2025-07-27,300014986,2789
2025-07-27,300014993,1022
2025-07-27,300014994,0
2025-07-27,300014995,3597
2025-07-27,300014996,2858
2025-07-27,300020478,1663
2025-07-27,300020679,1974
2025-07-27,300020816,1968
2025-07-27,300020817,1657
2025-07-27,300021685,526
2025-07-27,300028650,586
2025-07-27,ZLT24020668,533
2025-07-27,ZLT24020669,547
2025-07-28,100001753,1750
2025-07-28,100003032,5416
2025-07-28,100003040,0
2025-07-28,100003041,3175
2025-07-28,100003042,2448
2025-07-28,100004575,0
2025-07-28,100011783,1874
2025-07-28,100012217,2799
2025-07-28,100012218,1103
2025-07-28,100017441,3446
2025-07-28,100025474,5459
2025-07-28,100035408,0
2025-07-28,100035409,24
2025-07-28,100041114,1662
2025-07-28,100047030,1221
2025-07-28,100052600,3210
2025-07-28,100052602,413
2025-07-28,100052603,2087
2025-07-28,100052605,759
2025-07-28,100053055,276
2025-07-28,100053059,263
2025-07-28,100053210,671
2025-07-28,100054073,472
2025-07-28,100055268,1953
2025-07-28,100056188,3087
2025-07-28,300014985,3827
2025-07-28,300014986,3536
2025-07-28,300014993,1476
2025-07-28,300014994,0
2025-07-28,300014995,4326
2025-07-28,300014996,3396
2025-07-28,300020478,2465
2025-07-28,300020679,2270
2025-07-28,300020816,2477
2025-07-28,300020817,2018
2025-07-28,300021685,546
2025-07-28,300028650,871
2025-07-28,ZLT24020668,602
2025-07-28,ZLT24020669,731
2025-07-29,100001753,2222
2025-07-29,100003032,6717
2025-07-29,100003040,0
2025-07-29,100003041,3681
2025-07-29,100003042,2849
2025-07-29,100004575,0
2025-07-29,100011783,2190
2025-07-29,100012217,3104
2025-07-29,100012218,1087
2025-07-29,100017441,4051
2025-07-29,100025474,5878
2025-07-29,100035408,0
2025-07-29,100035409,11
2025-07-29,100041114,1755
2025-07-29,100047030,1457
2025-07-29,100052600,3710
2025-07-29,100052602,196
2025-07-29,100052603,2435
2025-07-29,100052605,786
2025-07-29,100053055,282
2025-07-29,100053059,386
2025-07-29,100053210,693
2025-07-29,100054073,537
2025-07-29,100055268,2305
2025-07-29,100056188,3586
2025-07-29,300014985,4624
2025-07-29,300014986,4147
2025-07-29,300014993,1673
2025-07-29,300014994,0
2025-07-29,300014995,5341
2025-07-29,300014996,4061
2025-07-29,300020478,2985
2025-07-29,300020679,2908
2025-07-29,300020816,2881
2025-07-29,300020817,2260
2025-07-29,300021685,538
2025-07-29,300028650,957
2025-07-29,ZLT24020668,682
2025-07-29,ZLT24020669,718
2025-07-30,100001753,2082
2025-07-30,100003032,6305
2025-07-30,100003040,0
2025-07-30,100003041,3412
2025-07-30,100003042,2939
2025-07-30,100004575,0
2025-07-30,100011783,2081
2025-07-30,100012217,4429
2025-07-30,100012218,1126
2025-07-30,100017441,4270
2025-07-30,100025474,7003
2025-07-30,100035408,0
2025-07-30,100035409,10
2025-07-30,100041114,1316
2025-07-30,100047030,1518
2025-07-30,100052600,3564
2025-07-30,100052602,94
2025-07-30,100052603,2291
2025-07-30,100052605,711
2025-07-30,100053055,263
2025-07-30,100053059,361
2025-07-30,100053210,616
2025-07-30,100054073,483
2025-07-30,100055268,1948
2025-07-30,100056188,3587
2025-07-30,300014985,4689
2025-07-30,300014986,4216
2025-07-30,300014993,1485
2025-07-30,300014994,0
2025-07-30,300014995,5121
2025-07-30,300014996,3869
2025-07-30,300020478,2751
2025-07-30,300020679,3074
2025-07-30,300020816,2853
2025-07-30,300020817,2352
2025-07-30,300021685,406
2025-07-30,300028650,967
2025-07-30,ZLT24020668,621
2025-07-30,ZLT24020669,702
2025-07-31,100001753,2457
2025-07-31,100003032,8120
2025-07-31,100003040,0
2025-07-31,100003041,3320
2025-07-31,100003042,2889
2025-07-31,100004575,0
2025-07-31,100011783,2235
2025-07-31,100012217,3292
2025-07-31,100012218,1155
2025-07-31,100017441,4094
2025-07-31,100025474,5944
2025-07-31,100035408,0
2025-07-31,100035409,9
2025-07-31,100041114,1554
2025-07-31,100047030,1766
2025-07-31,100052600,3781
2025-07-31,100052602,48
2025-07-31,100052603,2432
2025-07-31,100052605,866
2025-07-31,100053055,326
2025-07-31,100053059,355
2025-07-31,100053210,737
2025-07-31,100054073,575
2025-07-31,100055268,2145
2025-07-31,100056188,5560
2025-07-31,300014985,5155
2025-07-31,300014986,4471
2025-07-31,300014993,1597
2025-07-31,300014994,0
2025-07-31,300014995,5337
2025-07-31,300014996,4459
2025-07-31,300020478,2845
2025-07-31,300020679,3766
2025-07-31,300020816,3048
2025-07-31,300020817,2473
2025-07-31,300021685,488
2025-07-31,300028650,864
2025-07-31,ZLT24020668,695
2025-07-31,ZLT24020669,714
2025-08-01,100001753,1850
2025-08-01,100003032,6432
2025-08-01,100003040,0
2025-08-01,100003041,3610
2025-08-01,100003042,2294
2025-08-01,100004575,0
2025-08-01,100011783,2058
2025-08-01,100012217,3316
2025-08-01,100012218,1223
2025-08-01,100017441,3076
2025-08-01,100017523,781
2025-08-01,100025474,6019
2025-08-01,100035408,0
2025-08-01,100035409,20
2025-08-01,100041114,1803
2025-08-01,100047030,1306
2025-08-01,100052600,3816
2025-08-01,100052602,66
2025-08-01,100052603,2057
2025-08-01,100052605,792
2025-08-01,100052606,706
2025-08-01,100053055,247
2025-08-01,100053059,377
2025-08-01,100053210,723
2025-08-01,100054073,509
2025-08-01,100055268,2416
2025-08-01,100056188,3695
2025-08-01,300014985,4389
2025-08-01,300014986,3982
2025-08-01,300014993,1519
2025-08-01,300014994,0
2025-08-01,300014995,4636
2025-08-01,300014996,3883
2025-08-01,300020478,2483
2025-08-01,300020679,3775
2025-08-01,300020816,2717
2025-08-01,300020817,2321
2025-08-01,300021685,570
2025-08-01,300028650,905
2025-08-01,ZLT24020668,808
2025-08-01,ZLT24020669,818
2025-08-02,100001753,1735
2025-08-02,100003032,6339
2025-08-02,100003040,0
2025-08-02,100003041,2649
2025-08-02,100003042,1964
2025-08-02,100004575,0
2025-08-02,100011783,1659
2025-08-02,100012217,3279
2025-08-02,100012218,1122
2025-08-02,100017441,2421
2025-08-02,100017523,1137
2025-08-02,100025474,5283
2025-08-02,100035408,0
2025-08-02,100035409,24
2025-08-02,100041114,2033
2025-08-02,100047030,1100
2025-08-02,100052600,3488
2025-08-02,100052602,102
2025-08-02,100052603,1859
2025-08-02,100052605,979
2025-08-02,100052606,570
2025-08-02,100053055,206
2025-08-02,100053059,296
2025-08-02,100053210,611
2025-08-02,100054073,366
2025-08-02,100055268,2358
2025-08-02,100056188,3319
2025-08-02,300014985,3831
2025-08-02,300014986,3580
2025-08-02,300014993,1447
2025-08-02,300014994,0
2025-08-02,300014995,4378
2025-08-02,300014996,3367
2025-08-02,300020478,2046
2025-08-02,300020679,2902
2025-08-02,300020816,2391
2025-08-02,300020817,2133
2025-08-02,300021685,783
2025-08-02,300028650,786
2025-08-02,ZLT24020668,614
2025-08-02,ZLT24020669,706
2025-08-03,100001753,1348
2025-08-03,100003032,5142
2025-08-03,100003040,0
2025-08-03,100003041,2291
2025-08-03,100003042,1643
2025-08-03,100004575,0
2025-08-03,100011783,1426
2025-08-03,100012217,2778
2025-08-03,100012218,881
2025-08-03,100017441,1989
2025-08-03,100017523,890
2025-08-03,100025474,4851
2025-08-03,100035408,0
2025-08-03,100035409,23
2025-08-03,100041114,1753
2025-08-03,100047030,982
2025-08-03,100052600,2713
2025-08-03,100052602,82
2025-08-03,100052603,1607
2025-08-03,100052605,812
2025-08-03,100052606,469
2025-08-03,100053055,177
2025-08-03,100053059,267
2025-08-03,100053210,515
2025-08-03,100054073,293
2025-08-03,100055268,1631
2025-08-03,100056188,2889
2025-08-03,300014985,3242
2025-08-03,300014986,2851
2025-08-03,300014993,1213
2025-08-03,300014994,0
2025-08-03,300014995,3563
2025-08-03,300014996,2785
2025-08-03,300020478,1660
2025-08-03,300020679,2620
2025-08-03,300020816,2067
2025-08-03,300020817,1718
2025-08-03,300021685,510
2025-08-03,300028650,713
2025-08-03,ZLT24020668,479
2025-08-03,ZLT24020669,569
2025-08-04,100001753,1630
2025-08-04,100003032,5255
2025-08-04,100003040,0
2025-08-04,100003041,3827
2025-08-04,100003042,2354
2025-08-04,100004575,0
2025-08-04,100011783,1696
2025-08-04,100012217,2787
2025-08-04,100012218,988
2025-08-04,100017441,3238
2025-08-04,100017523,591
2025-08-04,100025474,5176
2025-08-04,100035408,0
2025-08-04,100035409,23
2025-08-04,100041114,1199
2025-08-04,100047030,1231
2025-08-04,100052600,2955
2025-08-04,100052602,65
2025-08-04,100052603,1883
2025-08-04,100052605,587
2025-08-04,100052606,610
2025-08-04,100053055,237
2025-08-04,100053059,352
2025-08-04,100053210,617
2025-08-04,100054073,502
2025-08-04,100055268,1792
2025-08-04,100056188,3124
2025-08-04,300014985,3640
2025-08-04,300014986,3425
2025-08-04,300014993,1269
2025-08-04,300014994,0
2025-08-04,300014995,4140
2025-08-04,300014996,3163
2025-08-04,300020478,2339
2025-08-04,300020679,3313
2025-08-04,300020816,2228
2025-08-04,300020817,1981
2025-08-04,300021685,372
2025-08-04,300028650,857
2025-08-04,ZLT24020668,595
2025-08-04,ZLT24020669,637
2025-08-05,100001753,2169
2025-08-05,100003032,7006
2025-08-05,100003040,0
2025-08-05,100003041,4503
2025-08-05,100003042,3085
2025-08-05,100004575,0
2025-08-05,100011783,2251
2025-08-05,100012217,3381
2025-08-05,100012218,1290
2025-08-05,100017441,4284
2025-08-05,100017523,714
2025-08-05,100025474,6670
2025-08-05,100035408,0
2025-08-05,100035409,14
2025-08-05,100041114,1698
2025-08-05,100047030,1555
2025-08-05,100052600,3827
2025-08-05,100052602,66
2025-08-05,100052603,2384
2025-08-05,100052605,840
2025-08-05,100052606,759
2025-08-05,100053055,313
2025-08-05,100053059,339
2025-08-05,100053210,792
2025-08-05,100054073,558
2025-08-05,100055268,2424
2025-08-05,100056188,3975
2025-08-05,300014985,4975
2025-08-05,300014986,4465
2025-08-05,300014993,1656
2025-08-05,300014994,0
2025-08-05,300014995,5179
2025-08-05,300014996,4282
2025-08-05,300020478,3231
2025-08-05,300020679,4024
2025-08-05,300020816,2937
2025-08-05,300020817,2603
2025-08-05,300021685,606
2025-08-05,300028650,958
2025-08-05,ZLT24020668,746
2025-08-05,ZLT24020669,757
2025-08-06,100001753,2161
2025-08-06,100003032,7214
2025-08-06,100003040,0
2025-08-06,100003041,3752
2025-08-06,100003042,2953
2025-08-06,100004575,0
2025-08-06,100011783,2298
2025-08-06,100012217,3250
2025-08-06,100012218,1317
2025-08-06,100017441,4229
2025-08-06,100017523,766
2025-08-06,100025474,6299
2025-08-06,100035408,0
2025-08-06,100035409,22
2025-08-06,100041114,1792
2025-08-06,100047030,1577
2025-08-06,100052600,3827
2025-08-06,100052602,59
2025-08-06,100052603,2221
2025-08-06,100052605,813
2025-08-06,100052606,840
2025-08-06,100053055,316
2025-08-06,100053059,381
2025-08-06,100053210,786
2025-08-06,100054073,582
2025-08-06,100055268,2257
2025-08-06,100056188,4042
2025-08-06,300014985,5037
2025-08-06,300014986,4496
2025-08-06,300014993,1686
2025-08-06,300014994,0
2025-08-06,300014995,5351
2025-08-06,300014996,4371
2025-08-06,300020478,3131
2025-08-06,300020679,4045
2025-08-06,300020816,3045
2025-08-06,300020817,2511
2025-08-06,300021685,586
2025-08-06,300028650,974
2025-08-06,ZLT24020668,748
2025-08-06,ZLT24020669,780
2025-08-07,100001753,2211
2025-08-07,100003032,6965
2025-08-07,100003040,0
2025-08-07,100003041,3500
2025-08-07,100003042,2948
2025-08-07,100004575,0
2025-08-07,100011783,2208
2025-08-07,100012217,3133
2025-08-07,100012218,1264
2025-08-07,100017441,4140
2025-08-07,100017523,687
2025-08-07,100025474,6084
2025-08-07,100035408,0
2025-08-07,100035409,13
2025-08-07,100041114,1559
2025-08-07,100047030,1592
2025-08-07,100052600,4403
2025-08-07,100052602,70
2025-08-07,100052603,2159
2025-08-07,100052605,759
2025-08-07,100052606,830
2025-08-07,100053055,311
2025-08-07,100053059,356
2025-08-07,100053210,712
2025-08-07,100054073,619
2025-08-07,100055268,2758
2025-08-07,100056188,4036
2025-08-07,300014985,4821
2025-08-07,300014986,4237
2025-08-07,300014993,1653
2025-08-07,300014994,0
2025-08-07,300014995,5112
2025-08-07,300014996,4230
2025-08-07,300020478,2944
2025-08-07,300020679,4240
2025-08-07,300020816,2886
2025-08-07,300020817,2498
2025-08-07,300021685,515
2025-08-07,300028650,1004
2025-08-07,ZLT24020668,729
2025-08-07,ZLT24020669,759
2025-08-08,100001753,1891
2025-08-08,100003032,6042
2025-08-08,100003040,0
2025-08-08,100003041,2699
2025-08-08,100003042,2370
2025-08-08,100004575,0
2025-08-08,100011783,1852
2025-08-08,100012217,3064
2025-08-08,100012218,1137
2025-08-08,100017441,3103
2025-08-08,100017523,665
2025-08-08,100025474,4995
2025-08-08,100035408,0
2025-08-08,100035409,24
2025-08-08,100041114,1493
2025-08-08,100047030,1336
2025-08-08,100052600,3407
2025-08-08,100052602,311
2025-08-08,100052603,1807
2025-08-08,100052605,607
2025-08-08,100052606,709
2025-08-08,100053055,247
2025-08-08,100053059,360
2025-08-08,100053210,706
2025-08-08,100054073,550
2025-08-08,100055268,2083
2025-08-08,100056188,3523
2025-08-08,300014985,4175
2025-08-08,300014986,3510
2025-08-08,300014993,1382
2025-08-08,300014994,0
2025-08-08,300014995,4706
2025-08-08,300014996,3518
2025-08-08,300020478,2534
2025-08-08,300020679,3597
2025-08-08,300020816,2378
2025-08-08,300020817,2016
2025-08-08,300021685,488
2025-08-08,300028650,813
2025-08-08,ZLT24020668,690
2025-08-08,ZLT24020669,758
2025-08-09,100001753,1673
2025-08-09,100003032,6134
2025-08-09,100003040,0
2025-08-09,100003041,2035
2025-08-09,100003042,1862
2025-08-09,100004575,0
2025-08-09,100011783,1532
2025-08-09,100012217,2890
2025-08-09,100012218,1060
2025-08-09,100017441,2251
2025-08-09,100017523,613
2025-08-09,100025474,5251
2025-08-09,100035408,0
2025-08-09,100035409,4
2025-08-09,100041114,1764
2025-08-09,100047030,1103
2025-08-09,100052600,3349
2025-08-09,100052602,468
2025-08-09,100052603,1621
2025-08-09,100052605,804
2025-08-09,100052606,656
2025-08-09,100053055,232
2025-08-09,100053059,287
2025-08-09,100053210,569
2025-08-09,100054073,368
2025-08-09,100055268,2082
2025-08-09,100056188,3314
2025-08-09,300014985,3551
2025-08-09,300014986,3225
2025-08-09,300014993,1245
2025-08-09,300014994,0
2025-08-09,300014995,4326
2025-08-09,300014996,3352
2025-08-09,300020478,1903
2025-08-09,300020679,2851
2025-08-09,300020816,2138
2025-08-09,300020817,1869
2025-08-09,300021685,612
2025-08-09,300028650,744
2025-08-09,ZLT24020668,560
2025-08-09,ZLT24020669,573
2025-08-10,100001753,1511
2025-08-10,100003032,4910
2025-08-10,100003040,0
2025-08-10,100003041,2006
2025-08-10,100003042,1567
2025-08-10,100004575,0
2025-08-10,100011783,1376
2025-08-10,100012217,2529
2025-08-10,100012218,899
2025-08-10,100017441,2042
2025-08-10,100017523,663
2025-08-10,100025474,4563
2025-08-10,100035408,0
2025-08-10,100035409,12
2025-08-10,100041114,1543
2025-08-10,100047030,1073
2025-08-10,100052600,2804
2025-08-10,100052602,425
2025-08-10,100052603,1365
2025-08-10,100052605,655
2025-08-10,100052606,594
2025-08-10,100053055,162
2025-08-10,100053059,277
2025-08-10,100053210,503
2025-08-10,100054073,301
2025-08-10,100055268,1862
2025-08-10,100056188,3129
2025-08-10,300014985,2948
2025-08-10,300014986,2737
2025-08-10,300014993,1004
2025-08-10,300014994,0
2025-08-10,300014995,3934
2025-08-10,300014996,2883
2025-08-10,300020478,1635
2025-08-10,300020679,2393
2025-08-10,300020816,1670
2025-08-10,300020817,1504
2025-08-10,300021685,567
2025-08-10,300028650,624
2025-08-10,ZLT24020668,608
2025-08-10,ZLT24020669,645
2025-08-11,100001753,1720
2025-08-11,100003032,5008
2025-08-11,100003040,0
2025-08-11,100003041,3122
2025-08-11,100003042,2284
2025-08-11,100004575,0
2025-08-11,100011783,1706
2025-08-11,100012217,2625
2025-08-11,100012218,911
2025-08-11,100017441,3245
2025-08-11,100017523,699
2025-08-11,100025474,5239
2025-08-11,100035408,0
2025-08-11,100035409,11
2025-08-11,100041114,1126
2025-08-11,100047030,1109
2025-08-11,100052600,2915
2025-08-11,100052602,272
2025-08-11,100052603,1927
2025-08-11,100052605,561
2025-08-11,100052606,687
2025-08-11,100053055,257
2025-08-11,100053059,358
2025-08-11,100053210,637
2025-08-11,100054073,459
2025-08-11,100055268,1676
2025-08-11,100056188,2899
2025-08-11,300014985,3540
2025-08-11,300014986,3097
2025-08-11,300014993,1294
2025-08-11,300014994,0
2025-08-11,300014995,3775
2025-08-11,300014996,3091
2025-08-11,300020478,2308
2025-08-11,300020679,3168
2025-08-11,300020816,2158
2025-08-11,300020817,1858
2025-08-11,300021685,349
2025-08-11,300028650,785
2025-08-11,ZLT24020668,630
2025-08-11,ZLT24020669,639
2025-08-12,100001753,1870
2025-08-12,100003032,5836
2025-08-12,100003040,0
2025-08-12,100003041,3359
2025-08-12,100003042,2653
2025-08-12,100004575,0
2025-08-12,100007390,1005
2025-08-12,100011783,1977
2025-08-12,100012217,2734
2025-08-12,100012218,1001
2025-08-12,100017441,3891
2025-08-12,100017523,709
2025-08-12,100025474,110
2025-08-12,100035408,0
2025-08-12,100035409,12
2025-08-12,100041114,1206
2025-08-12,100047030,1357
2025-08-12,100052600,3358
2025-08-12,100052602,365
2025-08-12,100052603,2307
2025-08-12,100052605,542
2025-08-12,100052606,703
2025-08-12,100053055,258
2025-08-12,100053059,356
2025-08-12,100053210,648
2025-08-12,100054073,502
2025-08-12,100055268,1961
2025-08-12,100056188,3278
2025-08-12,300014985,4218
2025-08-12,300014986,3741
2025-08-12,300014993,1404
2025-08-12,300014994,0
2025-08-12,300014995,4890
2025-08-12,300014996,3657
2025-08-12,300020478,2764
2025-08-12,300020679,3629
2025-08-12,300020816,2583
2025-08-12,300020817,2102
2025-08-12,300021685,452
2025-08-12,300028650,916
2025-08-12,ZLT24020668,666
2025-08-12,ZLT24020669,639
2025-08-13,100001753,1572
2025-08-13,100003032,4906
2025-08-13,100003040,0
2025-08-13,100003041,2746
2025-08-13,100003042,2160
2025-08-13,100004575,0
2025-08-13,100007390,1396
2025-08-13,100011783,1565
2025-08-13,100012217,2388
2025-08-13,100012218,875
2025-08-13,100017441,3268
2025-08-13,100017523,558
2025-08-13,100035408,0
2025-08-13,100035409,13
2025-08-13,100041114,775
2025-08-13,100047030,1173
2025-08-13,100052600,3206
2025-08-13,100052602,169
2025-08-13,100052603,1808
2025-08-13,100052605,378
2025-08-13,100052606,626
2025-08-13,100053055,212
2025-08-13,100053059,288
2025-08-13,100053210,505
2025-08-13,100054073,445
2025-08-13,100055268,2054
2025-08-13,100056188,2821
2025-08-13,300014985,3535
2025-08-13,300014986,3146
2025-08-13,300014993,1101
2025-08-13,300014994,0
2025-08-13,300014995,4385
2025-08-13,300014996,3070
2025-08-13,300020478,2172
2025-08-13,300020679,3130
2025-08-13,300020816,1994
2025-08-13,300020817,1769
2025-08-13,300021685,270
2025-08-13,300028650,737
2025-08-13,ZLT24020668,571
2025-08-13,ZLT24020669,620
2025-08-14,100001753,2144
2025-08-14,100003032,7144
2025-08-14,100003040,0
2025-08-14,100003041,3283
2025-08-14,100003042,2734
2025-08-14,100004575,0
2025-08-14,100007390,1606
2025-08-14,100011783,2316
2025-08-14,100012217,3133
2025-08-14,100012218,1220
2025-08-14,100017441,4123
2025-08-14,100017523,709
2025-08-14,100035408,0
2025-08-14,100035409,24
2025-08-14,100041114,1719
2025-08-14,100047030,1554
2025-08-14,100052600,3851
2025-08-14,100052602,463
2025-08-14,100052603,2615
2025-08-14,100052605,748
2025-08-14,100052606,796
2025-08-14,100053055,290
2025-08-14,100053059,370
2025-08-14,100053210,685
2025-08-14,100054073,531
2025-08-14,100055268,2199
2025-08-14,100056188,3664
2025-08-14,300014985,4821
2025-08-14,300014986,4322
2025-08-14,300014993,1664
2025-08-14,300014994,0
2025-08-14,300014995,7414
2025-08-14,300014996,4003
2025-08-14,300020478,2948
2025-08-14,300020679,4014
2025-08-14,300020816,2909
2025-08-14,300020817,2573
2025-08-14,300021685,578
2025-08-14,300028650,1018
2025-08-14,ZLT24020668,757
2025-08-14,ZLT24020669,779
2025-08-15,100001753,1830
2025-08-15,100003032,6395
2025-08-15,100003040,0
2025-08-15,100003041,2916
2025-08-15,100003042,2371
2025-08-15,100004575,0
2025-08-15,100007390,1535
2025-08-15,100011783,2005
2025-08-15,100012217,3413
2025-08-15,100012218,1085
2025-08-15,100017441,3121
2025-08-15,100017523,569
2025-08-15,100035408,0
2025-08-15,100035409,20
2025-08-15,100041114,1740
2025-08-15,100047030,1238
2025-08-15,100052600,3586
2025-08-15,100052602,429
2025-08-15,100052603,2258
2025-08-15,100052605,757
2025-08-15,100052606,691
2025-08-15,100053055,268
2025-08-15,100053059,351
2025-08-15,100053210,641
2025-08-15,100054073,520
2025-08-15,100055268,2086
2025-08-15,100056188,3596
2025-08-15,300014985,4331
2025-08-15,300014986,3807
2025-08-15,300014993,1520
2025-08-15,300014994,0
2025-08-15,300014995,6810
2025-08-15,300014996,3092
2025-08-15,300020478,2658
2025-08-15,300020679,3986
2025-08-15,300020816,2542
2025-08-15,300020817,2263
2025-08-15,300021685,516
2025-08-15,300028650,823
2025-08-15,ZLT24020668,721
2025-08-15,ZLT24020669,770
2025-08-16,100001753,1535
2025-08-16,100003032,6460
2025-08-16,100003040,0
2025-08-16,100003041,2147
2025-08-16,100003042,1925
2025-08-16,100004575,0
2025-08-16,100007390,1301
2025-08-16,100011783,1572
2025-08-16,100012217,3121
2025-08-16,100012218,1014
2025-08-16,100017441,2358
2025-08-16,100017523,674
2025-08-16,100035408,0
2025-08-16,100035409,13
2025-08-16,100041114,2215
2025-08-16,100047030,1138
2025-08-16,100052600,3418
2025-08-16,100052602,643
2025-08-16,100052603,1844
2025-08-16,100052605,840
2025-08-16,100052606,544
2025-08-16,100053055,220
2025-08-16,100053059,283
2025-08-16,100053210,639
2025-08-16,100054073,386
2025-08-16,100055268,2205
2025-08-16,100056188,3156
2025-08-16,300014985,3903
2025-08-16,300014986,3276
2025-08-16,300014993,1493
2025-08-16,300014994,0
2025-08-16,300014995,6260
2025-08-16,300014996,3561
2025-08-16,300020478,2051
2025-08-16,300020679,3447
2025-08-16,300020816,2286
2025-08-16,300020817,1887
2025-08-16,300021685,811
2025-08-16,300028650,719
2025-08-16,ZLT24020668,613
2025-08-16,ZLT24020669,655
2025-08-17,100001753,660
2025-08-17,100003032,2814
2025-08-17,100003040,0
2025-08-17,100003041,1225
2025-08-17,100003042,979
2025-08-17,100004575,0
2025-08-17,100007390,862
2025-08-17,100011783,839
2025-08-17,100012217,1664
2025-08-17,100012218,428
2025-08-17,100017441,1296
2025-08-17,100017523,254
2025-08-17,100035408,0
2025-08-17,100035409,6
2025-08-17,100041114,765
2025-08-17,100047030,630
2025-08-17,100052600,1493
2025-08-17,100052602,145
2025-08-17,100052603,742
2025-08-17,100052605,283
2025-08-17,100052606,313
2025-08-17,100053055,76
2025-08-17,100053059,156
2025-08-17,100053210,299
2025-08-17,100054073,190
2025-08-17,100055268,830
2025-08-17,100056188,1675
2025-08-17,300014985,1848
2025-08-17,300014986,1695
2025-08-17,300014993,568
2025-08-17,300014994,0
2025-08-17,300014995,3393
2025-08-17,300014996,1586
2025-08-17,300020478,1162
2025-08-17,300020679,1911
2025-08-17,300020816,1055
2025-08-17,300020817,949
2025-08-17,300021685,195
2025-08-17,300028650,375
2025-08-17,ZLT24020668,330
2025-08-17,ZLT24020669,338
2025-08-18,100001753,1806
2025-08-18,100003032,5643
2025-08-18,100003040,0
2025-08-18,100003041,3595
2025-08-18,100003042,2561
2025-08-18,100004575,0
2025-08-18,100007390,1528
2025-08-18,100011783,2048
2025-08-18,100012217,2998
2025-08-18,100012218,947
2025-08-18,100017441,3692
2025-08-18,100017523,482
2025-08-18,100035408,0
2025-08-18,100035409,12
2025-08-18,100041114,1571
2025-08-18,100047030,1213
2025-08-18,100052600,3568
2025-08-18,100052602,477
2025-08-18,100052603,1836
2025-08-18,100052605,739
2025-08-18,100052606,693
2025-08-18,100053055,324
2025-08-18,100053059,309
2025-08-18,100053210,757
2025-08-18,100054073,423
2025-08-18,100055268,2132
2025-08-18,100056188,3207
2025-08-18,300014985,4068
2025-08-18,300014986,3587
2025-08-18,300014993,1534
2025-08-18,300014994,0
2025-08-18,300014995,5404
2025-08-18,300014996,3467
2025-08-18,300020478,2765
2025-08-18,300020679,4320
2025-08-18,300020816,2444
2025-08-18,300020817,2098
2025-08-18,300021685,544
2025-08-18,300028650,844
2025-08-18,ZLT24020668,679
2025-08-18,ZLT24020669,681
2025-08-19,100001753,2003
2025-08-19,100003032,6674
2025-08-19,100003040,0
2025-08-19,100003041,3812
2025-08-19,100003042,2923
2025-08-19,100004575,0
2025-08-19,100007390,1565
2025-08-19,100011783,2169
2025-08-19,100012217,3155
2025-08-19,100012218,1017
2025-08-19,100017441,4197
2025-08-19,100017523,281
2025-08-19,100035408,0
2025-08-19,100035409,20
2025-08-19,100041114,1308
2025-08-19,100047030,1523
2025-08-19,100052600,3648
2025-08-19,100052602,401
2025-08-19,100052603,2040
2025-08-19,100052605,668
2025-08-19,100052606,746
2025-08-19,100053055,320
2025-08-19,100053059,331
2025-08-19,100053210,622
2025-08-19,100054073,494
2025-08-19,100055268,2091
2025-08-19,100056188,3819
2025-08-19,300014985,4457
2025-08-19,300014986,4012
2025-08-19,300014993,1599
2025-08-19,300014994,0
2025-08-19,300014995,6378
2025-08-19,300014996,4018
2025-08-19,300020478,3051
2025-08-19,300020679,4623
2025-08-19,300020816,2595
2025-08-19,300020817,2289
2025-08-19,300021685,484
2025-08-19,300028650,876
2025-08-19,ZLT24020668,742
2025-08-19,ZLT24020669,709
2025-08-20,100001753,1854
2025-08-20,100003032,6721
2025-08-20,100003040,0
2025-08-20,100003041,3687
2025-08-20,100003042,2971
2025-08-20,100004575,0
2025-08-20,100007390,1576
2025-08-20,100011783,2372
2025-08-20,100012217,3217
2025-08-20,100012218,1065
2025-08-20,100017441,4060
2025-08-20,100017523,14
2025-08-20,100035408,0
2025-08-20,100035409,25
2025-08-20,100041114,1214
2025-08-20,100047030,1437
2025-08-20,100052600,3913
2025-08-20,100052602,302
2025-08-20,100052603,1207
2025-08-20,100052605,606
2025-08-20,100052606,767
2025-08-20,100053055,258
2025-08-20,100053059,341
2025-08-20,100053210,676
2025-08-20,100054073,509
2025-08-20,100055268,2132
2025-08-20,100056188,3697
2025-08-20,300014985,4543
2025-08-20,300014986,4039
2025-08-20,300014993,1561
2025-08-20,300014994,0
2025-08-20,300014995,6200
2025-08-20,300014996,4067
2025-08-20,300020478,3160
2025-08-20,300020679,4833
2025-08-20,300020816,2683
2025-08-20,300020817,2254
2025-08-20,300021685,335
2025-08-20,300028650,915
2025-08-20,ZLT24020668,733
2025-08-20,ZLT24020669,784
2025-08-21,100001753,2189
2025-08-21,100003032,7355
2025-08-21,100003040,0
2025-08-21,100003041,3876
2025-08-21,100003042,3178
2025-08-21,100004575,0
2025-08-21,100007390,1733
2025-08-21,100011783,2358
2025-08-21,100012217,3660
2025-08-21,100012218,1109
2025-08-21,100017441,4256
2025-08-21,100017523,9
2025-08-21,100035408,0
2025-08-21,100035409,14
2025-08-21,100041114,1593
2025-08-21,100047030,1611
2025-08-21,100052600,4272
2025-08-21,100052602,480
2025-08-21,100052603,1373
2025-08-21,100052605,743
2025-08-21,100052606,913
2025-08-21,100053055,312
2025-08-21,100053059,356
2025-08-21,100053210,787
2025-08-21,100054073,531
2025-08-21,100055268,2253
2025-08-21,100056188,4128
2025-08-21,300014985,4859
2025-08-21,300014986,4400
2025-08-21,300014993,1782
2025-08-21,300014994,0
2025-08-21,300014995,7052
2025-08-21,300014996,4300
2025-08-21,300020478,3260
2025-08-21,300020679,5152
2025-08-21,300020816,2866
2025-08-21,300020817,2508
2025-08-21,300021685,584
2025-08-21,300028650,960
2025-08-21,ZLT24020668,843
2025-08-21,ZLT24020669,791
2025-08-22,100001753,1866
2025-08-22,100003032,6294
2025-08-22,100003040,0
2025-08-22,100003041,3101
2025-08-22,100003042,2558
2025-08-22,100004575,0
2025-08-22,100007390,2822
2025-08-22,100011783,2136
2025-08-22,100012217,3417
2025-08-22,100012218,1078
2025-08-22,100017441,3170
2025-08-22,100017523,4
2025-08-22,100035408,0
2025-08-22,100035409,25
2025-08-22,100041114,1632
2025-08-22,100047030,1371
2025-08-22,100052600,3856
2025-08-22,100052602,582
2025-08-22,100052603,1405
2025-08-22,100052605,766
2025-08-22,100052606,816
2025-08-22,100053055,281
2025-08-22,100053059,373
2025-08-22,100053210,690
2025-08-22,100054073,464
2025-08-22,100055268,2060
2025-08-22,100056188,3610
2025-08-22,300014985,4141
2025-08-22,300014986,3818
2025-08-22,300014993,1607
2025-08-22,300014994,0
2025-08-22,300014995,6776
2025-08-22,300014996,3933
2025-08-22,300020478,2971
2025-08-22,300020679,4680
2025-08-22,300020816,2517
2025-08-22,300020817,2051
2025-08-22,300021685,589
2025-08-22,300028650,895
2025-08-22,ZLT24020668,826
2025-08-22,ZLT24020669,828
2025-08-23,100001753,1458
2025-08-23,100003032,6334
2025-08-23,100003040,0
2025-08-23,100003041,2231
2025-08-23,100003042,1913
2025-08-23,100004575,0
2025-08-23,100007390,3011
2025-08-23,100011783,1742
2025-08-23,100012217,3222
2025-08-23,100012218,1085
2025-08-23,100017441,2358
2025-08-23,100017523,3
2025-08-23,100035408,0
2025-08-23,100035409,14
2025-08-23,100041114,2106
2025-08-23,100047030,1142
2025-08-23,100052600,3393
2025-08-23,100052602,611
2025-08-23,100052603,1811
2025-08-23,100052605,865
2025-08-23,100052606,612
2025-08-23,100053055,199
2025-08-23,100053059,268
2025-08-23,100053210,665
2025-08-23,100054073,330
2025-08-23,100055268,2117
2025-08-23,100056188,3191
2025-08-23,300014985,3685
2025-08-23,300014986,3354
2025-08-23,300014993,1482
2025-08-23,300014994,0
2025-08-23,300014995,6509
2025-08-23,300014996,3569
2025-08-23,300020478,1934
2025-08-23,300020679,3803
2025-08-23,300020816,2217
2025-08-23,300020817,1899
2025-08-23,300021685,743
2025-08-23,300028650,770
2025-08-23,ZLT24020668,722
2025-08-23,ZLT24020669,656
2025-08-24,100001753,712
2025-08-24,100003032,3685
2025-08-24,100003040,0
2025-08-24,100003041,1642
2025-08-24,100003042,1355
2025-08-24,100004575,0
2025-08-24,100007390,2285
2025-08-24,100011783,1117
2025-08-24,100012217,2333
2025-08-24,100012218,664
2025-08-24,100017441,1707
2025-08-24,100017523,1
2025-08-24,100035408,0
2025-08-24,100035409,17
2025-08-24,100041114,932
2025-08-24,100047030,728
2025-08-24,100052600,1972
2025-08-24,100052602,181
2025-08-24,100052603,1265
2025-08-24,100052605,407
2025-08-24,100052606,358
2025-08-24,100053055,118
2025-08-24,100053059,208
2025-08-24,100053210,374
2025-08-24,100054073,226
2025-08-24,100055268,1285
2025-08-24,100056188,1973
2025-08-24,300014985,2295
2025-08-24,300014986,2082
2025-08-24,300014993,747
2025-08-24,300014994,0
2025-08-24,300014995,4461
2025-08-24,300014996,2186
2025-08-24,300020478,1367
2025-08-24,300020679,2917
2025-08-24,300020816,1291
2025-08-24,300020817,1065
2025-08-24,300021685,233
2025-08-24,300028650,571
2025-08-24,ZLT24020668,483
2025-08-24,ZLT24020669,468
2025-08-25,100001753,1764
2025-08-25,100003032,5602
2025-08-25,100003040,0
2025-08-25,100003041,3987
2025-08-25,100003042,2789
2025-08-25,100004575,0
2025-08-25,100007390,3359
2025-08-25,100011783,2254
2025-08-25,100012217,2975
2025-08-25,100012218,918
2025-08-25,100017441,3801
2025-08-25,100017523,2
2025-08-25,100035408,0
2025-08-25,100035409,25
2025-08-25,100041114,1443
2025-08-25,100047030,1210
2025-08-25,100052600,3692
2025-08-25,100052602,387
2025-08-25,100052603,914
2025-08-25,100052605,610
2025-08-25,100052606,793
2025-08-25,100053055,384
2025-08-25,100053059,292
2025-08-25,100053210,675
2025-08-25,100054073,561
2025-08-25,100055268,2054
2025-08-25,100056188,3082
2025-08-25,300014985,3917
2025-08-25,300014986,3619
2025-08-25,300014993,1595
2025-08-25,300014994,0
2025-08-25,300014995,6499
2025-08-25,300014996,3577
2025-08-25,300020478,2897
2025-08-25,300020679,4376
2025-08-25,300020816,2429
2025-08-25,300020817,2068
2025-08-25,300021685,400
2025-08-25,300028650,888
2025-08-25,ZLT24020668,652
2025-08-25,ZLT24020669,722
2025-08-26,100001753,1890
2025-08-26,100003032,6481
2025-08-26,100003040,0
2025-08-26,100003041,4610
2025-08-26,100003042,3186
2025-08-26,100004575,0
2025-08-26,100007390,3657
2025-08-26,100011783,2333
2025-08-26,100012217,3175
2025-08-26,100012218,1024
2025-08-26,100017441,4572
2025-08-26,100017523,3
2025-08-26,100035408,0
2025-08-26,100035409,19
2025-08-26,100041114,1232
2025-08-26,100047030,1431
2025-08-26,100052600,3862
2025-08-26,100052602,281
2025-08-26,100052603,893
2025-08-26,100052605,627
2025-08-26,100052606,771
2025-08-26,100053055,378
2025-08-26,100053059,359
2025-08-26,100053210,661
2025-08-26,100054073,574
2025-08-26,100055268,2115
2025-08-26,100056188,3707
2025-08-26,300014985,4531
2025-08-26,300014986,4272
2025-08-26,300014993,1800
2025-08-26,300014994,0
2025-08-26,300014995,6617
2025-08-26,300014996,4185
2025-08-26,300020478,3233
2025-08-26,300020679,5012
2025-08-26,300020816,2646
2025-08-26,300020817,2407
2025-08-26,300021685,440
2025-08-26,300028650,957
2025-08-26,ZLT24020668,671
2025-08-26,ZLT24020669,649
2025-08-27,100001753,2051
2025-08-27,100003032,6906
2025-08-27,100003040,0
2025-08-27,100003041,4805
2025-08-27,100003042,3502
2025-08-27,100004575,0
2025-08-27,100007390,2900
2025-08-27,100011783,2464
2025-08-27,100012217,3511
2025-08-27,100012218,1034
2025-08-27,100017441,4869
2025-08-27,100017523,3
2025-08-27,100035408,0
2025-08-27,100035409,14
2025-08-27,100041114,1459
2025-08-27,100047030,1584
2025-08-27,100052600,4195
2025-08-27,100052602,410
2025-08-27,100052603,968
2025-08-27,100052605,653
2025-08-27,100052606,784
2025-08-27,100053055,364
2025-08-27,100053059,355
2025-08-27,100053210,751
2025-08-27,100054073,597
2025-08-27,100055268,2066
2025-08-27,100056188,3995
2025-08-27,300014985,4714
2025-08-27,300014986,4528
2025-08-27,300014993,1896
2025-08-27,300014994,0
2025-08-27,300014995,6527
2025-08-27,300014996,4244
2025-08-27,300020478,3506
2025-08-27,300020679,5367
2025-08-27,300020816,2964
2025-08-27,300020817,2536
2025-08-27,300021685,463
2025-08-27,300028650,1005
2025-08-27,ZLT24020668,822
2025-08-27,ZLT24020669,746
2025-08-28,100001753,1102
2025-08-28,100003032,4053
2025-08-28,100003040,0
2025-08-28,100003041,2744
2025-08-28,100003042,2296
2025-08-28,100004575,0
2025-08-28,100007390,3035
2025-08-28,100011783,1538
2025-08-28,100012217,2229
2025-08-28,100012218,677
2025-08-28,100017441,3279
2025-08-28,100017523,4
2025-08-28,100035408,0
2025-08-28,100035409,8
2025-08-28,100041114,458
2025-08-28,100047030,1029
2025-08-28,100052600,2477
2025-08-28,100052602,102
2025-08-28,100052603,524
2025-08-28,100052605,270
2025-08-28,100052606,433
2025-08-28,100053055,211
2025-08-28,100053059,266
2025-08-28,100053210,422
2025-08-28,100054073,373
2025-08-28,100055268,1211
2025-08-28,100056188,2408
2025-08-28,300014985,2897
2025-08-28,300014986,2628
2025-08-28,300014993,961
2025-08-28,300014994,0
2025-08-28,300014995,4121
2025-08-28,300014996,2774
2025-08-28,300020478,2026
2025-08-28,300020679,3557
2025-08-28,300020816,1552
2025-08-28,300020817,1394
2025-08-28,300021685,94
2025-08-28,300028650,586
2025-08-28,ZLT24020668,438
2025-08-28,ZLT24020669,420
2025-08-29,100001753,959
2025-08-29,100003032,4056
2025-08-29,100003040,0
2025-08-29,100003041,1551
2025-08-29,100003042,2107
2025-08-29,100004575,0
2025-08-29,100007390,2825
2025-08-29,100011783,1438
2025-08-29,100012217,2767
2025-08-29,100012218,781
2025-08-29,100017441,2628
2025-08-29,100017523,4
2025-08-29,100035408,0
2025-08-29,100035409,15
2025-08-29,100041114,824
2025-08-29,100047030,828
2025-08-29,100052600,2344
2025-08-29,100052602,115
2025-08-29,100052603,1118
2025-08-29,100052605,303
2025-08-29,100052606,460
2025-08-29,100053055,204
2025-08-29,100053059,306
2025-08-29,100053210,402
2025-08-29,100054073,355
2025-08-29,100055268,1241
2025-08-29,100056188,2605
2025-08-29,300014985,2886
2025-08-29,300014986,2530
2025-08-29,300014993,985
2025-08-29,300014994,0
2025-08-29,300014995,3640
2025-08-29,300014996,2805
2025-08-29,300020478,1942
2025-08-29,300020679,3293
2025-08-29,300020816,1615
2025-08-29,300020817,1373
2025-08-29,300021685,210
2025-08-29,300028650,668
2025-08-29,ZLT24020668,623
2025-08-29,ZLT24020669,578
2025-08-30,100001753,516
2025-08-30,100003032,2623
2025-08-30,100003040,0
2025-08-30,100003041,759
2025-08-30,100003042,1003
2025-08-30,100004575,0
2025-08-30,100007390,1750
2025-08-30,100011783,736
2025-08-30,100012217,1930
2025-08-30,100012218,502
2025-08-30,100017441,1456
2025-08-30,100017523,6
2025-08-30,100035408,0
2025-08-30,100035409,5
2025-08-30,100041114,419
2025-08-30,100047030,545
2025-08-30,100052600,1426
2025-08-30,100052602,113
2025-08-30,100052603,608
2025-08-30,100052605,237
2025-08-30,100052606,250
2025-08-30,100053055,78
2025-08-30,100053059,184
2025-08-30,100053210,230
2025-08-30,100054073,184
2025-08-30,100055268,755
2025-08-30,100056188,1752
2025-08-30,300014985,1686
2025-08-30,300014986,1613
2025-08-30,300014993,535
2025-08-30,300014994,0
2025-08-30,300014995,2408
2025-08-30,300014996,1772
2025-08-30,300020478,968
2025-08-30,300020679,1846
2025-08-30,300020816,917
2025-08-30,300020817,854
2025-08-30,300021685,103
2025-08-30,300028650,380
2025-08-30,ZLT24020668,277
2025-08-30,ZLT24020669,262
2025-08-31,100001753,1485
2025-08-31,100003032,5690
2025-08-31,100003040,0
2025-08-31,100003041,1504
2025-08-31,100003042,2135
2025-08-31,100004575,0
2025-08-31,100007390,2746
2025-08-31,100011783,1558
2025-08-31,100012217,3792
2025-08-31,100012218,924
2025-08-31,100017441,2333
2025-08-31,100017523,10
2025-08-31,100035408,0
2025-08-31,100035409,15
2025-08-31,100041114,2316
2025-08-31,100047030,1046
2025-08-31,100052600,3274
2025-08-31,100052602,752
2025-08-31,100052603,1577
2025-08-31,100052605,972
2025-08-31,100052606,531
2025-08-31,100053055,207
2025-08-31,100053059,274
2025-08-31,100053210,658
2025-08-31,100054073,312
2025-08-31,100055268,2189
2025-08-31,100056188,2781
2025-08-31,300014985,3498
2025-08-31,300014986,3131
2025-08-31,300014993,1505
2025-08-31,300014994,0
2025-08-31,300014995,3913
2025-08-31,300014996,3010
2025-08-31,300020478,1905
2025-08-31,300020679,3407
2025-08-31,300020816,2130
2025-08-31,300020817,1927
2025-08-31,300021685,767
2025-08-31,300028650,690
2025-08-31,ZLT24020668,534
2025-08-31,ZLT24020669,635
2025-09-01,100001753,1596
2025-09-01,100003032,5832
2025-09-01,100003040,0
2025-09-01,100003041,1603
2025-09-01,100003042,1857
2025-09-01,100004575,0
2025-09-01,100007390,2735
2025-09-01,100011783,1826
2025-09-01,100012217,3252
2025-09-01,100012218,1021
2025-09-01,100017441,2039
2025-09-01,100017523,12
2025-09-01,100035408,0
2025-09-01,100035409,25
2025-09-01,100041114,3011
2025-09-01,100047030,1023
2025-09-01,100052600,3383
2025-09-01,100052602,857
2025-09-01,100052603,1809
2025-09-01,100052605,1104
2025-09-01,100052606,555
2025-09-01,100053055,198
2025-09-01,100053059,253
2025-09-01,100053210,850
2025-09-01,100054073,302
2025-09-01,100055268,2551
2025-09-01,100056188,2652
2025-09-01,300014985,3098
2025-09-01,300014986,2799
2025-09-01,300014993,1620
2025-09-01,300014994,0
2025-09-01,300014995,3669
2025-09-01,300014996,2661
2025-09-01,300020478,1850
2025-09-01,300020679,3182
2025-09-01,300020816,2070
2025-09-01,300020817,1815
2025-09-01,300021685,1044
2025-09-01,300022314,0
2025-09-01,300028650,744
2025-09-01,ZLT24020668,619
2025-09-01,ZLT24020669,689
2025-09-02,100001753,2020
2025-09-02,100003032,7423
2025-09-02,100003040,0
2025-09-02,100003041,3549
2025-09-02,100003042,3726
2025-09-02,100004575,0
2025-09-02,100007390,4000
2025-09-02,100011783,2699
2025-09-02,100012217,3296
2025-09-02,100012218,1001
2025-09-02,100017441,5317
2025-09-02,100017523,6
2025-09-02,100035408,0
2025-09-02,100035409,16
2025-09-02,100041114,1408
2025-09-02,100047030,1514
2025-09-02,100052600,4039
2025-09-02,100052602,413
2025-09-02,100052603,1382
2025-09-02,100052605,713
2025-09-02,100052606,844
2025-09-02,100053055,403
2025-09-02,100053059,355
2025-09-02,100053210,850
2025-09-02,100054073,637
2025-09-02,100055268,2203
2025-09-02,100056188,4281
2025-09-02,300014985,4884
2025-09-02,300014986,4432
2025-09-02,300014993,1885
2025-09-02,300014994,0
2025-09-02,300014995,5852
2025-09-02,300014996,4476
2025-09-02,300020478,3689
2025-09-02,300020679,5455
2025-09-02,300020816,2804
2025-09-02,300020817,2495
2025-09-02,300021685,410
2025-09-02,300022314,0
2025-09-02,300028650,1006
2025-09-02,ZLT24020668,818
2025-09-02,ZLT24020669,772
2025-09-03,100001753,2240
2025-09-03,100003032,7699
2025-09-03,100003040,0
2025-09-03,100003041,3726
2025-09-03,100003042,3983
2025-09-03,100004575,0
2025-09-03,100007390,3985
2025-09-03,100011783,2880
2025-09-03,100012217,3572
2025-09-03,100012218,1144
2025-09-03,100017441,5593
2025-09-03,100017523,3
2025-09-03,100035408,0
2025-09-03,100035409,13
2025-09-03,100041114,1614
2025-09-03,100047030,1614
2025-09-03,100052600,4389
2025-09-03,100052602,452
2025-09-03,100052603,1393
2025-09-03,100052605,739
2025-09-03,100052606,886
2025-09-03,100053055,441
2025-09-03,100053059,372
2025-09-03,100053210,878
2025-09-03,100054073,658
2025-09-03,100055268,2426
2025-09-03,100056188,4447
2025-09-03,300014985,5322
2025-09-03,300014986,4799
2025-09-03,300014993,1990
2025-09-03,300014994,0
2025-09-03,300014995,6174
2025-09-03,300014996,4819
2025-09-03,300020478,3747
2025-09-03,300020679,5780
2025-09-03,300020816,3202
2025-09-03,300020817,2684
2025-09-03,300021685,508
2025-09-03,300022314,0
2025-09-03,300028650,1072
2025-09-03,ZLT24020668,829
2025-09-03,ZLT24020669,807
2025-09-04,100001753,1546
2025-09-04,100003032,5517
2025-09-04,100003040,0
2025-09-04,100003041,2786
2025-09-04,100003042,3046
2025-09-04,100004575,0
2025-09-04,100007390,3278
2025-09-04,100011783,2107
2025-09-04,100012217,2530
2025-09-04,100012218,842
2025-09-04,100017441,4366
2025-09-04,100035408,0
2025-09-04,100035409,6
2025-09-04,100041114,970
2025-09-04,100047030,1135
2025-09-04,100052600,3183
2025-09-04,100052602,243
2025-09-04,100052603,1873
2025-09-04,100052605,411
2025-09-04,100052606,658
2025-09-04,100053055,325
2025-09-04,100053059,280
2025-09-04,100053210,582
2025-09-04,100054073,528
2025-09-04,100055268,1669
2025-09-04,100056188,3291
2025-09-04,300014985,3870
2025-09-04,300014986,3296
2025-09-04,300014993,1381
2025-09-04,300014994,0
2025-09-04,300014995,4282
2025-09-04,300014996,3673
2025-09-04,300020478,2726
2025-09-04,300020679,4152
2025-09-04,300020816,2196
2025-09-04,300020817,1769
2025-09-04,300021685,220
2025-09-04,300022314,0
2025-09-04,300028650,732
2025-09-04,ZLT24020668,585
2025-09-04,ZLT24020669,623
2025-09-05,100001753,1509
2025-09-05,100003032,5939
2025-09-05,100003040,0
2025-09-05,100003041,2717
2025-09-05,100003042,3055
2025-09-05,100004575,0
2025-09-05,100007390,3721
2025-09-05,100011783,2279
2025-09-05,100012217,3422
2025-09-05,100012218,1052
2025-09-05,100017441,4057
2025-09-05,100035408,0
2025-09-05,100035409,4
2025-09-05,100041114,1316
2025-09-05,100047030,1182
2025-09-05,100052600,3829
2025-09-05,100052602,317
2025-09-05,100052603,2026
2025-09-05,100052605,518
2025-09-05,100052606,704
2025-09-05,100053055,335
2025-09-05,100053059,320
2025-09-05,100053210,638
2025-09-05,100054073,564
2025-09-05,100055268,2139
2025-09-05,100056188,3619
2025-09-05,300014985,4337
2025-09-05,300014986,3793
2025-09-05,300014993,1608
2025-09-05,300014994,0
2025-09-05,300014995,5121
2025-09-05,300014996,3798
2025-09-05,300020478,2921
2025-09-05,300020679,4585
2025-09-05,300020816,2466
2025-09-05,300020817,2161
2025-09-05,300021685,392
2025-09-05,300022314,0
2025-09-05,300028650,913
2025-09-05,ZLT24020668,700
2025-09-05,ZLT24020669,741
2025-09-06,100001753,531
2025-09-06,100003032,2663
2025-09-06,100003040,0
2025-09-06,100003041,930
2025-09-06,100003042,1336
2025-09-06,100004575,0
2025-09-06,100007390,2078
2025-09-06,100011783,813
2025-09-06,100012217,2109
2025-09-06,100012218,506
2025-09-06,100017441,1605
2025-09-06,100035408,0
2025-09-06,100035409,0
2025-09-06,100041114,378
2025-09-06,100047030,613
2025-09-06,100052600,1601
2025-09-06,100052602,57
2025-09-06,100052603,805
2025-09-06,100052605,170
2025-09-06,100052606,345
2025-09-06,100053055,67
2025-09-06,100053059,188
2025-09-06,100053210,198
2025-09-06,100054073,195
2025-09-06,100055268,882
2025-09-06,100056188,1812
2025-09-06,300014985,1937
2025-09-06,300014986,1871
2025-09-06,300014993,527
2025-09-06,300014994,0
2025-09-06,300014995,2477
2025-09-06,300014996,1871
2025-09-06,300020478,1009
2025-09-06,300020679,2179
2025-09-06,300020816,1004
2025-09-06,300020817,900
2025-09-06,300021685,123
2025-09-06,300028650,413
2025-09-06,ZLT24020668,339
2025-09-06,ZLT24020669,343
2025-09-07,100001753,1102
2025-09-07,100003032,4507
2025-09-07,100003040,0
2025-09-07,100003041,1365
2025-09-07,100003042,1784
2025-09-07,100004575,0
2025-09-07,100007390,2538
2025-09-07,100011783,1389
2025-09-07,100012217,3091
2025-09-07,100012218,951
2025-09-07,100017441,2272
2025-09-07,100035408,0
2025-09-07,100035409,1
2025-09-07,100041114,1524
2025-09-07,100047030,813
2025-09-07,100052600,2693
2025-09-07,100052602,402
2025-09-07,100052603,1510
2025-09-07,100052605,522
2025-09-07,100052606,547
2025-09-07,100053055,139
2025-09-07,100053059,226
2025-09-07,100053210,485
2025-09-07,100054073,250
2025-09-07,100055268,1675
2025-09-07,100056188,2447
2025-09-07,300014985,2925
2025-09-07,300014986,2723
2025-09-07,300014993,1155
2025-09-07,300014994,0
2025-09-07,300014995,3358
2025-09-07,300014996,2451
2025-09-07,300020478,1666
2025-09-07,300020679,3136
2025-09-07,300020816,1756
2025-09-07,300020817,1521
2025-09-07,300021685,507
2025-09-07,300028650,680
2025-09-07,ZLT24020668,504
2025-09-07,ZLT24020669,578
2025-09-08,100001753,1594
2025-09-08,100003032,5739
2025-09-08,100003040,0
2025-09-08,100003041,3091
2025-09-08,100003042,3292
2025-09-08,100004575,0
2025-09-08,100007390,3376
2025-09-08,100011783,2271
2025-09-08,100012217,2835
2025-09-08,100012218,949
2025-09-08,100017441,4436
2025-09-08,100035408,0
2025-09-08,100035409,4
2025-09-08,100041114,1168
2025-09-08,100047030,1187
2025-09-08,100052600,3359
2025-09-08,100052602,248
2025-09-08,100052603,2236
2025-09-08,100052605,490
2025-09-08,100052606,671
2025-09-08,100053055,3
2025-09-08,100053059,341
2025-09-08,100053210,636
2025-09-08,100054073,566
2025-09-08,100055268,1748
2025-09-08,100056188,74
2025-09-08,300014985,4026
2025-09-08,300014986,3756
2025-09-08,300014993,1559
2025-09-08,300014994,0
2025-09-08,300014995,4738
2025-09-08,300014996,3767
2025-09-08,300020478,3089
2025-09-08,300020679,4418
2025-09-08,300020816,2430
2025-09-08,300020817,1907
2025-09-08,300021685,373
2025-09-08,300028650,854
2025-09-08,ZLT24020668,656
2025-09-08,ZLT24020669,660
2025-09-09,100001753,2026
2025-09-09,100003032,6995
2025-09-09,100003040,0
2025-09-09,100003041,3497
2025-09-09,100003042,3827
2025-09-09,100004575,0
2025-09-09,100007390,3838
2025-09-09,100011783,2637
2025-09-09,100012217,3169
2025-09-09,100012218,1022
2025-09-09,100017441,4342
2025-09-09,100035408,0
2025-09-09,100035409,4
2025-09-09,100041114,1322
2025-09-09,100047030,1491
2025-09-09,100052600,3868
2025-09-09,100052602,405
2025-09-09,100052603,2509
2025-09-09,100052605,575
2025-09-09,100052606,756
2025-09-09,100053055,409
2025-09-09,100053059,321
2025-09-09,100053210,692
2025-09-09,100054073,611
2025-09-09,100055268,2049
2025-09-09,100056188,3894
2025-09-09,300014985,4733
2025-09-09,300014986,4396
2025-09-09,300014993,1807
2025-09-09,300014994,0
2025-09-09,300014995,5800
2025-09-09,300014996,4383
2025-09-09,300020478,3424
2025-09-09,300020679,4724
2025-09-09,300020816,2788
2025-09-09,300020817,2328
2025-09-09,300021685,460
2025-09-09,300028650,846
2025-09-09,ZLT24020668,771
2025-09-09,ZLT24020669,741
2025-09-10,100001753,2031
2025-09-10,100003032,7180
2025-09-10,100003040,0
2025-09-10,100003041,3502
2025-09-10,100003042,3940
2025-09-10,100004575,0
2025-09-10,100007390,3800
2025-09-10,100011783,2650
2025-09-10,100012217,3576
2025-09-10,100012218,1193
2025-09-10,100017441,4222
2025-09-10,100035408,0
2025-09-10,100035409,6
2025-09-10,100041114,1455
2025-09-10,100047030,1571
2025-09-10,100052600,4177
2025-09-10,100052602,409
2025-09-10,100052603,2617
2025-09-10,100052605,567
2025-09-10,100052606,746
2025-09-10,100053055,386
2025-09-10,100053059,319
2025-09-10,100053210,728
2025-09-10,100054073,597
2025-09-10,100055268,2094
2025-09-10,100056188,4199
2025-09-10,300014985,4854
2025-09-10,300014986,4535
2025-09-10,300014993,1939
2025-09-10,300014994,0
2025-09-10,300014995,5810
2025-09-10,300014996,4339
2025-09-10,300020478,3505
2025-09-10,300020679,4588
2025-09-10,300020816,2865
2025-09-10,300020817,2409
2025-09-10,300021685,473
2025-09-10,300028650,1020
2025-09-10,ZLT24020668,806
2025-09-10,ZLT24020669,762
2025-09-11,100001753,1917
2025-09-11,100003032,7030
2025-09-11,100003040,0
2025-09-11,100003041,3371
2025-09-11,100003042,3868
2025-09-11,100004575,0
2025-09-11,100007390,3771
2025-09-11,100011783,2490
2025-09-11,100012217,3244
2025-09-11,100012218,1011
2025-09-11,100017441,4139
2025-09-11,100035408,0
2025-09-11,100035409,5
2025-09-11,100041114,1259
2025-09-11,100047030,1639
2025-09-11,100052600,3943
2025-09-11,100052602,303
2025-09-11,100052603,2450
2025-09-11,100052605,520
2025-09-11,100052606,855
2025-09-11,100053055,361
2025-09-11,100053059,286
2025-09-11,100053210,720
2025-09-11,100054073,578
2025-09-11,100055268,1958
2025-09-11,100056188,4103
2025-09-11,300014985,4827
2025-09-11,300014986,4408
2025-09-11,300014993,1751
2025-09-11,300014994,0
2025-09-11,300014995,6060
2025-09-11,300014996,4562
2025-09-11,300020478,3323
2025-09-11,300020679,5098
2025-09-11,300020816,2744
2025-09-11,300020817,2283
2025-09-11,300021685,399
2025-09-11,300028650,964
2025-09-11,ZLT24020668,729
2025-09-11,ZLT24020669,765
2025-09-12,100001753,1454
2025-09-12,100003032,6131
2025-09-12,100003040,0
2025-09-12,100003041,2746
2025-09-12,100003042,3129
2025-09-12,100004575,0
2025-09-12,100007390,3648
2025-09-12,100011783,2283
2025-09-12,100012217,3383
2025-09-12,100012218,1077
2025-09-12,100017441,3085
2025-09-12,100035408,0
2025-09-12,100035409,1
2025-09-12,100041114,1290
2025-09-12,100047030,1216
2025-09-12,100052600,3652
2025-09-12,100052602,317
2025-09-12,100052603,2274
2025-09-12,100052605,457
2025-09-12,100052606,805
2025-09-12,100053055,334
2025-09-12,100053059,296
2025-09-12,100053210,651
2025-09-12,100054073,566
2025-09-12,100055268,1927
2025-09-12,100056188,3493
2025-09-12,300014985,4113
2025-09-12,300014986,3878
2025-09-12,300014993,1591
2025-09-12,300014994,0
2025-09-12,300014995,5190
2025-09-12,300014996,3834
2025-09-12,300020478,2963
2025-09-12,300020679,4620
2025-09-12,300020816,2505
2025-09-12,300020817,2054
2025-09-12,300021685,362
2025-09-12,300028650,944
2025-09-12,ZLT24020668,676
2025-09-12,ZLT24020669,733
2025-09-13,100001753,1225
2025-09-13,100003032,6316
2025-09-13,100003040,0
2025-09-13,100003041,1738
2025-09-13,100003042,2629
2025-09-13,100004575,0
2025-09-13,100007390,2957
2025-09-13,100011783,1595
2025-09-13,100012217,3629
2025-09-13,100012218,1041
2025-09-13,100017441,2401
2025-09-13,100035408,0
2025-09-13,100035409,2
2025-09-13,100041114,1679
2025-09-13,100047030,1151
2025-09-13,100052600,3065
2025-09-13,100052602,488
2025-09-13,100052603,1692
2025-09-13,100052605,633
2025-09-13,100052606,551
2025-09-13,100053055,203
2025-09-13,100053059,292
2025-09-13,100053210,525
2025-09-13,100054073,312
2025-09-13,100055268,1871
2025-09-13,100056188,3044
2025-09-13,300014985,3841
2025-09-13,300014986,3409
2025-09-13,300014993,1252
2025-09-13,300014994,0
2025-09-13,300014995,4664
2025-09-13,300014996,3662
2025-09-13,300020478,1987
2025-09-13,300020679,3855
2025-09-13,300020816,2019
2025-09-13,300020817,1780
2025-09-13,300021685,584
2025-09-13,300028650,796
2025-09-13,ZLT24020668,640
2025-09-13,ZLT24020669,626
2025-09-14,100001753,1240
2025-09-14,100003032,5581
2025-09-14,100003040,0
2025-09-14,100003041,2985
2025-09-14,100003042,2986
2025-09-14,100004575,0
2025-09-14,100007390,3304
2025-09-14,100011783,1553
2025-09-14,100012217,5519
2025-09-14,100012218,940
2025-09-14,100017441,2500
2025-09-14,100035408,0
2025-09-14,100035409,3
2025-09-14,100041114,2013
2025-09-14,100047030,1143
2025-09-14,100052600,3439
2025-09-14,100052602,481
2025-09-14,100052603,1783
2025-09-14,100052605,685
2025-09-14,100052606,533
2025-09-14,100053055,204
2025-09-14,100053059,308
2025-09-14,100053210,655
2025-09-14,100054073,321
2025-09-14,100055268,2129
2025-09-14,100056188,2846
2025-09-14,300014985,3591
2025-09-14,300014986,3396
2025-09-14,300014993,1415
2025-09-14,300014994,0
2025-09-14,300014995,4274
2025-09-14,300014996,3024
2025-09-14,300020478,2006
2025-09-14,300020679,3863
2025-09-14,300020816,2144
2025-09-14,300020817,1855
2025-09-14,300021685,633
2025-09-14,300028650,823
2025-09-14,ZLT24020668,615
2025-09-14,ZLT24020669,763
2025-09-15,100001753,1654
2025-09-15,100003032,6044
2025-09-15,100003040,0
2025-09-15,100003041,3360
2025-09-15,100003042,3462
2025-09-15,100004575,0
2025-09-15,100007390,3529
2025-09-15,100011783,2402
2025-09-15,100012217,3165
2025-09-15,100012218,946
2025-09-15,100017441,3655
2025-09-15,100035408,0
2025-09-15,100035409,1
2025-09-15,100041114,1348
2025-09-15,100047030,1329
2025-09-15,100052600,3654
2025-09-15,100052602,319
2025-09-15,100052603,2481
2025-09-15,100052605,524
2025-09-15,100052606,791
2025-09-15,100053055,349
2025-09-15,100053059,352
2025-09-15,100053210,663
2025-09-15,100054073,582
2025-09-15,100055268,1996
2025-09-15,100056188,3650
2025-09-15,300014985,4191
2025-09-15,300014986,3923
2025-09-15,300014993,1635
2025-09-15,300014994,0
2025-09-15,300014995,5066
2025-09-15,300014996,3770
2025-09-15,300020478,3113
2025-09-15,300020679,4555
2025-09-15,300020816,2516
2025-09-15,300020817,2137
2025-09-15,300021685,381
2025-09-15,300028650,886
2025-09-15,ZLT24020668,757
2025-09-15,ZLT24020669,729
2025-09-16,100001753,2005
2025-09-16,100003032,7491
2025-09-16,100003040,0
2025-09-16,100003041,3566
2025-09-16,100003042,3968
2025-09-16,100004575,0
2025-09-16,100007390,3698
2025-09-16,100011783,2652
2025-09-16,100012217,3394
2025-09-16,100012218,1121
2025-09-16,100017441,4383
2025-09-16,100035408,0
2025-09-16,100035409,2
2025-09-16,100041114,1507
2025-09-16,100047030,1547
2025-09-16,100052600,4010
2025-09-16,100052602,419
2025-09-16,100052603,2744
2025-09-16,100052605,589
2025-09-16,100052606,874
2025-09-16,100053055,374
2025-09-16,100053059,333
2025-09-16,100053210,837
2025-09-16,100054073,646
2025-09-16,100055268,2099
2025-09-16,100056188,4109
2025-09-16,300014985,5022
2025-09-16,300014986,4658
2025-09-16,300014993,1989
2025-09-16,300014994,0
2025-09-16,300014995,6096
2025-09-16,300014996,4454
2025-09-16,300020478,3567
2025-09-16,300020679,5245
2025-09-16,300020816,2872
2025-09-16,300020817,2422
2025-09-16,300021685,399
2025-09-16,300028650,995
2025-09-16,ZLT24020668,819
2025-09-16,ZLT24020669,877
2025-09-17,100001753,1907
2025-09-17,100003032,7170
2025-09-17,100003040,0
2025-09-17,100003041,3760
2025-09-17,100003042,3855
2025-09-17,100004575,0
2025-09-17,100007390,3762
2025-09-17,100011783,2532
2025-09-17,100012217,3349
2025-09-17,100012218,1128
2025-09-17,100017441,4323
2025-09-17,100035408,0
2025-09-17,100035409,1
2025-09-17,100041114,1309
2025-09-17,100047030,1564
2025-09-17,100052600,3876
2025-09-17,100052602,355
2025-09-17,100052603,2615
2025-09-17,100052605,531
2025-09-17,100052606,878
2025-09-17,100053055,414
2025-09-17,100053059,365
2025-09-17,100053210,712
2025-09-17,100054073,605
2025-09-17,100055268,1994
2025-09-17,100056188,4185
2025-09-17,300014985,4880
2025-09-17,300014986,4559
2025-09-17,300014993,1820
2025-09-17,300014994,0
2025-09-17,300014995,5831
2025-09-17,300014996,4325
2025-09-17,300020478,3499
2025-09-17,300020679,5154
2025-09-17,300020816,2837
2025-09-17,300020817,2288
2025-09-17,300021685,381
2025-09-17,300028650,1009
2025-09-17,ZLT24020668,804
2025-09-17,ZLT24020669,790
2025-09-18,100001753,1937
2025-09-18,100003032,7080
2025-09-18,100003040,0
2025-09-18,100003041,5244
2025-09-18,100003042,3962
2025-09-18,100004575,0
2025-09-18,100007390,3898
2025-09-18,100011783,2504
2025-09-18,100012217,3456
2025-09-18,100012218,1201
2025-09-18,100017441,4255
2025-09-18,100035408,0
2025-09-18,100035409,3
2025-09-18,100041114,1161
2025-09-18,100047030,1539
2025-09-18,100052600,3900
2025-09-18,100052602,311
2025-09-18,100052603,2688
2025-09-18,100052605,535
2025-09-18,100052606,825
2025-09-18,100053055,411
2025-09-18,100053059,357
2025-09-18,100053210,727
2025-09-18,100054073,602
2025-09-18,100055268,2016
2025-09-18,100056188,4198
2025-09-18,300014985,4788
2025-09-18,300014986,4549
2025-09-18,300014993,1752
2025-09-18,300014994,0
2025-09-18,300014995,5933
2025-09-18,300014996,4245
2025-09-18,300020478,3407
2025-09-18,300020679,5185
2025-09-18,300020816,2673
2025-09-18,300020817,2304
2025-09-18,300021685,341
2025-09-18,300028650,981
2025-09-18,ZLT24020668,776
2025-09-18,ZLT24020669,783
2025-09-19,100001753,1530
2025-09-19,100003032,6303
2025-09-19,100003040,0
2025-09-19,100003041,4346
2025-09-19,100003042,3225
2025-09-19,100004575,0
2025-09-19,100007390,3426
2025-09-19,100011783,2205
2025-09-19,100012217,3071
2025-09-19,100012218,1010
2025-09-19,100017441,3307
2025-09-19,100035408,0
2025-09-19,100035409,4
2025-09-19,100041114,1154
2025-09-19,100047030,1815
2025-09-19,100052600,3328
2025-09-19,100052602,288
2025-09-19,100052603,2133
2025-09-19,100052605,415
2025-09-19,100052606,654
2025-09-19,100053055,293
2025-09-19,100053059,381
2025-09-19,100053210,611
2025-09-19,100054073,504
2025-09-19,100055268,1723
2025-09-19,100056188,3593
2025-09-19,300014985,4072
2025-09-19,300014986,3736
2025-09-19,300014993,1568
2025-09-19,300014994,0
2025-09-19,300014995,5113
2025-09-19,300014996,3571
2025-09-19,300020478,3037
2025-09-19,300020679,4559
2025-09-19,300020816,2388
2025-09-19,300020817,2024
2025-09-19,300021685,345
2025-09-19,300028650,873
2025-09-19,ZLT24020668,725
2025-09-19,ZLT24020669,752
2025-09-20,100001753,1075
2025-09-20,100003032,5068
2025-09-20,100003040,0
2025-09-20,100003041,2410
2025-09-20,100003042,2103
2025-09-20,100004575,0
2025-09-20,100007390,2789
2025-09-20,100011783,1463
2025-09-20,100012217,3251
2025-09-20,100012218,968
2025-09-20,100017441,1982
2025-09-20,100035408,0
2025-09-20,100035409,1
2025-09-20,100041114,1258
2025-09-20,100047030,1032
2025-09-20,100052600,3577
2025-09-20,100052602,360
2025-09-20,100052603,1732
2025-09-20,100052605,557
2025-09-20,100052606,605
2025-09-20,100053055,157
2025-09-20,100053059,284
2025-09-20,100053210,475
2025-09-20,100054073,318
2025-09-20,100055268,2645
2025-09-20,100056188,2762
2025-09-20,300014985,3255
2025-09-20,300014986,3098
2025-09-20,300014993,1144
2025-09-20,300014994,0
2025-09-20,300014995,3870
2025-09-20,300014996,2976
2025-09-20,300020478,1648
2025-09-20,300020679,3968
2025-09-20,300020816,1791
2025-09-20,300020817,1562
2025-09-20,300021685,444
2025-09-20,300028650,692
2025-09-20,ZLT24020668,558
2025-09-20,ZLT24020669,626
2025-09-21,100001753,1257
2025-09-21,100003032,4775
2025-09-21,100003040,0
2025-09-21,100003041,2411
2025-09-21,100003042,1785
2025-09-21,100004575,0
2025-09-21,100007390,2874
2025-09-21,100011783,1388
2025-09-21,100012217,3258
2025-09-21,100012218,1036
2025-09-21,100017441,1740
2025-09-21,100035408,0
2025-09-21,100035409,3
2025-09-21,100041114,1367
2025-09-21,100047030,899
2025-09-21,100052600,4840
2025-09-21,100052602,540
2025-09-21,100052603,1983
2025-09-21,100052605,601
2025-09-21,100052606,635
2025-09-21,100053055,190
2025-09-21,100053059,299
2025-09-21,100053210,564
2025-09-21,100054073,349
2025-09-21,100055268,3992
2025-09-21,100056188,2613
2025-09-21,300014985,3039
2025-09-21,300014986,2581
2025-09-21,300014993,1143
2025-09-21,300014994,0
2025-09-21,300014995,3542
2025-09-21,300014996,2736
2025-09-21,300020478,1766
2025-09-21,300020679,3439
2025-09-21,300020816,1922
2025-09-21,300020817,1501
2025-09-21,300021685,563
2025-09-21,300028650,725
2025-09-21,ZLT24020668,451
2025-09-21,ZLT24020669,513
2025-09-22,100001753,1556
2025-09-22,100003032,6150
2025-09-22,100003040,0
2025-09-22,100003041,5290
2025-09-22,100003042,3440
2025-09-22,100004575,0
2025-09-22,100007390,2971
2025-09-22,100011783,2058
2025-09-22,100012217,2496
2025-09-22,100012218,845
2025-09-22,100017441,3903
2025-09-22,100035408,0
2025-09-22,100035409,5
2025-09-22,100041114,631
2025-09-22,100047030,1252
2025-09-22,100052600,3220
2025-09-22,100052602,115
2025-09-22,100052603,2112
2025-09-22,100052605,304
2025-09-22,100052606,628
2025-09-22,100053055,341
2025-09-22,100053059,314
2025-09-22,100053210,510
2025-09-22,100054073,550
2025-09-22,100055268,1541
2025-09-22,100056188,3870
2025-09-22,300014985,4211
2025-09-22,300014986,3975
2025-09-22,300014993,1449
2025-09-22,300014994,0
2025-09-22,300014995,5413
2025-09-22,300014996,3998
2025-09-22,300020478,3487
2025-09-22,300020679,4065
2025-09-22,300020816,2390
2025-09-22,300020817,2111
2025-09-22,300021685,148
2025-09-22,300028650,765
2025-09-22,ZLT24020668,707
2025-09-22,ZLT24020669,722
2025-09-23,100001753,1328
2025-09-23,100003032,4987
2025-09-23,100003040,0
2025-09-23,100003041,3910
2025-09-23,100003042,3035
2025-09-23,100004575,0
2025-09-23,100007390,3047
2025-09-23,100011783,1666
2025-09-23,100012217,2372
2025-09-23,100012218,731
2025-09-23,100017441,3370
2025-09-23,100035408,0
2025-09-23,100035409,2
2025-09-23,100041114,607
2025-09-23,100047030,1202
2025-09-23,100052600,2726
2025-09-23,100052602,141
2025-09-23,100052603,1638
2025-09-23,100052605,313
2025-09-23,100052606,534
2025-09-23,100053055,266
2025-09-23,100053059,295
2025-09-23,100053210,434
2025-09-23,100054073,459
2025-09-23,100055268,1248
2025-09-23,100056188,3207
2025-09-23,300014985,3479
2025-09-23,300014986,3320
2025-09-23,300014993,1176
2025-09-23,300014994,0
2025-09-23,300014995,4559
2025-09-23,300014996,3317
2025-09-23,300020478,2411
2025-09-23,300020679,3819
2025-09-23,300020816,1890
2025-09-23,300020817,1700
2025-09-23,300021685,162
2025-09-23,300028650,714
2025-09-23,ZLT24020668,659
2025-09-23,ZLT24020669,625
2025-09-24,100001753,2167
2025-09-24,100003032,8456
2025-09-24,100003040,0
2025-09-24,100003041,4943
2025-09-24,100003042,4434
2025-09-24,100004575,0
2025-09-24,100007390,3880
2025-09-24,100011783,2740
2025-09-24,100012217,3733
2025-09-24,100012218,1178
2025-09-24,100017441,4904
2025-09-24,100035408,0
2025-09-24,100035409,5
2025-09-24,100041114,1305
2025-09-24,100047030,1769
2025-09-24,100052600,4522
2025-09-24,100052602,286
2025-09-24,100052603,2662
2025-09-24,100052605,526
2025-09-24,100052606,819
2025-09-24,100053055,487
2025-09-24,100053059,382
2025-09-24,100053210,720
2025-09-24,100054073,688
2025-09-24,100055268,2233
2025-09-24,100056188,5243
2025-09-24,300014985,5832
2025-09-24,300014986,5582
2025-09-24,300014993,2120
2025-09-24,300014994,0
2025-09-24,300014995,7425
2025-09-24,300014996,5178
2025-09-24,300020478,4300
2025-09-24,300020679,5638
2025-09-24,300020816,3297
2025-09-24,300020817,2892
2025-09-24,300021685,366
2025-09-24,300028650,1122
2025-09-24,ZLT24020668,956
2025-09-24,ZLT24020669,900
2025-09-25,100001753,796
2025-09-25,100003032,3286
2025-09-25,100003040,0
2025-09-25,100003041,2051
2025-09-25,100003042,2225
2025-09-25,100004575,0
2025-09-25,100007390,2573
2025-09-25,100011783,1155
2025-09-25,100012217,1763
2025-09-25,100012218,446
2025-09-25,100017441,2450
2025-09-25,100035408,0
2025-09-25,100035409,0
2025-09-25,100041114,199
2025-09-25,100047030,858
2025-09-25,100052600,1823
2025-09-25,100052602,26
2025-09-25,100052603,1089
2025-09-25,100052605,126
2025-09-25,100052606,371
2025-09-25,100053055,197
2025-09-25,100053059,235
2025-09-25,100053210,281
2025-09-25,100054073,307
2025-09-25,100055268,767
2025-09-25,100056188,2193
2025-09-25,300014985,2288
2025-09-25,300014986,2133
2025-09-25,300014993,671
2025-09-25,300014994,0
2025-09-25,300014995,3110
2025-09-25,300014996,2040
2025-09-25,300020478,1689
2025-09-25,300020679,2749
2025-09-25,300020816,1168
2025-09-25,300020817,1029
2025-09-25,300021685,34
2025-09-25,300028650,465
2025-09-25,ZLT24020668,424
2025-09-25,ZLT24020669,363
2025-09-26,100001753,1661
2025-09-26,100003032,7450
2025-09-26,100003040,0
2025-09-26,100003041,3715
2025-09-26,100003042,3858
2025-09-26,100004575,0
2025-09-26,100007390,3596
2025-09-26,100011783,2314
2025-09-26,100012217,3978
2025-09-26,100012218,1059
2025-09-26,100017441,4045
2025-09-26,100035408,0
2025-09-26,100035409,1
2025-09-26,100041114,883
2025-09-26,100047030,1441
2025-09-26,100052600,3993
2025-09-26,100052602,166
2025-09-26,100052603,2198
2025-09-26,100052605,428
2025-09-26,100052606,672
2025-09-26,100053055,348
2025-09-26,100053059,352
2025-09-26,100053210,602
2025-09-26,100054073,580
2025-09-26,100055268,1906
2025-09-26,100056188,4875
2025-09-26,300014985,5237
2025-09-26,300014986,4801
2025-09-26,300014993,1745
2025-09-26,300014994,0
2025-09-26,300014995,6642
2025-09-26,300014996,4573
2025-09-26,300020478,3713
2025-09-26,300020679,4865
2025-09-26,300020816,3028
2025-09-26,300020817,2504
2025-09-26,300021685,213
2025-09-26,300028650,959
2025-09-26,ZLT24020668,807
2025-09-26,ZLT24020669,773
2025-09-27,100001753,1082
2025-09-27,100003032,5600
2025-09-27,100003040,0
2025-09-27,100003041,1827
2025-09-27,100003042,2266
2025-09-27,100004575,0
2025-09-27,100007390,3042
2025-09-27,100011783,1603
2025-09-27,100012217,3488
2025-09-27,100012218,866
2025-09-27,100017441,2282
2025-09-27,100035408,0
2025-09-27,100035409,3
2025-09-27,100041114,1632
2025-09-27,100047030,1020
2025-09-27,100052600,3152
2025-09-27,100052602,502
2025-09-27,100052603,1712
2025-09-27,100052605,522
2025-09-27,100052606,554
2025-09-27,100053055,160
2025-09-27,100053059,299
2025-09-27,100053210,566
2025-09-27,100054073,365
2025-09-27,100055268,1883
2025-09-27,100056188,3109
2025-09-27,300014985,3660
2025-09-27,300014986,3391
2025-09-27,300014993,1259
2025-09-27,300014994,0
2025-09-27,300014995,4644
2025-09-27,300014996,3352
2025-09-27,300020478,1964
2025-09-27,300020679,3798
2025-09-27,300020816,2171
2025-09-27,300020817,1849
2025-09-27,300021685,536
2025-09-27,300028650,791
2025-09-27,ZLT24020668,659
2025-09-27,ZLT24020669,675
2025-09-28,100001753,1265
2025-09-28,100003032,4993
2025-09-28,100003040,0
2025-09-28,100003041,1982
2025-09-28,100003042,2104
2025-09-28,100004575,0
2025-09-28,100007390,2951
2025-09-28,100011783,1538
2025-09-28,100012217,3394
2025-09-28,100012218,746
2025-09-28,100017441,2061
2025-09-28,100035408,0
2025-09-28,100035409,3
2025-09-28,100041114,2050
2025-09-28,100047030,903
2025-09-28,100052600,2961
2025-09-28,100052602,512
2025-09-28,100052603,1710
2025-09-28,100052605,660
2025-09-28,100052606,573
2025-09-28,100053055,177
2025-09-28,100053059,286
2025-09-28,100053210,567
2025-09-28,100054073,312
2025-09-28,100055268,2023
2025-09-28,100056188,2632
2025-09-28,300014985,3201
2025-09-28,300014986,3087
2025-09-28,300014993,1186
2025-09-28,300014994,0
2025-09-28,300014995,3886
2025-09-28,300014996,2756
2025-09-28,300020478,1796
2025-09-28,300020679,3494
2025-09-28,300020816,1940
2025-09-28,300020817,1543
2025-09-28,300021685,566
2025-09-28,300028650,767
2025-09-28,ZLT24020668,615
2025-09-28,ZLT24020669,619
2025-09-29,100001753,1967
2025-09-29,100003032,7802
2025-09-29,100003040,0
2025-09-29,100003041,4506
2025-09-29,100003042,4189
2025-09-29,100004575,0
2025-09-29,100007390,3631
2025-09-29,100011783,2062
2025-09-29,100012217,3444
2025-09-29,100012218,920
2025-09-29,100017441,4059
2025-09-29,100035408,0
2025-09-29,100035409,12
2025-09-29,100041114,1523
2025-09-29,100047030,1519
2025-09-29,100052600,4493
2025-09-29,100052602,336
2025-09-29,100052603,2695
2025-09-29,100052605,684
2025-09-29,100052606,837
2025-09-29,100053055,440
2025-09-29,100053059,317
2025-09-29,100053210,759
2025-09-29,100054073,618
2025-09-29,100055268,2353
2025-09-29,100056188,4700
2025-09-29,300014985,5050
2025-09-29,300014986,4926
2025-09-29,300014993,1987
2025-09-29,300014994,0
2025-09-29,300014995,6480
2025-09-29,300014996,4512
2025-09-29,300020478,4053
2025-09-29,300020679,4866
2025-09-29,300020816,3087
2025-09-29,300020817,2558
2025-09-29,300021685,403
2025-09-29,300028650,1037
2025-09-29,ZLT24020668,989
2025-09-29,ZLT24020669,897
2025-09-30,100001753,1718
2025-09-30,100003032,6366
2025-09-30,100003040,0
2025-09-30,100003041,2914
2025-09-30,100003042,4020
2025-09-30,100004575,0
2025-09-30,100007390,3619
2025-09-30,100011783,2518
2025-09-30,100012217,3437
2025-09-30,100012218,885
2025-09-30,100017441,4188
2025-09-30,100035408,0
2025-09-30,100035409,13
2025-09-30,100041114,1312
2025-09-30,100047030,1399
2025-09-30,100052600,3961
2025-09-30,100052602,308
2025-09-30,100052603,2552
2025-09-30,100052605,504
2025-09-30,100052606,825
2025-09-30,100053055,402
2025-09-30,100053059,349
2025-09-30,100053210,712
2025-09-30,100054073,598
2025-09-30,100055268,2090
2025-09-30,100056188,3767
2025-09-30,300014985,4665
2025-09-30,300014986,4398
2025-09-30,300014993,1802
2025-09-30,300014994,0
2025-09-30,300014995,5779
2025-09-30,300014996,4014
2025-09-30,300020478,3131
2025-09-30,300020679,4646
2025-09-30,300020816,2778
2025-09-30,300020817,2268
2025-09-30,300021685,311
2025-09-30,300028650,1003
2025-09-30,ZLT24020668,887
2025-09-30,ZLT24020669,875
2025-10-01,100001753,1996
2025-10-01,100003032,8063
2025-10-01,100003040,0
2025-10-01,100003041,4300
2025-10-01,100003042,4316
2025-10-01,100004575,0
2025-10-01,100007390,3841
2025-10-01,100011783,2693
2025-10-01,100012217,3448
2025-10-01,100012218,922
2025-10-01,100017441,4419
2025-10-01,100035408,0
2025-10-01,100035409,19
2025-10-01,100041114,1064
2025-10-01,100047030,1689
2025-10-01,100052600,4314
2025-10-01,100052602,211
2025-10-01,100052603,2495
2025-10-01,100052605,471
2025-10-01,100052606,779
2025-10-01,100053055,476
2025-10-01,100053059,401
2025-10-01,100053210,682
2025-10-01,100054073,631
2025-10-01,100055268,2048
2025-10-01,100056188,5217
2025-10-01,300014985,5596
2025-10-01,300014986,5410
2025-10-01,300014993,2034
2025-10-01,300014994,0
2025-10-01,300014995,7080
2025-10-01,300014996,4807
2025-10-01,300020478,4078
2025-10-01,300020679,5193
2025-10-01,300020816,3219
2025-10-01,300020817,2857
2025-10-01,300021685,234
2025-10-01,300028650,1023
2025-10-01,ZLT24020668,905
2025-10-01,ZLT24020669,876
2025-10-02,100001753,1600
2025-10-02,100003032,6620
2025-10-02,100003040,0
2025-10-02,100003041,3396
2025-10-02,100003042,3867
2025-10-02,100004575,0
2025-10-02,100007390,3654
2025-10-02,100011783,2149
2025-10-02,100012217,3128
2025-10-02,100012218,814
2025-10-02,100017441,3592
2025-10-02,100035408,0
2025-10-02,100035409,21
2025-10-02,100041114,873
2025-10-02,100047030,1417
2025-10-02,100052600,3533
2025-10-02,100052602,214
2025-10-02,100052603,2305
2025-10-02,100052605,370
2025-10-02,100052606,779
2025-10-02,100053055,355
2025-10-02,100053059,360
2025-10-02,100053210,560
2025-10-02,100054073,540
2025-10-02,100055268,1772
2025-10-02,100056188,3970
2025-10-02,300014985,4404
2025-10-02,300014986,4083
2025-10-02,300014993,1507
2025-10-02,300014994,0
2025-10-02,300014995,5426
2025-10-02,300014996,3659
2025-10-02,300020478,3063
2025-10-02,300020679,4427
2025-10-02,300020816,2449
2025-10-02,300020817,2090
2025-10-02,300021685,247
2025-10-02,300028650,867
2025-10-02,ZLT24020668,743
2025-10-02,ZLT24020669,691
2025-10-03,100001753,1654
2025-10-03,100003032,7795
2025-10-03,100003040,0
2025-10-03,100003041,3810
2025-10-03,100003042,3953
2025-10-03,100004575,0
2025-10-03,100007390,3825
2025-10-03,100011783,2479
2025-10-03,100012217,3728
2025-10-03,100012218,984
2025-10-03,100017441,3685
2025-10-03,100034805,199
2025-10-03,100035408,0
2025-10-03,100035409,15
2025-10-03,100041114,1281
2025-10-03,100047030,1427
2025-10-03,100052600,4252
2025-10-03,100052602,253
2025-10-03,100052603,2395
2025-10-03,100052605,540
2025-10-03,100052606,806
2025-10-03,100053055,378
2025-10-03,100053059,386
2025-10-03,100053210,648
2025-10-03,100054073,589
2025-10-03,100055268,2126
2025-10-03,100056188,4826
2025-10-03,300014985,5366
2025-10-03,300014986,5058
2025-10-03,300014993,1835
2025-10-03,300014994,0
2025-10-03,300014995,6802
2025-10-03,300014996,5028
2025-10-03,300020478,3925
2025-10-03,300020679,4939
2025-10-03,300020816,3138
2025-10-03,300020817,2595
2025-10-03,300021685,298
2025-10-03,300028650,1077
2025-10-03,ZLT24020668,923
2025-10-03,ZLT24020669,934
2025-10-04,100001753,1235
2025-10-04,100003032,5689
2025-10-04,100003040,0
2025-10-04,100003041,2008
2025-10-04,100003042,2487
2025-10-04,100004575,0
2025-10-04,100007390,3108
2025-10-04,100011783,1726
2025-10-04,100012217,3788
2025-10-04,100012218,875
2025-10-04,100017441,2369
2025-10-04,100034805,236
2025-10-04,100035408,0
2025-10-04,100035409,18
2025-10-04,100041114,1901
2025-10-04,100047030,998
2025-10-04,100052600,3563
2025-10-04,100052602,526
2025-10-04,100052603,1931
2025-10-04,100052605,571
2025-10-04,100052606,666
2025-10-04,100053055,154
2025-10-04,100053059,311
2025-10-04,100053210,524
2025-10-04,100054073,341
2025-10-04,100055268,2274
2025-10-04,100056188,3036
2025-10-04,300014985,3770
2025-10-04,300014986,3603
2025-10-04,300014993,1312
2025-10-04,300014994,0
2025-10-04,300014995,4725
2025-10-04,300014996,3399
2025-10-04,300020478,2050
2025-10-04,300020679,3826
2025-10-04,300020816,2127
2025-10-04,300020817,1837
2025-10-04,300021685,573
2025-10-04,300028650,779
2025-10-04,ZLT24020668,654
2025-10-04,ZLT24020669,710
2025-10-05,100001753,1284
2025-10-05,100003032,5534
2025-10-05,100003040,0
2025-10-05,100003041,1800
2025-10-05,100003042,2341
2025-10-05,100004575,0
2025-10-05,100007390,2892
2025-10-05,100011783,1606
2025-10-05,100012217,3734
2025-10-05,100012218,857
2025-10-05,100017441,1996
2025-10-05,100034805,309
2025-10-05,100035408,0
2025-10-05,100035409,22
2025-10-05,100041114,2309
2025-10-05,100047030,891
2025-10-05,100052600,3246
2025-10-05,100052602,602
2025-10-05,100052603,1794
2025-10-05,100052605,719
2025-10-05,100052606,627
2025-10-05,100053055,180
2025-10-05,100053059,287
2025-10-05,100053210,589
2025-10-05,100054073,317
2025-10-05,100055268,2237
2025-10-05,100056188,2769
2025-10-05,300014985,3298
2025-10-05,300014986,3169
2025-10-05,300014993,1407
2025-10-05,300014994,0
2025-10-05,300014995,4002
2025-10-05,300014996,2886
2025-10-05,300020478,1979
2025-10-05,300020679,3445
2025-10-05,300020816,2135
2025-10-05,300020817,1704
2025-10-05,300021685,759
2025-10-05,300028650,736
2025-10-05,ZLT24020668,600
2025-10-05,ZLT24020669,667
2025-10-06,100001753,1739
2025-10-06,100003032,6227
2025-10-06,100003040,0
2025-10-06,100003041,3629
2025-10-06,100003042,3547
2025-10-06,100004575,0
2025-10-06,100007390,3552
2025-10-06,100011783,2290
2025-10-06,100012217,3180
2025-10-06,100012218,863
2025-10-06,100017441,3391
2025-10-06,100034805,269
2025-10-06,100035408,0
2025-10-06,100035409,22
2025-10-06,100041114,1510
2025-10-06,100047030,1204
2025-10-06,100052600,3809
2025-10-06,100052602,344
2025-10-06,100052603,2577
2025-10-06,100052605,563
2025-10-06,100052606,922
2025-10-06,100053055,361
2025-10-06,100053059,328
2025-10-06,100053210,744
2025-10-06,100054073,596
2025-10-06,100055268,2114
2025-10-06,100056188,3686
2025-10-06,300014985,4220
2025-10-06,300014986,3955
2025-10-06,300014993,1737
2025-10-06,300014994,0
2025-10-06,300014995,5271
2025-10-06,300014996,2960
2025-10-06,300020478,3145
2025-10-06,300020679,4421
2025-10-06,300020816,2539
2025-10-06,300020817,2109
2025-10-06,300021685,437
2025-10-06,300028650,940
2025-10-06,ZLT24020668,882
2025-10-06,ZLT24020669,834
2025-10-07,100001753,943
2025-10-07,100003032,3647
2025-10-07,100003040,0
2025-10-07,100003041,2022
2025-10-07,100003042,2227
2025-10-07,100004575,0
2025-10-07,100007390,2729
2025-10-07,100011783,1304
2025-10-07,100012217,1738
2025-10-07,100012218,504
2025-10-07,100017441,2162
2025-10-07,100034805,114
2025-10-07,100035408,0
2025-10-07,100035409,9
2025-10-07,100041114,380
2025-10-07,100047030,947
2025-10-07,100052600,2105
2025-10-07,100052602,81
2025-10-07,100052603,1278
2025-10-07,100052605,187
2025-10-07,100052606,490
2025-10-07,100053055,198
2025-10-07,100053059,247
2025-10-07,100053210,343
2025-10-07,100054073,345
2025-10-07,100055268,920
2025-10-07,100056188,2264
2025-10-07,300014985,2533
2025-10-07,300014986,2260
2025-10-07,300014993,853
2025-10-07,300014994,0
2025-10-07,300014995,2998
2025-10-07,300014996,2409
2025-10-07,300020478,1739
2025-10-07,300020679,2890
2025-10-07,300020816,1353
2025-10-07,300020817,1187
2025-10-07,300021685,92
2025-10-07,300028650,534
2025-10-07,ZLT24020668,400
2025-10-07,ZLT24020669,440
2025-10-08,100001753,1439
2025-10-08,100003032,5945
2025-10-08,100003040,0
2025-10-08,100003041,3257
2025-10-08,100003042,3478
2025-10-08,100004575,0
2025-10-08,100007390,3468
2025-10-08,100011783,1966
2025-10-08,100012217,2828
2025-10-08,100012218,749
2025-10-08,100017441,3433
2025-10-08,100034805,181
2025-10-08,100035408,0
2025-10-08,100035409,20
2025-10-08,100041114,747
2025-10-08,100047030,1326
2025-10-08,100052600,3008
2025-10-08,100052602,168
2025-10-08,100052603,1992
2025-10-08,100052605,287
2025-10-08,100052606,678
2025-10-08,100053055,376
2025-10-08,100053059,311
2025-10-08,100053210,521
2025-10-08,100054073,565
2025-10-08,100055268,1514
2025-10-08,100056188,3555
2025-10-08,300014985,4046
2025-10-08,300014986,3757
2025-10-08,300014993,1402
2025-10-08,300014994,0
2025-10-08,300014995,4943
2025-10-08,300014996,3759
2025-10-08,300020478,2801
2025-10-08,300020679,4413
2025-10-08,300020816,2245
2025-10-08,300020817,1966
2025-10-08,300021685,167
2025-10-08,300028650,864
2025-10-08,ZLT24020668,734
2025-10-08,ZLT24020669,707
2025-10-09,100001753,1237
2025-10-09,100003032,5642
2025-10-09,100003040,0
2025-10-09,100003041,3011
2025-10-09,100003042,3232
2025-10-09,100004575,0
2025-10-09,100007390,3127
2025-10-09,100011783,1927
2025-10-09,100012217,2611
2025-10-09,100012218,734
2025-10-09,100017441,3025
2025-10-09,100034805,152
2025-10-09,100035408,0
2025-10-09,100035409,12
2025-10-09,100041114,635
2025-10-09,100047030,1216
2025-10-09,100052600,2790
2025-10-09,100052602,95
2025-10-09,100052603,1938
2025-10-09,100052605,246
2025-10-09,100052606,603
2025-10-09,100053055,337
2025-10-09,100053059,283
2025-10-09,100053210,477
2025-10-09,100054073,464
2025-10-09,100055268,1374
2025-10-09,100056188,3290
2025-10-09,300014985,3705
2025-10-09,300014986,3416
2025-10-09,300014993,1262
2025-10-09,300014994,0
2025-10-09,300014995,4453
2025-10-09,300014996,3541
2025-10-09,300020478,2501
2025-10-09,300020679,4248
2025-10-09,300020816,2029
2025-10-09,300020817,1744
2025-10-09,300021685,160
2025-10-09,300028650,771
2025-10-09,ZLT24020668,620
2025-10-09,ZLT24020669,642
2025-10-10,100001753,1023
2025-10-10,100003032,4397
2025-10-10,100003040,0
2025-10-10,100003041,2334
2025-10-10,100003042,2452
2025-10-10,100004575,0
2025-10-10,100007390,2918
2025-10-10,100011783,1570
2025-10-10,100012217,2706
2025-10-10,100012218,651
2025-10-10,100017441,2290
2025-10-10,100034805,127
2025-10-10,100035408,0
2025-10-10,100035409,12
2025-10-10,100041114,772
2025-10-10,100047030,948
2025-10-10,100052600,2663
2025-10-10,100052602,153
2025-10-10,100052603,1793
2025-10-10,100052605,264
2025-10-10,100052606,463
2025-10-10,100053055,246
2025-10-10,100053059,302
2025-10-10,100053210,404
2025-10-10,100054073,433
2025-10-10,100055268,1636
2025-10-10,100056188,2815
2025-10-10,300014985,3198
2025-10-10,300014986,2922
2025-10-10,300014993,1050
2025-10-10,300014994,0
2025-10-10,300014995,3881
2025-10-10,300014996,3059
2025-10-10,300020478,2136
2025-10-10,300020679,3713
2025-10-10,300020816,1761
2025-10-10,300020817,1565
2025-10-10,300021685,196
2025-10-10,300028650,642
2025-10-10,ZLT24020668,618
2025-10-10,ZLT24020669,613
2025-10-11,100001753,814
2025-10-11,100003032,4061
2025-10-11,100003040,0
2025-10-11,100003041,1425
2025-10-11,100003042,1703
2025-10-11,100004575,0
2025-10-11,100007390,2356
2025-10-11,100011783,1174
2025-10-11,100012217,2713
2025-10-11,100012218,699
2025-10-11,100017441,1496
2025-10-11,100034805,157
2025-10-11,100035408,0
2025-10-11,100035409,8
2025-10-11,100041114,1313
2025-10-11,100047030,804
2025-10-11,100052600,2157
2025-10-11,100052602,397
2025-10-11,100052603,1270
2025-10-11,100052605,412
2025-10-11,100052606,466
2025-10-11,100053055,137
2025-10-11,100053059,215
2025-10-11,100053210,415
2025-10-11,100054073,234
2025-10-11,100055268,1226
2025-10-11,100056188,2402
2025-10-11,300014985,2644
2025-10-11,300014986,2432
2025-10-11,300014993,927
2025-10-11,300014994,0
2025-10-11,300014995,3029
2025-10-11,300014996,2606
2025-10-11,300020478,1566
2025-10-11,300020679,2947
2025-10-11,300020816,1482
2025-10-11,300020817,1315
2025-10-11,300021685,397
2025-10-11,300028650,546
2025-10-11,ZLT24020668,480
2025-10-11,ZLT24020669,518
2025-10-12,100001753,830
2025-10-12,100003032,3838
2025-10-12,100003040,0
2025-10-12,100003041,1255
2025-10-12,100003042,1374
2025-10-12,100004575,0
2025-10-12,100007390,2051
2025-10-12,100011783,1039
2025-10-12,100012217,2604
2025-10-12,100012218,612
2025-10-12,100017441,1203
2025-10-12,100034805,151
2025-10-12,100035408,0
2025-10-12,100035409,9
2025-10-12,100041114,1357
2025-10-12,100047030,678
2025-10-12,100052600,2190
2025-10-12,100052602,358
2025-10-12,100052603,1191
2025-10-12,100052605,527
2025-10-12,100052606,480
2025-10-12,100053055,142
2025-10-12,100053059,194
2025-10-12,100053210,407
2025-10-12,100054073,238
2025-10-12,100055268,1477
2025-10-12,100056188,2056
2025-10-12,300014985,2405
2025-10-12,300014986,2149
2025-10-12,300014993,814
2025-10-12,300014994,0
2025-10-12,300014995,2848
2025-10-12,300014996,2168
2025-10-12,300020478,1283
2025-10-12,300020679,2623
2025-10-12,300020816,1362
2025-10-12,300020817,1187
2025-10-12,300021685,387
2025-10-12,300028650,487
2025-10-12,ZLT24020668,468
2025-10-12,ZLT24020669,536
2025-10-13,100001753,542
2025-10-13,100003032,2561
2025-10-13,100003040,0
2025-10-13,100003041,1032
2025-10-13,100003042,1078
2025-10-13,100004575,0
2025-10-13,100007390,1730
2025-10-13,100011783,790
2025-10-13,100012217,1976
2025-10-13,100012218,377
2025-10-13,100017441,985
2025-10-13,100034805,135
2025-10-13,100035408,0
2025-10-13,100035409,7
2025-10-13,100041114,728
2025-10-13,100047030,554
2025-10-13,100052600,1661
2025-10-13,100052602,180
2025-10-13,100052603,994
2025-10-13,100052605,269
2025-10-13,100052606,326
2025-10-13,100053055,99
2025-10-13,100053059,214
2025-10-13,100053210,281
2025-10-13,100054073,214
2025-10-13,100055268,1051
2025-10-13,100056188,1631
2025-10-13,300014985,1821
2025-10-13,300014986,1643
2025-10-13,300014993,593
2025-10-13,300014994,0
2025-10-13,300014995,2213
2025-10-13,300014996,1653
2025-10-13,300020478,1088
2025-10-13,300020679,2069
2025-10-13,300020816,1114
2025-10-13,300020817,935
2025-10-13,300021685,242
2025-10-13,300028650,368
2025-10-13,ZLT24020668,402
2025-10-13,ZLT24020669,417
2025-10-14,100001753,1273
2025-10-14,100003032,4978
2025-10-14,100003040,0
2025-10-14,100003041,2624
2025-10-14,100003042,2414
2025-10-14,100004575,0
2025-10-14,100007390,3105
2025-10-14,100011783,1398
2025-10-14,100012217,2439
2025-10-14,100012218,680
2025-10-14,100017441,2407
2025-10-14,100034805,156
2025-10-14,100035408,0
2025-10-14,100035409,6
2025-10-14,100041114,811
2025-10-14,100047030,1167
2025-10-14,100052600,2806
2025-10-14,100052602,155
2025-10-14,100052603,1972
2025-10-14,100052605,270
2025-10-14,100052606,691
2025-10-14,100053055,254
2025-10-14,100053059,270
2025-10-14,100053210,466
2025-10-14,100054073,468
2025-10-14,100055268,1381
2025-10-14,100056188,3075
2025-10-14,300014985,3456
2025-10-14,300014986,3298
2025-10-14,300014993,1185
2025-10-14,300014994,0
2025-10-14,300014995,4187
2025-10-14,300014996,3146
2025-10-14,300020478,2111
2025-10-14,300020679,4066
2025-10-14,300020816,1862
2025-10-14,300020817,1653
2025-10-14,300021685,189
2025-10-14,300028650,774
2025-10-14,ZLT24020668,638
2025-10-14,ZLT24020669,613
2025-10-15,100001753,1361
2025-10-15,100003032,5239
2025-10-15,100003040,0
2025-10-15,100003041,2705
2025-10-15,100003042,2603
2025-10-15,100004575,0
2025-10-15,100007390,3157
2025-10-15,100011783,1634
2025-10-15,100012217,2563
2025-10-15,100012218,711
2025-10-15,100017441,2601
2025-10-15,100034805,173
2025-10-15,100035408,0
2025-10-15,100035409,4
2025-10-15,100041114,716
2025-10-15,100047030,1220
2025-10-15,100052600,2685
2025-10-15,100052602,144
2025-10-15,100052603,1960
2025-10-15,100052605,339
2025-10-15,100052606,624
2025-10-15,100053055,285
2025-10-15,100053059,311
2025-10-15,100053210,478
2025-10-15,100054073,492
2025-10-15,100055268,1344
2025-10-15,100056188,3118
2025-10-15,300014985,3605
2025-10-15,300014986,3499
2025-10-15,300014993,1307
2025-10-15,300014994,0
2025-10-15,300014995,4363
2025-10-15,300014996,3190
2025-10-15,300020478,2239
2025-10-15,300020679,4209
2025-10-15,300020816,2072
2025-10-15,300020817,1774
2025-10-15,300021685,149
2025-10-15,300028650,748
2025-10-15,ZLT24020668,685
2025-10-15,ZLT24020669,658
2025-10-16,100001753,1303
2025-10-16,100003032,5249
2025-10-16,100003040,0
2025-10-16,100003041,2681
2025-10-16,100003042,2587
2025-10-16,100004575,0
2025-10-16,100007390,3191
2025-10-16,100011783,1646
2025-10-16,100012217,2569
2025-10-16,100012218,656
2025-10-16,100017441,2480
2025-10-16,100034805,145
2025-10-16,100035408,0
2025-10-16,100035409,0
2025-10-16,100041114,720
2025-10-16,100047030,1182
2025-10-16,100052600,2711
2025-10-16,100052602,118
2025-10-16,100052603,2146
2025-10-16,100052605,253
2025-10-16,100052606,617
2025-10-16,100053055,254
2025-10-16,100053059,256
2025-10-16,100053210,424
2025-10-16,100054073,436
2025-10-16,100055268,1383
2025-10-16,100056188,3047
2025-10-16,300014985,3528
2025-10-16,300014986,3393
2025-10-16,300014993,1213
2025-10-16,300014994,0
2025-10-16,300014995,4098
2025-10-16,300014996,3266
2025-10-16,300020478,2302
2025-10-16,300020679,4198
2025-10-16,300020816,1990
2025-10-16,300020817,1607
2025-10-16,300021685,176
2025-10-16,300028650,614
2025-10-16,ZLT24020668,648
2025-10-16,ZLT24020669,636
2025-10-17,100001753,1021
2025-10-17,100003032,4224
2025-10-17,100003040,0
2025-10-17,100003041,2260
2025-10-17,100003042,2122
2025-10-17,100004575,0
2025-10-17,100007390,3025
2025-10-17,100011783,1408
2025-10-17,100012217,2617
2025-10-17,100012218,705
2025-10-17,100017441,1961
2025-10-17,100034805,112
2025-10-17,100035408,0
2025-10-17,100035409,3
2025-10-17,100041114,706
2025-10-17,100047030,922
2025-10-17,100052600,2396
2025-10-17,100052602,158
2025-10-17,100052603,1815
2025-10-17,100052605,276
2025-10-17,100052606,541
2025-10-17,100053055,230
2025-10-17,100053059,296
2025-10-17,100053210,386
2025-10-17,100054073,421
2025-10-17,100055268,1256
2025-10-17,100056188,2619
2025-10-17,300014985,3186
2025-10-17,300014986,2866
2025-10-17,300014993,1090
2025-10-17,300014994,0
2025-10-17,300014995,3622
2025-10-17,300014996,2814
2025-10-17,300020478,1997
2025-10-17,300020679,3708
2025-10-17,300020816,1728
2025-10-17,300020817,1404
2025-10-17,300021685,177
2025-10-17,300028650,557
2025-10-17,ZLT24020668,570
2025-10-17,ZLT24020669,586
2025-10-18,100001753,587
2025-10-18,100003032,3247
2025-10-18,100003040,0
2025-10-18,100003041,1244
2025-10-18,100003042,1493
2025-10-18,100004575,0
2025-10-18,100007390,2210
2025-10-18,100011783,946
2025-10-18,100012217,2312
2025-10-18,100012218,526
2025-10-18,100017441,1363
2025-10-18,100034805,97
2025-10-18,100035408,0
2025-10-18,100035409,9
2025-10-18,100041114,605
2025-10-18,100047030,633
2025-10-18,100052600,1759
2025-10-18,100052602,149
2025-10-18,100052603,1330
2025-10-18,100052605,243
2025-10-18,100052606,390
2025-10-18,100053055,110
2025-10-18,100053059,242
2025-10-18,100053210,267
2025-10-18,100054073,255
2025-10-18,100055268,998
2025-10-18,100056188,1944
2025-10-18,300014985,2548
2025-10-18,300014986,2316
2025-10-18,300014993,683
2025-10-18,300014994,0
2025-10-18,300014995,2808
2025-10-18,300014996,2262
2025-10-18,300020478,1223
2025-10-18,300020679,2833
2025-10-18,300020816,1358
2025-10-18,300020817,1141
2025-10-18,300021685,198
2025-10-18,300028650,488
2025-10-18,ZLT24020668,435
2025-10-18,ZLT24020669,491
2025-10-19,100001753,937
2025-10-19,100003032,4195
2025-10-19,100003040,0
2025-10-19,100003041,1584
2025-10-19,100003042,1796
2025-10-19,100004575,0
2025-10-19,100007390,2584
2025-10-19,100011783,1233
2025-10-19,100012217,3154
2025-10-19,100012218,618
2025-10-19,100017441,1577
2025-10-19,100034805,228
2025-10-19,100035408,0
2025-10-19,100035409,3
2025-10-19,100041114,1905
2025-10-19,100047030,742
2025-10-19,100052600,2532
2025-10-19,100052602,497
2025-10-19,100052603,1443
2025-10-19,100052605,526
2025-10-19,100052606,506
2025-10-19,100053055,153
2025-10-19,100053059,242
2025-10-19,100053210,438
2025-10-19,100054073,243
2025-10-19,100055268,1663
2025-10-19,100056188,2329
2025-10-19,300014985,2771
2025-10-19,300014986,2554
2025-10-19,300014993,1077
2025-10-19,300014994,0
2025-10-19,300014995,3132
2025-10-19,300014996,2462
2025-10-19,300020478,1535
2025-10-19,300020679,3058
2025-10-19,300020816,1712
2025-10-19,300020817,1480
2025-10-19,300021685,600
2025-10-19,300028650,550
2025-10-19,ZLT24020668,536
2025-10-19,ZLT24020669,631
2025-10-20,100001753,575
2025-10-20,100003032,2134
2025-10-20,100003040,0
2025-10-20,100003041,1227
2025-10-20,100003042,1578
2025-10-20,100004575,0
2025-10-20,100007390,1915
2025-10-20,100011783,757
2025-10-20,100012217,1220
2025-10-20,100012218,314
2025-10-20,100017441,1468
2025-10-20,100034805,50
2025-10-20,100035408,0
2025-10-20,100035409,1
2025-10-20,100041114,175
2025-10-20,100047030,581
2025-10-20,100052600,1395
2025-10-20,100052602,20
2025-10-20,100052603,841
2025-10-20,100052605,91
2025-10-20,100052606,380
2025-10-20,100053055,132
2025-10-20,100053059,208
2025-10-20,100053210,217
2025-10-20,100054073,282
2025-10-20,100055268,610
2025-10-20,100056188,1428
2025-10-20,300014985,1652
2025-10-20,300014986,1459
2025-10-20,300014993,447
2025-10-20,300014994,0
2025-10-20,300014995,1800
2025-10-20,300014996,1531
2025-10-20,300020478,1073
2025-10-20,300020679,2120
2025-10-20,300020816,804
2025-10-20,300020817,749
2025-10-20,300021685,25
2025-10-20,300028650,273
2025-10-20,ZLT24020668,305
2025-10-20,ZLT24020669,291
2025-10-21,100001753,1141
2025-10-21,100003032,3811
2025-10-21,100003040,0
2025-10-21,100003041,1911
2025-10-21,100003042,2510
2025-10-21,100004575,0
2025-10-21,100007390,2600
2025-10-21,100011783,1393
2025-10-21,100012217,2092
2025-10-21,100012218,541
2025-10-21,100017441,2402
2025-10-21,100034805,120
2025-10-21,100035408,0
2025-10-21,100035409,2
2025-10-21,100041114,416
2025-10-21,100047030,909
2025-10-21,100052600,2428
2025-10-21,100052602,86
2025-10-21,100052603,1397
2025-10-21,100052605,233
2025-10-21,100052606,559
2025-10-21,100053055,209
2025-10-21,100053059,284
2025-10-21,100053210,391
2025-10-21,100054073,389
2025-10-21,100055268,1097
2025-10-21,100056188,2425
2025-10-21,300014985,2687
2025-10-21,300014986,2598
2025-10-21,300014993,928
2025-10-21,300014994,0
2025-10-21,300014995,3212
2025-10-21,300014996,2485
2025-10-21,300020478,1929
2025-10-21,300020679,3347
2025-10-21,300020816,1455
2025-10-21,300020817,1289
2025-10-21,300021685,83
2025-10-21,300028650,474
2025-10-21,ZLT24020668,516
2025-10-21,ZLT24020669,528
2025-10-22,100001753,851
2025-10-22,100003032,3262
2025-10-22,100003040,0
2025-10-22,100003041,1571
2025-10-22,100003042,2331
2025-10-22,100004575,0
2025-10-22,100007390,2495
2025-10-22,100011783,1099
2025-10-22,100012217,1726
2025-10-22,100012218,475
2025-10-22,100017441,2173
2025-10-22,100034805,99
2025-10-22,100035408,0
2025-10-22,100035409,3
2025-10-22,100041114,275
2025-10-22,100047030,931
2025-10-22,100052600,1976
2025-10-22,100052602,25
2025-10-22,100052603,1099
2025-10-22,100052605,104
2025-10-22,100052606,435
2025-10-22,100053055,156
2025-10-22,100053059,313
2025-10-22,100053210,262
2025-10-22,100054073,344
2025-10-22,100055268,867
2025-10-22,100056188,1983
2025-10-22,300014985,2352
2025-10-22,300014986,2278
2025-10-22,300014993,736
2025-10-22,300014994,0
2025-10-22,300014995,2934
2025-10-22,300014996,2227
2025-10-22,300020478,1621
2025-10-22,300020679,3091
2025-10-22,300020816,1193
2025-10-22,300020817,1052
2025-10-22,300021685,41
2025-10-22,300028650,481
2025-10-22,ZLT24020668,421
2025-10-22,ZLT24020669,399
2025-10-23,100001753,880
2025-10-23,100003032,3310
2025-10-23,100003040,0
2025-10-23,100003041,1634
2025-10-23,100003042,2267
2025-10-23,100004575,0
2025-10-23,100007390,2573
2025-10-23,100011783,1146
2025-10-23,100012217,1818
2025-10-23,100012218,471
2025-10-23,100017441,2115
2025-10-23,100034805,84
2025-10-23,100035408,0
2025-10-23,100035409,1
2025-10-23,100041114,260
2025-10-23,100047030,901
2025-10-23,100052600,2051
2025-10-23,100052602,45
2025-10-23,100052603,1078
2025-10-23,100052605,138
2025-10-23,100052606,364
2025-10-23,100053055,178
2025-10-23,100053059,246
2025-10-23,100053210,302
2025-10-23,100054073,352
2025-10-23,100055268,863
2025-10-23,100056188,2056
2025-10-23,300014985,2371
2025-10-23,300014986,2317
2025-10-23,300014993,649
2025-10-23,300014994,0
2025-10-23,300014995,2838
2025-10-23,300014996,2191
2025-10-23,300020478,1625
2025-10-23,300020679,3228
2025-10-23,300020816,1165
2025-10-23,300020817,1091
2025-10-23,300021685,37
2025-10-23,300028650,492
2025-10-23,ZLT24020668,435
2025-10-23,ZLT24020669,399
2025-10-24,100001753,900
2025-10-24,100003032,3513
2025-10-24,100003040,0
2025-10-24,100003041,1803
2025-10-24,100003042,2284
2025-10-24,100004575,0
2025-10-24,100007390,2694
2025-10-24,100011783,1388
2025-10-24,100012217,2426
2025-10-24,100012218,554
2025-10-24,100017441,2194
2025-10-24,100034805,127
2025-10-24,100035408,0
2025-10-24,100035409,0
2025-10-24,100041114,502
2025-10-24,100047030,835
2025-10-24,100052600,2378
2025-10-24,100052602,131
2025-10-24,100052603,1338
2025-10-24,100052605,215
2025-10-24,100052606,555
2025-10-24,100053055,180
2025-10-24,100053059,284
2025-10-24,100053210,375
2025-10-24,100054073,364
2025-10-24,100055268,1086
2025-10-24,100056188,2186
2025-10-24,300014985,2712
2025-10-24,300014986,2488
2025-10-24,300014993,876
2025-10-24,300014994,0
2025-10-24,300014995,3144
2025-10-24,300014996,2462
2025-10-24,300020478,1930
2025-10-24,300020679,3220
2025-10-24,300020816,1502
2025-10-24,300020817,1267
2025-10-24,300021685,122
2025-10-24,300028650,517
2025-10-24,ZLT24020668,514
2025-10-24,ZLT24020669,551
2025-10-25,100001753,546
2025-10-25,100003032,1627
2025-10-25,100003040,0
2025-10-25,100003041,1125
2025-10-25,100003042,1398
2025-10-25,100004575,0
2025-10-25,100007390,2075
2025-10-25,100011783,935
2025-10-25,100012217,2002
2025-10-25,100012218,544
2025-10-25,100017441,1285
2025-10-25,100034805,98
2025-10-25,100035408,0
2025-10-25,100035409,1
2025-10-25,100041114,493
2025-10-25,100047030,590
2025-10-25,100052600,1661
2025-10-25,100052602,178
2025-10-25,100052603,1167
2025-10-25,100052605,148
2025-10-25,100052606,329
2025-10-25,100053055,96
2025-10-25,100053059,225
2025-10-25,100053210,225
2025-10-25,100054073,225
2025-10-25,100055268,769
2025-10-25,100056188,1713
2025-10-25,300014985,2222
2025-10-25,300014986,2000
2025-10-25,300014993,538
2025-10-25,300014994,0
2025-10-25,300014995,2539
2025-10-25,300014996,2039
2025-10-25,300020478,1155
2025-10-25,300020679,2416
2025-10-25,300020816,1110
2025-10-25,300020817,937
2025-10-25,300021685,158
2025-10-25,300028650,381
2025-10-25,ZLT24020668,383
2025-10-25,ZLT24020669,410
2025-10-26,100001753,487
2025-10-26,100003032,2084
2025-10-26,100003040,0
2025-10-26,100003041,1080
2025-10-26,100003042,1281
2025-10-26,100004575,0
2025-10-26,100007390,1831
2025-10-26,100011783,796
2025-10-26,100012217,1951
2025-10-26,100012218,451
2025-10-26,100017441,1053
2025-10-26,100034805,91
2025-10-26,100035408,0
2025-10-26,100035409,0
2025-10-26,100041114,646
2025-10-26,100047030,470
2025-10-26,100052600,1577
2025-10-26,100052602,151
2025-10-26,100052603,1043
2025-10-26,100052605,185
2025-10-26,100052606,364
2025-10-26,100053055,85
2025-10-26,100053059,181
2025-10-26,100053210,220
2025-10-26,100054073,217
2025-10-26,100055268,865
2025-10-26,100056188,1452
2025-10-26,300014985,1878
2025-10-26,300014986,1726
2025-10-26,300014993,483
2025-10-26,300014994,0
2025-10-26,300014995,2200
2025-10-26,300014996,1637
2025-10-26,300020478,1041
2025-10-26,300020679,2424
2025-10-26,300020816,995
2025-10-26,300020817,841
2025-10-26,300021685,184
2025-10-26,300028650,340
2025-10-26,ZLT24020668,383
2025-10-26,ZLT24020669,400
2025-10-27,100001753,1099
2025-10-27,100003032,3991
2025-10-27,100003040,0
2025-10-27,100003041,2335
2025-10-27,100003042,2446
2025-10-27,100004575,0
2025-10-27,100007390,2563
2025-10-27,100011783,1402
2025-10-27,100012217,2069
2025-10-27,100012218,493
2025-10-27,100017441,2443
2025-10-27,100034805,112
2025-10-27,100035408,0
2025-10-27,100035409,0
2025-10-27,100041114,615
2025-10-27,100047030,894
2025-10-27,100052600,2372
2025-10-27,100052602,148
2025-10-27,100052603,1718
2025-10-27,100052605,228
2025-10-27,100052606,640
2025-10-27,100053055,255
2025-10-27,100053059,268
2025-10-27,100053210,403
2025-10-27,100054073,404
2025-10-27,100055268,1130
2025-10-27,100056188,2186
2025-10-27,300014985,2756
2025-10-27,300014986,2512
2025-10-27,300014993,941
2025-10-27,300014994,0
2025-10-27,300014995,3143
2025-10-27,300014996,2526
2025-10-27,300020478,2006
2025-10-27,300020679,3298
2025-10-27,300020816,1538
2025-10-27,300020817,1347
2025-10-27,300021685,139
2025-10-27,300028650,570
2025-10-27,ZLT24020668,501
2025-10-27,ZLT24020669,510
2025-10-28,100001753,1256
2025-10-28,100003032,4685
2025-10-28,100003040,0
2025-10-28,100003041,2598
2025-10-28,100003042,2903
2025-10-28,100004575,0
2025-10-28,100007390,3002
2025-10-28,100011783,1648
2025-10-28,100012217,2363
2025-10-28,100012218,567
2025-10-28,100017441,2791
2025-10-28,100034805,148
2025-10-28,100035408,0
2025-10-28,100035409,0
2025-10-28,100041114,690
2025-10-28,100047030,1102
2025-10-28,100052600,2651
2025-10-28,100052602,196
2025-10-28,100052603,1869
2025-10-28,100052605,251
2025-10-28,100052606,655
2025-10-28,100053055,257
2025-10-28,100053059,241
2025-10-28,100053210,444
2025-10-28,100054073,445
2025-10-28,100055268,1211
2025-10-28,100056188,2708
2025-10-28,300014985,3284
2025-10-28,300014986,3005
2025-10-28,300014993,1105
2025-10-28,300014994,0
2025-10-28,300014995,3670
2025-10-28,300014996,2953
2025-10-28,300020478,2260
2025-10-28,300020679,3679
2025-10-28,300020816,1765
2025-10-28,300020817,1528
2025-10-28,300021685,117
2025-10-28,300028650,590
2025-10-28,ZLT24020668,564
2025-10-28,ZLT24020669,546
2025-10-29,100001753,1201
2025-10-29,100003032,4457
2025-10-29,100003040,0
2025-10-29,100003041,2865
2025-10-29,100003042,2880
2025-10-29,100004575,0
2025-10-29,100007390,2924
2025-10-29,100011783,1640
2025-10-29,100012217,2323
2025-10-29,100012218,580
2025-10-29,100017441,2685
2025-10-29,100034805,157
2025-10-29,100035408,0
2025-10-29,100035409,0
2025-10-29,100041114,662
2025-10-29,100047030,1095
2025-10-29,100052600,2670
2025-10-29,100052602,105
2025-10-29,100052603,1846
2025-10-29,100052605,232
2025-10-29,100052606,602
2025-10-29,100053055,252
2025-10-29,100053059,315
2025-10-29,100053210,412
2025-10-29,100054073,485
2025-10-29,100055268,1249
2025-10-29,100056188,2587
2025-10-29,300014985,3315
2025-10-29,300014986,3051
2025-10-29,300014993,1130
2025-10-29,300014994,0
2025-10-29,300014995,3823
2025-10-29,300014996,2850
2025-10-29,300020478,2395
2025-10-29,300020679,3851
2025-10-29,300020816,1776
2025-10-29,300020817,1630
2025-10-29,300021685,118
2025-10-29,300028650,625
2025-10-29,ZLT24020668,629
2025-10-29,ZLT24020669,548
2025-10-30,100001753,503
2025-10-30,100003032,1979
2025-10-30,100003040,0
2025-10-30,100003041,1570
2025-10-30,100003042,1324
2025-10-30,100004575,0
2025-10-30,100007390,1834
2025-10-30,100011783,614
2025-10-30,100012217,998
2025-10-30,100012218,243
2025-10-30,100017441,1208
2025-10-30,100034805,46
2025-10-30,100035408,0
2025-10-30,100035409,0
2025-10-30,100041114,126
2025-10-30,100047030,498
2025-10-30,100052600,1145
2025-10-30,100052602,17
2025-10-30,100052603,783
2025-10-30,100052605,65
2025-10-30,100052606,291
2025-10-30,100053055,96
2025-10-30,100053059,198
2025-10-30,100053210,185
2025-10-30,100054073,221
2025-10-30,100055268,438
2025-10-30,100056188,1130
2025-10-30,300014985,1321
2025-10-30,300014986,1201
2025-10-30,300014993,402
2025-10-30,300014995,1617
2025-10-30,300014996,1217
2025-10-30,300020478,833
2025-10-30,300020679,1881
2025-10-30,300020816,649
2025-10-30,300020817,590
2025-10-30,300021685,11
2025-10-30,300028650,262
2025-10-30,ZLT24020668,219
2025-10-30,ZLT24020669,223
2025-10-31,100001753,189
2025-10-31,100003032,822
2025-10-31,100003040,0
2025-10-31,100003041,648
2025-10-31,100003042,625
2025-10-31,100004575,0
2025-10-31,100007390,1288
2025-10-31,100011783,249
2025-10-31,100012217,731
2025-10-31,100012218,117
2025-10-31,100017441,584
2025-10-31,100034805,17
2025-10-31,100035408,0
2025-10-31,100035409,0
2025-10-31,100041114,38
2025-10-31,100047030,196
2025-10-31,100052600,568
2025-10-31,100052602,9
2025-10-31,100052603,282
2025-10-31,100052605,24
2025-10-31,100052606,182
2025-10-31,100053055,54
2025-10-31,100053059,178
2025-10-31,100053210,79
2025-10-31,100054073,149
2025-10-31,100055268,225
2025-10-31,100056188,622
2025-10-31,300014985,677
2025-10-31,300014986,609
2025-10-31,300014993,173
2025-10-31,300014995,837
2025-10-31,300014996,569
2025-10-31,300020478,390
2025-10-31,300020679,996
2025-10-31,300020816,370
2025-10-31,300020817,320
2025-10-31,300021685,12
2025-10-31,300028650,135
2025-10-31,ZLT24020668,137
2025-10-31,ZLT24020669,104
2025-11-01,100001753,665
2025-11-01,100003032,3792
2025-11-01,100003040,0
2025-11-01,100003041,2443
2025-11-01,100003042,1646
2025-11-01,100004575,0
2025-11-01,100007390,1941
2025-11-01,100011783,847
2025-11-01,100012217,2481
2025-11-01,100012218,546
2025-11-01,100017441,1812
2025-11-01,100035408,0
2025-11-01,100035409,0
2025-11-01,100041114,266
2025-11-01,100047030,685
2025-11-01,100052600,1970
2025-11-01,100052602,62
2025-11-01,100052603,1005
2025-11-01,100052605,144
2025-11-01,100052606,319
2025-11-01,100053055,125
2025-11-01,100053059,183
2025-11-01,100053210,196
2025-11-01,100054073,228
2025-11-01,100055268,820
2025-11-01,100056188,2499
2025-11-01,300014985,2868
2025-11-01,300014986,2590
2025-11-01,300014993,749
2025-11-01,300014995,3707
2025-11-01,300014996,2710
2025-11-01,300020478,1689
2025-11-01,300020679,2535
2025-11-01,300020816,1547
2025-11-01,300020817,1454
2025-11-01,300021685,58
2025-11-01,300028650,477
2025-11-01,ZLT24020668,475
2025-11-01,ZLT24020669,499
2025-11-02,100001753,541
2025-11-02,100003032,2289
2025-11-02,100003040,0
2025-11-02,100003041,1969
2025-11-02,100003042,1358
2025-11-02,100004575,0
2025-11-02,100007390,1679
2025-11-02,100011783,762
2025-11-02,100012217,1772
2025-11-02,100012218,389
2025-11-02,100017441,1370
2025-11-02,100035408,0
2025-11-02,100035409,0
2025-11-02,100041114,339
2025-11-02,100047030,619
2025-11-02,100052600,1720
2025-11-02,100052602,56
2025-11-02,100052603,962
2025-11-02,100052605,173
2025-11-02,100052606,308
2025-11-02,100053055,97
2025-11-02,100053059,159
2025-11-02,100053210,204
2025-11-02,100054073,205
2025-11-02,100055268,890
2025-11-02,100056188,1963
2025-11-02,300014985,2222
2025-11-02,300014986,2043
2025-11-02,300014993,607
2025-11-02,300014995,2803
2025-11-02,300014996,2108
2025-11-02,300020478,1308
2025-11-02,300020679,2199
2025-11-02,300020816,1202
2025-11-02,300020817,1169
2025-11-02,300021685,105
2025-11-02,300028650,414
2025-11-02,ZLT24020668,409
2025-11-02,ZLT24020669,454
2025-11-03,100001753,818
2025-11-03,100003032,3493
2025-11-03,100003040,0
2025-11-03,100003041,3039
2025-11-03,100003042,1886
2025-11-03,100004575,0
2025-11-03,100007390,2175
2025-11-03,100011783,1076
2025-11-03,100012217,1471
2025-11-03,100012218,387
2025-11-03,100017441,1977
2025-11-03,100035408,0
2025-11-03,100035409,0
2025-11-03,100041114,283
2025-11-03,100047030,666
2025-11-03,100052600,1942
2025-11-03,100052602,52
2025-11-03,100052603,1083
2025-11-03,100052605,131
2025-11-03,100052606,363
2025-11-03,100053055,193
2025-11-03,100053059,236
2025-11-03,100053210,269
2025-11-03,100054073,363
2025-11-03,100055268,718
2025-11-03,100056188,2191
2025-11-03,300014985,2466
2025-11-03,300014986,2248
2025-11-03,300014993,751
2025-11-03,300014995,3001
2025-11-03,300014996,2358
2025-11-03,300020478,1829
2025-11-03,300020679,2671
2025-11-03,300020816,1352
2025-11-03,300020817,1256
2025-11-03,300021685,58
2025-11-03,300028650,384
2025-11-03,ZLT24020668,403
2025-11-03,ZLT24020669,447
2025-11-04,100001753,1314
2025-11-04,100003032,5744
2025-11-04,100003040,0
2025-11-04,100003041,4345
2025-11-04,100003042,3063
2025-11-04,100004575,0
2025-11-04,100007390,2977
2025-11-04,100011783,1711
2025-11-04,100012217,2192
2025-11-04,100012218,660
2025-11-04,100017441,3087
2025-11-04,100035408,0
2025-11-04,100035409,0
2025-11-04,100041114,466
2025-11-04,100047030,1199
2025-11-04,100052600,2921
2025-11-04,100052602,130
2025-11-04,100052603,1692
2025-11-04,100052605,228
2025-11-04,100052606,543
2025-11-04,100053055,266
2025-11-04,100053059,343
2025-11-04,100053210,407
2025-11-04,100054073,495
2025-11-04,100055268,1153
2025-11-04,100056188,3449
2025-11-04,300014985,3911
2025-11-04,300014986,3579
2025-11-04,300014993,1240
2025-11-04,300014995,5412
2025-11-04,300014996,3733
2025-11-04,300020478,2872
2025-11-04,300020679,3997
2025-11-04,300020816,2028
2025-11-04,300020817,1935
2025-11-04,300021685,94
2025-11-04,300028650,582
2025-11-04,ZLT24020668,650
2025-11-04,ZLT24020669,618
2025-11-05,100001753,734
2025-11-05,100003032,3329
2025-11-05,100003040,0
2025-11-05,100003041,2775
2025-11-05,100003042,1794
2025-11-05,100004575,0
2025-11-05,100007390,1925
2025-11-05,100011747,450
2025-11-05,100011783,981
2025-11-05,100012217,1284
2025-11-05,100012218,329
2025-11-05,100017441,1795
2025-11-05,100035408,0
2025-11-05,100035409,0
2025-11-05,100041114,156
2025-11-05,100047030,747
2025-11-05,100052600,1740
2025-11-05,100052602,22
2025-11-05,100052603,883
2025-11-05,100052605,79
2025-11-05,100052606,335
2025-11-05,100053055,152
2025-11-05,100053059,228
2025-11-05,100053210,231
2025-11-05,100054073,309
2025-11-05,100055268,686
2025-11-05,100056188,2085
2025-11-05,300014985,2249
2025-11-05,300014986,2070
2025-11-05,300014993,613
2025-11-05,300014995,2769
2025-11-05,300014996,2129
2025-11-05,300020478,1530
2025-11-05,300020679,2566
2025-11-05,300020816,1223
2025-11-05,300020817,1081
2025-11-05,300021685,26
2025-11-05,300028650,345
2025-11-05,ZLT24020668,355
2025-11-05,ZLT24020669,367
2025-11-06,100001753,1130
2025-11-06,100003032,5383
2025-11-06,100003040,0
2025-11-06,100003041,4042
2025-11-06,100003042,2637
2025-11-06,100004575,0
2025-11-06,100007390,2705
2025-11-06,100011747,883
2025-11-06,100011783,1535
2025-11-06,100012217,2214
2025-11-06,100012218,533
2025-11-06,100017441,2714
2025-11-06,100035408,0
2025-11-06,100035409,0
2025-11-06,100041114,364
2025-11-06,100047030,1145
2025-11-06,100052600,2605
2025-11-06,100052602,64
2025-11-06,100052603,1522
2025-11-06,100052605,181
2025-11-06,100052606,493
2025-11-06,100053055,270
2025-11-06,100053059,271
2025-11-06,100053210,354
2025-11-06,100054073,412
2025-11-06,100055268,1084
2025-11-06,100056188,3295
2025-11-06,300014985,3540
2025-11-06,300014986,3216
2025-11-06,300014993,1078
2025-11-06,300014995,4554
2025-11-06,300014996,3403
2025-11-06,300020478,2556
2025-11-06,300020679,3697
2025-11-06,300020816,2014
2025-11-06,300020817,1859
2025-11-06,300021685,62
2025-11-06,300028650,544
2025-11-06,ZLT24020668,603
2025-11-06,ZLT24020669,585
2025-11-07,100001753,651
2025-11-07,100003032,3287
2025-11-07,100003040,0
2025-11-07,100003041,2692
2025-11-07,100003042,1655
2025-11-07,100004575,0
2025-11-07,100007390,1978
2025-11-07,100011747,481
2025-11-07,100011783,874
2025-11-07,100012217,1576
2025-11-07,100012218,430
2025-11-07,100017441,1789
2025-11-07,100035408,0
2025-11-07,100035409,0
2025-11-07,100041114,156
2025-11-07,100047030,695
2025-11-07,100052600,1623
2025-11-07,100052602,24
2025-11-07,100052603,894
2025-11-07,100052605,108
2025-11-07,100052606,333
2025-11-07,100053055,128
2025-11-07,100053059,208
2025-11-07,100053210,199
2025-11-07,100054073,235
2025-11-07,100055268,697
2025-11-07,100056188,2092
2025-11-07,300014985,2398
2025-11-07,300014986,2156
2025-11-07,300014993,673
2025-11-07,300014995,2638
2025-11-07,300014996,2182
2025-11-07,300020478,1514
2025-11-07,300020679,2545
2025-11-07,300020816,1252
2025-11-07,300020817,1163
2025-11-07,300021685,32
2025-11-07,300028650,452
2025-11-07,ZLT24020668,347
2025-11-07,ZLT24020669,362
2025-11-08,100001753,609
2025-11-08,100003032,3612
2025-11-08,100003040,0
2025-11-08,100003041,1797
2025-11-08,100003042,1395
2025-11-08,100004575,0
2025-11-08,100007390,1922
2025-11-08,100011747,509
2025-11-08,100011783,848
2025-11-08,100012217,2186
2025-11-08,100012218,514
2025-11-08,100017441,1520
2025-11-08,100035408,0
2025-11-08,100035409,0
2025-11-08,100041114,338
2025-11-08,100047030,814
2025-11-08,100052600,1673
2025-11-08,100052602,74
2025-11-08,100052603,935
2025-11-08,100052605,166
2025-11-08,100052606,288
2025-11-08,100053055,87
2025-11-08,100053059,235
2025-11-08,100053210,202
2025-11-08,100054073,232
2025-11-08,100055268,731
2025-11-08,100056188,2156
2025-11-08,300014985,2507
2025-11-08,300014986,2264
2025-11-08,300014993,573
2025-11-08,300014995,3105
2025-11-08,300014996,2376
2025-11-08,300020478,1423
2025-11-08,300020679,2391
2025-11-08,300020816,1318
2025-11-08,300020817,1160
2025-11-08,300021685,58
2025-11-08,300028650,417
2025-11-08,ZLT24020668,416
2025-11-08,ZLT24020669,439
2025-11-09,100001753,207
2025-11-09,100003032,1177
2025-11-09,100003040,0
2025-11-09,100003041,944
2025-11-09,100003042,491
2025-11-09,100004575,0
2025-11-09,100007390,861
2025-11-09,100011747,179
2025-11-09,100011783,331
2025-11-09,100012217,705
2025-11-09,100012218,222
2025-11-09,100017441,671
2025-11-09,100035408,0
2025-11-09,100035409,0
2025-11-09,100041114,92
2025-11-09,100047030,219
2025-11-09,100052600,626
2025-11-09,100052602,16
2025-11-09,100052603,408
2025-11-09,100052605,21
2025-11-09,100052606,160
2025-11-09,100053055,43
2025-11-09,100053059,111
2025-11-09,100053210,52
2025-11-09,100054073,92
2025-11-09,100055268,201
2025-11-09,100056188,882
2025-11-09,300014985,951
2025-11-09,300014986,874
2025-11-09,300014993,207
2025-11-09,300014995,1050
2025-11-09,300014996,855
2025-11-09,300020478,462
2025-11-09,300020679,937
2025-11-09,300020816,514
2025-11-09,300020817,495
2025-11-09,300021685,9
2025-11-09,300028650,108
2025-11-09,ZLT24020668,159
2025-11-09,ZLT24020669,156
2025-11-10,100001753,361
2025-11-10,100003032,1536
2025-11-10,100003040,0
2025-11-10,100003041,1540
2025-11-10,100003042,921
2025-11-10,100004575,0
2025-11-10,100007390,984
2025-11-10,100011747,289
2025-11-10,100011783,511
2025-11-10,100012217,785
2025-11-10,100012218,152
2025-11-10,100017441,1147
2025-11-10,100035408,0
2025-11-10,100035409,0
2025-11-10,100041114,55
2025-11-10,100047030,424
2025-11-10,100052600,903
2025-11-10,100052602,7
2025-11-10,100052603,397
2025-11-10,100052605,36
2025-11-10,100052606,196
2025-11-10,100053055,88
2025-11-10,100053059,167
2025-11-10,100053210,132
2025-11-10,100054073,159
2025-11-10,100055268,301
2025-11-10,100056188,1261
2025-11-10,300014985,1175
2025-11-10,300014986,1071
2025-11-10,300014993,324
2025-11-10,300014995,1357
2025-11-10,300014996,1163
2025-11-10,300020478,814
2025-11-10,300020679,1528
2025-11-10,300020816,644
2025-11-10,300020817,563
2025-11-10,300021685,13
2025-11-10,300028650,210
2025-11-10,ZLT24020668,251
2025-11-10,ZLT24020669,209
2025-11-11,100001753,137
2025-11-11,100003032,881
2025-11-11,100003040,0
2025-11-11,100003041,805
2025-11-11,100003042,34
2025-11-11,100004575,0
2025-11-11,100007390,706
2025-11-11,100011747,108
2025-11-11,100011783,237
2025-11-11,100012217,241
2025-11-11,100012218,68
2025-11-11,100017441,563
2025-11-11,100035408,0
2025-11-11,100035409,0
2025-11-11,100041114,13
2025-11-11,100047030,195
2025-11-11,100052600,113
2025-11-11,100052602,4
2025-11-11,100052603,42
2025-11-11,100052605,18
2025-11-11,100052606,18
2025-11-11,100053055,15
2025-11-11,100053059,103
2025-11-11,100053210,37
2025-11-11,100054073,62
2025-11-11,100055268,30
2025-11-11,100056188,674
2025-11-11,300014985,718
2025-11-11,300014986,657
2025-11-11,300014993,200
2025-11-11,300014995,1064
2025-11-11,300014996,824
2025-11-11,300020478,402
2025-11-11,300020679,1120
2025-11-11,300020816,356
2025-11-11,300020817,490
2025-11-11,300021685,1
2025-11-11,300028650,131
2025-11-11,ZLT24020668,64
2025-11-11,ZLT24020669,46
2025-11-12,100001753,223
2025-11-12,100003032,1037
2025-11-12,100003040,0
2025-11-12,100003041,809
2025-11-12,100003042,478
2025-11-12,100004575,0
2025-11-12,100007390,265
2025-11-12,100011747,230
2025-11-12,100011783,329
2025-11-12,100012217,547
2025-11-12,100012218,110
2025-11-12,100017441,766
2025-11-12,100025474,1102
2025-11-12,100035408,0
2025-11-12,100035409,0
2025-11-12,100041114,29
2025-11-12,100047030,305
2025-11-12,100052600,689
2025-11-12,100052602,16
2025-11-12,100052603,38
2025-11-12,100052605,20
2025-11-12,100052606,174
2025-11-12,100053055,18
2025-11-12,100053059,118
2025-11-12,100053210,65
2025-11-12,100054073,96
2025-11-12,100055268,192
2025-11-12,100056188,812
2025-11-12,300014985,912
2025-11-12,300014986,839
2025-11-12,300014993,246
2025-11-12,300014995,1014
2025-11-12,300014996,974
2025-11-12,300020478,413
2025-11-12,300020679,1377
2025-11-12,300020816,511
2025-11-12,300020817,492
2025-11-12,300021685,3
2025-11-12,300028650,246
2025-11-12,ZLT24020668,40
2025-11-12,ZLT24020669,60
2025-11-13,100001753,320
2025-11-13,100003032,1530
2025-11-13,100003040,0
2025-11-13,100003041,1127
2025-11-13,100003042,765
2025-11-13,100007390,999
2025-11-13,100011747,339
2025-11-13,100011783,471
2025-11-13,100012217,809
2025-11-13,100012218,136
2025-11-13,100017441,1127
2025-11-13,100025474,1826
2025-11-13,100035408,0
2025-11-13,100035409,0
2025-11-13,100041114,45
2025-11-13,100047030,445
2025-11-13,100052600,844
2025-11-13,100052602,15
2025-11-13,100052603,38
2025-11-13,100052605,40
2025-11-13,100052606,194
2025-11-13,100053055,39
2025-11-13,100053059,172
2025-11-13,100053210,92
2025-11-13,100054073,171
2025-11-13,100055268,227
2025-11-13,100056188,1159
2025-11-13,300014985,1171
2025-11-13,300014986,939
2025-11-13,300014993,305
2025-11-13,300014995,1304
2025-11-13,300014996,1231
2025-11-13,300020478,652
2025-11-13,300020679,1867
2025-11-13,300020816,615
2025-11-13,300020817,568
2025-11-13,300021685,8
2025-11-13,300028650,367
2025-11-13,ZLT24020668,120
2025-11-13,ZLT24020669,125
2025-11-14,100001753,295
2025-11-14,100003032,1564
2025-11-14,100003040,0
2025-11-14,100003041,1284
2025-11-14,100003042,807
2025-11-14,100007390,1285
2025-11-14,100011747,305
2025-11-14,100011783,542
2025-11-14,100012217,989
2025-11-14,100012218,192
2025-11-14,100017441,928
2025-11-14,100025474,2036
2025-11-14,100035408,0
2025-11-14,100035409,0
2025-11-14,100041114,76
2025-11-14,100047030,465
2025-11-14,100052600,910
2025-11-14,100052602,16
2025-11-14,100052603,217
2025-11-14,100052605,47
2025-11-14,100052606,208
2025-11-14,100053055,60
2025-11-14,100053059,144
2025-11-14,100053210,139
2025-11-14,100054073,182
2025-11-14,100055268,294
2025-11-14,100056188,1243
2025-11-14,300014985,1145
2025-11-14,300014986,1064
2025-11-14,300014993,309
2025-11-14,300014995,1332
2025-11-14,300014996,1217
2025-11-14,300020478,737
2025-11-14,300020679,1823
2025-11-14,300020816,605
2025-11-14,300020817,554
2025-11-14,300021685,9
2025-11-14,300028650,326
2025-11-14,ZLT24020668,166
2025-11-14,ZLT24020669,169
2025-11-15,100001753,194
2025-11-15,100003032,1233
2025-11-15,100003040,0
2025-11-15,100003041,661
2025-11-15,100003042,550
2025-11-15,100007390,1201
2025-11-15,100011747,174
2025-11-15,100011783,360
2025-11-15,100012217,996
2025-11-15,100012218,231
2025-11-15,100017441,689
2025-11-15,100025474,1555
2025-11-15,100035408,0
2025-11-15,100035409,0
2025-11-15,100041114,106
2025-11-15,100047030,274
2025-11-15,100052600,709
2025-11-15,100052602,27
2025-11-15,100052603,266
2025-11-15,100052605,50
2025-11-15,100052606,159
2025-11-15,100053055,22
2025-11-15,100053059,97
2025-11-15,100053210,74
2025-11-15,100054073,67
2025-11-15,100055268,272
2025-11-15,100056188,911
2025-11-15,300014985,1026
2025-11-15,300014986,900
2025-11-15,300014993,212
2025-11-15,300014995,1230
2025-11-15,300014996,994
2025-11-15,300020478,525
2025-11-15,300020679,1221
2025-11-15,300020816,518
2025-11-15,300020817,467
2025-11-15,300021685,10
2025-11-15,300028650,279
2025-11-15,ZLT24020668,169
2025-11-15,ZLT24020669,186
2025-11-16,100001753,66
2025-11-16,100003032,442
2025-11-16,100003040,0
2025-11-16,100003041,268
2025-11-16,100003042,199
2025-11-16,100007390,589
2025-11-16,100011747,75
2025-11-16,100011783,176
2025-11-16,100012217,402
2025-11-16,100012218,83
2025-11-16,100017441,360
2025-11-16,100025474,37
2025-11-16,100035408,0
2025-11-16,100035409,0
2025-11-16,100041114,24
2025-11-16,100047030,103
2025-11-16,100052600,162
2025-11-16,100052602,7
2025-11-16,100052603,67
2025-11-16,100052605,19
2025-11-16,100052606,64
2025-11-16,100053055,12
2025-11-16,100053059,44
2025-11-16,100053210,27
2025-11-16,100054073,48
2025-11-16,100055268,27
2025-11-16,100056188,436
2025-11-16,300014985,411
2025-11-16,300014986,406
2025-11-16,300014993,110
2025-11-16,300014995,498
2025-11-16,300014996,385
2025-11-16,300020478,237
2025-11-16,300020679,588
2025-11-16,300020816,277
2025-11-16,300020817,232
2025-11-16,300021685,13
2025-11-16,300028650,111
2025-11-16,ZLT24020668,62
2025-11-16,ZLT24020669,68
2025-11-17,100001753,232
2025-11-17,100003032,891
2025-11-17,100003040,0
2025-11-17,100003041,742
2025-11-17,100003042,458
2025-11-17,100007390,1692
2025-11-17,100011747,215
2025-11-17,100011783,286
2025-11-17,100012217,514
2025-11-17,100012218,84
2025-11-17,100017441,735
2025-11-17,100035408,0
2025-11-17,100035409,0
2025-11-17,100041114,22
2025-11-17,100047030,266
2025-11-17,100052600,567
2025-11-17,100052602,6
2025-11-17,100052603,75
2025-11-17,100052605,20
2025-11-17,100052606,133
2025-11-17,100053055,44
2025-11-17,100053059,66
2025-11-17,100053210,66
2025-11-17,100054073,117
2025-11-17,100055268,171
2025-11-17,100056188,677
2025-11-17,300014985,751
2025-11-17,300014986,679
2025-11-17,300014993,232
2025-11-17,300014995,826
2025-11-17,300014996,766
2025-11-17,300020478,427
2025-11-17,300020679,1145
2025-11-17,300020816,474
2025-11-17,300020817,388
2025-11-17,300021685,6
2025-11-17,300028650,154
2025-11-17,ZLT24020668,69
2025-11-17,ZLT24020669,109
2025-11-18,100001753,314
2025-11-18,100003032,1504
2025-11-18,100003040,0
2025-11-18,100003041,1145
2025-11-18,100003042,783
2025-11-18,100007390,1176
2025-11-18,100011747,339
2025-11-18,100011783,506
2025-11-18,100012217,734
2025-11-18,100012218,133
2025-11-18,100017441,1231
2025-11-18,100025474,1740
2025-11-18,100035408,0
2025-11-18,100035409,2
2025-11-18,100041114,51
2025-11-18,100047030,412
2025-11-18,100052600,795
2025-11-18,100052602,20
2025-11-18,100052603,106
2025-11-18,100052605,48
2025-11-18,100052606,212
2025-11-18,100053055,69
2025-11-18,100053059,93
2025-11-18,100053210,107
2025-11-18,100054073,155
2025-11-18,100055268,239
2025-11-18,100056188,1049
2025-11-18,300014985,1125
2025-11-18,300014986,1071
2025-11-18,300014993,334
2025-11-18,300014995,1277
2025-11-18,300014996,1148
2025-11-18,300020478,749
2025-11-18,300020679,1737
2025-11-18,300020816,703
2025-11-18,300020817,560
2025-11-18,300021685,4
2025-11-18,300028650,338
2025-11-18,ZLT24020668,179
2025-11-18,ZLT24020669,190
2025-11-19,100001753,373
2025-11-19,100003032,1623
2025-11-19,100003040,0
2025-11-19,100003041,1131
2025-11-19,100003042,809
2025-11-19,100007390,1106
2025-11-19,100011747,361
2025-11-19,100011783,587
2025-11-19,100012217,768
2025-11-19,100012218,165
2025-11-19,100017441,1252
2025-11-19,100025474,11
2025-11-19,100035408,0
2025-11-19,100035409,0
2025-11-19,100041114,86
2025-11-19,100047030,469
2025-11-19,100052600,853
2025-11-19,100052602,29
2025-11-19,100052603,123
2025-11-19,100052605,48
2025-11-19,100052606,209
2025-11-19,100053055,83
2025-11-19,100053059,106
2025-11-19,100053210,113
2025-11-19,100054073,153
2025-11-19,100055268,287
2025-11-19,100056188,1209
2025-11-19,300014985,1235
2025-11-19,300014986,1115
2025-11-19,300014993,338
2025-11-19,300014995,1325
2025-11-19,300014996,1216
2025-11-19,300020478,819
2025-11-19,300020679,1839
2025-11-19,300020816,679
2025-11-19,300020817,600
2025-11-19,300021685,7
2025-11-19,300028650,401
2025-11-19,ZLT24020668,193
2025-11-19,ZLT24020669,199
2025-11-20,100001753,334
2025-11-20,100003032,1639
2025-11-20,100003040,0
2025-11-20,100003041,1003
2025-11-20,100003042,820
2025-11-20,100007390,1343
2025-11-20,100011747,361
2025-11-20,100011783,522
2025-11-20,100012217,784
2025-11-20,100012218,140
2025-11-20,100017441,1200
2025-11-20,100035408,0
2025-11-20,100035409,0
2025-11-20,100041114,82
2025-11-20,100047030,504
2025-11-20,100052600,790
2025-11-20,100052602,16
2025-11-20,100052603,155
2025-11-20,100052605,53
2025-11-20,100052606,175
2025-11-20,100053055,88
2025-11-20,100053059,125
2025-11-20,100053210,107
2025-11-20,100054073,153
2025-11-20,100055268,223
2025-11-20,100056188,1148
2025-11-20,300014985,1179
2025-11-20,300014986,1079
2025-11-20,300014993,304
2025-11-20,300014995,1199
2025-11-20,300014996,1180
2025-11-20,300020478,824
2025-11-20,300020679,1747
2025-11-20,300020816,675
2025-11-20,300020817,535
2025-11-20,300021685,4
2025-11-20,300028650,430
2025-11-20,ZLT24020668,187
2025-11-20,ZLT24020669,212
2025-11-21,100001753,226
2025-11-21,100003032,1031
2025-11-21,100003040,0
2025-11-21,100003041,736
2025-11-21,100003042,557
2025-11-21,100007390,1690
2025-11-21,100011747,231
2025-11-21,100011783,315
2025-11-21,100012217,687
2025-11-21,100012218,134
2025-11-21,100017441,827
2025-11-21,100035408,0
2025-11-21,100035409,0
2025-11-21,100041114,44
2025-11-21,100047030,312
2025-11-21,100052600,566
2025-11-21,100052602,5
2025-11-21,100052603,120
2025-11-21,100052605,29
2025-11-21,100052606,166
2025-11-21,100053055,38
2025-11-21,100053059,95
2025-11-21,100053210,72
2025-11-21,100054073,92
2025-11-21,100055268,205
2025-11-21,100056188,778
2025-11-21,300014985,773
2025-11-21,300014986,764
2025-11-21,300014993,206
2025-11-21,300014995,945
2025-11-21,300014996,791
2025-11-21,300020478,459
2025-11-21,300020679,1347
2025-11-21,300020816,421
2025-11-21,300020817,390
2025-11-21,300021685,3
2025-11-21,300028650,281
2025-11-21,ZLT24020668,124
2025-11-21,ZLT24020669,130
2025-11-22,100001753,199
2025-11-22,100003032,1125
2025-11-22,100003040,0
2025-11-22,100003041,504
2025-11-22,100003042,474
2025-11-22,100007390,969
2025-11-22,100011747,214
2025-11-22,100011783,318
2025-11-22,100012217,899
2025-11-22,100012218,155
2025-11-22,100017441,680
2025-11-22,100035408,0
2025-11-22,100035409,0
2025-11-22,100041114,102
2025-11-22,100047030,316
2025-11-22,100052600,595
2025-11-22,100052602,29
2025-11-22,100052603,180
2025-11-22,100052605,45
2025-11-22,100052606,168
2025-11-22,100053055,31
2025-11-22,100053059,88
2025-11-22,100053210,75
2025-11-22,100054073,75
2025-11-22,100055268,197
2025-11-22,100056188,838
2025-11-22,300014985,816
2025-11-22,300014986,729
2025-11-22,300014993,175
2025-11-22,300014995,950
2025-11-22,300014996,829
2025-11-22,300020478,432
2025-11-22,300020679,1217
2025-11-22,300020816,419
2025-11-22,300020817,349
2025-11-22,300021685,5
2025-11-22,300028650,296
2025-11-22,ZLT24020668,165
2025-11-22,ZLT24020669,160
2025-11-23,100001753,94
2025-11-23,100003032,618
2025-11-23,100003040,0
2025-11-23,100003041,301
2025-11-23,100003042,293
2025-11-23,100007390,806
2025-11-23,100011747,141
2025-11-23,100011783,216
2025-11-23,100012217,446
2025-11-23,100012218,87
2025-11-23,100017441,416
2025-11-23,100035408,0
2025-11-23,100035409,0
2025-11-23,100041114,55
2025-11-23,100047030,190
2025-11-23,100052600,316
2025-11-23,100052602,16
2025-11-23,100052603,117
2025-11-23,100052605,19
2025-11-23,100052606,118
2025-11-23,100053055,16
2025-11-23,100053059,67
2025-11-23,100053210,41
2025-11-23,100054073,49
2025-11-23,100055268,119
2025-11-23,100056188,511
2025-11-23,300014985,481
2025-11-23,300014986,478
2025-11-23,300014993,122
2025-11-23,300014995,586
2025-11-23,300014996,480
2025-11-23,300020478,233
2025-11-23,300020679,900
2025-11-23,300020816,282
2025-11-23,300020817,260
2025-11-23,300021685,4
2025-11-23,300028650,165
2025-11-23,ZLT24020668,94
2025-11-23,ZLT24020669,87
2025-11-24,100001753,338
2025-11-24,100003032,1407
2025-11-24,100003040,0
2025-11-24,100003041,1064
2025-11-24,100003042,830
2025-11-24,100007390,1427
2025-11-24,100011747,302
2025-11-24,100011783,474
2025-11-24,100012217,760
2025-11-24,100012218,160
2025-11-24,100017441,1176
2025-11-24,100035408,0
2025-11-24,100035409,0
2025-11-24,100041114,110
2025-11-24,100047030,362
2025-11-24,100052600,779
2025-11-24,100052602,17
2025-11-24,100052603,194
2025-11-24,100052605,43
2025-11-24,100052606,215
2025-11-24,100053055,83
2025-11-24,100053059,120
2025-11-24,100053210,103
2025-11-24,100054073,139
2025-11-24,100055268,267
2025-11-24,100056188,988
2025-11-24,300014985,1043
2025-11-24,300014986,953
2025-11-24,300014993,318
2025-11-24,300014995,1198
2025-11-24,300014996,994
2025-11-24,300020478,734
2025-11-24,300020679,1528
2025-11-24,300020816,627
2025-11-24,300020817,543
2025-11-24,300021685,8
2025-11-24,300028650,359
2025-11-24,ZLT24020668,199
2025-11-24,ZLT24020669,192
2025-11-25,100001753,472
2025-11-25,100003032,1986
2025-11-25,100003040,0
2025-11-25,100003041,1228
2025-11-25,100003042,1079
2025-11-25,100007390,1365
2025-11-25,100011747,405
2025-11-25,100011783,698
2025-11-25,100012217,983
2025-11-25,100012218,190
2025-11-25,100017441,1358
2025-11-25,100035408,0
2025-11-25,100035409,0
2025-11-25,100041114,168
2025-11-25,100047030,560
2025-11-25,100052600,965
2025-11-25,100052602,34
2025-11-25,100052603,238
2025-11-25,100052605,76
2025-11-25,100052606,266
2025-11-25,100053055,96
2025-11-25,100053059,135
2025-11-25,100053210,156
2025-11-25,100054073,147
2025-11-25,100055268,373
2025-11-25,100056188,1350
2025-11-25,300014985,1406
2025-11-25,300014986,1397
2025-11-25,300014993,442
2025-11-25,300014995,1717
2025-11-25,300014996,1295
2025-11-25,300020478,958
2025-11-25,300020679,1997
2025-11-25,300020816,794
2025-11-25,300020817,714
2025-11-25,300021685,10
2025-11-25,300028650,461
2025-11-25,ZLT24020668,238
2025-11-25,ZLT24020669,217
2025-11-26,100001753,324
2025-11-26,100003032,1409
2025-11-26,100003040,0
2025-11-26,100003041,1004
2025-11-26,100003042,805
2025-11-26,100007390,1470
2025-11-26,100011747,291
2025-11-26,100011783,520
2025-11-26,100012217,702
2025-11-26,100012218,147
2025-11-26,100017441,1166
2025-11-26,100035408,0
2025-11-26,100035409,0
2025-11-26,100041114,97
2025-11-26,100047030,429
2025-11-26,100052600,782
2025-11-26,100052602,15
2025-11-26,100052603,201
2025-11-26,100052605,28
2025-11-26,100052606,186
2025-11-26,100053055,63
2025-11-26,100053059,101
2025-11-26,100053210,92
2025-11-26,100054073,146
2025-11-26,100055268,265
2025-11-26,100056188,937
2025-11-26,300014985,1043
2025-11-26,300014986,966
2025-11-26,300014993,304
2025-11-26,300014995,1334
2025-11-26,300014996,969
2025-11-26,300020478,670
2025-11-26,300020679,1655
2025-11-26,300020816,573
2025-11-26,300020817,513
2025-11-26,300021685,4
2025-11-26,300028650,397
2025-11-26,ZLT24020668,182
2025-11-26,ZLT24020669,178
2025-11-27,100001753,363
2025-11-27,100003032,1554
2025-11-27,100003040,0
2025-11-27,100003041,1021
2025-11-27,100003042,861
2025-11-27,100007390,1312
2025-11-27,100011747,325
2025-11-27,100011783,493
2025-11-27,100012217,831
2025-11-27,100012218,160
2025-11-27,100017441,1231
2025-11-27,100035408,0
2025-11-27,100035409,0
2025-11-27,100041114,74
2025-11-27,100047030,442
2025-11-27,100052600,843
2025-11-27,100052602,10
2025-11-27,100052603,285
2025-11-27,100052605,48
2025-11-27,100052606,222
2025-11-27,100053055,74
2025-11-27,100053059,126
2025-11-27,100053210,114
2025-11-27,100054073,161
2025-11-27,100055268,302
2025-11-27,100056188,1179
2025-11-27,300014985,1177
2025-11-27,300014986,1124
2025-11-27,300014993,328
2025-11-27,300014995,1391
2025-11-27,300014996,1083
2025-11-27,300020478,727
2025-11-27,300020679,1770
2025-11-27,300020816,585
2025-11-27,300020817,554
2025-11-27,300021685,4
2025-11-27,300028650,435
2025-11-27,ZLT24020668,211
2025-11-27,ZLT24020669,228
2025-11-28,100001753,231
2025-11-28,100003032,940
2025-11-28,100003040,0
2025-11-28,100003041,653
2025-11-28,100003042,517
2025-11-28,100007390,1107
2025-11-28,100011747,204
2025-11-28,100011783,381
2025-11-28,100012217,655
2025-11-28,100012218,118
2025-11-28,100017441,817
2025-11-28,100035408,0
2025-11-28,100035409,0
2025-11-28,100041114,62
2025-11-28,100047030,322
2025-11-28,100052600,635
2025-11-28,100052602,11
2025-11-28,100052603,247
2025-11-28,100052605,24
2025-11-28,100052606,176
2025-11-28,100053055,48
2025-11-28,100053059,161
2025-11-28,100053210,97
2025-11-28,100054073,127
2025-11-28,100055268,258
2025-11-28,100056188,761
2025-11-28,300014985,769
2025-11-28,300014986,757
2025-11-28,300014993,254
2025-11-28,300014995,1002
2025-11-28,300014996,740
2025-11-28,300020478,483
2025-11-28,300020679,1163
2025-11-28,300020816,464
2025-11-28,300020817,408
2025-11-28,300021685,10
2025-11-28,300028650,323
2025-11-28,ZLT24020668,143
2025-11-28,ZLT24020669,158
2025-11-29,100001753,146
2025-11-29,100003032,868
2025-11-29,100003040,0
2025-11-29,100003041,360
2025-11-29,100003042,359
2025-11-29,100007390,691
2025-11-29,100011747,141
2025-11-29,100011783,261
2025-11-29,100012217,639
2025-11-29,100012218,104
2025-11-29,100017441,528
2025-11-29,100035408,0
2025-11-29,100035409,0
2025-11-29,100041114,65
2025-11-29,100047030,248
2025-11-29,100052600,432
2025-11-29,100052602,23
2025-11-29,100052603,226
2025-11-29,100052605,34
2025-11-29,100052606,145
2025-11-29,100053055,29
2025-11-29,100053059,107
2025-11-29,100053210,58
2025-11-29,100054073,63
2025-11-29,100055268,172
2025-11-29,100056188,605
2025-11-29,300014985,578
2025-11-29,300014986,573
2025-11-29,300014993,146
2025-11-29,300014995,854
2025-11-29,300014996,629
2025-11-29,300020478,315
2025-11-29,300020679,703
2025-11-29,300020816,294
2025-11-29,300020817,288
2025-11-29,300021685,4
2025-11-29,300028650,176
2025-11-29,ZLT24020668,143
2025-11-29,ZLT24020669,137
2025-11-30,100001753,69
2025-11-30,100003032,382
2025-11-30,100003040,0
2025-11-30,100003041,181
2025-11-30,100003042,165
2025-11-30,100007390,1855
2025-11-30,100011747,64
2025-11-30,100011783,92
2025-11-30,100012217,300
2025-11-30,100012218,50
2025-11-30,100017441,202
2025-11-30,100025474,462
2025-11-30,100035408,0
2025-11-30,100035409,0
2025-11-30,100041114,33
2025-11-30,100047030,99
2025-11-30,100052600,212
2025-11-30,100052602,9
2025-11-30,100052603,96
2025-11-30,100052605,17
2025-11-30,100052606,61
2025-11-30,100053055,13
2025-11-30,100053059,68
2025-11-30,100053210,24
2025-11-30,100054073,27
2025-11-30,100055268,75
2025-11-30,100056188,280
2025-11-30,300014985,267
2025-11-30,300014986,269
2025-11-30,300014993,81
2025-11-30,300014995,364
2025-11-30,300014996,283
2025-11-30,300020478,132
2025-11-30,300020679,476
2025-11-30,300020816,159
2025-11-30,300020817,172
2025-11-30,300021685,5
2025-11-30,300028650,70
2025-11-30,ZLT24020668,55
2025-11-30,ZLT24020669,50
2025-12-01,100001753,229
2025-12-01,100003032,834
2025-12-01,100003040,0
2025-12-01,100003041,686
2025-12-01,100003042,481
2025-12-01,100007390,808
2025-12-01,100011747,190
2025-12-01,100011783,311
2025-12-01,100012217,409
2025-12-01,100012218,81
2025-12-01,100017441,718
2025-12-01,100025474,5
2025-12-01,100035408,0
2025-12-01,100035409,0
2025-12-01,100041114,28
2025-12-01,100047030,277
2025-12-01,100052600,575
2025-12-01,100052602,18
2025-12-01,100052603,96
2025-12-01,100052605,21
2025-12-01,100052606,147
2025-12-01,100053055,55
2025-12-01,100053059,104
2025-12-01,100053210,63
2025-12-01,100054073,119
2025-12-01,100055268,167
2025-12-01,100056188,619
2025-12-01,300014985,630
2025-12-01,300014986,632
2025-12-01,300014993,211
2025-12-01,300014995,823
2025-12-01,300014996,646
2025-12-01,300020478,408
2025-12-01,300020679,1192
2025-12-01,300020816,361
2025-12-01,300020817,345
2025-12-01,300021685,10
2025-12-01,300028650,192
2025-12-01,ZLT24020668,123
2025-12-01,ZLT24020669,113
2025-12-02,100001753,247
2025-12-02,100003032,996
2025-12-02,100003040,0
2025-12-02,100003041,671
2025-12-02,100003042,427
2025-12-02,100007390,2209
2025-12-02,100011747,205
2025-12-02,100011783,307
2025-12-02,100012217,466
2025-12-02,100012218,75
2025-12-02,100017441,709
2025-12-02,100035408,0
2025-12-02,100035409,0
2025-12-02,100041114,26
2025-12-02,100047030,325
2025-12-02,100052600,516
2025-12-02,100052602,6
2025-12-02,100052603,102
2025-12-02,100052605,21
2025-12-02,100052606,120
2025-12-02,100053055,40
2025-12-02,100053059,90
2025-12-02,100053210,93
2025-12-02,100054073,94
2025-12-02,100055268,170
2025-12-02,100056188,601
2025-12-02,300014985,744
2025-12-02,300014986,795
2025-12-02,300014993,249
2025-12-02,300014995,833
2025-12-02,300014996,742
2025-12-02,300020478,408
2025-12-02,300020679,1267
2025-12-02,300020816,461
2025-12-02,300020817,423
2025-12-02,300021685,3
2025-12-02,300028650,262
2025-12-02,ZLT24020668,92
2025-12-02,ZLT24020669,99
2025-12-03,100001753,247
2025-12-03,100003032,1015
2025-12-03,100003040,0
2025-12-03,100003041,605
2025-12-03,100003042,444
2025-12-03,100007390,3816
2025-12-03,100011747,225
2025-12-03,100011783,273
2025-12-03,100012217,499
2025-12-03,100012218,89
2025-12-03,100017441,706
2025-12-03,100035408,0
2025-12-03,100035409,0
2025-12-03,100041114,31
2025-12-03,100047030,364
2025-12-03,100052600,541
2025-12-03,100052602,6
2025-12-03,100052603,115
2025-12-03,100052605,22
2025-12-03,100052606,118
2025-12-03,100053055,49
2025-12-03,100053059,147
2025-12-03,100053210,64
2025-12-03,100054073,72
2025-12-03,100055268,165
2025-12-03,100056188,626
2025-12-03,300014985,792
2025-12-03,300014986,728
2025-12-03,300014993,225
2025-12-03,300014995,777
2025-12-03,300014996,710
2025-12-03,300020478,393
2025-12-03,300020679,1203
2025-12-03,300020816,447
2025-12-03,300020817,391
2025-12-03,300021685,2
2025-12-03,300028650,253
2025-12-03,ZLT24020668,106
2025-12-03,ZLT24020669,97
2025-12-04,100001753,228
2025-12-04,100003032,844
2025-12-04,100003040,0
2025-12-04,100003041,599
2025-12-04,100003042,372
2025-12-04,100007390,1331
2025-12-04,100011747,180
2025-12-04,100011783,250
2025-12-04,100012217,375
2025-12-04,100012218,58
2025-12-04,100017441,599
2025-12-04,100035408,0
2025-12-04,100035409,0
2025-12-04,100041114,16
2025-12-04,100047030,250
2025-12-04,100052600,437
2025-12-04,100052602,4
2025-12-04,100052603,123
2025-12-04,100052605,25
2025-12-04,100052606,112
2025-12-04,100053055,36
2025-12-04,100053059,71
2025-12-04,100053210,59
2025-12-04,100054073,69
2025-12-04,100055268,140
2025-12-04,100056188,518
2025-12-04,300014985,650
2025-12-04,300014986,607
2025-12-04,300014993,177
2025-12-04,300014995,742
2025-12-04,300014996,642
2025-12-04,300020478,281
2025-12-04,300020679,1088
2025-12-04,300020816,382
2025-12-04,300020817,315
2025-12-04,300021685,4
2025-12-04,300028650,202
2025-12-04,ZLT24020668,87
2025-12-04,ZLT24020669,75
2025-12-05,100001753,131
2025-12-05,100003032,17
2025-12-05,100003040,0
2025-12-05,100003041,435
2025-12-05,100003042,270
2025-12-05,100007390,1568
2025-12-05,100011747,141
2025-12-05,100011783,195
2025-12-05,100012217,395
2025-12-05,100012218,60
2025-12-05,100017441,441
2025-12-05,100035408,0
2025-12-05,100035409,0
2025-12-05,100041114,14
2025-12-05,100047030,198
2025-12-05,100052600,362
2025-12-05,100052602,2
2025-12-05,100052603,97
2025-12-05,100052605,14
2025-12-05,100052606,99
2025-12-05,100053055,31
2025-12-05,100053059,133
2025-12-05,100053210,63
2025-12-05,100054073,86
2025-12-05,100055268,132
2025-12-05,100056188,384
2025-12-05,300014985,481
2025-12-05,300014986,499
2025-12-05,300014993,154
2025-12-05,300014995,553
2025-12-05,300014996,497
2025-12-05,300020478,268
2025-12-05,300020679,769
2025-12-05,300020816,270
2025-12-05,300020817,233
2025-12-05,300021685,2
2025-12-05,300028650,160
2025-12-05,ZLT24020668,64
2025-12-05,ZLT24020669,79
2025-12-06,100001753,76
2025-12-06,100003032,304
2025-12-06,100003040,0
2025-12-06,100003041,160
2025-12-06,100003042,185
2025-12-06,100007390,2624
2025-12-06,100011747,56
2025-12-06,100011783,109
2025-12-06,100012217,266
2025-12-06,100012218,51
2025-12-06,100017441,220
2025-12-06,100035408,0
2025-12-06,100035409,0
2025-12-06,100041114,24
2025-12-06,100047030,79
2025-12-06,100052600,213
2025-12-06,100052602,2
2025-12-06,100052603,86
2025-12-06,100052605,9
2025-12-06,100052606,62
2025-12-06,100053055,8
2025-12-06,100053059,75
2025-12-06,100053210,31
2025-12-06,100054073,24
2025-12-06,100055268,67
2025-12-06,100056188,258
2025-12-06,300014985,311
2025-12-06,300014986,267
2025-12-06,300014993,66
2025-12-06,300014995,361
2025-12-06,300014996,297
2025-12-06,300020478,110
2025-12-06,300020679,505
2025-12-06,300020816,219
2025-12-06,300020817,152
2025-12-06,300021685,1
2025-12-06,300028650,99
2025-12-06,ZLT24020668,59
2025-12-06,ZLT24020669,53
2025-12-07,100001753,54
2025-12-07,100003032,249
2025-12-07,100003040,0
2025-12-07,100003041,136
2025-12-07,100003042,125
2025-12-07,100007390,497
2025-12-07,100011747,61
2025-12-07,100011783,99
2025-12-07,100012217,213
2025-12-07,100012218,35
2025-12-07,100017441,152
2025-12-07,100035408,0
2025-12-07,100035409,0
2025-12-07,100041114,5
2025-12-07,100047030,84
2025-12-07,100052600,172
2025-12-07,100052602,7
2025-12-07,100052603,47
2025-12-07,100052605,1
2025-12-07,100052606,47
2025-12-07,100053055,12
2025-12-07,100053059,57
2025-12-07,100053210,26
2025-12-07,100054073,23
2025-12-07,100055268,54
2025-12-07,100056188,209
2025-12-07,300014985,274
2025-12-07,300014986,267
2025-12-07,300014993,43
2025-12-07,300014995,296
2025-12-07,300014996,243
2025-12-07,300020478,126
2025-12-07,300020679,402
2025-12-07,300020816,134
2025-12-07,300020817,155
2025-12-07,300021685,0
2025-12-07,300028650,84
2025-12-07,ZLT24020668,28
2025-12-07,ZLT24020669,26
2025-12-08,100001753,151
2025-12-08,100003032,654
2025-12-08,100003040,0
2025-12-08,100003041,454
2025-12-08,100003042,326
2025-12-08,100007390,675
2025-12-08,100011747,142
2025-12-08,100011783,175
2025-12-08,100012217,294
2025-12-08,100012218,49
2025-12-08,100017441,421
2025-12-08,100035408,0
2025-12-08,100035409,0
2025-12-08,100041114,14
2025-12-08,100047030,176
2025-12-08,100052600,368
2025-12-08,100052602,4
2025-12-08,100052603,80
2025-12-08,100052605,10
2025-12-08,100052606,85
2025-12-08,100053055,20
2025-12-08,100053059,46
2025-12-08,100053210,33
2025-12-08,100054073,71
2025-12-08,100055268,113
2025-12-08,100056188,392
2025-12-08,300014985,524
2025-12-08,300014986,450
2025-12-08,300014993,175
2025-12-08,300014995,535
2025-12-08,300014996,493
2025-12-08,300020478,298
2025-12-08,300020679,857
2025-12-08,300020816,295
2025-12-08,300020817,259
2025-12-08,300021685,6
2025-12-08,300028650,179
2025-12-08,ZLT24020668,62
2025-12-08,ZLT24020669,52
2025-12-09,100001753,180
2025-12-09,100003032,800
2025-12-09,100003040,0
2025-12-09,100003041,493
2025-12-09,100003042,347
2025-12-09,100007390,1694
2025-12-09,100011747,177
2025-12-09,100011783,223
2025-12-09,100012217,352
2025-12-09,100012218,67
2025-12-09,100017441,466
2025-12-09,100025474,900
2025-12-09,100035408,0
2025-12-09,100035409,0
2025-12-09,100041114,15
2025-12-09,100047030,226
2025-12-09,100052600,444
2025-12-09,100052602,2
2025-12-09,100052603,122
2025-12-09,100052605,13
2025-12-09,100052606,82
2025-12-09,100053055,33
2025-12-09,100053059,90
2025-12-09,100053210,54
2025-12-09,100054073,75
2025-12-09,100055268,153
2025-12-09,100056188,455
2025-12-09,300014985,659
2025-12-09,300014986,648
2025-12-09,300014993,217
2025-12-09,300014995,593
2025-12-09,300014996,639
2025-12-09,300020478,284
2025-12-09,300020679,1057
2025-12-09,300020816,403
2025-12-09,300020817,349
2025-12-09,300021685,2
2025-12-09,300028650,219
2025-12-09,ZLT24020668,88
2025-12-09,ZLT24020669,84
2025-12-10,100001753,131
2025-12-10,100003032,7
2025-12-10,100003040,0
2025-12-10,100003041,391
2025-12-10,100003042,255
2025-12-10,100007390,925
2025-12-10,100011747,119
2025-12-10,100011783,179
2025-12-10,100012217,262
2025-12-10,100012218,32
2025-12-10,100017441,409
2025-12-10,100025474,9
2025-12-10,100035408,0
2025-12-10,100035409,0
2025-12-10,100041114,23
2025-12-10,100047030,198
2025-12-10,100052600,354
2025-12-10,100052602,9
2025-12-10,100052603,40
2025-12-10,100052605,9
2025-12-10,100052606,69
2025-12-10,100053055,17
2025-12-10,100053059,77
2025-12-10,100053210,42
2025-12-10,100054073,52
2025-12-10,100055268,92
2025-12-10,100056188,398
2025-12-10,300014985,521
2025-12-10,300014986,515
2025-12-10,300014993,157
2025-12-10,300014995,614
2025-12-10,300014996,519
2025-12-10,300020478,232
2025-12-10,300020679,845
2025-12-10,300020816,334
2025-12-10,300020817,301
2025-12-10,300021685,3
2025-12-10,300028650,150
2025-12-10,ZLT24020668,59
2025-12-10,ZLT24020669,63
2025-12-11,100001753,93
2025-12-11,100003040,0
2025-12-11,100003041,275
2025-12-11,100003042,130
2025-12-11,100007390,555
2025-12-11,100011747,108
2025-12-11,100011783,127
2025-12-11,100012217,202
2025-12-11,100012218,27
2025-12-11,100017441,259
2025-12-11,100035408,0
2025-12-11,100035409,0
2025-12-11,100041114,5
2025-12-11,100047030,179
2025-12-11,100052600,249
2025-12-11,100052602,14
2025-12-11,100052603,11
2025-12-11,100052605,7
2025-12-11,100052606,37
2025-12-11,100053055,9
2025-12-11,100053059,45
2025-12-11,100053210,33
2025-12-11,100054073,50
2025-12-11,100055268,57
2025-12-11,100056188,290
2025-12-11,300014985,363
2025-12-11,300014986,392
2025-12-11,300014993,106
2025-12-11,300014995,520
2025-12-11,300014996,382
2025-12-11,300020478,165
2025-12-11,300020679,592
2025-12-11,300020816,243
2025-12-11,300020817,227
2025-12-11,300021685,0
2025-12-11,300028650,125
2025-12-11,ZLT24020668,32
2025-12-11,ZLT24020669,17
2025-12-12,100001753,70
2025-12-12,100003040,0
2025-12-12,100003041,344
2025-12-12,100003042,121
2025-12-12,100007390,541
2025-12-12,100011747,95
2025-12-12,100011783,138
2025-12-12,100012217,244
2025-12-12,100012218,37
2025-12-12,100017441,263
2025-12-12,100035408,0
2025-12-12,100035409,0
2025-12-12,100041114,6
2025-12-12,100047030,149
2025-12-12,100052600,401
2025-12-12,100052602,5
2025-12-12,100052603,5
2025-12-12,100052605,9
2025-12-12,100052606,53
2025-12-12,100053055,14
2025-12-12,100053059,40
2025-12-12,100053210,36
2025-12-12,100054073,47
2025-12-12,100055268,112
2025-12-12,100056188,329
2025-12-12,300014985,400
2025-12-12,300014986,390
2025-12-12,300014993,133
2025-12-12,300014995,390
2025-12-12,300014996,438
2025-12-12,300020478,197
2025-12-12,300020679,685
2025-12-12,300020816,284
2025-12-12,300020817,234
2025-12-12,300021685,0
2025-12-12,300028650,142
2025-12-12,ZLT24020668,113
2025-12-12,ZLT24020669,11
2025-12-13,100001753,48
2025-12-13,100003040,0
2025-12-13,100003041,130
2025-12-13,100003042,30
2025-12-13,100007390,1156
2025-12-13,100011747,55
2025-12-13,100011783,59
2025-12-13,100012217,231
2025-12-13,100012218,19
2025-12-13,100017441,99
2025-12-13,100035408,0
2025-12-13,100035409,0
2025-12-13,100041114,17
2025-12-13,100047030,74
2025-12-13,100052600,194
2025-12-13,100052602,3
2025-12-13,100052603,9
2025-12-13,100052605,8
2025-12-13,100052606,30
2025-12-13,100053055,4
2025-12-13,100053059,44
2025-12-13,100053210,32
2025-12-13,100054073,37
2025-12-13,100055268,49
2025-12-13,100056188,204
2025-12-13,300014985,249
2025-12-13,300014986,292
2025-12-13,300014993,73
2025-12-13,300014995,179
2025-12-13,300014996,225
2025-12-13,300020478,77
2025-12-13,300020679,474
2025-12-13,300020816,195
2025-12-13,300020817,143
2025-12-13,300021685,3
2025-12-13,300028650,81
2025-12-13,ZLT24020668,36
2025-12-13,ZLT24020669,11
2025-12-14,100001753,28
2025-12-14,100003040,0
2025-12-14,100003041,155
2025-12-14,100003042,72
2025-12-14,100007390,1069
2025-12-14,100011747,51
2025-12-14,100011783,61
2025-12-14,100012217,225
2025-12-14,100012218,26
2025-12-14,100017441,136
2025-12-14,100035408,0
2025-12-14,100035409,0
2025-12-14,100041114,24
2025-12-14,100047030,73
2025-12-14,100052600,157
2025-12-14,100052602,19
2025-12-14,100052603,25
2025-12-14,100052605,3
2025-12-14,100052606,47
2025-12-14,100053055,5
2025-12-14,100053059,38
2025-12-14,100053210,20
2025-12-14,100054073,34
2025-12-14,100055268,59
2025-12-14,100056188,163
2025-12-14,300014985,239
2025-12-14,300014986,223
2025-12-14,300014993,46
2025-12-14,300014995,171
2025-12-14,300014996,218
2025-12-14,300020478,105
2025-12-14,300020679,428
2025-12-14,300020816,158
2025-12-14,300020817,134
2025-12-14,300021685,2
2025-12-14,300028650,77
2025-12-14,ZLT24020668,28
2025-12-14,ZLT24020669,25
2025-12-15,100001753,131
2025-12-15,100003040,0
2025-12-15,100003041,428
2025-12-15,100003042,209
2025-12-15,100007390,1261
2025-12-15,100011747,121
2025-12-15,100011783,146
2025-12-15,100012217,278
2025-12-15,100012218,56
2025-12-15,100017441,389
2025-12-15,100035408,0
2025-12-15,100035409,0
2025-12-15,100041114,12
2025-12-15,100047030,223
2025-12-15,100052600,359
2025-12-15,100052602,1
2025-12-15,100052603,54
2025-12-15,100052605,7
2025-12-15,100052606,78
2025-12-15,100053055,20
2025-12-15,100053059,52
2025-12-15,100053210,62
2025-12-15,100054073,83
2025-12-15,100055268,118
2025-12-15,100056188,353
2025-12-15,300014985,488
2025-12-15,300014986,481
2025-12-15,300014993,136
2025-12-15,300014995,348
2025-12-15,300014996,467
2025-12-15,300020478,246
2025-12-15,300020679,861
2025-12-15,300020816,290
2025-12-15,300020817,251
2025-12-15,300021685,0
2025-12-15,300028650,163
2025-12-15,ZLT24020668,66
2025-12-15,ZLT24020669,96
2025-12-16,100001753,185
2025-12-16,100003040,0
2025-12-16,100003041,434
2025-12-16,100003042,276
2025-12-16,100007390,2449
2025-12-16,100011747,189
2025-12-16,100011783,224
2025-12-16,100012217,369
2025-12-16,100012218,60
2025-12-16,100017441,561
2025-12-16,100025474,1936
2025-12-16,100035408,0
2025-12-16,100035409,0
2025-12-16,100041114,18
2025-12-16,100047030,248
2025-12-16,100052600,435
2025-12-16,100052602,6
2025-12-16,100052603,54
2025-12-16,100052605,13
2025-12-16,100052606,98
2025-12-16,100053055,35
2025-12-16,100053059,65
2025-12-16,100053210,94
2025-12-16,100054073,85
2025-12-16,100055268,152
2025-12-16,100056188,483
2025-12-16,300014985,629
2025-12-16,300014986,613
2025-12-16,300014993,212
2025-12-16,300014995,492
2025-12-16,300014996,593
2025-12-16,300020478,304
2025-12-16,300020679,1079
2025-12-16,300020816,390
2025-12-16,300020817,333
2025-12-16,300021685,0
2025-12-16,300028650,208
2025-12-16,ZLT24020668,97
2025-12-16,ZLT24020669,81
2025-12-17,100001753,143
2025-12-17,100003032,735
2025-12-17,100003040,0
2025-12-17,100003041,468
2025-12-17,100003042,313
2025-12-17,100007390,1281
2025-12-17,100011747,167
2025-12-17,100011783,224
2025-12-17,100012217,387
2025-12-17,100012218,59
2025-12-17,100017441,511
2025-12-17,100025474,143
2025-12-17,100035408,0
2025-12-17,100035409,0
2025-12-17,100041114,48
2025-12-17,100047030,257
2025-12-17,100052600,434
2025-12-17,100052602,3
2025-12-17,100052603,55
2025-12-17,100052605,11
2025-12-17,100052606,105
2025-12-17,100053055,22
2025-12-17,100053059,57
2025-12-17,100053210,52
2025-12-17,100054073,71
2025-12-17,100055268,129
2025-12-17,100056188,496
2025-12-17,300014985,585
2025-12-17,300014986,606
2025-12-17,300014993,183
2025-12-17,300014995,516
2025-12-17,300014996,573
2025-12-17,300020478,336
2025-12-17,300020679,1078
2025-12-17,300020816,366
2025-12-17,300020817,323
2025-12-17,300021685,0
2025-12-17,300028650,208
2025-12-17,ZLT24020668,75
2025-12-17,ZLT24020669,62
2025-12-18,100001753,189
2025-12-18,100003032,861
2025-12-18,100003040,0
2025-12-18,100003041,463
2025-12-18,100003042,322
2025-12-18,100007390,731
2025-12-18,100011747,196
2025-12-18,100011783,268
2025-12-18,100012217,435
2025-12-18,100012218,56
2025-12-18,100017441,587
2025-12-18,100035408,0
2025-12-18,100035409,0
2025-12-18,100041114,30
2025-12-18,100047030,273
2025-12-18,100052600,498
2025-12-18,100052602,2
2025-12-18,100052603,53
2025-12-18,100052605,36
2025-12-18,100052606,155
2025-12-18,100053055,34
2025-12-18,100053059,94
2025-12-18,100053210,66
2025-12-18,100054073,92
2025-12-18,100055268,141
2025-12-18,100056188,514
2025-12-18,300014985,668
2025-12-18,300014986,654
2025-12-18,300014993,208
2025-12-18,300014995,542
2025-12-18,300014996,629
2025-12-18,300020478,440
2025-12-18,300020679,1113
2025-12-18,300020816,383
2025-12-18,300020817,320
2025-12-18,300021685,0
2025-12-18,300028650,239
2025-12-18,ZLT24020668,98
2025-12-18,ZLT24020669,95
2025-12-19,100001753,75
2025-12-19,100003032,22
2025-12-19,100003040,0
2025-12-19,100003041,330
2025-12-19,100003042,175
2025-12-19,100007390,1524
2025-12-19,100011747,101
2025-12-19,100011783,147
2025-12-19,100012217,310
2025-12-19,100012218,40
2025-12-19,100017441,260
2025-12-19,100035408,0
2025-12-19,100035409,0
2025-12-19,100041114,12
2025-12-19,100047030,130
2025-12-19,100052600,271
2025-12-19,100052602,0
2025-12-19,100052603,44
2025-12-19,100052605,13
2025-12-19,100052606,90
2025-12-19,100053055,12
2025-12-19,100053059,92
2025-12-19,100053210,38
2025-12-19,100054073,61
2025-12-19,100055268,100
2025-12-19,100056188,286
2025-12-19,300014985,373
2025-12-19,300014986,331
2025-12-19,300014993,158
2025-12-19,300014995,299
2025-12-19,300014996,332
2025-12-19,300020478,192
2025-12-19,300020679,611
2025-12-19,300020816,190
2025-12-19,300020817,184
2025-12-19,300021685,0
2025-12-19,300028650,168
2025-12-19,ZLT24020668,85
2025-12-19,ZLT24020669,89
2025-12-20,100001753,54
2025-12-20,100003032,276
2025-12-20,100003040,0
2025-12-20,100003041,153
2025-12-20,100003042,125
2025-12-20,100007390,340
2025-12-20,100011747,49
2025-12-20,100011783,105
2025-12-20,100012217,250
2025-12-20,100012218,52
2025-12-20,100017441,165
2025-12-20,100035408,0
2025-12-20,100035409,0
2025-12-20,100041114,36
2025-12-20,100047030,83
2025-12-20,100052600,227
2025-12-20,100052602,2
2025-12-20,100052603,68
2025-12-20,100052605,16
2025-12-20,100052606,65
2025-12-20,100053055,8
2025-12-20,100053059,72
2025-12-20,100053210,35
2025-12-20,100054073,34
2025-12-20,100055268,84
2025-12-20,100056188,217
2025-12-20,300014985,258
2025-12-20,300014986,277
2025-12-20,300014993,77
2025-12-20,300014995,278
2025-12-20,300014996,261
2025-12-20,300020478,147
2025-12-20,300020679,420
2025-12-20,300020816,171
2025-12-20,300020817,135
2025-12-20,300021685,2
2025-12-20,300028650,105
2025-12-20,ZLT24020668,48
2025-12-20,ZLT24020669,51
2025-12-21,100001753,31
2025-12-21,100003032,221
2025-12-21,100003040,0
2025-12-21,100003041,135
2025-12-21,100003042,82
2025-12-21,100007390,1628
2025-12-21,100011747,51
2025-12-21,100011783,92
2025-12-21,100012217,198
2025-12-21,100012218,43
2025-12-21,100017441,153
2025-12-21,100035408,0
2025-12-21,100035409,0
2025-12-21,100041114,14
2025-12-21,100047030,49
2025-12-21,100052600,163
2025-12-21,100052602,1
2025-12-21,100052603,50
2025-12-21,100052605,9
2025-12-21,100052606,61
2025-12-21,100053055,12
2025-12-21,100053059,45
2025-12-21,100053210,32
2025-12-21,100054073,25
2025-12-21,100055268,63
2025-12-21,100056188,187
2025-12-21,300014985,222
2025-12-21,300014986,218
2025-12-21,300014993,53
2025-12-21,300014995,190
2025-12-21,300014996,218
2025-12-21,300020478,141
2025-12-21,300020679,368
2025-12-21,300020816,141
2025-12-21,300020817,109
2025-12-21,300021685,3
2025-12-21,300028650,85
2025-12-21,ZLT24020668,38
2025-12-21,ZLT24020669,41
2025-12-22,100001753,71
2025-12-22,100003032,353
2025-12-22,100003040,0
2025-12-22,100003041,210
2025-12-22,100003042,157
2025-12-22,100007390,541
2025-12-22,100011747,79
2025-12-22,100011783,116
2025-12-22,100012217,232
2025-12-22,100012218,27
2025-12-22,100017441,199
2025-12-22,100035408,0
2025-12-22,100035409,0
2025-12-22,100041114,19
2025-12-22,100047030,121
2025-12-22,100052600,192
2025-12-22,100052602,4
2025-12-22,100052603,64
2025-12-22,100052605,6
2025-12-22,100052606,47
2025-12-22,100053055,16
2025-12-22,100053059,73
2025-12-22,100053210,25
2025-12-22,100054073,46
2025-12-22,100055268,61
2025-12-22,100056188,232
2025-12-22,300014985,317
2025-12-22,300014986,311
2025-12-22,300014993,96
2025-12-22,300014995,231
2025-12-22,300014996,285
2025-12-22,300020478,151
2025-12-22,300020679,496
2025-12-22,300020816,196
2025-12-22,300020817,171
2025-12-22,300021685,7
2025-12-22,300028650,107
2025-12-22,ZLT24020668,60
2025-12-22,ZLT24020669,55
2025-12-23,100001753,50
2025-12-23,100003032,312
2025-12-23,100003040,0
2025-12-23,100003041,118
2025-12-23,100003042,106
2025-12-23,100007390,2028
2025-12-23,100011747,39
2025-12-23,100011783,97
2025-12-23,100012217,209
2025-12-23,100012218,28
2025-12-23,100017441,138
2025-12-23,100035408,0
2025-12-23,100035409,0
2025-12-23,100041114,67
2025-12-23,100047030,76
2025-12-23,100052600,205
2025-12-23,100052602,1
2025-12-23,100052603,30
2025-12-23,100052605,10
2025-12-23,100052606,54
2025-12-23,100053055,12
2025-12-23,100053059,70
2025-12-23,100053210,21
2025-12-23,100054073,35
2025-12-23,100055268,75
2025-12-23,100056188,209
2025-12-23,300014985,252
2025-12-23,300014986,266
2025-12-23,300014993,72
2025-12-23,300014995,224
2025-12-23,300014996,229
2025-12-23,300020478,147
2025-12-23,300020679,443
2025-12-23,300020816,160
2025-12-23,300020817,150
2025-12-23,300021685,2
2025-12-23,300028650,75
2025-12-23,ZLT24020668,35
2025-12-23,ZLT24020669,53
2025-12-24,100001753,33
2025-12-24,100003032,172
2025-12-24,100003040,0
2025-12-24,100003041,64
2025-12-24,100003042,51
2025-12-24,100007390,667
2025-12-24,100011747,29
2025-12-24,100011783,64
2025-12-24,100012217,115
2025-12-24,100012218,18
2025-12-24,100017441,93
2025-12-24,100035408,0
2025-12-24,100035409,0
2025-12-24,100041114,14
2025-12-24,100047030,45
2025-12-24,100052600,110
2025-12-24,100052602,31
2025-12-24,100052603,5
2025-12-24,100052605,13
2025-12-24,100052606,39
2025-12-24,100053055,7
2025-12-24,100053059,39
2025-12-24,100053210,30
2025-12-24,100054073,10
2025-12-24,100055268,40
2025-12-24,100056188,140
2025-12-24,300014985,154
2025-12-24,300014986,164
2025-12-24,300014993,40
2025-12-24,300014995,175
2025-12-24,300014996,168
2025-12-24,300020478,84
2025-12-24,300020679,211
2025-12-24,300020816,112
2025-12-24,300020817,98
2025-12-24,300021685,0
2025-12-24,300028650,38
2025-12-24,ZLT24020668,16
2025-12-24,ZLT24020669,24
2025-12-25,100001753,17
2025-12-25,100003032,87
2025-12-25,100003040,0
2025-12-25,100003041,45
2025-12-25,100003042,27
2025-12-25,100007390,54
2025-12-25,100011747,10
2025-12-25,100011783,39
2025-12-25,100012217,30
2025-12-25,100012218,8
2025-12-25,100017441,55
2025-12-25,100035408,0
2025-12-25,100035409,0
2025-12-25,100041114,16
2025-12-25,100047030,19
2025-12-25,100052600,47
2025-12-25,100052602,6
2025-12-25,100052603,3
2025-12-25,100052605,2
2025-12-25,100052606,10
2025-12-25,100053055,2
2025-12-25,100053059,8
2025-12-25,100053210,12
2025-12-25,100054073,7
2025-12-25,100055268,21
2025-12-25,100056188,50
2025-12-25,300014985,44
2025-12-25,300014986,58
2025-12-25,300014993,24
2025-12-25,300014995,54
2025-12-25,300014996,50
2025-12-25,300020478,42
2025-12-25,300020679,89
2025-12-25,300020816,46
2025-12-25,300020817,37
2025-12-25,300021685,3
2025-12-25,300028650,26
2025-12-25,ZLT24020668,0
2025-12-25,ZLT24020669,3
2025-12-26,100001753,26
2025-12-26,100003032,84
2025-12-26,100003040,0
2025-12-26,100003041,41
2025-12-26,100003042,43
2025-12-26,100007390,51
2025-12-26,100011747,15
2025-12-26,100011783,36
2025-12-26,100012217,64
2025-12-26,100012218,11
2025-12-26,100017441,84
2025-12-26,100035408,0
2025-12-26,100035409,0
2025-12-26,100041114,11
2025-12-26,100047030,24
2025-12-26,100052600,83
2025-12-26,100052602,0
2025-12-26,100052603,12
2025-12-26,100052605,2
2025-12-26,100052606,17
2025-12-26,100053055,3
2025-12-26,100053059,27
2025-12-26,100053210,20
2025-12-26,100054073,6
2025-12-26,100055268,28
2025-12-26,100056188,89
2025-12-26,300014985,82
2025-12-26,300014986,81
2025-12-26,300014993,33
2025-12-26,300014995,51
2025-12-26,300014996,52
2025-12-26,300020478,51
2025-12-26,300020679,153
2025-12-26,300020816,64
2025-12-26,300020817,51
2025-12-26,300021685,2
2025-12-26,300028650,34
2025-12-26,ZLT24020668,13
2025-12-26,ZLT24020669,11
2025-12-27,100001753,38
2025-12-27,100003032,139
2025-12-27,100003040,0
2025-12-27,100003041,79
2025-12-27,100003042,38
2025-12-27,100007390,166
2025-12-27,100011747,32
2025-12-27,100011783,53
2025-12-27,100012217,104
2025-12-27,100012218,13
2025-12-27,100017441,69
2025-12-27,100035408,0
2025-12-27,100035409,0
2025-12-27,100041114,19
2025-12-27,100047030,45
2025-12-27,100052600,109
2025-12-27,100052602,14
2025-12-27,100052603,6
2025-12-27,100052605,6
2025-12-27,100052606,25
2025-12-27,100053055,1
2025-12-27,100053059,37
2025-12-27,100053210,31
2025-12-27,100054073,15
2025-12-27,100055268,33
2025-12-27,100056188,132
2025-12-27,300014985,94
2025-12-27,300014986,93
2025-12-27,300014993,38
2025-12-27,300014995,105
2025-12-27,300014996,104
2025-12-27,300020478,81
2025-12-27,300020679,246
2025-12-27,300020816,86
2025-12-27,300020817,70
2025-12-27,300021685,2
2025-12-27,300028650,45
2025-12-27,ZLT24020668,13
2025-12-27,ZLT24020669,19
2025-12-28,100001753,36
2025-12-28,100003032,157
2025-12-28,100003040,0
2025-12-28,100003041,70
2025-12-28,100003042,53
2025-12-28,100007390,821
2025-12-28,100011747,36
2025-12-28,100011783,60
2025-12-28,100012217,118
2025-12-28,100012218,18
2025-12-28,100017441,68
2025-12-28,100035408,0
2025-12-28,100035409,0
2025-12-28,100041114,18
2025-12-28,100047030,47
2025-12-28,100052600,118
2025-12-28,100052602,3
2025-12-28,100052603,21
2025-12-28,100052605,8
2025-12-28,100052606,39
2025-12-28,100053055,6
2025-12-28,100053059,38
2025-12-28,100053210,33
2025-12-28,100054073,24
2025-12-28,100055268,36
2025-12-28,100056188,144
2025-12-28,300014985,124
2025-12-28,300014986,113
2025-12-28,300014993,51
2025-12-28,300014995,132
2025-12-28,300014996,119
2025-12-28,300020478,76
2025-12-28,300020679,261
2025-12-28,300020816,102
2025-12-28,300020817,70
2025-12-28,300021685,2
2025-12-28,300028650,62
2025-12-28,ZLT24020668,11
2025-12-28,ZLT24020669,16
2025-12-29,100001753,14
2025-12-29,100003032,57
2025-12-29,100003040,0
2025-12-29,100003041,51
2025-12-29,100003042,33
2025-12-29,100007390,1605
2025-12-29,100011747,17
2025-12-29,100011783,37
2025-12-29,100012217,49
2025-12-29,100012218,12
2025-12-29,100017441,50
2025-12-29,100035408,0
2025-12-29,100035409,0
2025-12-29,100041114,0
2025-12-29,100047030,32
2025-12-29,100052600,47
2025-12-29,100052602,30
2025-12-29,100052603,8
2025-12-29,100052605,0
2025-12-29,100052606,11
2025-12-29,100053055,4
2025-12-29,100053059,47
2025-12-29,100053210,20
2025-12-29,100054073,11
2025-12-29,100055268,16
2025-12-29,100056188,73
2025-12-29,300014985,51
2025-12-29,300014986,65
2025-12-29,300014993,19
2025-12-29,300014995,57
2025-12-29,300014996,80
2025-12-29,300020478,40
2025-12-29,300020679,127
2025-12-29,300020816,54
2025-12-29,300020817,45
2025-12-29,300021685,0
2025-12-29,300028650,23
2025-12-29,ZLT24020668,3
2025-12-29,ZLT24020669,2
2025-12-30,100001753,16
2025-12-30,100003032,96
2025-12-30,100003040,0
2025-12-30,100003041,69
2025-12-30,100003042,31
2025-12-30,100007390,693
2025-12-30,100011747,18
2025-12-30,100011783,38
2025-12-30,100012217,106
2025-12-30,100012218,14
2025-12-30,100017441,80
2025-12-30,100035408,0
2025-12-30,100035409,0
2025-12-30,100041114,4
2025-12-30,100047030,19
2025-12-30,100052600,89
2025-12-30,100052602,1
2025-12-30,100052603,9
2025-12-30,100052605,0
2025-12-30,100052606,6
2025-12-30,100053055,8
2025-12-30,100053059,101
2025-12-30,100053210,15
2025-12-30,100054073,22
2025-12-30,100055268,24
2025-12-30,100056188,128
2025-12-30,300014985,107
2025-12-30,300014986,112
2025-12-30,300014993,27
2025-12-30,300014995,114
2025-12-30,300014996,107
2025-12-30,300020478,73
2025-12-30,300020679,212
2025-12-30,300020816,82
2025-12-30,300020817,65
2025-12-30,300021685,1
2025-12-30,300028650,34
2025-12-30,ZLT24020668,19
2025-12-30,ZLT24020669,17
2025-12-31,100001753,19
2025-12-31,100003032,1
2025-12-31,100003040,0
2025-12-31,100003041,58
2025-12-31,100003042,35
2025-12-31,100007390,90
2025-12-31,100011747,20
2025-12-31,100011783,36
2025-12-31,100012217,99
2025-12-31,100012218,7
2025-12-31,100017441,77
2025-12-31,100035408,0
2025-12-31,100035409,0
2025-12-31,100041114,3
2025-12-31,100047030,37
2025-12-31,100052600,119
2025-12-31,100052602,0
2025-12-31,100052603,8
2025-12-31,100052605,0
2025-12-31,100052606,3
2025-12-31,100053055,8
2025-12-31,100053059,93
2025-12-31,100053210,10
2025-12-31,100054073,19
2025-12-31,100055268,12
2025-12-31,100056188,128
2025-12-31,300014985,92
2025-12-31,300014986,104
2025-12-31,300014993,41
2025-12-31,300014995,84
2025-12-31,300014996,122
2025-12-31,300020478,60
2025-12-31,300020679,181
2025-12-31,300020816,87
2025-12-31,300020817,80
2025-12-31,300021685,4
2025-12-31,300028650,24
2025-12-31,ZLT24020668,7
2025-12-31,ZLT24020669,14
